# Blender 3.4.1
# www.blender.org
mtllib bomb.mtl
o obj1
v -6.951677 -0.190898 -0.959702
v -6.951677 -0.374459 -0.904020
v -6.951677 -0.543630 -0.813596
v -6.951677 -0.691909 -0.691907
v -6.951677 -0.813599 -0.543627
v 6.951677 -0.959702 -0.190898
v -6.951677 -0.904022 0.374459
v -6.951677 -0.374459 0.904022
v 6.951677 0.000001 0.978504
v 6.951677 0.190898 0.959702
v -6.951677 0.543627 0.813598
v -6.951677 0.691906 0.691909
v 6.951677 0.691909 0.691907
v 6.951677 0.813598 0.543628
v 6.951677 0.904022 0.374457
v -6.951677 0.978504 0.000001
v -6.951677 0.959702 -0.190896
v -6.951677 0.543627 -0.813596
v -6.951677 0.374456 -0.904020
v -6.951677 0.190895 -0.959702
v 6.951677 0.978506 -0.000001
v 6.951677 0.992577 -0.197437
v -6.951677 -0.978506 0.000001
v -6.951677 -0.992577 -0.197435
v -6.951677 -0.000001 1.012022
v 6.951677 0.934987 -0.387285
v -6.951677 0.190895 0.959704
v -6.951677 0.387282 0.934986
v -6.951677 -0.000001 -0.978504
v -6.951677 0.934984 -0.387283
v 6.951677 0.387285 0.934984
v 6.951677 -0.190895 -0.959704
v 6.951677 0.841466 -0.562249
v 6.951677 -0.904019 0.374457
v 6.951677 0.715608 -0.715608
v 6.951677 -0.387282 -0.934986
v 6.951677 -0.813596 0.543627
v -6.951677 0.715606 -0.715606
v 6.951677 0.543630 -0.813598
v -6.951677 -0.813599 0.543629
v 6.951677 -0.562247 -0.841466
v 6.951677 -0.715605 0.715606
v 6.951677 0.374459 -0.904022
v -6.951677 0.841463 0.562250
v 6.951677 -0.543627 0.813596
v 6.951677 -0.374456 0.904020
v 6.951677 0.000001 -1.012022
v -6.951677 0.959702 0.190898
v 6.951677 -0.197434 0.992574
v 6.951677 -0.934984 -0.387285
v 7.300851 -0.934984 -0.387285
v -7.300851 0.562247 0.841465
v -6.951677 -0.934987 -0.387283
v -7.300851 -0.934987 -0.387283
v 6.951677 0.562250 0.841464
v 7.300851 0.715608 0.715606
v 7.300851 -0.992574 -0.197436
v -7.300851 0.715605 0.715608
v 6.951677 -1.012020 -0.000001
v -6.951677 0.934984 0.387285
v -7.300851 0.841463 0.562250
v -6.951677 -0.992577 0.197436
v -7.300851 -1.012022 0.000001
v 7.300851 0.934987 0.387283
v 6.951677 -0.992574 0.197435
v -7.300851 0.934984 0.387285
v -7.300851 -0.992577 0.197436
v 6.951677 0.992576 0.197435
v 7.300851 1.012022 -0.000001
v -6.951677 -0.715608 0.715608
v 7.300851 0.992577 -0.197437
v 7.300851 -0.715605 0.715606
v -7.300851 -0.562250 0.841466
v 7.300851 -0.562247 0.841464
v -6.951677 -0.562250 0.841466
v -7.300851 -0.387285 0.934986
v 7.300851 -0.387282 0.934985
v -6.951678 0.841463 -0.562248
v -7.300851 0.715606 -0.715606
v -7.300851 -0.197437 0.992576
v -7.300851 -0.197437 -0.992574
v 7.300851 0.841466 -0.562249
v 7.300851 0.715608 -0.715608
v 7.300851 -0.387282 -0.934986
v -6.951677 -0.197437 0.992576
v -7.300851 -0.562250 -0.841464
v -7.300851 -0.387285 -0.934985
v -7.300851 -0.000001 1.012022
v 6.951677 -0.715605 -0.715608
v 7.300851 -0.715605 -0.715608
v -7.300851 0.387282 -0.934985
v 6.951677 0.197437 -0.992576
v 6.951677 -0.841463 -0.562250
v -7.300851 0.197434 -0.992574
v -7.300851 0.387282 0.934986
v -7.300851 -0.841466 -0.562248
v -7.300849 -0.000001 0.000001
v 7.300851 0.197437 -0.992576
v 7.300849 0.000001 -0.000001
v 7.300851 0.562250 0.841464
v 7.300851 0.387285 0.934985
v 7.300851 -0.841463 -0.562250
v -7.300851 -0.992577 -0.197435
v 7.300851 0.841466 0.562248
v 7.300851 -1.012020 -0.000001
v 7.300851 -0.992574 0.197435
v -7.300851 0.992574 0.197436
v 7.300851 0.992576 0.197435
v 7.300851 -0.934984 0.387283
v -7.300851 1.012020 0.000001
v -7.300851 0.992574 -0.197435
v -7.300851 -0.715608 0.715608
v -7.300851 0.934984 -0.387283
v 7.300851 0.934987 -0.387285
v -7.300852 0.841463 -0.562248
v 7.300851 -0.197434 -0.992576
v 7.300851 -0.197434 0.992574
v -7.300851 0.562247 -0.841464
v 7.300851 0.562250 -0.841465
v 7.300851 -0.562247 -0.841466
v -7.300851 0.197434 0.992576
v -7.300851 -0.715608 -0.715606
v 7.300851 0.387285 -0.934986
v 7.300851 0.197437 0.992574
v 4.405979 -0.451495 3.915432
v 4.405979 -0.620929 3.901092
v 4.181850 -0.459901 3.931693
v 4.405979 -0.561163 3.785484
v 4.181850 -0.626483 3.883650
v 4.149897 -0.584595 3.780192
v 4.149897 -0.562676 3.975230
v 4.149897 -0.466992 3.790146
v 3.865911 -0.466992 3.790146
v 3.865911 -0.450216 3.939421
v 3.822489 -0.598459 3.755089
v 3.865911 -0.562676 3.975230
v 3.865911 -0.638795 3.885034
v 3.767402 -0.687922 3.890555
v 3.714270 -0.372377 3.855093
v 3.714270 -0.406709 3.974137
v 3.714270 -0.551320 3.712306
v 3.714270 -0.515163 4.034037
v 3.714270 -0.432276 3.746639
v 3.714270 -0.659774 3.772206
v 3.714270 -0.634207 3.999704
v 2.993689 -0.659774 3.772206
v 2.993689 -0.694107 3.891250
v 2.992548 -0.622002 3.984408
v 2.992548 -0.408669 3.804369
v 2.992548 -0.422005 3.961932
v 2.922399 -0.517387 4.014251
v 2.922399 -0.493901 3.736764
v 2.767957 -0.611493 3.916390
v 2.767957 -0.576460 3.794920
v 2.767957 -0.498224 3.936574
v 2.445837 -0.581808 3.848064
v 2.207683 -0.561545 3.858540
v 4.759077 -0.520685 3.796700
v 4.774860 -0.459900 3.913867
v 4.762401 -0.576688 3.976134
v 5.039200 -0.709748 3.878386
v 4.746618 -0.637473 3.858967
v 5.063932 -0.619545 3.783920
v 5.375577 -0.643541 3.862351
v 5.090133 -0.557159 3.943887
v 5.340165 -0.729475 3.957395
v 5.328658 -0.726603 3.769769
v 5.619754 -0.784586 3.841530
v 5.576371 -0.865989 3.937255
v 5.293247 -0.812537 3.864814
v 5.560502 -0.860638 3.750003
v 6.018594 -1.133672 3.849985
v 5.517118 -0.942042 3.845728
v 5.954217 -1.173557 3.693676
v 6.377132 -1.422765 3.704273
v 6.333929 -1.505074 3.799303
v 6.301652 -1.486140 3.615065
v 6.719655 -1.653787 3.607664
v 6.700357 -1.751257 3.695977
v 6.258448 -1.568450 3.710094
v 6.658882 -1.726338 3.514310
v 6.905217 -1.719421 3.553159
v 6.639585 -1.823808 3.602623
v 6.859012 -1.796962 3.455566
v 7.368400 -1.856817 3.485402
v 6.905234 -1.823507 3.635852
v 7.320241 -1.934933 3.389223
v 7.293077 -1.827599 3.315647
v 7.341236 -1.749482 3.411825
v 7.494078 -1.782856 3.247383
v 7.541669 -1.935478 3.346304
v 7.470257 -1.913180 3.236418
v 7.565491 -1.805154 3.357270
v 7.612216 -1.936768 3.121029
v 7.763335 -1.838726 2.985196
v 7.643706 -1.807701 3.125747
v 7.866086 -1.867452 3.064499
v 7.732228 -1.832805 3.221693
v 7.828938 -1.995078 3.066401
v 7.992120 -1.903331 2.672486
v 8.046788 -2.017529 2.713010
v 7.726186 -1.966352 2.987099
v 7.932010 -2.080583 2.690159
v 7.877342 -1.966385 2.649635
v 8.123039 -2.096315 2.288723
v 8.062869 -2.036490 1.816988
v 8.120771 -2.155954 1.823896
v 8.001458 -2.213004 1.837367
v 7.943556 -2.093540 1.830459
v 7.993530 -1.984013 2.260733
v 8.005096 -2.059364 1.338904
v 8.061836 -2.179504 1.334558
v 7.942812 -2.236318 1.351218
v 7.911174 -2.256196 0.892233
v 7.886074 -2.116178 1.355565
v 7.940031 -2.122104 0.469257
v 8.027052 -2.127039 0.884574
v 7.896371 -2.247566 0.474263
v 7.853660 -2.136801 0.881798
v 8.064033 -2.164355 0.491853
v 8.076561 -2.141253 0.120985
v 8.020370 -2.289817 0.496860
v 8.134624 -2.260172 0.133581
v 8.017541 -2.319554 0.112678
v 7.959476 -2.200634 0.100082
v 8.058652 -2.126187 -0.222973
v 8.188265 -2.065721 -0.573387
v 8.146045 -2.291643 -0.241161
v 8.078060 -2.193316 -0.615133
v 8.019626 -2.250958 -0.247079
v 8.016123 -2.087116 -0.564562
v 8.046329 -1.822306 -0.911250
v 8.101963 -1.912324 -0.991710
v 7.986028 -1.976884 -0.999643
v 7.887637 -1.685916 -1.355487
v 7.930394 -1.886867 -0.919184
v 7.954736 -1.553093 -1.240597
v 7.945184 -1.286626 -1.487512
v 7.998601 -1.365692 -1.580072
v 8.008334 -1.637154 -1.328534
v 7.877097 -1.394150 -1.625884
v 7.918342 -1.120168 -1.823605
v 7.823679 -1.315085 -1.533325
v 8.035124 -1.068470 -1.705888
v 8.036148 -0.808252 -1.802013
v 8.091799 -0.875473 -1.902295
v 7.973925 -0.881857 -1.963427
v 7.864099 -1.046716 -1.726990
v 8.070082 -0.618448 -1.901534
v 8.126994 -0.677514 -2.006148
v 8.007032 -0.699203 -2.059164
v 7.918275 -0.814636 -1.863146
v 7.988914 -0.593695 -2.121459
v 7.950120 -0.640137 -1.954550
v 8.043444 -0.473399 -1.987669
v 8.097897 -0.520880 -2.099260
v 8.030412 -0.393820 -2.099811
v 7.992871 -0.480948 -2.192931
v 7.934460 -0.546215 -2.009869
v 7.926144 -0.428736 -2.025106
v 7.880424 -0.456751 -2.207639
v 7.970021 -0.358779 -2.200884
v 7.805537 -0.264853 -2.094594
v 7.805703 -0.267058 -2.227510
v 7.771891 -0.395605 -2.225420
v 7.813981 -0.409718 -2.090256
v 7.706751 -0.315784 -2.064259
v 7.503697 -0.079528 -2.030631
v 7.305536 -0.041532 -2.172435
v 7.305536 -0.079528 -2.030631
v 7.503697 -0.466943 -2.418046
v 7.305536 -0.570750 -2.314238
v 7.305536 -0.466943 -2.418046
v 7.305536 -0.325139 -2.456043
v 7.305536 -0.183335 -2.418046
v 7.305536 -0.466943 -1.926824
v 7.305536 -0.570750 -2.030631
v 7.305536 -0.183335 -1.926823
v 7.503697 -0.325139 -2.456043
v 7.503697 -0.079528 -2.314239
v 7.305536 -0.079528 -2.314239
v 7.305536 -0.608747 -2.172435
v 7.305536 -0.325139 -1.888827
v 7.503697 -0.608747 -2.172435
v 7.542941 -0.556817 -2.038676
v 7.503697 -0.041532 -2.172435
v 7.503697 -0.570750 -2.314238
v 7.503697 -0.183335 -2.418046
v 7.575644 -0.215856 -1.983150
v 7.575644 -0.325139 -1.953868
v 7.590361 -0.210201 -2.106075
v 7.590361 -0.440078 -2.238794
v 7.590361 -0.440078 -2.106075
v 7.503697 -0.466943 -1.926824
v 7.590361 -0.325139 -2.099629
v 7.590361 -0.288736 -2.235487
v 7.673080 -0.397945 -2.172435
v 7.673080 -0.252334 -2.172435
v -7.305536 1.804336 -1.055692
v -7.305536 1.766230 -0.913481
v -7.305536 1.273600 -1.197902
v -7.305536 1.377705 -1.302007
v -7.305536 1.519915 -1.340112
v -7.305536 1.662125 -1.302007
v -7.305536 1.377705 -0.809376
v -7.305536 1.273600 -0.913481
v -7.305536 1.662125 -0.809376
v -7.503697 1.766231 -1.197902
v -7.305536 1.766231 -1.197902
v -7.305536 1.235494 -1.055692
v -7.305536 1.519915 -0.771271
v -7.542941 1.788200 -1.055692
v -7.503697 1.273600 -1.197902
v -7.503697 1.377705 -0.809376
v -7.503697 1.377705 -1.302007
v -7.542941 1.654058 -0.823349
v -7.575644 1.300721 -1.055692
v -7.575644 1.519915 -0.836498
v -7.575644 1.709742 -0.946095
v -7.575644 1.629512 -1.245519
v -7.575644 1.330088 -0.946095
v -7.575644 1.519915 -1.274885
v -7.590361 1.586465 -0.940424
v -7.590361 1.653015 -1.055692
v -7.590361 1.404647 -1.122241
v -7.590361 1.556422 -1.118924
v -7.590361 1.456682 -1.019184
v -7.673080 1.483408 -1.118924
v -7.673080 1.519915 -0.982677
v 2.976038 3.314792 1.384136
v 2.901692 3.635555 1.282245
v 2.679850 3.829794 1.173593
v 2.755728 3.759405 1.212967
v 2.423742 3.796795 1.114516
v 2.976052 3.796718 1.114559
v 2.744439 3.490466 1.363405
v 2.620313 3.492141 1.284931
v 2.525444 3.402728 1.334947
v 2.423728 3.314868 1.384093
v 2.525453 3.714922 1.160313
v 2.888634 3.402687 1.334970
v 2.976045 3.536355 1.260200
v 2.888643 3.714882 1.160336
v 2.629209 3.652828 1.195047
v 0.000000 3.527459 1.265176
v 2.423734 3.527474 1.265167
v 2.678899 3.390881 1.341574
v 2.423728 1.199171 2.567560
v 2.512258 3.597453 1.226023
v 0.000000 1.199171 2.567560
v 0.000000 3.314868 1.384093
v 2.755463 3.314823 1.384119
v 2.755490 1.199171 2.567560
v -2.976038 3.347827 1.443193
v -2.888643 3.747916 1.219393
v -2.423734 3.560509 1.324224
v -2.813326 3.645064 1.199391
v -2.976052 3.796718 1.114559
v 2.976031 1.199171 2.567560
v -2.902179 3.568952 1.319502
v -2.512026 3.530799 1.263308
v -2.525444 3.402728 1.334947
v -2.678975 3.314833 1.384113
v -2.525453 3.714922 1.160313
v -2.888634 3.402687 1.334970
v -2.755219 3.391217 1.341386
v -2.804430 3.484377 1.289274
v -2.423728 3.314868 1.384093
v -2.677047 3.460273 1.302758
v -2.423742 3.796795 1.114516
v -2.976047 3.603109 1.222859
v -2.423728 1.199171 2.567560
v -2.755490 1.199171 2.567560
v -2.592693 3.636348 1.281802
v 2.976045 -1.138012 3.874919
v 2.679411 -1.295366 4.040475
v 0.000000 -1.398490 4.020625
v 2.589437 -1.146155 3.879475
v 0.000000 -1.162918 3.966388
v 2.976052 -1.398376 4.020561
v 2.512258 -1.166075 3.968153
v 2.525444 -1.004385 3.800172
v 2.678975 -0.916490 3.751006
v 2.525453 -1.316580 3.974806
v 2.888634 -1.004344 3.800149
v 2.888643 -1.316539 3.974783
v 2.629209 -1.254485 3.940072
v 2.755219 -0.992874 3.793733
v 2.804430 -1.086035 3.845845
v 2.423728 -0.916526 3.751026
v 0.000000 -0.916526 3.751026
v 2.844202 -1.194365 3.906442
v 2.756592 -1.278590 3.953555
v 2.677047 -1.061930 3.832361
v 2.423734 -1.129131 3.869952
v 2.423742 -1.398452 4.020603
v 2.976038 -0.916450 3.750983
v -2.976045 -1.138012 3.874919
v -2.888643 -1.283504 4.033840
v -2.901692 -1.171143 3.970988
v -2.423742 -1.398452 4.020603
v -2.629209 -1.221450 3.999129
v -2.744439 -1.026053 3.889828
v -2.620313 -1.093799 3.850188
v -2.525444 -1.004385 3.800172
v -2.423728 -0.916526 3.751026
v -2.525453 -1.316580 3.974806
v -2.888634 -1.004344 3.800149
v -2.976038 -0.916450 3.750983
v -2.976052 -1.398376 4.020561
v -2.679411 -1.328401 3.981418
v -2.423734 -1.129131 3.869952
v -2.813326 -1.246721 3.935729
v -2.678899 -0.992539 3.793545
v -2.512258 -1.199110 3.909096
v -2.755463 -0.916480 3.751000
v -0.625773 2.070572 2.686294
v 2.447907 1.982247 2.196597
v -0.625773 1.355067 3.083858
v 2.447907 2.070572 2.686294
v -0.625773 1.497571 3.006816
v -0.692756 1.982247 2.196597
v 2.447907 1.355067 3.083858
v 2.447907 1.126515 2.675272
v 2.537038 1.431201 3.041271
v 2.447907 1.497571 3.006816
v 2.380925 2.210800 2.605183
v -0.781887 1.309082 2.669851
v -0.781887 1.202637 2.632666
v 2.537038 1.309082 2.669851
v -0.781887 1.882083 2.349329
v -0.781887 2.069434 2.684259
v -0.780854 1.355464 3.082452
v -0.781887 1.496433 3.004781
v 2.537038 1.882083 2.349329
v 2.537038 1.906103 2.239165
v -0.625773 2.210800 2.605183
v -0.692756 1.126515 2.675272
v -0.499268 2.672746 1.849967
v -0.689508 3.550573 1.319761
v -0.466628 3.567262 1.349597
v -0.689507 2.746967 1.769277
v -0.656868 3.658173 1.298744
v -0.617648 2.738054 1.928792
v -0.665429 2.835606 1.874224
v -0.665429 3.593611 1.450216
v -0.537045 3.637779 1.428542
v -0.466628 2.746967 1.769277
v -0.536893 2.836898 1.876534
v -0.617084 2.637045 1.830765
v -0.499268 3.641483 1.268908
v -0.118535 -0.708270 3.762416
v -0.206592 -0.848523 3.819675
v -1.179462 -0.862053 3.788072
v -1.179461 -0.673855 3.682798
v -0.232717 -0.625872 3.810487
v -0.120941 -0.736660 3.872459
v -0.232717 -0.736759 3.875547
v -1.150381 -0.628806 3.812129
v -0.102425 -0.836726 3.773905
v -1.101253 -0.736758 3.875547
v -0.206592 -0.670697 3.681032
v -1.213030 -0.736659 3.872458
v -1.262178 -0.767954 3.735435
v 2.691963 0.053118 3.649833
v 2.691963 -0.125806 3.379146
v 1.766027 0.028148 3.293028
v 2.087758 -0.100520 3.722818
v 1.766027 0.254533 3.697740
v 1.766027 0.019019 3.638269
v 1.766027 0.100509 3.783897
v 2.691963 -0.117631 3.492735
v 2.866846 0.013081 3.521842
v 2.691963 0.013094 3.521993
v 2.691963 0.111999 3.442930
v 2.691963 0.028148 3.293028
v 2.871282 -0.000113 3.691458
v 2.691963 0.100580 3.783858
v 2.866846 -0.208243 3.591428
v 2.691963 -0.265962 3.797521
v 2.691963 -0.184427 3.943283
v 2.093730 -0.179610 3.597348
v 1.766027 -0.090304 3.699422
v 2.082708 0.024870 3.643538
v 2.691963 0.254533 3.697740
v 1.766027 0.173049 3.552070
v 1.766027 -0.042116 3.528978
v 1.766027 0.111947 3.442838
v 2.691963 -0.410812 3.538571
v 1.766027 -0.235141 3.440305
v 2.691963 -0.234891 3.440166
v 1.766027 -0.151439 3.590131
v 2.691963 -0.037582 3.748415
v 1.766027 -0.410812 3.538571
v 2.691963 -0.205446 3.660600
v 2.866846 -0.117669 3.492744
v 2.691963 0.172997 3.551978
v 2.871282 -0.148422 3.697762
v 1.766027 -0.125876 3.379185
v 1.766027 -0.008756 3.845017
v 2.088680 -0.054220 3.518068
v 2.691963 -0.352519 4.037310
v 1.766027 -0.198566 3.951192
v 1.766027 -0.434080 3.891721
v 1.766027 -0.352590 4.037349
v 2.866846 -0.629276 3.783403
v 2.691963 -0.461605 4.098330
v 2.691963 -0.559963 4.004752
v 2.691963 -0.501448 3.743302
v 2.866846 -0.621166 3.972661
v 2.866846 -0.399842 3.903075
v 2.691963 -0.719061 4.050973
v 2.691963 -0.637525 4.196735
v 1.766027 -0.543403 3.952874
v 1.766027 -0.719010 4.051064
v 1.766027 -0.637525 4.196735
v 2.691963 -0.661430 3.844769
v 1.766027 -0.495215 3.782430
v 2.691963 -0.402865 3.834002
v 1.766027 -0.688240 3.693757
v 1.766027 -0.863911 3.792023
v 1.766027 -0.604538 3.843582
v 1.766027 -0.780111 3.941833
v 1.766027 -0.341151 3.696290
v 2.691963 -0.687990 3.693617
v 1.766027 -0.280050 3.805522
v 2.691963 -0.780060 3.941924
v 2.691963 -0.341100 3.696382
v 2.691963 -0.578905 3.632598
v 1.766027 -0.578975 3.632637
v 1.766027 -0.461854 4.098469
v 2.091374 -0.561541 3.773688
v 2.092762 -0.630587 3.905081
v 2.083677 -0.430351 3.842708
v 2.085065 -0.499398 3.974102
v -1.836931 -0.568663 3.823236
v -1.698825 -0.543388 3.868421
v -1.827424 -0.445520 4.077111
v -1.886970 -0.535531 4.127460
v -1.664741 -0.587499 4.156530
v -1.708332 -0.445520 4.077111
v -1.827424 -0.625543 4.177811
v -1.785964 -0.503632 4.205877
v -1.905984 -0.673046 3.881625
v -1.706034 -0.766531 3.933918
v -1.719867 -0.654784 3.871410
v -1.869409 -0.775905 3.747037
v -1.688427 -0.734271 3.723748
v 1.503775 0.609383 3.164268
v 1.641881 0.609383 3.164268
v 1.503775 0.425893 3.326230
v 1.632374 0.552503 3.518842
v 1.469691 0.694483 3.439423
v 1.572828 0.746451 3.410353
v 1.469691 0.590546 3.497562
v 1.572828 0.665301 3.552006
v 1.634672 0.411515 3.274950
v 1.524817 0.486739 3.232871
v 1.688846 0.510136 3.219784
v 1.663922 0.455021 3.058489
v 1.471297 0.402141 3.088069
v 0.183213 3.269192 1.676440
v 0.233763 3.433839 1.584340
v 0.302816 3.570907 1.830426
v 0.199680 3.415003 1.917634
v 0.199680 3.518939 1.859495
v 0.405953 3.415003 1.917634
v 0.405953 3.518939 1.859495
v 0.302816 3.363035 1.946704
v 0.323700 3.507984 1.961884
v 0.364660 3.422942 1.590436
v 0.302816 3.329457 1.642729
v 0.364660 3.235972 1.695022
v 0.418835 3.334593 1.639856
v 0.393910 3.279478 1.478562
v 0.201285 3.226598 1.508141
v -2.430968 2.736838 1.974225
v -2.466091 2.620270 2.039430
v -2.244880 2.754784 2.023509
v -2.416676 2.715686 2.308814
v -2.301500 2.689254 2.323600
v -2.302572 2.890041 2.211285
v -2.217969 2.816890 2.252203
v -2.353006 2.825735 2.343516
v -2.367981 2.560715 2.132066
v -2.281032 2.645425 2.025359
v -2.437171 2.572374 1.874097
v -2.250008 2.572470 1.874044
v -2.448035 2.815954 2.252727
v -2.005840 1.685854 2.756197
v -1.874680 1.619645 3.085369
v -1.764928 1.435284 2.896359
v -1.636741 1.415558 2.907394
v -1.510138 2.170696 2.777125
v -1.957314 2.028650 2.856582
v -1.395829 1.492084 2.864587
v -2.001284 1.923220 2.915557
v -1.694912 1.809614 2.986131
v -1.636742 1.899506 2.829968
v -1.694912 1.930616 2.918445
v -1.562813 1.787753 2.892481
v -1.720812 1.812067 2.878880
v -1.962978 1.557834 2.780465
v -1.879366 1.437073 2.765434
v -1.311395 1.887376 2.596128
v -1.765943 1.995149 2.453261
v -1.319345 1.815918 2.485340
v -1.755216 1.403255 2.784436
v -1.295611 1.710746 2.544170
v -1.955019 1.816099 2.485238
v -1.414085 1.455750 2.755072
v -1.518269 1.971414 2.466622
v -1.518269 1.403255 2.784436
v -1.414085 1.918918 2.495987
v -1.859400 1.918918 2.495987
v -1.636742 1.385023 2.794635
v -1.318844 1.504089 2.659769
v -2.007343 1.601081 2.605704
v -1.971920 1.492708 2.666325
v -1.977874 1.710746 2.544170
v -1.266422 1.601081 2.605704
v -1.636832 1.687384 2.625502
v -1.636763 1.892940 2.491185
v -1.612171 1.502732 2.709270
v -1.661663 1.753962 2.330974
v -1.661398 1.404677 2.534025
v -1.962258 1.886503 2.596616
v -1.315239 1.566331 2.783987
v -1.508555 1.435284 2.896359
v -2.005840 1.799453 2.692653
v -1.395829 1.993224 2.584262
v -1.508555 2.050024 2.552490
v -1.268282 1.665519 2.720229
v -1.764928 2.050024 2.552490
v -1.877653 1.993224 2.584262
v -1.512341 1.571834 3.119168
v -1.402944 1.626956 3.088334
v -1.278543 1.925250 2.921476
v -1.321747 2.028846 2.863528
v -1.761144 2.168420 2.785453
v -1.578573 1.930616 2.918445
v -1.636742 1.552690 3.129877
v -1.275459 1.794722 2.687025
v -1.877653 1.492084 2.864587
v -1.636742 2.190179 2.766227
v -1.874680 2.114598 2.808505
v -2.001284 1.811023 2.978317
v -1.957311 1.705580 3.037299
v -1.763346 1.563547 3.116749
v -1.316117 1.705619 3.037279
v -1.272201 1.811023 2.978317
v -1.398805 2.114598 2.808505
v 2.275294 1.044211 3.679633
v 2.316438 0.835778 3.805082
v 2.275294 0.628360 3.912249
v 2.131982 0.971999 3.720026
v 2.075383 0.836286 3.795941
v 2.131982 0.700572 3.871855
v 2.275613 0.273038 3.273326
v 2.438263 1.019132 3.693662
v 2.502625 0.700572 3.871855
v 2.077222 0.479383 3.157902
v 2.557384 0.479383 3.157902
v 2.559223 0.836286 3.795941
v 2.501216 0.614065 3.082564
v 2.472821 0.365495 3.221607
v 2.352556 0.653869 3.060298
v 2.215796 0.632824 3.072071
v 2.133390 0.344701 3.233239
v 2.476158 0.428841 3.069990
v 2.431359 0.478342 3.158484
v 2.302927 0.413399 3.206947
v 2.239508 0.509265 3.153322
v -1.698606 3.079354 2.550084
v -1.512420 3.215576 2.465028
v -1.512420 2.944149 2.616857
v -1.939661 3.079862 2.540943
v -1.455821 3.079862 2.540943
v -1.655732 3.287787 2.424634
v -1.739750 2.871937 2.657250
v -1.818701 3.262709 2.438663
v -1.923344 2.794623 1.862817
v -1.923344 2.651297 1.942990
v -1.883062 2.944149 2.616857
v -1.542223 2.836848 1.839197
v -1.662488 2.897446 1.805300
v -1.817782 2.904417 1.801401
v -1.662488 2.548473 2.000507
v -1.817782 2.541503 2.004406
v -1.506970 2.662361 1.936801
v -1.819892 2.705884 1.924590
v -1.572485 2.689347 1.805522
v -1.823074 2.689710 1.805319
v -1.712117 2.656976 1.951948
v -1.739135 2.790702 1.877145
v -1.614954 2.728130 1.912146
v -0.774947 2.565059 2.421273
v -0.864666 2.507530 2.453453
v -0.924407 2.398268 2.514571
v -0.864666 2.248461 2.246759
v -0.954386 2.565059 2.421273
v -0.804926 2.398268 2.514571
v -1.008677 2.343088 2.193826
v -1.017248 2.467217 2.476003
v -0.712085 2.467217 2.476003
v -0.712085 2.317409 2.208191
v -0.976942 2.248461 2.246759
v -0.912405 2.436405 2.141628
v -0.825760 2.352134 2.175253
v -0.802985 2.279517 2.036091
v -0.926562 2.279453 2.036127
v -0.379885 2.565059 2.421273
v -0.290165 2.507530 2.453453
v -0.290165 2.398268 2.514571
v -0.200445 2.565059 2.421273
v -0.242426 2.436405 2.141628
v -0.177889 2.248461 2.246759
v -0.177889 2.398268 2.514571
v -0.441433 2.248461 2.246759
v -0.441433 2.398268 2.514571
v -0.146155 2.343088 2.193826
v -0.290165 2.248461 2.246759
v -0.228483 2.279517 2.036091
v -0.352060 2.279453 2.036127
v -0.328617 2.351743 2.174978
v 0.235776 2.586212 2.409441
v 0.340655 2.536403 2.437302
v 0.171240 2.398268 2.514571
v 0.283515 2.398268 2.514571
v 0.343256 2.248461 2.246759
v 0.139505 2.492896 2.461639
v 0.132247 2.248461 2.246759
v 0.331254 2.436405 2.141628
v 0.427526 2.343088 2.193826
v 0.245063 2.351743 2.174978
v 0.335723 2.269187 2.041869
v 0.221620 2.279453 2.036127
v 0.698532 2.467217 2.476003
v 0.851113 2.507530 2.453453
v 0.791373 2.398268 2.514571
v 0.910854 2.398268 2.514571
v 0.940833 2.565059 2.421273
v 0.851113 2.248461 2.246759
v 0.761394 2.565059 2.421273
v 0.898852 2.436405 2.141628
v 1.002382 2.248461 2.246759
v 1.003695 2.467217 2.476003
v 0.699845 2.248461 2.246759
v 0.812661 2.351743 2.174978
v 0.910212 2.272847 2.039822
v 0.791877 2.272587 2.039968
v -1.638976 3.826837 1.731961
v -1.975894 3.824300 1.525480
v -1.638976 3.824300 1.525480
v -1.638976 3.137943 1.559510
v -1.975894 3.377080 1.775523
v -1.638976 3.377080 1.775523
v -1.975894 3.552341 1.885508
v -1.638976 3.661613 1.824384
v -1.300147 3.552341 1.885508
v -1.905538 3.665381 1.807929
v -1.826249 3.770771 1.748977
v -1.975894 3.826837 1.731961
v -1.638976 3.552341 1.885508
v -1.787191 3.667484 1.806752
v -1.975894 3.728119 1.229543
v -1.711020 3.828587 1.429018
v -1.900487 3.828607 1.429014
v -1.745740 3.648843 1.382421
v -1.856749 3.699167 1.472385
v -1.856736 3.645211 1.375928
v -2.312125 3.273297 1.801483
v -2.312125 3.826837 1.731961
v -2.214240 3.623038 1.845962
v -2.312125 3.552341 1.885508
v -2.178328 3.774235 1.761386
v -2.051300 3.828607 1.429014
v -2.233270 3.753811 1.295739
v -2.240767 3.828587 1.429018
v -2.198403 3.645211 1.375928
v -2.198415 3.699167 1.472385
v -2.087387 3.648843 1.382421
v -2.312125 3.596044 1.653099
v -2.312125 3.675406 1.259302
v -2.312125 3.824300 1.525480
v -2.312125 3.228187 1.509345
v -0.963229 3.826837 1.731961
v -1.300147 3.824300 1.525480
v -1.300147 3.826837 1.731961
v -1.300147 3.273297 1.801483
v -0.963229 3.552341 1.885508
v -1.150502 3.770771 1.748977
v -1.229792 3.665381 1.807929
v -0.963229 3.596044 1.653099
v -1.109035 3.596182 1.846637
v -1.029745 3.701571 1.787685
v -1.300147 3.728119 1.229543
v -1.042771 3.753811 1.295739
v -1.224741 3.828607 1.429014
v -1.069993 3.648843 1.382421
v -1.181002 3.699167 1.472385
v -0.963229 3.675406 1.259302
v -0.963229 3.811820 1.503170
v -0.963229 3.364600 1.753213
v -1.383019 3.833374 1.437640
v -1.546781 3.742794 1.764626
v -1.394270 3.624158 1.830988
v -1.402558 3.750028 1.760580
v -1.538493 3.616925 1.835034
v -1.300147 3.137943 1.559510
v -1.636378 3.728119 1.229543
v -1.565020 3.828587 1.429018
v -1.411640 3.648843 1.382421
v -1.522657 3.645211 1.375928
v -1.522668 3.699167 1.472385
v -2.312125 3.707684 1.798613
v -2.312125 3.447151 1.386921
v -0.963229 3.447151 1.386921
v 1.613500 3.826837 1.731961
v 1.276582 3.826837 1.731961
v 1.613500 3.824300 1.525480
v 1.276582 3.858837 1.506161
v 1.395727 3.699167 1.472385
v 1.613500 3.137943 1.559510
v 1.276582 3.377080 1.775523
v 1.613500 3.377080 1.775523
v 1.276582 3.552341 1.885508
v 2.289247 3.684649 1.811498
v 2.289247 3.552341 1.885508
v 1.546984 3.701571 1.787685
v 1.346938 3.665381 1.807929
v 1.613500 3.552341 1.885508
v 1.467695 3.596182 1.846637
v 1.426227 3.770771 1.748977
v 1.302004 3.743390 1.262173
v 1.533958 3.753811 1.295739
v 1.534014 3.833374 1.437640
v 1.351988 3.828607 1.429014
v 1.506736 3.648843 1.382421
v 0.940351 3.826837 1.731961
v 1.087880 3.667484 1.806752
v 1.074148 3.768123 1.750458
v 1.193652 3.753811 1.295739
v 1.011709 3.828587 1.429018
v 1.193710 3.833374 1.437640
v 1.054072 3.645211 1.375928
v 1.165089 3.648843 1.382421
v 0.940351 3.707684 1.798613
v 0.940351 3.583564 1.630789
v 0.940351 3.824300 1.525480
v 0.940351 3.728119 1.229543
v 0.940351 3.377080 1.775523
v 1.952329 3.824300 1.525480
v 1.952329 3.377080 1.775523
v 1.952329 3.552341 1.885508
v 1.952329 3.826837 1.731961
v 2.090652 3.598830 1.845156
v 2.289247 3.596044 1.653099
v 2.289247 3.377080 1.775523
v 2.141032 3.699468 1.788861
v 2.025718 3.711452 1.782158
v 1.952329 3.728119 1.229543
v 2.209705 3.753811 1.295739
v 2.217202 3.828587 1.429018
v 2.027735 3.828607 1.429014
v 2.182483 3.648843 1.382421
v 2.071474 3.699167 1.472385
v 2.289247 3.826837 1.731961
v 2.289247 3.824300 1.525480
v 2.289247 3.675406 1.259302
v 2.289247 3.228187 1.509345
v 1.814006 3.598830 1.845156
v 1.641429 3.743390 1.262173
v 1.763627 3.699468 1.788861
v 1.878940 3.711452 1.782158
v 1.952329 3.137943 1.559510
v 1.876923 3.828607 1.429014
v 1.687456 3.828587 1.429018
v 1.722175 3.648843 1.382421
v 1.833184 3.699167 1.472385
v 1.833172 3.645211 1.375928
v 0.940351 3.552341 1.885508
v 0.940351 3.447151 1.386921
v 2.289247 3.447151 1.386921
v 0.751163 -0.705555 3.789377
v 0.751163 -0.707145 3.906438
v 0.850027 -0.608351 3.849239
v 0.911035 -0.747268 3.890157
v 0.911035 -0.714349 3.773656
v 1.020595 -0.597847 3.806575
v 1.049365 -0.707674 3.785588
v 1.020595 -0.716363 3.921914
v 1.168586 -0.695037 3.823857
v 1.156303 -0.735340 3.720873
v 0.591292 -0.673720 3.933963
v 0.591292 -0.586961 3.849530
v 0.591292 -0.758154 3.847203
v 0.591292 -0.671394 3.762770
v 0.481732 -0.747268 3.890157
v 0.481732 -0.597847 3.806576
v 0.481732 -0.714348 3.773656
v 0.452962 -0.637441 3.911145
v 0.349746 -0.693328 3.834222
v 0.340706 -0.750674 3.729556
v -2.426775 -0.044442 3.458291
v -2.309703 -0.044442 3.458291
v -2.368239 -0.082877 3.592091
v -2.368239 -0.209261 3.491123
v -2.282634 -0.167470 3.565833
v -2.453843 -0.167470 3.565834
v -2.442374 -0.283982 3.581964
v -2.294103 -0.242191 3.656674
v -2.411041 -0.226894 3.684020
v -2.332272 -0.318608 3.578996
v -2.371191 -0.386794 3.656916
v -2.378412 -0.455403 3.564390
v -2.312629 0.074012 3.467543
v -2.411041 0.147775 3.474440
v -2.325436 0.075391 3.345037
v -2.442374 0.090687 3.372384
v -2.442375 0.228095 3.393608
v -2.411041 0.171008 3.291552
v -2.331644 0.263087 3.332295
v -2.378412 0.261041 3.163629
v -2.426775 1.694023 2.485838
v -2.312629 1.639914 2.591618
v -2.309703 1.694023 2.485838
v -2.423849 1.639914 2.591618
v -2.368239 1.743519 2.574323
v -2.368239 1.592892 2.507556
v -2.294103 1.454483 2.609511
v -2.404205 1.419858 2.606544
v -2.404205 1.480682 2.715280
v -2.378943 1.323414 2.664122
v -2.368239 1.891839 2.511996
v -2.368239 1.808257 2.362576
v -2.453843 1.850048 2.437286
v -2.282634 1.850048 2.437286
v -2.325437 1.981857 2.448501
v -2.411041 1.909473 2.319099
v -2.305943 1.953216 2.338366
v -2.430535 1.988333 2.401144
v -2.371371 2.038702 2.311923
v -2.365513 2.012311 2.184304
v 0.300173 2.878752 1.794784
v 0.300173 2.935905 1.896957
v 0.201310 2.844975 1.917538
v 0.140302 2.804287 1.818564
v 0.140302 2.921640 1.788822
v 0.030742 2.803123 1.904160
v 0.140302 2.951382 1.906175
v 0.030742 2.836043 1.787659
v 0.030742 2.952545 1.820578
v 0.001972 2.912951 1.925148
v -0.097197 2.858029 1.843516
v -0.121238 2.814798 1.735343
v 0.399037 2.933875 1.831021
v 0.460045 2.919625 1.937080
v 0.460045 2.836043 1.787659
v 0.460045 2.803123 1.904160
v 0.569605 2.792238 1.861206
v 0.569605 2.963431 1.863532
v 0.569605 2.878997 1.776772
v 0.695923 2.866947 1.836858
v 0.710631 2.817476 1.733626
v 1.612994 0.934781 2.910539
v 1.612994 0.832608 2.967692
v 1.514131 0.964400 2.969483
v 1.612994 0.933190 3.027600
v 1.453123 0.814596 2.967447
v 1.343563 0.941984 3.043321
v 1.453123 0.899030 3.054207
v 1.453123 0.901356 2.883014
v 1.343563 0.858402 2.893900
v 1.314793 0.962972 2.933494
v 1.314793 0.837414 3.003727
v 1.215624 0.880387 2.949757
v 1.191583 0.837156 2.841584
v 1.711858 0.964400 2.969483
v 1.772866 0.901356 2.883014
v 1.772866 0.814596 2.967447
v 1.882426 0.941984 3.043321
v 1.882426 0.825483 3.010401
v 1.882426 0.858402 2.893900
v 1.911196 0.962972 2.933494
v 1.999997 0.884888 2.959905
v 2.015754 0.833125 2.843466
v -1.050946 0.137257 3.364825
v -1.050946 -0.025796 3.456032
v 0.731167 0.137257 3.364825
v 0.731167 -0.025796 3.456032
v 1.325205 0.016181 3.531075
v 1.325205 0.221211 3.514910
v -0.352928 0.137257 3.364825
v 1.325205 0.137257 3.364825
v -1.050946 0.221211 3.514910
v -1.050946 0.058158 3.606118
v 0.137130 -0.188849 3.547240
v -0.352928 -0.188849 3.547240
v 0.137130 0.137257 3.364825
v 0.137130 -0.025796 3.456032
v -0.352928 -0.025796 3.456032
v 0.894145 0.123197 3.569736
v -0.217705 0.117286 3.573043
v -0.533787 -0.011852 3.645280
v 0.508322 -0.017230 3.648288
v 0.701234 -0.027661 3.654123
v 0.508322 0.123197 3.569736
v -0.354282 -0.024656 3.652442
v -0.533787 0.117286 3.573043
v -1.050946 -0.104895 3.697326
v 1.325205 -0.188849 3.547240
v 1.325205 -0.104895 3.697326
v -1.050946 -0.188849 3.547240
v -0.217705 -0.011852 3.645280
v 0.137130 0.221211 3.514910
v 0.894145 -0.017230 3.648288
v 0.137130 -0.104895 3.697326
v 0.645121 0.068235 3.552512
v -0.292843 0.030864 3.573416
v -0.398328 0.068996 3.552086
v 0.749920 0.030350 3.573704
v -0.956217 -0.173663 3.618516
v -0.956217 -0.290907 3.550330
v -0.955819 0.231677 3.342515
v -0.942621 0.156096 3.207398
v -0.901701 0.209675 3.444592
v -0.721799 -0.268313 3.622196
v -0.721799 -0.156405 3.649368
v -0.721401 0.232967 3.362735
v -0.721401 0.166332 3.225696
v -0.433262 -0.156405 3.649368
v -0.487380 -0.254902 3.614695
v -0.474135 -0.343894 3.487079
v -0.486983 0.231677 3.342515
v -0.446110 0.156096 3.207398
v -0.432865 0.209675 3.444592
v -0.252962 -0.268313 3.622196
v -0.239717 -0.343894 3.487079
v -0.198844 -0.177051 3.660916
v -0.252565 0.231677 3.342515
v -0.211692 0.156096 3.207398
v -0.198447 0.209675 3.444592
v -0.018544 -0.177051 3.660916
v 0.035574 -0.268313 3.622196
v -0.018147 0.231677 3.342515
v -0.004948 0.156096 3.207398
v 0.035972 0.209675 3.444592
v 0.215874 -0.254902 3.614695
v 0.229119 -0.343894 3.487079
v 0.216271 0.231677 3.342515
v 0.257144 0.156096 3.207398
v 0.270390 0.209675 3.444592
v 0.504410 -0.254902 3.614695
v 0.463538 -0.343894 3.487079
v 0.450292 -0.156405 3.649368
v 0.463888 0.156096 3.207398
v 0.504808 0.227865 3.383621
v 0.738828 -0.156405 3.649368
v 0.684710 -0.254902 3.614695
v 0.697956 -0.343894 3.487079
v 0.685107 0.209675 3.444592
v 0.685107 0.245088 3.335013
v 0.725980 0.156096 3.207398
v 0.919128 -0.268313 3.622196
v 0.932374 -0.343894 3.487079
v 0.973246 -0.177051 3.660916
v 0.973644 0.231677 3.342515
v 0.932724 0.156096 3.207398
v 1.207665 -0.177051 3.660916
v 1.153546 -0.268313 3.622196
v 1.166792 -0.330483 3.479578
v 1.153944 0.231677 3.342515
v 1.167143 0.156096 3.207398
v 1.208062 0.209675 3.444592
v 0.137130 0.058158 3.606118
v -0.598989 0.893620 2.941734
v -0.598989 0.730567 3.032942
v 0.731167 0.730567 3.032942
v 0.959188 0.889795 2.943874
v 0.959188 0.730567 3.032942
v 0.731167 0.651468 3.274235
v -0.598989 0.976320 3.089577
v -0.352928 0.977575 3.091820
v -0.352928 0.893620 2.941734
v 0.731167 0.567514 3.124150
v -0.598989 0.813267 3.180785
v 0.137130 0.567514 3.124150
v -0.352928 0.567514 3.124150
v 0.137130 0.893620 2.941734
v 0.731167 0.893620 2.941734
v 0.137130 0.730567 3.032942
v -0.386533 0.676184 3.063363
v 0.708126 0.958360 3.102568
v 0.901038 0.945299 3.109874
v -0.256974 0.754372 3.216674
v 0.708126 0.756413 3.215532
v 0.515214 0.945299 3.109874
v -0.598989 0.650214 3.271992
v 0.959188 0.571340 3.122010
v 0.959188 0.655294 3.272095
v -0.598989 0.567514 3.124150
v 0.797296 0.809437 3.137903
v 0.137130 0.977575 3.091820
v 0.901038 0.769473 3.208226
v 0.515214 0.769473 3.208226
v -0.432335 0.694711 3.202077
v -0.388642 0.786771 3.150581
v 0.692497 0.847322 3.116711
v 0.137130 0.814521 3.183028
v -0.504260 0.488050 3.199106
v -0.463340 0.412469 3.063989
v -0.504260 0.599958 3.226277
v -0.490664 0.925871 2.776806
v -0.503862 0.948781 2.990650
v -0.286196 0.488050 3.199106
v -0.272951 0.412469 3.063989
v -0.286196 0.599958 3.226277
v -0.244926 0.925871 2.776806
v -0.068133 0.488050 3.199106
v -0.027213 0.412469 3.063989
v -0.068133 0.599958 3.226277
v -0.067736 0.948781 2.990650
v 0.204048 0.488050 3.199106
v 0.163176 0.412469 3.063989
v 0.150327 1.000676 2.912267
v 0.163526 0.925871 2.776806
v 0.367993 0.578787 3.236885
v 0.422112 0.488050 3.199106
v 0.381590 0.925871 2.776806
v 0.586057 0.578787 3.236885
v 0.640175 0.488050 3.199106
v 0.599302 0.412469 3.063989
v 0.586454 0.948781 2.990650
v 0.599653 0.925871 2.776806
v 0.858238 0.599958 3.226277
v 0.804120 0.501461 3.191604
v 0.817366 0.425880 3.056487
v 0.845390 0.925871 2.776806
v -2.416200 0.893620 2.941734
v -2.416200 0.730567 3.032942
v -1.086044 0.730567 3.032942
v -0.858023 0.889795 2.943874
v -0.858023 0.730567 3.032942
v -0.858023 0.973749 3.093960
v -2.144062 0.732844 3.180747
v -1.086044 0.651468 3.274235
v -2.416200 0.976320 3.089577
v -2.170139 0.977575 3.091820
v -2.170139 0.893620 2.941734
v -1.086044 0.567514 3.124150
v -2.416200 0.813267 3.180785
v -2.170139 0.567514 3.124150
v -1.680081 0.893620 2.941734
v -1.086044 0.893620 2.941734
v -1.680082 0.730567 3.032942
v -2.203744 0.676184 3.063363
v -1.109085 0.958360 3.102568
v -2.197383 0.860211 3.157470
v -0.904222 0.857386 3.159050
v -1.313949 0.857386 3.159050
v -1.109085 0.756413 3.215532
v -2.196115 0.674191 3.261524
v -2.416200 0.650214 3.271992
v -0.858023 0.571340 3.122010
v -0.858023 0.655294 3.272095
v -2.416200 0.567514 3.124150
v -1.019915 0.885207 3.095519
v -1.680081 0.651468 3.274235
v -2.267645 0.732844 3.180747
v -1.124714 0.847322 3.116711
v -1.680082 0.814521 3.183028
v -2.321471 0.488050 3.199106
v -2.321471 0.599958 3.226277
v -2.321074 0.969426 2.979102
v -2.280200 0.912460 2.784307
v -2.103407 0.501461 3.191604
v -2.048892 0.948781 2.990650
v -1.885344 0.488050 3.199106
v -1.885344 0.599958 3.226277
v -1.871748 0.925871 2.776806
v -1.884947 0.948781 2.990650
v -1.626361 0.412469 3.063989
v -1.667281 0.501461 3.191604
v -1.666884 1.000902 2.912230
v -1.612765 0.966038 3.021502
v -1.449218 0.501461 3.191604
v -1.435972 0.412469 3.063989
v -1.448820 0.984229 2.960531
v -1.177036 0.578769 3.237330
v -1.231154 0.488050 3.199106
v -1.217909 0.412469 3.063989
v -1.230757 0.984229 2.960531
v -1.217558 0.912460 2.784307
v -0.958973 0.599958 3.226277
v -1.013091 0.501461 3.191604
v -0.999846 0.412469 3.063989
v -1.012694 0.984229 2.960531
v 1.886243 2.585186 1.869818
v 1.886243 2.702843 2.080055
v 2.091842 2.877923 1.706069
v 2.427631 2.585186 1.869818
v 2.427631 2.995537 1.916330
v 2.222032 2.877923 1.706069
v 2.091842 2.406070 1.970011
v 2.427631 2.698807 1.806262
v 2.427631 2.816378 2.016547
v 2.221847 2.751647 2.167025
v 2.330650 2.742889 2.057654
v 2.251051 2.925684 2.068280
v 2.086920 2.937826 2.061488
v 2.222032 2.406070 1.970011
v 2.221982 2.523684 2.180272
v 1.969534 2.915109 1.961319
v 1.992806 2.819845 2.127484
v 2.092028 2.751647 2.167025
v 1.956865 2.568353 2.155285
v 2.227201 2.619955 2.126420
v 2.143024 2.664459 2.214403
v 1.886243 2.816378 2.016547
v 2.091892 2.523684 2.180272
v 2.091892 2.995537 1.916330
v 2.176097 2.911217 1.963496
v 1.875015 2.793287 1.751779
v 1.875015 2.450266 1.943656
v 2.460811 2.793287 1.751779
v 2.426944 2.520021 1.985772
v 1.996917 2.698289 2.082603
v 2.427631 2.523684 2.180272
v 1.886243 2.995537 1.916330
v 2.334751 2.926758 1.954803
v 2.333569 2.592102 2.142001
v 1.127247 2.585186 1.869818
v 1.332846 2.877923 1.706069
v 1.668635 2.523684 2.180272
v 1.668635 2.585186 1.869818
v 1.127247 2.698807 1.806262
v 1.463035 2.877923 1.706069
v 1.332846 2.406070 1.970011
v 1.332896 2.523684 2.180272
v 1.668635 2.816378 2.016547
v 1.462850 2.751647 2.167025
v 1.417100 2.911217 1.963496
v 1.463035 2.406070 1.970011
v 1.492055 2.925684 2.068280
v 1.333031 2.751647 2.167025
v 1.233810 2.819845 2.127484
v 1.468204 2.619955 2.126420
v 1.384028 2.664459 2.214403
v 1.127247 2.702843 2.080055
v 1.127247 2.816378 2.016547
v 1.462986 2.523684 2.180272
v 1.571654 2.742889 2.057654
v 1.332896 2.995537 1.916330
v 1.098407 2.818778 1.797350
v 1.122507 2.518692 1.983396
v 1.671954 2.519413 1.984686
v 1.187191 2.918051 1.959673
v 1.237921 2.698289 2.082603
v 1.220124 2.576073 2.150967
v 1.616724 2.921527 1.957729
v 1.127247 2.523684 2.180272
v 1.589368 2.608501 2.132828
v -2.031695 -0.141651 3.395140
v -1.826096 0.151086 3.231391
v -1.490307 -0.141651 3.395140
v -2.031695 -0.028030 3.331583
v -2.031695 0.089541 3.541868
v -1.695906 0.151086 3.231391
v -1.826096 -0.320767 3.495333
v -1.583187 0.199921 3.480124
v -1.490307 -0.028030 3.331583
v -1.696091 0.024810 3.692346
v -1.901861 0.123058 3.523120
v -1.780161 -0.118832 3.658427
v -1.620141 -0.057510 3.624125
v -1.741841 0.184380 3.488818
v -1.666887 0.198848 3.593602
v -1.695906 -0.320767 3.495333
v -1.695956 -0.203153 3.705594
v -1.855115 -0.037115 3.725593
v -1.980505 0.210331 3.474301
v -1.925132 0.093008 3.652806
v -2.031695 -0.023993 3.605377
v -1.490307 0.089541 3.541868
v -1.490307 -0.023993 3.605377
v -1.826046 0.268700 3.441651
v -1.596870 0.068724 3.666389
v -2.064716 0.101636 3.257418
v -2.064716 -0.276571 3.468977
v -1.485409 0.099690 3.336523
v -1.482208 -0.218953 3.489395
v -1.921021 -0.028548 3.607924
v -1.938817 -0.150763 3.676289
v -1.575494 -0.154118 3.678165
v -1.600981 0.094096 3.539320
v -2.031695 -0.203153 3.705594
v -1.490307 0.268700 3.441651
v 1.794449 3.849959 1.299019
v 1.782947 4.048816 1.193772
v 1.752234 4.243746 1.090246
v 1.698000 4.416595 0.968454
v 1.554457 4.706834 0.666931
v 1.522898 4.772640 0.579520
v 1.420118 4.826686 0.564780
v 1.232311 4.929433 0.515699
v 1.039913 5.032428 0.456184
v 0.824123 5.100078 0.470408
v 0.613046 5.170212 0.458681
v 0.404024 5.239673 0.415463
v 0.293650 5.260974 0.468813
v 0.040096 5.085582 0.441484
v 0.175806 5.269358 0.408650
v -0.045815 5.005923 0.473575
v -0.167900 5.007565 0.434978
v -0.391727 4.963720 0.444014
v -0.495110 4.896872 0.423672
v -0.588434 4.842609 0.490873
v -0.614075 4.716716 0.518975
v -0.674507 4.550928 0.659836
v -0.741174 4.514842 0.758785
v -0.859376 4.336045 0.826916
v -0.800227 4.424789 0.783349
v -1.055879 4.261910 0.919946
v -1.230044 4.165164 1.029395
v -1.457090 3.874603 1.277511
v -1.386340 4.051349 1.153360
v -1.446560 3.977660 1.220716
v -1.473502 3.419147 1.549504
v 1.758652 3.406617 1.572951
v 1.400771 4.009388 1.232125
v 1.407620 3.875655 1.306932
v 1.373501 4.260835 1.057591
v 1.437347 4.134541 1.129773
v 1.332885 4.390615 0.984995
v 1.290157 4.520689 0.912235
v 1.284318 4.659697 0.836015
v 1.213115 4.783213 0.766111
v 1.030622 5.013583 0.709103
v 1.171938 4.926327 0.702451
v 0.807979 5.217536 0.627508
v 0.912479 5.104259 0.687612
v 0.668633 5.286574 0.616011
v 0.524150 5.342545 0.606096
v 0.367498 5.348241 0.606874
v 0.215213 5.397881 0.591956
v -0.394790 5.340206 0.722823
v 0.055288 5.395709 0.610084
v -0.082014 5.340286 0.688293
v -0.682012 5.276010 0.829369
v -1.057228 5.241908 0.850266
v -0.910137 5.284442 0.823495
v -1.204020 5.201401 0.901637
v -1.292819 5.064184 0.944699
v -1.473646 4.909389 0.954342
v -1.407644 5.063267 0.945242
v -1.589433 4.804861 0.978256
v -1.661386 4.669479 1.010976
v -1.735013 4.540755 1.074531
v -1.760172 4.381622 1.087773
v -1.774335 4.083523 1.187571
v -1.814994 3.428745 1.531050
v -1.818476 3.940231 1.246717
v 1.429105 3.474532 1.503672
v -1.829333 3.812714 1.344745
v -1.141193 3.811375 1.341662
v -1.128145 3.977628 1.257971
v -1.036917 4.071558 1.125198
v -0.939334 4.201867 1.038344
v -0.803035 4.299357 0.976670
v -0.636095 4.352788 1.023525
v -0.603009 4.343237 1.168062
v -0.588228 4.247074 1.290336
v -0.570203 4.206438 1.396345
v -0.483580 4.058879 1.321741
v -0.588282 4.092741 1.362864
v -0.473262 4.000793 1.226432
v -0.449751 4.068475 1.141014
v -0.329189 4.083453 0.991417
v -0.318605 4.181705 0.942659
v -0.216638 4.300601 0.832111
v -0.139679 4.386068 0.836514
v -0.104051 4.529310 0.991150
v -0.163837 4.451023 0.931592
v -0.164617 4.532825 1.088465
v -0.173390 4.511696 1.269999
v -0.178509 4.419810 1.427030
v -0.162750 4.417588 1.537603
v -0.149642 4.305688 1.543348
v -0.144569 4.202283 1.593177
v -0.154561 4.178915 1.477587
v -0.084449 4.076205 1.334999
v -0.067381 4.052858 1.151637
v 0.000324 4.045053 0.979244
v 0.130048 4.078988 0.838253
v 0.150456 4.178645 0.786291
v 0.248945 4.212735 0.829716
v 0.274809 4.320003 0.836606
v 0.307842 4.327736 1.013987
v 0.315037 4.208259 1.297904
v 0.362236 4.073248 1.322406
v 0.432788 4.005714 1.172399
v 0.510818 4.004663 1.009658
v 0.608712 4.041847 0.860348
v 0.754687 4.141830 0.778336
v 0.814727 4.128866 0.870827
v 0.915784 4.173302 0.886287
v 1.022942 4.105750 1.026245
v 1.051529 4.005255 1.168849
v 1.093104 3.915688 1.334538
v 1.074141 3.805932 1.324842
v 1.096559 3.384449 1.568992
v 0.288871 4.382464 1.108308
v -4.295647 0.495917 -3.032395
v -4.145177 0.495917 -3.104590
v -4.295647 0.000000 -3.174042
v -4.099825 -0.502020 -3.074564
v -4.295647 -0.495918 -3.008353
v -4.170842 -2.213380 -2.061468
v -4.122149 -2.639108 -1.774882
v -4.540006 -2.213380 -2.021988
v -4.295647 -1.354649 -2.515170
v -4.295647 -2.639108 -1.723940
v -4.129984 -2.893639 -1.252356
v -4.295647 -2.861164 -1.252356
v -4.295647 -2.837783 0.706886
v -3.992485 -2.834266 -0.787512
v -3.992485 -2.837783 0.706886
v -3.985786 -2.675442 1.860467
v -4.295647 -2.861202 1.216914
v -3.749323 -2.218654 2.062340
v -4.295647 -0.495918 3.008353
v -3.992485 2.740626 1.479593
v -4.508379 -2.213522 2.049127
v -4.296004 -2.218654 2.062340
v -3.425702 -2.207966 2.043566
v -3.748966 -2.837783 0.706886
v -3.425702 -2.837783 0.706886
v -3.748967 -2.840349 -1.252357
v -3.425702 -2.861164 -1.252357
v -3.425702 -2.639108 -1.723940
v -3.425702 -2.213380 -2.021988
v -3.992485 -1.354649 -2.553216
v -3.992485 -2.213380 -2.038602
v -3.845330 -0.497457 -2.981289
v -3.425702 -0.495918 -3.008352
v -3.425702 0.495917 -3.008353
v -3.748966 2.785731 -1.474125
v -3.993867 1.359462 2.503597
v -3.748966 -2.834266 -0.787512
v -3.748966 -1.354649 -2.547746
v -3.655577 2.842502 1.198444
v -4.540006 2.606633 -1.729029
v -4.509531 -2.861202 1.216914
v -3.806821 1.357849 -2.516733
v -4.540005 -2.837783 0.706886
v -3.748967 -2.639108 -1.723940
v -3.918788 -0.000000 -3.150000
v -4.145177 0.000000 -3.215021
v -3.992485 2.751162 -1.474125
v -3.748966 2.641202 -1.729029
v -4.295647 2.751162 -1.474125
v -3.748967 -2.213380 -2.038602
v -3.935168 2.838045 1.347671
v -4.190366 -2.783998 1.623489
v -4.467870 -2.722124 1.644666
v -4.050594 1.345038 -2.495267
v -4.295218 -2.809289 -0.788484
v -3.983495 -2.249458 2.070278
v -3.822219 -2.592918 1.833607
v -4.059037 -2.872723 1.215610
v -3.992093 -0.485289 2.985729
v -3.749847 -0.484947 2.985404
v -4.291196 0.241189 3.146559
v -3.990513 0.484272 3.049455
v -3.987885 0.241825 3.142340
v -3.750419 1.328773 2.503242
v -4.294226 2.417690 1.853796
v -3.992303 2.605945 1.692297
v -3.958859 2.423593 1.858118
v -3.986210 2.798654 1.257318
v -3.805448 2.761560 1.469723
v -3.749286 2.606390 1.691777
v -4.295138 2.605845 1.692425
v -3.749798 2.405311 1.846868
v -3.426074 2.402397 1.837061
v -4.296467 1.356201 2.503338
v -3.650926 0.003405 3.243034
v -3.700377 0.241653 3.209100
v -4.184775 -2.596157 1.834116
v -3.450067 -2.514895 1.837460
v -3.751108 -2.836382 1.214822
v -3.921990 0.486140 -2.985568
v -3.444978 2.728446 -1.464005
v -3.748902 2.206180 -2.004137
v -4.294824 0.484400 3.033262
v -3.426639 -1.342409 -2.493392
v -4.294435 1.345110 -2.495257
v -3.993320 2.780421 -0.680822
v -3.991581 2.809483 -1.215918
v -4.505334 2.827870 -0.680311
v -4.296675 2.819382 -0.680378
v -3.994034 2.803462 0.020418
v -4.295037 2.810123 0.721689
v -4.295894 2.789833 0.020083
v -4.295647 2.587783 -1.712608
v -4.466917 -2.521816 1.852237
v -3.821307 -2.757039 1.615112
v -4.487031 0.002598 3.163969
v -4.294584 2.220952 1.998610
v -4.295102 2.737806 1.469472
v -3.749282 2.779767 -0.681353
v -3.965715 2.807743 0.987400
v -3.749928 2.789504 0.721646
v -3.749575 2.804824 0.987635
v -3.992222 2.206070 -2.004210
v -3.507005 0.483796 3.035273
v -3.441545 1.342813 2.500386
v -3.749029 0.484212 3.103994
v -3.991456 2.587993 -1.712401
v -4.295034 2.828115 0.987289
v -4.296171 2.809573 -1.215235
v -3.749981 2.756693 0.020420
v -4.488482 2.797364 0.019825
v -3.993647 2.795118 0.721596
v -4.295647 2.205961 -2.004281
v -4.289527 2.812848 1.256612
v -4.182548 2.818068 1.337968
v -3.656284 2.803500 1.338516
v -4.126284 2.735725 1.526433
v -3.615297 2.727451 1.525250
v -4.489823 2.809621 0.987241
v -3.749918 2.195356 1.985407
v -3.993436 2.229959 1.998486
v -3.986709 0.003566 3.164006
v -4.288362 0.002688 3.188218
v -4.540006 2.205961 -2.004281
v -3.425702 1.357849 -2.516733
v -4.540006 -1.354649 -2.515170
v -4.540006 2.732127 1.479593
v -4.538756 2.606040 1.692231
v -4.483444 2.785625 0.721794
v -3.426055 2.779140 0.721685
v -3.449566 2.782387 -0.681471
v -3.427273 2.588202 -1.712212
v -3.426097 2.206181 -2.004140
v -4.539475 1.345353 -2.495087
v -4.540005 0.495917 -3.008353
v -3.425702 -0.000000 -3.150000
v -4.540006 0.000000 -3.149999
v -4.540006 -2.639108 -1.723940
v -4.540006 -2.861164 -1.252356
v -3.425702 -2.834266 -0.787512
v -4.540005 -2.809276 -0.788205
v -3.448406 -2.836388 1.214093
v -3.428120 -0.484798 2.986093
v -3.486887 0.003794 3.153770
v -4.509956 0.484451 3.024928
v -3.425796 2.195177 1.985500
v -4.537730 2.195099 1.985674
v -3.426635 2.606576 1.691590
v -3.427545 2.714122 1.469406
v -3.461234 2.809510 -1.216286
v -4.540236 2.809627 -1.214886
v -3.426353 2.790390 0.987855
v -3.425702 2.798483 0.020286
v -4.493460 2.787151 1.256908
v -3.743626 2.808125 1.257969
v -3.458845 2.787797 1.273054
v -4.525471 1.343271 2.492708
v -4.538195 2.401930 1.837483
v -4.497918 0.240792 3.119437
v -3.499631 0.240955 3.135431
v -4.540005 2.728289 -1.464035
v 3.599621 -0.497358 3.036053
v 3.750776 -0.497073 3.107285
v 3.604659 0.000549 3.167680
v 3.600952 2.802399 -0.706858
v 4.079056 2.539766 -1.789490
v 3.835852 2.851940 -1.217527
v 4.147044 2.197660 -2.012462
v 3.606986 0.000052 -3.128401
v 3.603179 0.253037 -3.094779
v 3.600194 -0.472983 -3.029757
v 3.561304 -0.243319 -3.122443
v 4.107377 -1.333891 -2.494980
v 3.903589 -0.479227 -3.036430
v 4.147955 -0.500810 -3.076514
v 3.585321 -2.448822 -1.892599
v 3.901717 -2.628205 -1.712553
v 3.599847 -2.617297 -1.704803
v 3.904511 -2.736650 -1.477860
v 4.442978 -2.744801 -1.483089
v 3.356159 -2.732667 -1.476469
v 4.133520 -2.434546 -1.884102
v 3.558934 -1.361819 -2.506767
v 3.335409 -2.212160 -2.015949
v 4.368561 0.000669 -3.142134
v 4.195771 0.253447 -3.109816
v 3.706922 2.537868 -1.783807
v 3.600449 2.196780 -2.011632
v 3.977498 -0.493555 3.003382
v 3.902567 -2.853644 1.136566
v 3.600740 -2.853710 0.679864
v 3.902863 -2.799967 0.680243
v 4.148175 -2.224291 2.033007
v 3.861834 -1.352714 -2.486451
v 3.599813 -2.829759 1.299620
v 4.146195 -2.799773 0.680747
v 4.415402 -2.805794 0.679884
v 3.600119 -2.806450 -0.020317
v 3.389449 -2.812894 -0.721258
v 3.599849 -2.830596 -0.721149
v 4.454123 -2.821977 -0.986818
v 3.600283 -2.219383 2.024440
v 3.334972 0.000072 3.152320
v 3.600464 2.813336 -1.218919
v 3.347655 0.000170 -3.142329
v 3.347930 -2.428134 -1.870666
v 3.579564 -2.238476 -2.029547
v 4.144715 -2.779138 1.471178
v 3.930690 -2.833711 -0.986273
v 4.148012 -2.845534 -0.984959
v 3.903111 -2.223078 2.030189
v 4.353940 -0.473684 -3.042344
v 3.921992 -2.454403 -1.896145
v 3.907377 -0.001124 -3.121440
v 3.891682 2.738995 -1.636498
v 3.749569 -0.000164 3.211840
v 4.146049 -2.636678 1.724633
v 4.445361 -2.791790 -0.020575
v 3.388072 -2.821383 -0.019659
v 3.349538 -2.830799 -1.303369
v 3.513799 -2.866411 -1.350693
v 3.638738 -2.764084 -1.532625
v 3.600271 -2.606800 1.729181
v 3.599790 -2.770275 1.477041
v 3.883040 -2.248461 -2.031804
v 3.347326 -0.462512 -3.003846
v 3.863570 -0.244326 -3.128558
v 3.340313 -2.821597 1.298696
v 3.846389 -1.348096 2.500659
v 3.794337 0.488877 3.043353
v 3.729634 2.204417 2.034376
v 3.903987 2.194094 1.995419
v 3.601416 1.344635 2.497636
v 3.331167 1.344927 2.497719
v 3.601081 2.603813 1.696445
v 3.822360 2.833840 1.247307
v 3.773228 2.610291 1.741940
v 3.600425 2.792587 0.788025
v 3.599244 2.796772 1.248891
v 3.903244 2.791827 0.787765
v 3.903274 2.791176 -0.706986
v 3.913229 2.199966 -2.018942
v 3.910163 2.599409 -1.785812
v 3.709448 2.646292 -1.607680
v 3.907758 1.340671 -2.462023
v 4.146616 1.329210 -2.466069
v 3.906220 0.233012 -3.046771
v 4.241100 -0.003846 -3.154853
v 4.405781 0.469788 -2.967668
v 4.380360 0.230759 -3.044490
v 3.599683 0.489573 -2.969151
v 3.600797 1.335309 -2.477542
v 4.447348 2.176201 -1.987752
v 4.425083 2.797573 -1.214810
v 4.146446 2.770836 -0.707371
v 4.145402 2.775977 -1.212667
v 4.443436 2.792110 1.247619
v 4.147065 2.774553 0.787946
v 4.447087 2.799840 0.787276
v 4.145849 2.777428 1.246461
v 4.440288 2.201424 1.991837
v 4.146079 2.595394 1.679499
v 3.904104 1.338205 2.525775
v 4.046809 0.491879 2.966980
v 4.453124 -0.000555 3.103494
v 3.972282 -0.000962 3.114569
v 3.599411 -2.831650 1.134577
v 3.603871 0.484831 2.983713
v 4.454393 -1.345530 2.494694
v 4.446426 -2.206949 2.005625
v 4.146720 1.345185 2.532255
v 4.441925 1.345881 2.499650
v 3.601445 -1.340705 2.488180
v 3.903844 -2.804735 1.293209
v 4.146176 -2.849286 1.136199
v 3.902602 -2.799766 -0.721801
v 3.902401 -2.813218 -0.020039
v 4.240428 -2.814395 -1.199441
v 4.454291 -2.837717 -1.198408
v 3.330185 2.796790 1.249078
v 3.326858 2.799994 0.787454
v 3.409021 2.489831 -1.799643
v 4.075799 2.654973 -1.617265
v 4.415143 -2.793822 1.290040
v 4.420269 -2.730060 1.464177
v 4.145118 -2.786784 -0.722237
v 3.959044 -2.850462 -1.199341
v 4.088210 -1.348514 2.500293
v 3.336486 2.790803 -0.706629
v 4.154058 -0.260875 -3.160550
v 4.148178 2.195171 1.998618
v 3.904021 -2.587156 1.711324
v 3.904402 -2.740034 1.465470
v 3.601408 -2.838064 -0.987476
v 3.362658 -2.836354 0.680673
v 4.147995 -2.765577 -0.019856
v 4.433168 -2.588319 1.712558
v 4.145555 -2.833012 1.291408
v 3.960140 -2.814745 -1.335126
v 4.239891 -2.796487 -1.334511
v 4.280337 -2.732653 -1.527968
v 4.045218 -2.761728 -1.530429
v 4.124983 -2.198391 -1.983861
v 4.146858 0.485640 -2.961376
v 3.903390 0.470819 -2.968162
v 4.451742 -0.480352 2.971031
v 3.333313 0.480948 2.975140
v 3.356073 -2.628396 -1.713971
v 3.376266 -2.831127 -0.986139
v 4.453241 -2.807907 -0.720684
v 3.336718 -2.605649 1.728121
v 3.338353 -1.340462 2.486572
v 3.340388 -0.495952 3.008427
v 4.443108 0.490802 2.968709
v 3.327987 2.200072 1.989048
v 4.444036 2.586536 1.682977
v 4.454776 2.782299 -0.707161
v 3.342127 1.336614 -2.499433
v 3.360403 2.197060 -2.018481
v 4.424502 1.333913 -2.496786
v 3.322779 0.482156 -2.991551
v 3.331872 0.236067 -3.061411
v 4.347065 -0.240821 -3.128040
v 3.328319 -1.347379 -2.493325
v 4.441535 -2.192538 -1.982116
v 4.440991 -2.420888 -1.861089
v 3.811806 -2.804002 -1.275373
v 3.602003 -2.836589 -1.276950
v 4.153093 -2.825109 -1.265769
v 4.447860 -2.856992 -1.307438
v 3.731293 -2.636549 -1.762497
v 4.401764 -2.608148 -1.753729
v 4.199701 -2.619449 -1.756505
v 3.498129 -2.633731 -1.769894
v 4.427188 -1.355351 -2.514330
v 3.367338 -0.235115 -3.102987
v 3.338121 -2.742211 1.470462
v 3.414024 2.639297 -1.635695
v 4.409595 2.640453 -1.621842
v 4.412161 2.480454 -1.781446
v 3.344670 -2.848605 1.136126
v 4.414925 -2.830334 1.135444
v -2.748848 3.571890 1.062664
v -2.755317 3.508767 1.166881
v -2.644920 3.604175 1.131154
v -2.723713 3.793207 1.055462
v -2.747706 3.879836 1.157944
v -2.729431 3.778493 1.211554
v -2.747966 3.697576 1.296009
v -2.754030 3.433238 0.815403
v -2.718871 3.282989 0.528492
v -2.730232 3.235455 0.204054
v -2.718871 3.077963 -0.104920
v -2.730232 3.044902 -0.483953
v -2.718871 2.898853 -0.840554
v -2.718862 2.802265 -1.237599
v -2.734507 2.741405 -1.539333
v -2.754801 2.531572 -1.765013
v -2.754028 2.303117 -1.949362
v -2.754028 1.944594 -2.154953
v -2.730222 0.759246 -2.877353
v -2.730918 0.394450 -3.071329
v -2.751862 0.144684 -3.110358
v -2.758864 -0.098952 -3.117232
v -2.730396 -0.298283 -3.096324
v -2.728778 -0.502873 -3.016545
v -2.754014 -0.829314 -2.807596
v -2.754012 -2.121520 -2.093977
v -2.730183 -2.457978 -1.906575
v -2.754013 -2.590988 -1.746542
v -2.754012 -2.721941 -1.576851
v -2.730183 -2.822654 -1.403487
v -2.754013 -2.857847 -1.200762
v -2.754012 -2.866458 -0.832450
v -2.754013 -2.853701 0.697302
v -2.754012 -2.854839 0.997199
v -2.754264 -2.833097 1.188522
v -2.748875 -2.764704 1.367190
v -2.748876 -2.688000 1.533721
v -2.730696 -2.436371 2.033583
v -2.754520 -2.221955 2.338222
v -2.754520 -1.963655 2.734333
v -2.753711 -1.417925 3.578051
v -2.748878 -1.657096 3.159036
v -2.756652 -1.196004 4.028426
v -2.661591 -1.401798 4.142423
v -2.782153 -1.376131 3.945141
v -2.694968 -1.463865 4.014709
v -2.749037 -1.222197 3.803591
v -2.695422 -1.290691 3.874173
v -2.765621 -1.399558 3.814182
v 2.667122 3.557137 1.115425
v 2.762708 3.577260 1.176065
v 2.757148 3.667145 1.106415
v 2.730798 3.838786 1.070454
v 2.718371 3.660304 1.281630
v 2.710852 3.433238 0.815403
v 2.716532 3.292835 0.524959
v 2.710852 3.216146 0.210317
v 2.710852 3.117675 -0.115964
v 2.746011 2.985131 -0.469396
v 2.746011 2.898853 -0.840554
v 2.706602 2.724000 -1.528831
v 2.746020 2.802265 -1.237599
v 2.710081 2.531572 -1.765013
v 2.710854 2.303117 -1.949362
v 2.710856 0.749340 -2.859643
v 2.746001 1.923870 -2.119309
v 2.710154 0.387157 -3.052400
v 2.713020 0.144684 -3.110358
v 2.729794 -0.100817 -3.137471
v 2.710686 -0.292856 -3.076766
v 2.734698 -0.839260 -2.825249
v 2.736104 -0.502873 -3.016545
v 2.734699 -2.131806 -2.111434
v 2.710869 -2.445388 -1.890700
v 2.734699 -2.606169 -1.759961
v 2.710870 -2.721941 -1.576851
v 2.734699 -2.822654 -1.403487
v 2.710869 -2.857847 -1.200762
v 2.734700 -2.886719 -0.832600
v 2.710870 -2.854839 0.997199
v 2.710869 -2.853701 0.697302
v 2.716254 -2.802717 1.183658
v 2.710366 -2.793930 1.376803
v 2.710364 -2.715462 1.547592
v 2.716005 -2.598263 1.696269
v 2.710362 -2.419323 2.022619
v 2.745470 -2.187179 2.316013
v 2.716005 -1.937788 2.717674
v 2.734188 -1.700755 3.185465
v 2.705559 -1.445036 3.592608
v 2.697139 -1.297315 3.810627
v 2.770659 -1.225675 4.056612
v 2.770312 -1.344997 4.092064
v 2.682729 -1.376131 3.945141
v 2.754357 -1.441588 4.030205
v 2.725691 -1.415047 3.807861
v 2.755149 3.610594 1.000600
v -7.971446 1.539552 -1.092149
v -8.315472 1.657681 -1.096416
v -8.103607 1.559368 -1.096573
v -8.426233 1.646948 -1.146417
v -8.549617 1.739032 -1.204429
v -8.544026 1.836979 -1.262002
v -8.396868 1.899086 -1.447275
v -8.310718 1.948432 -1.511324
v -8.511194 1.885410 -1.378840
v -8.213690 2.036561 -1.499724
v -8.086120 1.998244 -1.476129
v -8.004077 2.026973 -1.400913
v -7.931805 2.048360 -1.319783
v -7.903649 2.091431 -1.220349
v -7.893441 2.195352 -1.025597
v -7.874584 2.103371 -1.111245
v -8.031474 2.254014 -0.868417
v -7.948218 2.178728 -0.909868
v -8.128111 2.276261 -0.815848
v -8.228586 2.322928 -0.806220
v -8.312420 2.389174 -0.839928
v -8.491658 2.492191 -0.944942
v -8.525386 2.560416 -1.042796
v -8.504055 2.620586 -1.151403
v -8.395861 2.768981 -1.312514
v -8.445480 2.692792 -1.229700
v -8.299001 2.835255 -1.357369
v -8.200351 2.929368 -1.358067
v -8.068369 2.903192 -1.337228
v -7.972679 2.910685 -1.272666
v -7.820137 2.862054 -1.126991
v -7.763181 2.813991 -1.039392
v -7.792061 2.797362 -0.925056
v -7.812096 2.739895 -0.830222
v -7.949194 2.724235 -0.652457
v -7.874465 2.744056 -0.736872
v -8.125376 2.830151 -0.558753
v -8.037116 2.775630 -0.598397
v -8.284921 2.996948 -0.534811
v -8.219372 2.895113 -0.527930
v -8.330032 3.222675 -0.612314
v -8.302704 3.327324 -0.673036
v -8.303424 3.109339 -0.576275
v -8.243060 3.414091 -0.739507
v -8.130587 3.443322 -0.787658
v -8.043618 3.483607 -0.855283
v -7.821845 3.442318 -0.886406
v -7.931369 3.482852 -0.891964
v -7.699323 3.419696 -0.903562
v -7.623500 3.330227 -0.860583
v -7.557076 3.252358 -0.797860
v -7.540045 3.181508 -0.702497
v -7.553132 3.107833 -0.491627
v -7.588049 3.097989 -0.386699
v -7.616984 3.087918 -0.264602
v -7.694154 3.168752 -0.202557
v -7.803973 3.338800 -0.079852
v -7.749643 3.246865 -0.138821
v -7.808023 3.462365 -0.103164
v -7.843086 3.573898 -0.114440
v -7.834364 3.681325 -0.163338
v -7.654616 3.847150 -0.387336
v -7.803836 3.771142 -0.234055
v -7.753363 3.834654 -0.319423
v -7.601140 3.845759 -0.485556
v -7.526090 3.828744 -0.572249
v -7.442293 3.764982 -0.623440
v -7.361567 3.681621 -0.645487
v -7.298828 3.586220 -0.613350
v -7.221929 3.498789 -0.588318
v -7.104795 3.377425 -0.413344
v -7.168786 3.422530 -0.510724
v -7.122301 3.357493 -0.285946
v -7.108467 3.369554 -0.168585
v -7.115083 3.434237 -0.069391
v -7.113065 3.520766 0.003798
v -7.131969 3.589241 0.104856
v -7.165343 3.720278 0.124334
v -7.192298 3.865308 0.118600
v -7.196167 3.999872 0.099220
v -7.216148 4.107173 0.048924
v -7.194308 4.201922 -0.021841
v -7.114305 4.216434 -0.116857
v -7.058399 4.230002 -0.230404
v -6.847148 4.106630 -0.426590
v -6.942873 4.173169 -0.318313
v -6.746648 4.034349 -0.500079
v -6.684968 3.924195 -0.507756
v -6.622699 3.822447 -0.495834
v -6.551064 3.724600 -0.463676
v -6.532597 3.637591 -0.373504
v -6.515808 3.594038 -0.261924
v -6.502615 3.563497 -0.150733
v -6.498291 3.565595 -0.033886
v -6.499936 3.602112 0.078189
v -6.505967 3.764868 0.248808
v -6.502885 3.877488 0.292000
v -6.485972 3.995839 0.277748
v -6.433194 4.204120 0.199464
v -6.373321 4.262184 0.118678
v -6.444653 4.097706 0.244300
v -6.335851 4.325335 0.027280
v -6.204516 4.315421 -0.167777
v -6.263513 4.317457 -0.065038
v -6.044447 4.196620 -0.309450
v -5.974398 4.094532 -0.334979
v -6.131436 4.245061 -0.230249
v -5.881470 3.872289 -0.271074
v -5.943836 3.974919 -0.295548
v -5.785530 3.725602 -0.092514
v -5.856211 3.794418 -0.177846
v -5.812387 3.727481 0.038991
v -5.802967 3.731578 0.152647
v -5.799593 3.769327 0.261204
v -5.784211 3.850834 0.341523
v -5.800199 3.931161 0.424518
v -5.783298 4.044597 0.445607
v -5.776603 4.156068 0.450725
v -5.762636 4.264154 0.423548
v -5.716833 4.349549 0.364732
v -5.663964 4.424099 0.299883
v -5.573084 4.478552 0.111361
v -5.663459 4.476118 0.189878
v -5.537133 4.453365 0.007612
v -5.479585 4.434500 -0.101670
v -5.282795 4.151455 -0.139203
v -5.345522 4.246321 -0.171227
v -5.221533 4.051514 -0.118800
v -5.151041 3.968709 -0.055751
v -5.144633 3.931489 0.067973
v -5.061095 3.896134 0.166119
v -5.102844 3.914463 0.294021
v -5.090521 3.976234 0.392444
v -5.093892 4.028282 0.498327
v -5.078519 4.117677 0.584191
v -5.022224 4.360371 0.593305
v -5.088398 4.245936 0.582767
v -5.049423 4.489620 0.540337
v -5.043473 4.640357 0.493291
v -5.007821 4.765367 0.408275
v -4.926725 4.815167 0.315635
v -4.906171 4.860398 0.201902
v -4.844681 4.826480 0.101653
v -4.719100 4.594050 -0.020658
v -4.780142 4.724143 0.035587
v -4.655175 4.454067 -0.070887
v -4.610848 4.326106 -0.041856
v -4.558340 4.214552 -0.022685
v -4.537397 4.135317 0.066998
v -4.514645 4.071106 0.161123
v -4.447319 4.014199 0.388127
v -4.483946 4.018806 0.267141
v -4.422151 4.119518 0.610399
v -4.431419 4.101884 0.482451
v -4.443607 4.244020 0.657086
v -4.415838 4.348481 0.699532
v -4.342020 4.443502 0.687140
v -4.276898 4.534462 0.679251
v -4.268091 4.655241 0.630310
v -4.134638 4.728220 0.449135
v -4.200216 4.698364 0.540252
v -4.059016 4.705518 0.363006
v -3.944197 4.631158 0.166918
v -4.009664 4.685025 0.257858
v -3.868629 4.411000 0.075920
v -3.913238 4.510250 0.142447
v -3.849168 4.285577 0.080961
v -3.838530 4.061211 0.196143
v -3.841367 3.982988 0.297628
v -3.859339 4.170980 0.135222
v -3.864432 3.952958 0.420737
v -3.825125 3.987851 0.539939
v -3.813075 3.959912 0.667465
v -3.732935 4.214794 0.912440
v -3.783038 4.145802 0.815177
v -3.844564 4.055849 0.760319
v -3.726846 4.348373 0.886483
v -3.653374 4.432358 0.863635
v -3.607129 4.530848 0.826353
v -3.507161 4.557374 0.765680
v -3.456645 4.599154 0.674511
v -3.387667 4.595983 0.588058
v -3.322103 4.559418 0.505634
v -3.253607 4.484754 0.457105
v -3.204869 4.414217 0.369317
v -3.174136 4.298276 0.368997
v -3.106699 4.190432 0.359151
v -3.093405 3.980144 0.493114
v -3.100404 3.950954 0.616740
v -3.083586 4.076826 0.408926
v -3.028822 3.926436 0.837712
v -3.052139 3.882164 0.719706
v -3.064715 3.980755 0.941357
v -3.070319 4.020474 1.060195
v -3.058616 4.132384 1.111100
v -3.024045 4.243278 1.129125
v -2.976427 4.346368 1.126454
v -2.926071 4.446727 1.110964
v -2.941093 4.564085 1.053546
v -2.821565 4.629647 0.864688
v -2.887993 4.611775 0.956774
v -2.784155 4.646924 0.755986
v -2.726799 4.613129 0.659518
v -2.669584 4.548516 0.579171
v -2.616126 4.458804 0.523886
v -2.556510 4.359478 0.480504
v -2.518640 4.241504 0.490319
v -2.512438 4.147243 0.570996
v -2.491707 3.964149 0.711378
v -2.503748 4.044796 0.622443
v -2.524995 3.970990 0.829613
v -2.507817 4.083424 1.121847
v -2.542307 3.951436 0.941314
v -2.513646 3.972172 1.060642
v -2.505294 4.121372 1.242048
v -2.423484 4.190085 1.273073
v -2.395548 4.292953 1.318714
v -2.247369 4.251278 1.286278
v -2.171663 4.108791 1.256936
v -2.192168 3.975847 1.325044
v -2.158964 3.818969 1.347592
v 6.951677 2.764260 -1.255634
v -6.951677 2.708575 -1.439197
v 6.951677 2.179014 -1.968758
v -6.951677 1.430097 -1.968760
v 6.951677 0.844853 -1.255634
v 6.951677 0.826051 -1.064737
v 6.951677 0.900536 -0.690279
v -6.951677 0.990957 -0.521111
v 6.951677 1.112649 -0.372829
v 6.951677 1.430098 -0.160716
v -6.951677 1.804554 -0.086235
v -6.951677 1.995451 -0.105036
v 6.951677 2.496464 -0.372829
v -6.951677 2.618151 -0.521111
v -6.951677 2.708575 -0.690282
v -6.951677 2.179012 -1.968760
v -6.951677 2.764258 -0.873843
v 6.951677 2.764260 -0.873840
v 6.951677 1.804556 -0.086232
v 6.951677 1.607121 -0.072162
v -6.951677 0.811979 -1.262175
v 6.951677 2.001992 -2.057312
v 6.951677 1.995453 -0.105034
v -6.951677 2.179012 -0.160719
v 6.951677 0.844853 -0.873840
v 6.951677 2.191840 -0.129752
v -6.951677 1.804554 -2.076761
v 6.951677 1.613659 -2.024440
v -6.951677 2.783059 -1.064740
v -6.951678 2.366803 -0.223275
v -6.951677 0.900534 -0.690282
v 6.951677 0.963092 -0.502488
v -6.951677 2.797130 -1.262175
v -6.951677 1.260926 -1.878337
v 6.951677 2.708577 -1.439194
v 6.951678 1.242308 -1.906201
v -6.951677 2.496462 -0.372832
v 6.951677 2.618153 -0.521109
v -6.951677 1.112647 -1.756647
v 6.951677 2.618153 -1.608365
v -6.951677 1.260926 -0.251143
v 6.951677 1.112649 -1.756644
v 6.951677 1.242307 -0.223272
v -6.951677 2.618151 -1.608368
v 6.951677 2.708577 -0.690279
v 6.951677 2.496464 -1.756644
v 6.951677 0.963091 -1.626986
v -6.951677 0.869569 -1.452023
v 6.951677 2.366805 -1.906202
v 6.951677 0.869571 -1.452021
v -6.951677 2.348182 -1.878337
v 6.951677 2.816577 -1.064737
v -6.951677 1.607119 -0.072164
v -6.951677 1.088947 -0.349133
v -6.951677 2.001990 -2.057315
v -7.300851 2.191838 -1.999725
v -7.300851 1.088947 -0.349133
v 7.300851 1.242307 -0.223272
v 7.300851 1.804556 -2.076758
v 6.951677 1.804556 -2.076758
v -6.951677 1.417271 -0.129754
v -6.951677 1.607119 -2.057315
v 7.300851 1.607121 -2.057312
v -7.300851 1.417271 -0.129754
v -7.300851 1.607119 -2.057315
v 7.300851 1.417273 -1.999722
v 6.951677 1.417273 -1.999722
v -7.300851 1.242306 -1.906204
v -7.300851 1.417271 -1.999725
v -7.300851 1.804554 -0.052719
v 7.300851 2.001992 -0.072162
v 7.300851 1.088949 -1.780344
v -7.300851 2.001990 -0.072164
v -7.300851 2.191838 -0.129754
v -6.951677 0.963090 -1.626988
v -7.300851 2.816575 -1.064740
v -7.300851 2.797130 -1.262175
v 7.300851 2.366805 -0.223272
v 7.300851 2.520163 -0.349130
v -6.951677 0.792533 -1.064740
v -7.300851 0.811979 -1.262175
v -7.300851 2.646019 -0.502491
v -6.951677 0.811979 -0.867304
v -7.300851 0.792533 -1.064740
v 7.300851 0.811981 -0.867302
v 7.300851 2.520163 -1.780344
v -7.300851 0.811979 -0.867304
v -6.951677 2.520161 -1.780346
v 7.300851 2.797132 -0.867301
v -7.300851 0.869569 -0.677456
v 7.300851 2.816577 -1.064737
v -7.300851 2.366803 -1.906204
v 7.300849 1.804556 -1.064737
v 7.300851 0.963092 -0.502488
v 7.300851 0.869571 -0.677453
v 7.300851 2.191840 -1.999722
v 7.300851 2.366805 -1.906202
v -7.300851 0.963090 -0.502491
v -7.300851 2.001990 -2.057315
v 7.300851 1.088949 -0.349130
v 7.300851 2.001992 -2.057312
v -7.300851 1.242305 -0.223275
v -7.300851 1.804554 -2.076761
v 7.300851 1.417272 -0.129752
v -7.300851 1.607119 -0.072164
v 7.300851 1.607121 -0.072162
v 7.300851 1.804556 -0.052716
v 7.300852 1.242308 -1.906201
v -7.300851 1.088947 -1.780347
v 7.300851 2.191840 -0.129752
v 7.300851 2.797132 -1.262172
v -7.300851 2.520161 -0.349133
v -7.300851 2.739540 -1.452023
v 7.300851 0.811981 -1.262172
v 7.300851 2.739542 -1.452020
v -7.300851 2.646019 -1.626988
v 7.300851 2.646021 -0.502488
v 7.300851 0.792535 -1.064737
v 7.300851 2.646021 -1.626985
v -7.300851 2.739540 -0.677456
v -7.300851 2.520161 -1.780346
v 7.300851 2.739541 -0.677453
v -7.300851 2.797130 -0.867304
v 6.951677 -0.813598 -1.555190
v -6.951677 -0.813596 -1.555187
v -6.951677 -0.374457 -1.194795
v -6.951677 0.000001 -1.120310
v -6.951677 0.190898 -1.139112
v 6.951677 0.543627 -1.285221
v -6.951677 0.691909 -1.406908
v 6.951677 0.813596 -1.555190
v -6.951677 0.813598 -1.555187
v 6.951677 0.904020 -1.724360
v 6.951677 0.959702 -1.907921
v -6.951677 0.959704 -2.289712
v -6.951677 0.904022 -2.473273
v 6.951677 0.374457 -3.002839
v 6.951677 -0.190898 -3.058521
v 6.951677 0.190896 -3.058521
v -6.951677 0.959704 -1.907918
v 6.951677 -0.190898 -1.139115
v -6.951677 0.000001 -3.077320
v 6.951677 1.012020 -2.098818
v -6.951677 -0.197435 -1.106240
v -6.951677 1.012022 -2.098815
v -6.951677 -0.374457 -3.002836
v 6.951677 0.992574 -2.296253
v 6.951677 0.197435 -1.106243
v -6.951677 -0.978504 -2.098815
v 6.951677 -0.562250 -2.940283
v -6.951677 0.813598 -2.642443
v 6.951677 0.374457 -1.194797
v -6.951678 -0.562248 -2.940280
v 6.951677 0.841464 -2.661067
v -6.951677 -0.959702 -1.907918
v 6.951677 -0.715608 -2.814425
v -6.951677 0.543629 -1.285218
v -6.951677 0.387285 -1.163830
v 6.951677 -0.904022 -1.724360
v -6.951677 -0.813596 -2.642444
v -6.951677 -0.904020 -1.724357
v -6.951677 0.691908 -2.790723
v 6.951677 0.562248 -2.940283
v -6.951677 -0.691907 -1.406908
v 6.951677 -0.934986 -2.486102
v 6.951677 -0.715608 -1.383211
v -6.951677 0.543629 -2.912412
v -6.951677 -0.992574 -2.296251
v -6.951677 -0.934984 -2.486099
v -6.951677 -0.543627 -1.285218
v 6.951677 -0.992576 -2.296253
v -6.951677 0.904022 -1.724358
v 6.951677 -0.543629 -1.285221
v 6.951677 -1.012022 -2.098818
v -6.951677 0.190898 -3.058518
v 6.951677 -0.387285 -1.163833
v -7.300851 0.841465 -2.661064
v 7.300851 0.715606 -2.814425
v 6.951677 0.715606 -2.814425
v 7.300851 -0.197436 -1.106243
v -6.951677 0.387285 -3.033801
v 7.300851 0.387283 -3.033803
v 7.300851 0.197435 -1.106243
v -7.300851 0.387285 -3.033801
v -7.300851 0.197436 -1.106240
v -7.300851 0.387285 -1.163830
v 6.951677 -0.000001 -3.110839
v -6.951677 -0.197435 -3.091390
v -7.300851 -0.387283 -3.033800
v -7.300851 -0.197435 -3.091391
v -7.300851 0.715608 -1.383209
v 6.951677 -0.387285 -3.033803
v 7.300851 0.841464 -1.536569
v 6.951677 -0.992576 -1.901382
v -7.300851 -0.992574 -1.901380
v 7.300851 -0.562249 -2.940283
v 7.300851 -0.715608 -2.814425
v -6.951677 -0.715606 -2.814422
v -7.300851 0.992576 -1.901380
v 7.300851 -0.841466 -2.661067
v 7.300851 1.012020 -2.098818
v -7.300851 -0.841464 -2.661064
v 7.300851 0.992574 -2.296253
v -7.300851 0.992576 -2.296251
v 6.951677 0.934984 -2.486101
v -7.300851 -0.992574 -2.296251
v -7.300851 0.934986 -2.486099
v -7.300851 -0.562248 -1.257351
v -7.300851 -0.387283 -1.163830
v -7.300849 0.000001 -2.098816
v 7.300851 -1.012022 -2.098818
v 7.300851 -0.992576 -2.296253
v 7.300851 0.841464 -2.661067
v 7.300851 0.934985 -2.486101
v 7.300851 -0.387285 -1.163833
v 7.300851 -0.562250 -1.257353
v -7.300851 0.715608 -2.814422
v -7.300851 -0.197435 -1.106240
v -7.300851 0.562250 -2.940280
v -7.300851 0.000001 -1.086794
v 7.300851 0.562248 -2.940283
v 7.300851 -0.000001 -1.086797
v -7.300851 0.197436 -3.091391
v 7.300851 0.197435 -3.091393
v 7.300851 0.387283 -1.163832
v -7.300851 0.000001 -3.110836
v -7.300851 0.562250 -1.257351
v 7.300851 -0.000001 -3.110839
v 7.300852 0.562248 -1.257353
v 7.300851 -0.197437 -3.091393
v 7.300851 0.715606 -1.383211
v -7.300851 0.841466 -1.536567
v 7.300851 -0.387285 -3.033803
v -7.300852 -0.562248 -2.940280
v -7.300851 0.934986 -1.711532
v -7.300851 -1.012020 -2.098815
v 7.300851 0.934985 -1.711534
v 7.300851 -0.992576 -1.901382
v -7.300851 -0.715606 -2.814422
v 7.300851 0.992574 -1.901383
v 7.300851 -0.934986 -1.711534
v -7.300851 1.012022 -2.098815
v -7.300851 -0.934985 -2.486099
v -7.300851 -0.715606 -1.383208
v 7.300851 -0.934986 -2.486102
v 7.300851 -0.715608 -1.383211
v 6.951677 -2.173300 1.952331
v -6.951677 -1.796806 2.015743
v -6.951677 -1.606546 1.991321
v -6.951677 -1.424707 1.930251
v -6.951677 -1.258276 1.834879
v -6.951677 -0.996384 1.557068
v 6.951677 -0.996387 1.557068
v -6.951677 -0.910987 1.385305
v -6.951677 -0.860741 1.200182
v 6.951677 -0.860744 1.200182
v -6.951677 -0.847575 1.008814
v 6.951677 -0.847579 1.008814
v 6.951677 -1.154451 0.325657
v 6.951677 -1.478016 0.122995
v -6.951677 -1.854504 0.059583
v 6.951677 -2.226606 0.145075
v 6.951677 -2.393037 0.240447
v 6.951677 -2.740326 0.690021
v -6.951677 -2.803735 1.066512
v 6.951677 -2.779316 1.256772
v -6.951677 -2.718243 1.438611
v 6.951677 -2.718246 1.438611
v -6.951677 -1.113649 1.708870
v -6.951677 -2.496862 1.749669
v 6.951677 -2.496866 1.749669
v 6.951677 -2.654929 0.518258
v -6.951677 -1.131457 0.301269
v 6.951677 -1.089265 1.731861
v -6.951677 -2.683330 0.500467
v 6.951677 -1.288463 0.179988
v -6.951677 -1.288459 0.179987
v -6.951677 -2.771652 0.678114
v 6.951677 -0.910991 1.385305
v -6.951677 -2.185204 1.983660
v -6.951677 -2.362850 1.895339
v 6.951677 -2.803738 1.066512
v 6.951677 -1.855495 0.026082
v 6.951677 -1.988178 2.002578
v 6.951677 -1.795821 2.049244
v 6.951677 -0.872000 0.818555
v -6.951677 -0.902494 0.622982
v 6.951677 -1.424711 1.930251
v -6.951677 -2.562049 0.343465
v -6.951677 -2.412468 0.213141
v 6.951677 -1.028442 0.470284
v -6.951677 -1.001133 0.450850
v 6.951677 -1.238845 1.862185
v 7.300851 -1.410977 1.960824
v 7.300851 -1.238845 1.862185
v -6.951677 -2.052268 0.051340
v -7.300851 -1.089261 1.731861
v -7.300851 -1.238842 1.862185
v 7.300851 -2.052272 0.051340
v 6.951677 -2.052272 0.051340
v -6.951677 -2.240336 0.114502
v -7.300851 -2.052269 0.051340
v 7.300851 -2.240339 0.114502
v -7.300851 -2.240336 0.114502
v -7.300851 -0.879658 1.397213
v 7.300851 -2.412471 0.213141
v 7.300851 -0.879661 1.397213
v -7.300851 -2.412468 0.213141
v 6.951677 -2.562052 0.343465
v -7.300851 -0.827690 1.205749
v 7.300852 -0.814077 1.007826
v -6.951677 -0.839332 0.811050
v 7.300851 -2.823623 0.869577
v 6.951677 -2.823623 0.869577
v 6.951677 -0.902498 0.622982
v -6.951677 -2.823620 0.869577
v -7.300851 -1.001133 0.450850
v 6.951677 -2.362854 1.895339
v 7.300851 -2.185207 1.983660
v -7.300851 -2.811978 1.264276
v -7.300852 -2.837236 1.067500
v -6.951677 -1.993741 2.035628
v 7.300851 -2.837239 1.067500
v 7.300851 -1.993744 2.035628
v -6.951677 -2.811978 1.264276
v 7.300851 -2.748819 1.452344
v 7.300851 -1.288463 0.179988
v -6.951677 -2.650177 1.624476
v -6.951677 -1.466105 0.091666
v -7.300851 -1.795818 2.049244
v 7.300851 -2.650181 1.624476
v 6.951677 -2.650181 1.624476
v 7.300851 -1.466109 0.091666
v 6.951677 -1.599045 2.023986
v -6.951677 -1.657569 0.039698
v -7.300851 -1.410974 1.960824
v -7.300851 -1.599042 2.023986
v 6.951677 -1.657572 0.039699
v 7.300851 -1.657572 0.039698
v -7.300851 -1.657569 0.039698
v 7.300851 -2.362854 1.895339
v -7.300849 -1.825655 1.037663
v 7.300851 -2.519856 1.774057
v 7.300849 -1.825658 1.037663
v 7.300851 -1.089265 1.731861
v 7.300851 -0.967983 1.574859
v -7.300851 -2.562049 0.343465
v 7.300851 -2.562052 0.343465
v 7.300851 -0.827694 1.205749
v -7.300851 -2.683330 0.500467
v -7.300851 -0.814074 1.007826
v 7.300851 -2.683333 0.500468
v -7.300851 -2.771652 0.678114
v -7.300851 -0.839332 0.811050
v 7.300851 -2.771655 0.678114
v 7.300851 -0.839335 0.811050
v -7.300851 -2.823620 0.869577
v -7.300851 -0.902494 0.622982
v 7.300851 -0.902498 0.622982
v -7.300851 -2.362850 1.895339
v -7.300851 -2.185204 1.983660
v -7.300851 -1.131457 0.301269
v -7.300851 -1.993741 2.035628
v 7.300851 -2.811981 1.264277
v 7.300851 -1.131460 0.301269
v -7.300851 -2.748816 1.452344
v -7.300851 -1.288459 0.179987
v 7.300851 -1.795821 2.049244
v -7.300851 -2.650177 1.624476
v -7.300851 -1.466105 0.091666
v 7.300851 -1.599045 2.023986
v -7.300851 -2.519853 1.774057
v -6.951677 -0.910989 -0.713513
v 6.951677 -0.847577 -1.090001
v 6.951677 -0.933069 -1.462100
v 6.951677 -1.028441 -1.628531
v -6.951677 -1.306252 -1.890426
v -6.951677 -1.854505 -2.039235
v -6.951677 -2.044765 -2.014813
v 6.951677 -2.044765 -2.014810
v -6.951677 -2.226604 -1.953743
v 6.951677 -2.393035 -1.858368
v 6.951677 -2.718245 -0.660204
v -6.951677 -2.622873 -0.493776
v 6.951677 -2.622873 -0.493773
v -6.951677 -2.173299 -0.146487
v 6.951677 -2.173298 -0.146484
v -6.951677 -1.988176 -0.096241
v 6.951677 -1.988176 -0.096238
v 6.951677 -1.796808 -0.083072
v -6.951677 -1.606548 -0.107497
v 6.951677 -1.606548 -0.107494
v -6.951677 -1.258278 -0.263939
v 6.951677 -2.345062 -0.231881
v -6.951677 -2.562051 -1.755353
v 6.951677 -1.154449 -1.773158
v -6.951677 -2.362852 -0.203480
v -6.951677 -1.154449 -1.773161
v -6.951677 -2.683332 -1.598351
v 6.951677 -1.306252 -1.890423
v -6.951677 -2.771654 -1.420705
v 6.951677 -1.466107 -2.007149
v 6.951677 -2.790571 -1.223671
v 6.951677 -0.910989 -0.713510
v -6.951677 -2.790571 -1.223674
v 6.951677 -1.657571 -2.059117
v 6.951677 -2.803736 -1.032303
v -6.951677 -2.803736 -1.032306
v -6.951677 -2.811979 -0.834542
v 6.951677 -1.854505 -2.039232
v 6.951677 -2.811979 -0.834539
v -6.951677 -0.860742 -0.898636
v 6.951677 -1.410975 -0.137991
v -6.951677 -2.718245 -0.660208
v -6.951677 -1.424709 -0.168567
v -6.951677 -0.847577 -1.090004
v -6.951677 -0.839334 -1.287769
v 6.951677 -1.258278 -0.263936
v -6.951677 -1.089263 -0.366957
v 6.951677 -1.089263 -0.366954
v -6.951677 -0.902496 -1.475836
v 6.951677 -0.996385 -0.541747
v -6.951677 -2.519855 -0.324761
v 7.300851 -0.902496 -1.475833
v -7.300851 -1.001134 -1.647968
v -6.951677 -1.001134 -1.647968
v -7.300851 -2.811979 -0.834542
v -7.300851 -1.131459 -1.797549
v -6.951677 -1.466107 -2.007152
v 7.300851 -2.650179 -0.474339
v -6.951677 -1.657571 -2.059120
v -7.300851 -1.466107 -2.007152
v 6.951677 -2.519855 -0.324758
v -7.300851 -2.519855 -0.324761
v -7.300851 -1.855494 -2.072736
v -7.300851 -1.657571 -2.059120
v -7.300851 -1.993742 -0.063190
v -7.300851 -2.052270 -2.047478
v 7.300851 -1.993742 -0.063187
v 7.300851 -2.240338 -1.984313
v 6.951677 -2.240338 -1.984313
v -6.951678 -1.795820 -0.049574
v -7.300851 -2.240338 -1.984316
v -7.300851 -0.967981 -0.523959
v -6.951677 -0.967981 -0.523959
v 7.300851 -1.795820 -0.049571
v -7.300852 -1.795820 -0.049574
v -6.951677 -2.412470 -1.885677
v -7.300851 -2.562051 -1.755353
v 7.300851 -2.562050 -1.755350
v 6.951677 -2.562050 -1.755350
v 6.951677 -0.827692 -0.893066
v 7.300851 -1.410975 -0.137991
v 7.300851 -2.683332 -1.598348
v 6.951677 -2.683332 -1.598348
v 7.300851 -0.814076 -1.090989
v -7.300851 -1.410976 -0.137994
v -7.300851 -2.683332 -1.598351
v -7.300851 -0.814076 -1.090992
v 7.300851 -1.238844 -0.236630
v 6.951677 -2.771654 -1.420702
v 6.951677 -0.839334 -1.287765
v -7.300851 -0.839334 -1.287769
v 7.300851 -1.089263 -0.366954
v 7.300851 -2.823621 -1.229238
v -7.300851 -2.823621 -1.229241
v -7.300851 -0.902496 -1.475836
v -7.300849 -1.825657 -1.061155
v 7.300851 -0.967981 -0.523956
v 7.300849 -1.825657 -1.061152
v 7.300851 -2.837237 -1.031315
v -7.300851 -2.837238 -1.031318
v 7.300851 -2.811979 -0.834539
v 7.300851 -1.131459 -1.797546
v -7.300851 -2.748818 -0.646474
v -7.300851 -1.288461 -1.918831
v 7.300851 -2.748817 -0.646471
v 7.300851 -1.288461 -1.918827
v -7.300851 -2.650179 -0.474342
v 7.300851 -1.466107 -2.007149
v 7.300851 -2.519855 -0.324758
v 7.300851 -1.657571 -2.059117
v -7.300851 -2.362852 -0.203480
v 7.300851 -2.362852 -0.203476
v 7.300852 -1.855493 -2.072733
v -7.300851 -2.185206 -0.115158
v 7.300851 -2.185206 -0.115155
v 7.300851 -2.052270 -2.047475
v -7.300851 -2.412469 -1.885677
v -7.300851 -0.879660 -0.701606
v 7.300851 -2.412469 -1.885674
v 7.300851 -0.879659 -0.701602
v -7.300851 -1.599043 -0.074832
v -7.300851 -0.827692 -0.893069
v 7.300851 -1.599043 -0.074829
v 7.300851 -0.827692 -0.893066
v -7.300851 -1.238844 -0.236633
v -7.300851 -2.771654 -1.420705
v 7.300851 -2.771654 -1.420702
v 7.300851 -0.839334 -1.287765
v -7.300851 -1.089263 -0.366957
v 6.951677 -0.965013 1.946610
v 6.951677 -0.953526 2.328231
v -6.951677 -0.892344 2.510036
v -6.951677 -0.347088 3.023427
v -6.951677 0.029441 3.086611
v 6.951677 0.029440 3.086608
v -6.951677 0.567862 2.905421
v 6.951677 0.567860 2.905418
v -6.951677 0.712413 2.779325
v -6.951677 0.829586 2.627452
v 6.951677 0.914877 2.455634
v -6.951677 0.965013 2.270484
v 6.951677 0.965012 2.270481
v -6.951677 0.953526 1.888863
v 6.951677 0.796872 1.540685
v 6.951677 0.347088 1.193668
v -6.951677 -0.029440 1.130487
v 6.951677 -0.712413 1.437769
v -6.951677 -0.518902 2.938134
v 6.951677 -0.829586 1.589643
v -6.951677 0.946215 2.467526
v 6.951677 -0.358978 3.054760
v 6.951677 -0.030450 1.096983
v 6.951677 -0.161936 3.073558
v 6.951677 1.011562 2.078097
v 6.951677 -0.227211 1.122360
v -6.951677 -0.167481 3.106615
v -6.951677 0.978063 2.079108
v -6.951677 -0.965012 1.946613
v -6.951678 -0.415239 1.185639
v -6.951677 -0.227210 1.122363
v 6.951677 -1.011563 2.138995
v 6.951677 0.227209 3.094731
v -6.951677 -0.978061 2.137989
v -6.951677 -0.986185 2.335759
v -6.951677 0.401488 3.000893
v -6.951677 0.219686 3.062074
v -6.951677 0.892346 1.707061
v 6.951677 0.401487 3.000890
v -6.951677 -0.567860 1.311676
v 6.951677 -0.892346 2.510033
v -6.951677 0.796873 1.540688
v -6.951677 -0.736813 1.414797
v 6.951677 0.693752 1.371732
v -6.951677 -0.796872 2.676410
v 6.951677 -0.796873 2.676407
v 6.951677 0.712411 2.779322
v -6.951677 -0.946214 1.749572
v -6.951677 -0.858000 1.571872
v 6.951677 0.518903 1.278960
v 6.951677 -0.693753 2.845359
v 6.951677 0.829584 2.627449
v -6.951677 -0.670776 2.820961
v 6.951677 -0.536677 2.966546
v 7.300851 -0.693753 2.845359
v 7.300851 -0.536677 2.966546
v 6.951677 0.922909 1.693306
v 7.300851 0.824166 1.521234
v 7.300851 -0.358978 3.054760
v -6.951677 0.693753 1.371735
v 7.300851 0.693752 1.371732
v 7.300851 -0.167483 3.106612
v -6.951677 0.536677 1.250548
v 7.300851 0.030448 3.120109
v -6.951677 0.358978 1.162334
v -7.300851 0.536677 1.250548
v 7.300851 0.227209 3.094731
v -6.951677 0.167483 1.110483
v -7.300851 0.227211 3.094734
v 6.951677 0.167481 1.110480
v 7.300852 0.415239 3.031455
v 7.300851 0.587311 2.932713
v -7.300851 -0.227210 1.122363
v -7.300851 0.736814 2.802301
v 7.300851 -0.227211 1.122360
v 7.300851 0.736813 2.802298
v -7.300851 -0.998065 1.941067
v 7.300851 -0.415240 1.185636
v -7.300851 -0.587311 1.284382
v -7.300851 0.946215 2.467526
v -7.300851 -1.011562 2.138998
v 6.951677 -0.587312 1.284379
v 7.300851 -0.587312 1.284379
v 7.300851 0.946214 2.467523
v -7.300851 -0.986185 2.335759
v 7.300851 -0.922910 2.523785
v -7.300851 -0.824166 2.695860
v 7.300851 -0.824168 2.695857
v -7.300851 1.011564 2.078100
v 6.951677 -0.946215 1.749569
v 7.300851 0.986185 1.881335
v 6.951677 0.986185 1.881335
v -7.300851 -0.946214 1.749572
v 7.300851 -0.998067 1.941064
v 7.300851 0.922909 1.693306
v -7.300851 -0.693751 2.845362
v -7.300851 -0.536676 2.966549
v -7.300849 0.000001 2.108548
v 7.300851 -0.946215 1.749569
v 7.300849 -0.000001 2.108546
v -7.300851 0.922910 1.693309
v -7.300851 0.824168 1.521237
v -7.300851 -0.358976 3.054763
v -7.300851 0.693753 1.371735
v -7.300851 -0.167481 3.106615
v -7.300851 0.030450 3.120111
v 7.300851 0.536676 1.250546
v -7.300851 0.358978 1.162334
v 7.300851 0.358976 1.162331
v -7.300851 0.167483 1.110483
v -7.300851 0.415240 3.031458
v 7.300851 0.167481 1.110480
v -7.300851 0.587312 2.932716
v 7.300851 -0.030450 1.096983
v -7.300851 0.858001 2.645226
v 7.300851 0.858000 2.645222
v 7.300851 -1.011563 2.138995
v 7.300851 -0.986186 2.335756
v -7.300851 -0.736813 1.414797
v -7.300851 0.998067 2.276031
v -7.300851 -0.922909 2.523788
v 7.300851 -0.736814 1.414793
v 7.300851 0.998065 2.276028
v -7.300851 -0.858000 1.571872
v 7.300851 1.011562 2.078097
v -7.300851 0.986186 1.881338
v -6.951677 1.059837 0.422925
v 6.951677 0.863064 1.324220
v -6.951677 0.933161 1.502777
v 6.951677 0.933162 1.502774
v -6.951677 1.690549 2.029484
v 6.951677 1.882338 2.033049
v 6.951677 2.071136 1.999132
v 6.951677 2.249690 1.929034
v 6.951677 2.411137 1.825449
v 6.951677 2.549274 1.692358
v -6.951677 2.779963 0.979861
v -6.951677 2.675949 0.612509
v 6.951677 2.675950 0.612506
v -6.951677 1.918560 0.085802
v 6.951677 1.918561 0.085799
v 6.951677 1.726774 0.082231
v -6.951677 0.830815 1.333354
v -6.951677 2.249689 1.929037
v -6.951677 2.439273 0.312925
v -6.951677 2.549273 1.692361
v -6.951677 2.411136 1.825452
v 6.951677 1.036747 1.664221
v 6.951677 2.298136 0.174144
v 6.951677 1.169838 1.802358
v -6.951677 2.298136 0.174147
v 6.951677 2.658792 1.534874
v 6.951677 1.197974 0.289831
v 6.951677 1.034329 0.401182
v 6.951677 2.116292 0.094828
v -6.951677 2.735481 1.359054
v -6.951677 2.658791 1.534878
v 6.951677 1.310975 1.941135
v 6.951677 2.767368 1.369375
v -6.951677 0.950319 0.580409
v -6.951677 1.503143 1.988569
v -6.951677 1.310974 1.941139
v 6.951677 0.950320 0.580405
v 6.951677 2.809684 1.175550
v -6.951677 2.776396 1.171649
v 6.951677 1.690550 2.029481
v -6.951677 1.528844 0.083903
v 6.951677 2.779964 0.979858
v -6.951677 0.873629 0.756232
v -6.951677 1.885001 2.066462
v 6.951677 0.799427 0.939730
v 6.951677 2.746047 0.791060
v -6.951677 0.832714 0.943638
v 6.951677 1.359422 0.186246
v -6.951677 2.071135 1.999135
v -6.951677 2.778295 0.781932
v -6.951677 0.795736 1.138089
v 7.300851 0.795737 1.138086
v 7.300851 0.830816 1.333351
v -7.300851 2.767367 1.369378
v -7.300851 2.813373 0.977197
v -6.951677 1.148096 1.827870
v -6.951677 1.010447 1.685001
v 7.300851 2.778296 0.781929
v 7.300851 1.148098 1.827866
v -7.300851 2.705796 0.597262
v -7.300851 1.148097 1.827870
v 7.300851 2.705797 0.597259
v 7.300851 2.598664 0.430282
v 6.951677 2.598664 0.430282
v 6.951678 1.492820 2.020452
v -6.951677 2.598663 0.430285
v 7.300851 2.461014 0.287413
v 6.951677 2.461014 0.287413
v 7.300851 1.686646 2.062768
v -7.300851 1.885001 2.066462
v 7.300851 2.298136 0.174144
v 7.300851 1.885002 2.066458
v -6.951678 2.116291 0.094831
v -7.300851 2.080266 2.031383
v -6.951677 1.177197 0.263535
v 7.300851 2.080267 2.031380
v -7.300851 1.922465 0.052514
v 7.300851 2.116292 0.094828
v -6.951677 1.724109 0.048825
v -7.300851 2.264936 1.958884
v 6.951677 0.841744 0.745904
v -7.300851 0.799426 0.939733
v 6.951677 1.528844 0.083900
v 7.300851 2.574782 1.714098
v -6.951677 1.344174 0.156402
v -7.300851 1.528844 0.083903
v -7.300851 2.574781 1.714102
v -7.300851 0.795736 1.138089
v 7.300851 1.344175 0.156399
v 7.300851 2.688051 1.551221
v 6.951677 0.795737 1.138086
v -7.300851 2.688050 1.551224
v 7.300851 1.177198 0.263532
v 7.300851 2.767368 1.369375
v -7.300851 0.830815 1.333354
v -7.300849 1.804555 1.057643
v 7.300849 1.804556 1.057640
v -7.300851 2.809683 1.175553
v 7.300851 2.809684 1.175550
v 7.300851 2.813374 0.977194
v -7.300851 2.778295 0.781932
v -7.300851 1.310974 1.941139
v 7.300851 1.310975 1.941135
v -7.300851 2.598663 0.430285
v -7.300851 1.492819 2.020455
v 7.300852 1.492820 2.020452
v -7.300851 2.461013 0.287416
v -7.300851 1.686644 2.062772
v -7.300851 2.298136 0.174147
v -7.300851 1.177197 0.263535
v 7.300851 1.922466 0.052511
v 7.300851 2.264937 1.958881
v -7.300851 1.724109 0.048825
v -7.300851 2.431913 1.851751
v -7.300851 0.841743 0.745907
v 7.300851 1.724110 0.048821
v 7.300851 2.431914 1.851748
v 7.300851 0.841744 0.745904
v 7.300851 1.528845 0.083900
v 7.300851 0.799427 0.939730
v -7.300851 1.344174 0.156402
v 5.904397 -1.250119 3.790259
v 6.859029 -1.901048 3.538259
v 7.700738 -1.961872 3.216976
v 7.950158 -2.108573 2.277338
v 8.185071 -2.166872 -0.217055
v 7.834039 -1.601855 -1.267550
v 7.899842 -0.273850 -2.156103
v 0.000000 3.829868 1.173552
v 2.840946 3.533892 1.261577
v -2.976031 1.199171 2.567560
v -2.756338 -1.365371 4.079635
v -2.840946 -1.135550 3.873542
v 2.536006 2.209394 2.604786
v -0.780854 2.209394 2.604786
v 2.537038 1.202637 2.632666
v -0.781887 1.906103 2.239165
v -1.836931 -0.752153 3.985198
v 1.691920 0.642515 3.468492
v -2.234749 2.592453 2.114312
v -1.636741 2.050523 2.504867
v 2.191970 0.446133 3.060317
v 0.434784 2.398268 2.514571
v -1.975894 3.137943 1.559510
v -2.046249 3.665381 1.807929
v -1.180990 3.645211 1.375928
v -0.963229 3.137943 1.559510
v 1.276582 3.137943 1.559510
v 1.395739 3.645211 1.375928
v 1.054061 3.699167 1.472385
v 1.203193 3.717565 1.793086
v 0.940351 3.137943 1.559510
v 2.071486 3.645211 1.375928
v 0.598375 2.876857 1.934296
v 1.772866 0.899030 3.054207
v -0.708553 -0.330483 3.479578
v 0.022375 -0.343894 3.487079
v 0.269992 -0.156405 3.649368
v 0.919526 0.209675 3.444592
v -0.231681 0.948781 2.990650
v -0.054537 0.912460 2.784307
v 0.204048 0.599958 3.226277
v 0.408913 0.412469 3.063989
v 0.422509 0.948781 2.990650
v 0.858636 0.948781 2.990650
v -2.308225 0.425880 3.056487
v -2.090162 0.425880 3.056487
v -2.049289 0.599958 3.226277
v -2.062137 0.912460 2.784307
v -1.872099 0.425880 3.056487
v -1.626011 0.912460 2.784307
v -1.395100 0.599958 3.226277
v -1.407947 0.912460 2.784307
v -0.971821 0.912460 2.784307
v 2.427631 2.406070 1.970011
v 1.127247 2.406070 1.970011
v 1.127247 2.877923 1.706069
v 1.668635 2.406070 1.970011
v 1.327924 2.937826 2.061488
v 1.680022 2.793287 1.751779
v -1.490307 0.151086 3.231391
v -1.831018 0.210989 3.586810
v 1.639247 4.564767 0.816710
v -1.790139 4.233962 1.133806
v -1.136500 3.431565 1.563436
v -3.748966 2.868816 -1.219220
v -4.540006 -0.495918 -3.008352
v -4.005930 -2.816880 1.622331
v -4.538989 -0.485309 2.985739
v -3.310267 2.571871 1.734744
v -3.457036 -2.692570 1.619596
v 4.585629 -2.585498 -1.743165
v 3.336844 -2.207165 2.006001
v 3.362440 2.796997 -1.214661
v 3.323787 2.613686 1.699097
v -2.730696 -2.641922 1.722699
v 2.810645 -1.293529 3.839087
v -7.893036 2.914047 -1.194618
v -7.530273 3.122896 -0.603808
v -6.503793 3.670187 0.175475
v -5.414643 4.338893 -0.145119
v -7.300852 2.366803 -0.223275
v 6.951677 2.366805 -0.223272
v 6.951677 0.691907 -1.406911
v 6.951677 -0.813598 -2.642446
v -7.300852 -0.415239 1.185639
v 6.951677 -0.415240 1.185636
v -7.300852 2.116291 0.094831
vn -0.0024 -0.0980 -0.9952
vn -0.0000 -0.2903 -0.9569
vn -0.0024 -0.4714 -0.8819
vn -0.0024 -0.6344 -0.7730
vn -0.0024 -0.7730 -0.6344
vn -0.0024 -0.7899 -0.6133
vn -0.0000 -0.9569 -0.2903
vn 0.0023 -0.9975 0.0711
vn -0.0024 -0.9975 -0.0711
vn -0.0000 -0.8943 0.4474
vn -0.0000 -0.8819 0.4714
vn -0.0000 -0.8689 0.4951
vn 0.0024 -0.6344 0.7730
vn 0.0023 -0.3160 0.9487
vn -0.0000 -0.4474 0.8943
vn -0.0000 -0.0980 0.9952
vn 0.0023 0.2643 0.9644
vn -0.0000 0.1249 0.9922
vn -0.0000 0.6133 0.7899
vn -0.0024 0.6344 0.7730
vn -0.0000 0.6551 0.7556
vn 0.0024 0.8819 0.4714
vn 0.0023 0.9922 0.1249
vn -0.0024 0.9952 0.0980
vn -0.0000 0.9952 -0.0980
vn -0.0024 0.9922 -0.1249
vn -0.0000 0.8819 -0.4714
vn -0.0000 0.7730 -0.6344
vn -0.0000 0.4951 -0.8689
vn -0.0000 0.4714 -0.8819
vn -0.0000 0.2903 -0.9569
vn -0.0024 0.0980 -0.9952
vn 1.0000 -0.0000 -0.0000
vn -1.0000 -0.0000 -0.0000
vn -0.0000 -0.8819 -0.4714
vn 0.0951 0.6315 0.7695
vn -0.0953 0.7521 0.6521
vn -0.0953 -0.9877 -0.1243
vn 0.0953 0.6521 0.7521
vn -0.0000 -0.9975 0.0711
vn -0.0951 0.7695 0.6315
vn -0.0000 -0.9952 -0.0980
vn -0.0000 0.8819 0.4714
vn 0.0953 -0.9929 -0.0708
vn -0.0951 0.8779 0.4693
vn -0.0000 -0.9952 0.0980
vn -0.0000 0.9922 0.1249
vn -0.0000 -0.9994 -0.0337
vn -0.0000 0.8943 0.4474
vn -0.0953 -0.8903 0.4454
vn 0.0951 0.9907 0.0976
vn -0.0000 -0.8676 0.4972
vn -0.0953 0.9929 -0.0708
vn -0.0000 -0.9906 0.1365
vn 0.0951 0.9907 -0.0976
vn -0.0000 -0.4441 0.8960
vn -0.0000 0.9975 0.0711
vn 0.0951 0.9526 -0.2890
vn -0.0000 -0.6344 0.7730
vn -0.0000 0.9569 -0.2903
vn -0.0951 -0.6315 0.7695
vn -0.0000 -0.4714 0.8819
vn -0.0733 -0.6421 -0.7631
vn -0.0951 -0.4693 0.8779
vn -0.0953 -0.2631 -0.9600
vn 0.0951 -0.2890 0.9526
vn 0.0951 -0.2890 -0.9526
vn -0.0000 -0.2903 0.9569
vn -0.0000 -0.1249 -0.9922
vn 0.0951 -0.4693 -0.8779
vn -0.0953 0.4928 -0.8649
vn -0.3153 0.0675 0.9466
vn -0.0000 -0.4714 -0.8819
vn 0.0951 0.4693 -0.8779
vn -0.0000 0.2643 0.9644
vn 0.0951 -0.6315 -0.7695
vn -0.0951 0.4693 -0.8779
vn -0.0951 0.0976 0.9907
vn -0.0000 -0.6344 -0.7730
vn 0.0951 0.2890 -0.9526
vn 0.0953 0.1243 0.9877
vn 0.0951 -0.7695 -0.6315
vn -0.0000 0.4474 -0.8943
vn -0.0000 0.2903 0.9569
vn -0.0000 -0.7730 -0.6344
vn 0.0838 0.6415 -0.7625
vn 0.0951 -0.8779 -0.4693
vn -0.2084 0.0959 -0.9733
vn -0.0000 0.4714 0.8819
vn -0.0404 0.9983 -0.0409
vn 0.0904 -0.8847 -0.4574
vn 0.0530 0.3755 0.9253
vn -0.0236 -0.8241 0.5659
vn 0.0129 0.0843 -0.9964
vn -0.0000 0.0843 -0.9964
vn 0.0343 -0.8144 0.5794
vn 0.0292 0.9980 -0.0566
vn 0.0689 -0.9171 -0.3926
vn -0.0000 0.3901 0.9208
vn 0.3211 0.8290 -0.4579
vn 0.4967 0.8625 -0.0969
vn 0.4094 -0.8290 -0.3810
vn 0.3212 0.9099 0.2624
vn 0.4407 0.4340 0.7858
vn 0.3043 0.1503 -0.9406
vn 0.4213 -0.6931 0.5849
vn 0.1342 -0.4791 -0.8674
vn -0.0620 -0.4825 -0.8737
vn -0.0250 -0.2770 0.9605
vn -0.0096 0.2771 -0.9608
vn 0.0076 -0.8957 0.4445
vn -0.0100 0.8753 -0.4834
vn -0.0000 -0.9729 -0.2314
vn -0.0250 0.9605 0.2770
vn -0.0232 0.4833 0.8751
vn -0.2475 -0.9309 -0.2685
vn 0.1349 0.9873 0.0836
vn -0.3540 -0.9248 -0.1396
vn -0.5000 -0.1519 0.8526
vn -0.2329 -0.2300 -0.9449
vn 0.1604 0.8812 -0.4448
vn -0.4788 -0.8435 -0.2433
vn -0.8684 -0.4341 0.2398
vn 0.7160 -0.1225 0.6872
vn 0.7662 0.5625 -0.3107
vn 0.6659 -0.7168 -0.2067
vn -0.1656 -0.9072 0.3866
vn -0.0939 0.8715 -0.4813
vn -0.2113 -0.6822 0.6999
vn -0.1425 -0.4030 -0.9041
vn -0.3320 0.8531 0.4025
vn 0.3007 0.8294 -0.4708
vn 0.0592 0.4647 0.8835
vn -0.2408 -0.8479 0.4723
vn -0.1818 -0.4475 -0.8756
vn 0.1661 0.9092 -0.3818
vn -0.2604 -0.3061 0.9157
vn -0.3000 -0.6495 -0.6987
vn 0.3019 0.6285 -0.7169
vn 0.4046 0.5983 0.6917
vn -0.3021 -0.6284 0.7169
vn -0.4049 -0.5981 -0.6916
vn 0.4627 0.5111 -0.7243
vn 0.4712 0.5550 0.6855
vn -0.2564 -0.6553 0.7105
vn -0.5139 -0.5244 -0.6789
vn 0.4736 0.7868 -0.3958
vn -0.1928 -0.2915 0.9369
vn -0.5747 -0.4706 -0.6695
vn 0.2571 0.6717 -0.6947
vn 0.5314 0.5057 0.6796
vn -0.2560 -0.6725 0.6944
vn -0.5316 -0.5056 -0.6796
vn 0.0801 0.7611 -0.6437
vn 0.4103 0.5664 0.7148
vn -0.0796 -0.7613 0.6435
vn -0.4098 -0.5666 -0.7149
vn -0.1296 0.8053 -0.5785
vn 0.2865 0.5960 0.7501
vn 0.1280 -0.8051 0.5791
vn -0.2841 -0.5964 -0.7507
vn -0.3433 0.8058 -0.4826
vn 0.6734 0.5263 0.5191
vn 0.1127 -0.7982 0.5918
vn -0.5484 -0.5628 -0.6185
vn -0.6032 0.1757 -0.7780
vn 0.2113 0.9755 0.0606
vn 0.6034 -0.1757 0.7779
vn -0.2114 -0.9755 -0.0606
vn -0.7237 0.2007 -0.6603
vn 0.2622 0.9650 0.0106
vn 0.7236 -0.2007 0.6604
vn -0.2623 -0.9649 -0.0105
vn 0.3930 0.9012 -0.1828
vn 0.8215 -0.2314 0.5211
vn -0.3492 -0.9299 0.1157
vn -0.4474 0.8773 -0.1734
vn 0.8887 0.4523 0.0757
vn 0.4306 -0.8703 0.2390
vn -0.9005 -0.4347 -0.0101
vn -0.8834 0.2512 -0.3957
vn 0.6640 0.7412 -0.0983
vn 0.0532 -0.9702 0.2365
vn -0.4305 0.9025 0.0088
vn 0.8953 0.4265 -0.1284
vn 0.4306 -0.9025 -0.0084
vn -0.8953 -0.4265 0.1285
vn -0.9430 0.3317 0.0251
vn -0.4431 0.8833 -0.1530
vn 0.9038 0.4276 -0.0200
vn 0.4111 -0.9013 -0.1369
vn -0.9002 -0.4280 0.0802
vn -0.0566 0.9981 0.0237
vn 0.7272 -0.6373 0.2550
vn -0.9015 -0.4322 0.0230
vn 0.3104 0.9481 0.0695
vn 0.9145 -0.3078 0.2625
vn -0.3339 -0.9396 0.0752
vn -0.4603 0.8855 0.0628
vn 0.8994 0.4362 -0.0277
vn 0.4379 -0.8946 0.0885
vn -0.8912 -0.4447 -0.0899
vn -0.9393 0.3222 -0.1180
vn 0.2842 0.9216 0.2642
vn 0.9558 -0.2850 -0.0723
vn -0.2924 -0.9366 -0.1931
vn -0.0680 0.7957 0.6019
vn 0.7617 -0.5415 -0.3557
vn -0.8746 -0.4809 -0.0613
vn -0.9516 0.2688 0.1492
vn -0.4056 0.6492 0.6435
vn 0.8880 0.4447 0.1165
vn 0.4056 -0.6494 -0.6433
vn -0.8883 -0.4440 -0.1174
vn -0.4002 0.6151 0.6793
vn 0.9150 0.2914 0.2791
vn 0.4002 -0.6151 -0.6793
vn -0.9150 -0.2916 -0.2790
vn -0.4031 0.5747 0.7122
vn 0.8913 0.0795 0.4465
vn 0.4031 -0.5747 -0.7122
vn -0.9062 -0.1491 -0.3956
vn -0.0406 0.5126 0.8576
vn 0.7216 -0.4678 -0.5104
vn -0.8890 -0.0591 -0.4541
vn -0.4243 0.4797 0.7680
vn 0.8922 0.0741 0.4455
vn 0.4243 -0.4795 -0.7681
vn -0.8919 -0.0723 -0.4464
vn -0.4285 0.2419 0.8706
vn 0.8934 0.3390 0.2946
vn 0.4299 -0.4032 -0.8079
vn -0.8953 -0.3273 -0.3023
vn 0.8601 0.4578 0.2249
vn 0.4731 -0.4835 -0.7365
vn -0.7525 -0.6525 -0.0896
vn 0.8704 0.1319 -0.4743
vn 0.8011 0.4600 0.3830
vn 0.5492 0.0570 0.8337
vn 0.4718 0.6835 -0.5570
vn 0.1314 -0.0519 -0.9900
vn -0.2246 -0.9418 0.2502
vn -0.5069 -0.0037 0.8620
vn 0.1036 0.9945 -0.0164
vn -0.2303 0.8064 0.5447
vn -0.0753 0.9031 -0.4227
vn 0.0397 -0.0267 -0.9989
vn -0.3463 -0.6518 -0.6747
vn -0.0994 -0.8839 -0.4570
vn -0.1955 -0.0827 0.9772
vn 0.0182 0.8865 -0.4624
vn -0.1280 -0.7702 0.6248
vn -0.0000 0.9659 0.2588
vn -0.0000 -0.7071 -0.7071
vn -0.0000 0.2588 -0.9659
vn 0.0653 -0.7056 0.7056
vn 0.2265 0.6887 0.6887
vn -0.0000 -0.2588 -0.9659
vn -0.0000 0.7071 -0.7071
vn -0.0000 -0.9659 0.2588
vn 0.2265 0.2521 0.9408
vn -0.0000 0.9659 -0.2588
vn -0.0000 -0.9659 -0.2588
vn 0.9318 -0.0939 -0.3506
vn 0.9201 0.2769 -0.2769
vn 0.8755 -0.4779 -0.0713
vn 0.9946 0.0269 0.1004
vn 0.9318 0.3506 -0.0939
vn 0.8595 -0.4937 -0.1323
vn 0.8950 -0.4369 0.0904
vn 0.8595 0.4937 0.1323
vn 0.8595 -0.3614 -0.3614
vn 0.9201 0.1014 -0.3783
vn 0.9004 -0.1252 0.4166
vn 0.8587 0.4969 0.1257
vn -0.0000 -0.2588 0.9659
vn 0.6203 0.0171 -0.7842
vn -0.0192 -0.8547 0.5187
vn 0.7331 0.6569 0.1760
vn -0.2272 0.9407 0.2521
vn -0.2272 0.2521 -0.9407
vn -0.2272 -0.6886 0.6886
vn -0.0655 0.7056 0.7056
vn -0.2272 -0.2521 -0.9407
vn -0.2272 -0.9407 0.2521
vn -0.2272 0.2521 0.9407
vn -0.0655 0.9639 -0.2583
vn -0.8593 -0.3565 -0.3667
vn -0.9427 0.1267 0.3087
vn -0.8955 0.4225 0.1399
vn -0.9923 -0.1199 0.0321
vn -0.6874 0.5635 0.4582
vn -0.8421 0.2954 -0.4512
vn -0.6180 -0.7852 -0.0403
vn -0.9427 0.3307 -0.0446
vn -0.6438 0.7294 -0.2315
vn 0.0193 0.5187 -0.8547
vn 0.6488 0.5381 0.5381
vn -0.6395 -0.6863 0.3465
vn 0.7988 0.5397 0.2657
vn -0.1325 0.9910 0.0209
vn -0.0000 0.4882 0.8727
vn 0.4260 0.8200 0.3822
vn -0.3941 0.0489 0.9178
vn 0.7072 -0.5600 0.4314
vn -0.0000 -0.4882 -0.8727
vn 0.0597 -0.5352 -0.8426
vn -0.0419 -0.5402 -0.8405
vn 0.2819 -0.3596 -0.8895
vn 0.4788 -0.5190 -0.7081
vn 0.5257 -0.1629 -0.8350
vn 0.0137 -0.2071 0.9782
vn 0.0276 -0.1975 0.9799
vn -0.4233 -0.5711 -0.7033
vn -0.5321 -0.2511 -0.8086
vn 0.2221 0.4699 0.8543
vn 0.0750 -0.1372 0.9877
vn -0.1938 0.6512 0.7337
vn 0.4664 0.5780 0.6696
vn -0.1379 0.8489 0.5102
vn 0.0269 0.2367 0.9712
vn 0.1609 -0.0736 0.9842
vn -0.6059 0.4358 0.6656
vn 0.0273 0.6635 0.7476
vn 0.6674 0.4000 0.6281
vn 0.3705 0.6729 0.6403
vn 0.3840 0.1165 0.9159
vn 0.6089 -0.3530 -0.7104
vn -0.3190 -0.9424 -0.1005
vn 0.6075 0.7708 -0.1919
vn -0.2930 -0.4667 -0.8345
vn -0.3033 0.2739 -0.9127
vn 0.1646 -0.8837 -0.4382
vn 0.8472 -0.5309 -0.0190
vn 0.0015 0.8979 -0.4401
vn -0.0484 0.4477 0.8929
vn 0.0279 0.4880 0.8724
vn 0.2805 0.0669 0.9575
vn -0.3208 0.8103 0.4903
vn -0.0000 -0.6581 -0.7529
vn -0.7098 0.5729 -0.4099
vn 0.5642 0.5511 0.6148
vn 0.6827 0.3032 0.6648
vn 0.2473 -0.7350 0.6313
vn 0.0817 0.9549 0.2856
vn -0.0595 0.9487 0.3105
vn -0.7105 0.2789 0.6461
vn 0.3054 0.7905 0.5308
vn 0.0555 0.8606 -0.5063
vn -0.0000 0.6581 0.7529
vn 0.6999 0.4089 0.5856
vn -0.7311 -0.2230 -0.6448
vn -0.0279 0.4880 0.8724
vn 0.1720 -0.2390 0.9557
vn -0.7072 0.6607 -0.2514
vn -0.3728 0.3814 -0.8459
vn 0.0576 -0.9391 -0.3388
vn 0.0279 -0.4880 -0.8724
vn -0.3200 -0.7799 -0.5380
vn 0.0269 -0.4789 -0.8775
vn 0.3907 -0.4824 -0.7840
vn -0.5079 -0.1836 -0.8417
vn -0.8768 0.1377 0.4607
vn -0.0137 0.9419 0.3355
vn 0.5850 0.5018 0.6372
vn 0.4239 -0.9057 -0.0089
vn -0.6936 0.5554 -0.4588
vn 0.6995 -0.6237 0.3489
vn -1.0000 0.0061 -0.0022
vn -0.0000 0.4756 0.8797
vn 0.6378 0.7317 -0.2406
vn -0.0000 -0.8727 0.4882
vn -0.0000 0.8727 -0.4882
vn -0.0149 0.4824 0.8758
vn 1.0000 0.0027 0.0006
vn 0.9744 0.1098 0.1963
vn -0.0149 0.4881 0.8726
vn -0.0000 0.5007 0.8656
vn -0.6960 -0.5720 0.4341
vn -0.9500 0.3029 0.0754
vn -0.9136 -0.2857 0.2892
vn 0.1146 0.9922 0.0501
vn -0.9844 0.0858 0.1534
vn 0.6253 -0.5417 0.5618
vn -0.0206 0.4804 0.8768
vn -0.0206 0.4881 0.8726
vn 0.7127 -0.2324 0.6618
vn -0.0060 -0.9682 -0.2499
vn 0.3865 0.1301 0.9131
vn -0.7643 0.6427 -0.0520
vn -0.0037 0.9446 -0.3282
vn -0.0233 -0.5625 0.8265
vn -0.0001 0.5065 0.8622
vn -0.0190 -0.5644 0.8253
vn -0.0000 -0.4471 0.8945
vn 0.5237 0.8321 -0.1824
vn 0.3326 0.9000 -0.2818
vn 0.0347 0.8462 -0.5317
vn -0.0008 0.2184 -0.9759
vn -0.0362 -0.4632 0.8855
vn 0.0365 -0.9905 0.1323
vn 0.0141 -0.2172 0.9760
vn 0.0863 -0.9931 -0.0795
vn 0.0345 -0.5331 -0.8454
vn 0.0175 -0.8726 0.4881
vn -0.0000 -0.9147 0.4040
vn 0.1750 -0.8612 0.4772
vn 0.5719 -0.6044 -0.5547
vn 0.0174 -0.8026 0.5963
vn -0.0345 -0.0424 -0.9985
vn 0.0285 0.8707 -0.4910
vn 0.0001 -0.2485 0.9686
vn 0.9986 0.0502 0.0159
vn -0.0046 -0.5701 -0.8216
vn -0.3102 0.5707 0.7603
vn -0.2638 -0.9146 0.3065
vn 0.2350 -0.9573 0.1682
vn 0.4574 0.1088 -0.8826
vn 0.0161 0.3198 0.9474
vn -0.0328 0.8846 0.4652
vn -0.0175 0.8726 -0.4881
vn -0.0001 -0.2436 -0.9699
vn -0.0283 -0.8724 0.4880
vn -0.0494 0.4628 -0.8851
vn 0.9985 -0.0544 0.0096
vn 0.9023 0.2105 0.3763
vn 0.3111 -0.5713 -0.7595
vn 0.2687 0.6522 -0.7089
vn -0.0000 0.8027 -0.5964
vn 0.7677 0.5250 -0.3673
vn -0.0523 -0.2744 -0.9602
vn -0.0498 -0.4673 0.8827
vn 0.8829 -0.2293 -0.4099
vn -0.8646 -0.4071 0.2946
vn 0.6253 0.5292 -0.5735
vn -0.8645 0.4641 -0.1927
vn 0.2584 -0.8131 0.5217
vn -0.5816 0.6548 0.4827
vn 0.6056 0.5219 0.6007
vn -0.3643 -0.4886 -0.7928
vn 0.0423 -0.7802 -0.6241
vn 0.6966 0.6919 -0.1899
vn -0.4962 0.8102 -0.3120
vn 0.9016 -0.3707 0.2228
vn -0.0000 0.8736 -0.4866
vn -0.2546 -0.9171 0.3067
vn -0.9928 -0.0586 -0.1048
vn 0.9243 0.3321 -0.1882
vn 0.1008 -0.8609 0.4986
vn -0.2848 0.8318 0.4765
vn 0.5816 0.0687 0.8106
vn -0.2058 -0.3745 0.9041
vn -0.6316 0.3785 0.6767
vn -0.3062 -0.7645 -0.5673
vn 0.0949 0.8581 -0.5046
vn 0.9002 -0.4055 0.1591
vn -0.4991 -0.7260 0.4730
vn -0.9641 0.1954 -0.1799
vn 0.3358 0.8693 0.3628
vn -0.2973 0.8419 0.4502
vn 0.7145 0.3415 0.6106
vn -0.2973 -0.0570 0.9531
vn -0.9983 0.0285 0.0509
vn 0.9490 -0.3142 -0.0264
vn 0.0715 0.8196 -0.5684
vn 0.7754 -0.6150 0.1436
vn -0.9574 -0.1679 0.2351
vn -0.4965 0.8265 -0.2652
vn 0.8615 -0.4904 0.1312
vn -0.7043 -0.6186 0.3483
vn -0.9671 0.2228 -0.1226
vn -0.2514 -0.7610 0.5980
vn -0.1708 -0.2051 0.9637
vn -0.3676 0.8837 0.2896
vn 0.0650 -0.8067 -0.5874
vn 0.2640 -0.1035 -0.9590
vn -0.9998 0.0087 0.0156
vn 0.9290 -0.3162 0.1924
vn -0.9422 -0.2809 0.1824
vn 0.9987 0.0485 -0.0139
vn -0.7593 -0.5590 0.3332
vn 0.9576 0.2684 -0.1049
vn -0.4999 -0.7470 0.4383
vn 0.7617 0.5739 -0.3005
vn -0.1735 -0.8384 0.5168
vn 0.4999 0.7644 -0.4071
vn 0.1735 -0.8384 0.5168
vn -0.7659 0.5701 -0.2972
vn 0.4996 -0.7348 0.4588
vn -0.9395 0.3072 -0.1513
vn -0.4570 0.7847 -0.4187
vn 0.7905 -0.5355 0.2972
vn 0.7183 -0.3564 0.5975
vn -0.6331 0.6350 -0.4426
vn -0.9696 0.0811 -0.2311
vn 0.6633 -0.6766 0.3198
vn -0.9736 0.2029 -0.1046
vn 0.9290 -0.3159 0.1928
vn -0.9356 -0.2701 0.2274
vn 0.9668 0.1360 -0.2163
vn 0.9637 0.1874 -0.1900
vn -0.2551 0.0837 -0.9633
vn 0.0213 -0.5899 -0.8072
vn 0.0649 -0.3860 -0.9202
vn -0.0201 -0.5842 -0.8114
vn 0.1666 -0.5086 -0.8447
vn 0.1162 -0.3974 -0.9102
vn 0.3242 -0.2049 -0.9235
vn 0.0005 -0.4884 -0.8726
vn -0.0816 -0.5452 -0.8343
vn -0.3252 -0.2037 -0.9234
vn -0.1663 -0.5097 -0.8441
vn 0.3107 -0.6751 -0.6691
vn -0.1651 -0.5157 -0.8407
vn 0.1507 -0.4446 -0.8829
vn -0.1458 -0.4204 -0.8956
vn 0.1651 -0.5160 -0.8405
vn -0.3192 -0.6776 -0.6626
vn 0.0816 -0.5452 -0.8343
vn -0.1707 -0.4259 -0.8885
vn 0.1736 0.8686 -0.4641
vn 0.1686 -0.9514 0.2576
vn 0.4854 0.6168 -0.6196
vn 0.4854 -0.8508 0.2013
vn -0.4854 0.6168 -0.6196
vn -0.0170 0.5006 0.8655
vn -0.0510 0.2139 0.9755
vn -0.1546 0.6980 0.6992
vn -0.0201 0.4945 0.8690
vn -0.1931 0.6752 0.7119
vn 0.2940 0.4666 0.8342
vn -0.2763 0.5543 0.7851
vn 0.2763 0.5544 0.7851
vn -0.0011 0.4455 0.8953
vn -0.0170 0.4756 0.8795
vn -0.0001 0.4882 0.8728
vn -0.0111 0.4712 0.8819
vn 0.1128 0.2128 0.9706
vn -0.0200 0.5272 0.8495
vn -0.0498 0.4790 0.8764
vn -0.0481 0.4773 0.8774
vn -0.1423 0.2529 0.9570
vn -0.7576 -0.5652 0.3266
vn -0.2892 -0.9267 0.2401
vn -0.1797 0.8616 -0.4747
vn 0.6828 0.4832 -0.5480
vn -0.1686 -0.9514 0.2576
vn -0.0000 0.4883 0.8727
vn -0.2202 0.8710 -0.4391
vn 0.0315 0.5037 0.8633
vn -0.0174 0.4617 0.8869
vn -0.0167 0.5132 0.8581
vn 0.0058 0.5165 0.8563
vn 0.0129 0.4570 0.8894
vn -0.0318 0.4980 0.8666
vn -0.0323 0.4776 0.8780
vn 0.0321 0.4777 0.8779
vn 0.8654 0.4540 -0.2118
vn -0.5000 -0.7570 0.4207
vn 0.4727 -0.7920 0.3865
vn -0.9397 0.2973 -0.1690
vn 0.8380 -0.4997 0.2191
vn -0.9397 -0.2996 0.1649
vn 0.9397 -0.2996 0.1649
vn 0.0095 -0.8707 0.4918
vn 0.0123 -0.5477 -0.8366
vn 0.0357 -0.4329 -0.9007
vn -0.0685 -0.5061 -0.8598
vn 0.0612 -0.4677 -0.8818
vn -0.0604 -0.5175 -0.8536
vn -0.0058 0.5165 0.8562
vn -0.0173 0.4617 0.8869
vn 0.0166 0.5131 0.8582
vn -0.0317 0.5038 0.8632
vn 0.0316 0.4979 0.8666
vn -0.1736 0.8583 -0.4828
vn 0.4994 0.7305 -0.4658
vn 0.3420 -0.8264 0.4473
vn -0.8654 0.4540 -0.2118
vn 0.6405 -0.7077 0.2984
vn -0.9395 -0.2899 0.1822
vn 0.9392 -0.3146 0.1379
vn 0.9838 0.1289 -0.1249
vn -0.5334 -0.8407 0.0934
vn 0.7419 -0.6668 0.0706
vn -0.7111 -0.3433 -0.6137
vn -0.0041 -0.5563 -0.8310
vn -0.0045 -0.4102 -0.9120
vn -0.0553 -0.4288 -0.9017
vn 0.8482 0.3011 -0.4358
vn -0.7423 0.5595 -0.3688
vn -0.5906 0.6666 -0.4549
vn 0.6481 -0.6647 0.3718
vn 0.3778 0.8081 -0.4520
vn -0.6441 -0.6068 0.4658
vn 0.7232 0.6411 -0.2569
vn -0.0700 -0.4310 -0.8996
vn -0.0006 0.8865 -0.4627
vn -0.0000 0.7559 -0.6547
vn -0.7428 0.5843 -0.3268
vn 0.9321 -0.1217 0.3412
vn -0.0000 -0.5707 -0.8212
vn 0.0727 -0.4287 -0.9005
vn -0.0006 0.8870 -0.4617
vn 0.4728 0.8301 -0.2958
vn -0.7364 0.4589 -0.4971
vn -0.9527 -0.1843 0.2418
vn 0.7685 -0.6332 0.0915
vn 0.8487 0.5177 -0.1083
vn 0.0623 -0.5290 -0.8464
vn 0.1025 0.8751 -0.4729
vn 0.8694 0.3862 -0.3082
vn -0.5860 0.7660 -0.2644
vn -0.7402 0.4843 -0.4664
vn -0.6363 -0.5599 0.5307
vn -0.0025 0.8628 -0.5055
vn -0.0000 0.9999 -0.0123
vn 0.0001 0.9990 0.0447
vn -0.0000 -0.3177 -0.9482
vn -0.0000 -0.6703 0.7421
vn -0.0000 -0.5315 0.8470
vn -0.0681 0.5256 0.8480
vn -0.0606 0.4697 0.8807
vn -0.0000 0.4257 0.9048
vn -0.0842 0.4865 0.8696
vn 0.9507 0.2706 -0.1512
vn -0.8435 0.2815 -0.4574
vn 0.0375 0.5812 0.8129
vn -0.0001 0.9990 0.0446
vn 0.3020 -0.9421 0.1455
vn -0.0000 -0.2883 0.9575
vn 0.0237 0.4172 0.9085
vn -0.0000 0.1935 0.9811
vn 0.2523 0.6259 0.7380
vn -0.8387 0.2882 -0.4622
vn -0.5096 0.3103 -0.8025
vn -0.1581 0.5424 -0.8251
vn -0.5232 0.7303 -0.4392
vn 0.9652 0.2475 -0.0845
vn -0.9321 0.3550 0.0715
vn -0.7548 -0.3201 -0.5726
vn 0.0412 0.9971 0.0642
vn 0.2518 -0.2299 -0.9401
vn 0.2741 -0.6248 0.7311
vn -0.0000 -0.5760 0.8174
vn -0.4102 0.8674 -0.2819
vn 0.5370 0.7362 -0.4118
vn -0.8829 0.4132 0.2230
vn -0.0000 0.6158 0.7879
vn -0.0176 0.9927 0.1192
vn -0.0000 -0.5316 0.8470
vn 0.0380 0.2811 -0.9589
vn -0.0000 0.3623 0.9321
vn -0.0505 0.4071 0.9120
vn -0.0000 0.8931 -0.4498
vn -0.2915 -0.8348 0.4670
vn -0.0000 0.8701 0.4928
vn -0.8392 0.2712 -0.4714
vn 0.8272 0.3240 -0.4591
vn 0.1346 0.4837 0.8648
vn -0.0075 0.5984 0.8012
vn -0.5361 0.8296 0.1560
vn -0.7001 -0.5665 0.4346
vn 0.0667 0.4484 0.8913
vn 0.0094 0.3380 0.9411
vn -0.0019 0.5666 0.8240
vn -0.0000 0.9901 0.1403
vn -0.0000 0.9374 -0.3483
vn 0.0530 -0.3011 -0.9521
vn 0.0681 0.4518 0.8895
vn -0.0000 0.8752 -0.4837
vn -0.0674 0.8703 -0.4879
vn -0.9800 0.1739 -0.0971
vn -0.0924 0.4545 0.8859
vn -0.0087 0.9407 -0.3391
vn -0.0746 0.5245 0.8481
vn 0.0846 0.4864 0.8696
vn -0.2364 0.7552 0.6114
vn -0.9780 0.1821 -0.1017
vn -0.9153 0.3790 0.1365
vn -0.7720 -0.2548 -0.5824
vn 0.0740 0.5190 0.8516
vn 0.0699 0.4464 0.8921
vn -0.0095 0.4171 0.9088
vn -0.0000 0.3989 0.9170
vn 0.5201 0.7321 -0.4400
vn -0.9771 0.2042 -0.0596
vn 0.9310 0.3579 0.0721
vn 0.7517 -0.3219 -0.5757
vn -0.0000 0.6555 0.7552
vn 0.0106 0.9985 0.0528
vn -0.0000 0.4079 0.9130
vn 0.0127 0.3921 0.9198
vn 0.0022 0.8904 -0.4553
vn -0.0000 0.8752 -0.4838
vn 0.0985 0.8294 0.5499
vn -0.8148 0.3320 -0.4753
vn -0.9507 0.2706 -0.1512
vn 0.8841 0.2697 -0.3816
vn -0.0010 0.4069 0.9135
vn -0.0740 0.5190 0.8516
vn 0.0932 0.4861 0.8689
vn -0.0556 0.5085 0.8593
vn 0.0551 0.5083 0.8594
vn 0.0448 0.5462 0.8365
vn -0.2447 -0.9695 -0.0132
vn -0.2415 0.4674 -0.8504
vn 0.0697 -0.9600 -0.2713
vn -0.3118 0.1399 0.9398
vn 0.0190 0.9303 -0.3663
vn -0.0297 -0.7163 0.6971
vn 0.2599 0.6735 0.6920
vn 0.3083 -0.9512 -0.0129
vn 0.0584 0.7154 -0.6962
vn 0.1729 0.9044 0.3900
vn -0.1982 0.2665 -0.9432
vn -0.2185 -0.2381 0.9463
vn 0.1982 -0.6836 -0.7024
vn -0.5574 0.8155 0.1554
vn -0.3700 0.2526 -0.8940
vn -0.4700 -0.2829 0.8361
vn -0.0000 -0.1954 -0.9807
vn 0.3529 0.5840 -0.7310
vn 0.7056 -0.2881 -0.6474
vn -0.6784 0.5278 0.5111
vn 0.2843 -0.0099 0.9587
vn -0.2304 -0.6724 -0.7035
vn 0.0647 -0.7271 0.6835
vn 0.8419 0.1206 0.5261
vn -0.8594 -0.2860 0.4238
vn -0.6931 -0.1654 -0.7016
vn -0.9629 0.0566 0.2639
vn 0.8006 0.3834 0.4604
vn -0.9111 0.0401 0.4101
vn -0.2499 -0.6822 -0.6871
vn -0.9468 0.0491 -0.3182
vn -0.2537 -0.6352 -0.7295
vn -0.0000 -0.2100 -0.9777
vn 0.8277 0.4899 0.2735
vn -0.7206 -0.2810 0.6339
vn 0.8263 0.0283 -0.5625
vn -0.8563 -0.1107 -0.5046
vn -0.0000 0.6134 0.7898
vn 0.9756 0.1916 -0.1072
vn 0.8647 0.1946 0.4631
vn -0.6828 0.1065 0.7228
vn 0.7068 -0.3191 -0.6314
vn -0.9495 0.0808 -0.3032
vn -0.6931 -0.5113 -0.5081
vn -0.7056 0.2881 0.6474
vn 0.6767 0.5834 0.4490
vn 0.9316 -0.2760 0.2367
vn -0.2829 0.6390 0.7153
vn 0.1593 0.9620 -0.2220
vn 0.8660 -0.2415 0.4379
vn -0.6707 0.6473 -0.3621
vn 0.4324 -0.8959 0.1017
vn 0.1982 -0.2408 -0.9501
vn -0.5961 -0.2607 0.7594
vn 0.2112 -0.9429 0.2575
vn 0.1982 0.9501 -0.2408
vn -0.5083 -0.2882 0.8115
vn -0.2733 -0.9257 -0.2616
vn -0.5701 0.8079 0.1490
vn 0.4575 0.5871 0.6679
vn -0.1667 -0.9081 -0.3842
vn -0.8666 -0.1357 0.4802
vn 0.0790 0.4447 -0.8922
vn 0.0088 0.7166 -0.6974
vn 0.2185 0.6601 0.7187
vn -0.1982 -0.9432 -0.2665
vn -0.2054 0.2867 -0.9358
vn 0.2085 -0.6789 0.7040
vn 0.4979 -0.6576 0.5654
vn 0.5846 0.6210 0.5221
vn 0.2447 -0.4734 -0.8462
vn -0.5547 -0.4258 0.7149
vn 0.2941 0.9557 0.0130
vn 0.8666 -0.3576 0.3481
vn 0.1091 0.7650 -0.6347
vn 0.2054 0.6978 0.6863
vn 0.0646 -0.7152 0.6960
vn -0.2683 -0.9308 -0.2482
vn -0.2547 0.4721 0.8439
vn -0.2941 0.9557 0.0130
vn -0.0562 -0.5109 0.8578
vn 0.0790 0.8312 -0.5503
vn -0.2599 -0.6920 0.6735
vn -0.0794 -0.6952 -0.7144
vn -0.1982 -0.6836 -0.7024
vn -0.1091 0.7650 -0.6347
vn 0.1982 -0.2665 0.9432
vn 0.1982 -0.9432 -0.2665
vn -0.3564 0.9305 0.0844
vn 0.9682 -0.0680 0.2406
vn 0.3466 -0.9027 -0.2551
vn 0.1439 0.4600 0.8762
vn 0.1433 -0.4832 -0.8637
vn 0.1212 -0.1782 0.9765
vn -0.0000 0.7404 -0.6722
vn -0.0000 -0.9531 0.3028
vn 0.2953 0.4664 0.8338
vn 0.2926 0.4668 0.8345
vn -0.0285 -0.5652 -0.8245
vn 0.0256 0.7364 0.6760
vn 0.0486 -0.4876 -0.8717
vn 0.0190 0.7323 0.6807
vn 0.0379 0.8721 -0.4878
vn -0.1632 -0.8610 0.4816
vn 0.5856 0.7987 -0.1383
vn -0.8969 -0.4207 -0.1360
vn -0.9178 -0.3968 -0.0172
vn -0.0991 0.7217 0.6851
vn 0.0843 0.0867 0.9927
vn 0.0577 -0.0578 0.9967
vn 0.3317 0.6228 0.7086
vn -0.0803 0.0741 0.9940
vn 0.0970 0.8045 0.5859
vn 0.3092 0.5201 0.7962
vn -0.0859 0.7468 0.6595
vn 0.9473 0.1564 0.2796
vn 0.0192 -0.8726 0.4881
vn -0.0000 0.9277 -0.3734
vn 0.2295 0.4752 0.8494
vn -0.3742 0.4527 0.8093
vn 0.1341 0.7398 0.6593
vn 0.1342 0.4345 0.8906
vn -0.1454 0.1451 0.9787
vn 0.0244 0.7377 0.6747
vn 0.0674 0.9977 0.0052
vn 0.0179 0.6398 -0.7683
vn -0.0000 0.0621 0.9981
vn -0.0102 0.2961 0.9551
vn -0.1164 0.3140 0.9422
vn 0.5377 -0.1989 0.8193
vn -0.8082 -0.1389 0.5722
vn 0.8074 0.1392 -0.5733
vn -0.9926 0.1060 -0.0593
vn -0.9865 0.0826 -0.1417
vn 0.8926 -0.1097 0.4373
vn -0.1821 -0.7930 0.5814
vn 0.0373 -0.0507 0.9980
vn 0.1451 0.2676 0.9525
vn -0.2949 0.5530 0.7792
vn -0.1225 0.7207 0.6824
vn -0.0000 0.8092 0.5876
vn 0.0358 -0.5676 -0.8225
vn -0.4792 0.4519 0.7524
vn -0.0305 -0.5702 -0.8209
vn 0.1845 0.7377 0.6494
vn -0.0701 0.8706 -0.4870
vn 0.1541 -0.4666 0.8709
vn 0.1244 0.3505 0.9283
vn -0.1001 0.5597 -0.8227
vn -0.0104 0.4900 0.8717
vn 0.8380 -0.2381 -0.4910
vn -0.9464 0.0280 -0.3217
vn -0.9091 -0.3636 0.2035
vn 0.8918 0.4437 0.0879
vn -0.9989 0.0226 0.0404
vn -0.3429 0.9219 -0.1804
vn -0.3544 -0.8160 0.4566
vn -0.5209 0.7070 0.4783
vn -0.6766 0.0431 0.7351
vn 0.0208 0.9695 -0.2443
vn 0.7367 0.3543 -0.5759
vn -0.0000 0.4935 0.8698
vn 0.7539 0.5733 -0.3209
vn -0.9989 -0.0409 0.0229
vn 0.6556 -0.6591 0.3685
vn 0.5634 -0.3822 0.7324
vn 0.6564 -0.1978 0.7280
vn 0.0803 0.9780 -0.1925
vn -0.0079 0.4930 0.8700
vn -0.5204 0.7453 -0.4168
vn -0.8892 0.3994 -0.2233
vn -0.0551 0.9889 -0.1377
vn 0.8967 0.4427 -0.0000
vn -0.5694 0.6307 0.5273
vn -0.2264 0.0566 0.9724
vn 0.0328 0.9717 -0.2340
vn 0.6264 -0.7738 0.0944
vn -0.3973 0.8009 -0.4479
vn 0.8683 -0.4329 0.2423
vn -0.9379 0.3028 -0.1693
vn 0.3429 -0.6362 0.6911
vn 0.1967 -0.5086 0.8383
vn 0.5866 0.6317 -0.5068
vn 0.4227 -0.7909 0.4425
vn -0.7804 0.6252 0.0048
vn -0.0110 0.4949 0.8689
vn -0.7539 -0.5735 0.3206
vn 0.3349 -0.3957 0.8551
vn 0.8607 0.5038 0.0728
vn -0.3984 0.7265 -0.5599
vn -0.5734 -0.4184 -0.7044
vn -0.5534 -0.3394 -0.7606
vn -0.0751 -0.8551 0.5130
vn -0.5712 0.7266 -0.3818
vn 0.9457 -0.2931 -0.1407
vn -0.9961 -0.0067 0.0875
vn 0.4877 -0.4801 -0.7292
vn 0.4151 -0.0417 -0.9088
vn -0.4201 0.8205 0.3877
vn -0.9413 0.1353 0.3093
vn 0.8235 -0.1895 0.5347
vn -0.8455 -0.3006 -0.4413
vn -0.3552 0.5708 -0.7403
vn -0.4189 0.2494 -0.8731
vn -0.3139 -0.3009 -0.9005
vn -0.2332 -0.5612 -0.7941
vn -0.0935 -0.4757 -0.8746
vn -0.1746 -0.8908 -0.4195
vn -0.1912 -0.9754 0.1093
vn -0.0000 -1.0000 -0.0024
vn 0.3478 -0.4158 0.8404
vn -0.0466 -0.9791 0.1980
vn 0.0018 -0.4700 0.8827
vn 0.0762 -0.3393 0.9376
vn -0.0947 0.9639 0.2490
vn 0.0003 0.8602 0.5100
vn -0.1019 -0.4754 0.8738
vn -0.0738 -0.5318 0.8436
vn 0.0664 -0.5599 0.8259
vn -0.0000 -1.0000 0.0028
vn -0.0641 -0.9963 0.0576
vn -0.0582 -0.9032 -0.4253
vn -0.0000 -0.5735 -0.8192
vn 0.1093 -0.5110 -0.8526
vn -0.0609 -0.2741 -0.9598
vn -0.0495 0.2743 -0.9604
vn 0.1864 0.9373 -0.2945
vn -0.2871 -0.5258 -0.8007
vn -0.0000 0.5172 -0.8559
vn -0.0063 0.5194 0.8545
vn 0.0819 -0.4797 0.8736
vn -0.0556 -0.4556 -0.8884
vn -0.0829 0.5328 -0.8422
vn 0.1273 0.9904 0.0542
vn -0.0451 0.9989 0.0119
vn 0.2544 0.9664 0.0378
vn 0.0986 0.5635 -0.8202
vn -0.0942 0.2734 -0.9573
vn -0.0929 -0.3155 -0.9444
vn -0.0848 -0.6036 -0.7927
vn -0.0000 -0.9047 -0.4260
vn 0.0001 -0.9938 0.1111
vn -0.0000 -0.9989 -0.0459
vn -0.0867 -0.5340 0.8410
vn -0.1140 -0.3356 0.9351
vn -0.0127 0.9713 0.2374
vn -0.0017 -0.4799 0.8773
vn -0.0359 0.8875 0.4595
vn 0.4254 0.4959 -0.7570
vn -0.0000 -0.9998 -0.0191
vn -0.0488 -0.9978 -0.0458
vn 0.0201 -0.4494 -0.8931
vn 0.0193 -0.5139 -0.8576
vn -0.0250 0.8603 0.5092
vn -0.0662 0.8430 0.5338
vn 0.1167 -0.9859 0.1201
vn 0.1169 -0.9917 -0.0528
vn 0.1380 -0.9868 0.0852
vn 0.0596 -0.8978 -0.4364
vn 0.1131 -0.5479 -0.8289
vn 0.2682 -0.2370 -0.9338
vn 0.2699 0.2093 -0.9399
vn -0.2146 0.8054 -0.5525
vn 0.0466 0.9982 0.0372
vn -0.0001 0.9755 -0.2201
vn 0.1881 0.9816 0.0325
vn -0.1278 0.9916 -0.0184
vn 0.1622 -0.5032 -0.8488
vn 0.1311 0.5299 -0.8379
vn -0.0000 0.4954 -0.8686
vn -0.0199 0.9431 0.3320
vn -0.0000 -0.4980 -0.8672
vn -0.1243 0.9872 0.1000
vn 0.0467 0.9911 -0.1250
vn -0.0350 0.9232 -0.3827
vn -0.0603 0.9270 -0.3701
vn 0.0218 0.8574 0.5141
vn 0.1625 0.9321 0.3238
vn 0.1249 0.8950 0.4281
vn -0.1502 0.9666 0.2075
vn -0.0715 0.8196 0.5685
vn 0.0406 0.8026 0.5952
vn 0.1898 0.8840 0.4271
vn -0.0001 0.8089 0.5880
vn 0.0320 0.9991 0.0276
vn -0.1497 0.9827 -0.1089
vn 0.0001 0.6070 -0.7947
vn -0.1245 0.9889 0.0807
vn -0.0000 0.8250 -0.5652
vn -0.0147 0.5018 0.8648
vn 0.0658 0.5118 0.8566
vn 0.0133 0.1722 0.9850
vn -0.0002 0.9755 -0.2201
vn -0.1001 0.8208 -0.5623
vn -0.1372 0.9663 -0.2178
vn 0.1671 0.8634 -0.4759
vn -0.1144 -0.7399 0.6629
vn -0.1474 -0.8449 0.5143
vn 0.4485 -0.7137 0.5380
vn -0.1949 -0.9531 0.2314
vn -0.0817 0.3423 -0.9360
vn -0.0122 -0.3578 -0.9337
vn -0.0678 -0.5282 -0.8464
vn 0.0214 -0.6705 -0.7416
vn 0.0003 -0.9001 -0.4357
vn -0.0299 -0.5821 -0.8126
vn 0.0686 -0.5095 -0.8577
vn -0.3381 -0.2011 -0.9194
vn -0.4179 0.4887 -0.7659
vn 0.2824 0.4226 -0.8612
vn -0.0000 1.0000 -0.0028
vn -0.0000 -0.3204 0.9473
vn -0.1616 0.5130 0.8430
vn 0.0001 -0.5172 0.8559
vn -0.0000 1.0000 0.0024
vn -0.0004 -0.9985 -0.0542
vn -0.0406 -0.9990 0.0183
vn 0.0451 -0.9986 0.0288
vn 0.1289 -0.9912 0.0285
vn -0.0703 -0.9974 -0.0171
vn -0.0001 0.9938 -0.1111
vn 0.0652 0.5433 -0.8370
vn -0.1674 0.9611 -0.2198
vn 0.1284 -0.1766 -0.9759
vn 0.0918 -0.5904 -0.8019
vn -0.1977 -0.9671 -0.1602
vn -0.0135 -0.9983 0.0575
vn 0.1020 -0.4980 0.8611
vn 0.1020 -0.4816 0.8704
vn 0.0162 -0.5294 -0.8482
vn -0.0000 0.9998 0.0191
vn -0.1209 -0.9615 -0.2467
vn -0.0000 0.9976 0.0685
vn 0.0001 -0.8449 -0.5350
vn -0.0956 -0.6078 -0.7883
vn 0.0003 -0.8197 -0.5728
vn 0.2115 -0.3526 -0.9116
vn -0.0017 0.3426 -0.9395
vn -0.1151 0.9704 -0.2125
vn -0.4605 -0.2871 0.8399
vn 0.1726 -0.5264 0.8325
vn -0.0616 -0.9966 -0.0552
vn 0.0999 -0.9706 0.2192
vn -0.1880 -0.9811 0.0459
vn -0.0027 -0.9995 -0.0329
vn 0.1287 -0.9894 0.0670
vn -0.0390 -0.9984 -0.0421
vn -0.0496 -0.9965 0.0675
vn -0.1273 -0.9910 -0.0417
vn -0.0320 -0.9986 0.0422
vn 0.0001 -0.4954 0.8687
vn -0.0452 0.4755 0.8786
vn -0.0001 -0.4954 0.8687
vn -0.0000 0.4980 0.8672
vn 0.2325 -0.9596 -0.1587
vn 0.0391 -0.9943 -0.0995
vn -0.2270 -0.9155 -0.3322
vn -0.1847 -0.9237 -0.3356
vn -0.0600 -0.9290 -0.3652
vn 0.0218 -0.8169 -0.5764
vn 0.1278 -0.9914 -0.0273
vn 0.0390 -0.9992 0.0113
vn -0.0001 -0.6071 0.7946
vn 0.0944 -0.9938 -0.0583
vn -0.0000 -0.8251 0.5650
vn -0.0000 -0.5171 -0.8560
vn 0.0062 -0.5041 -0.8636
vn 0.0330 -0.5191 -0.8541
vn -0.1170 -0.4984 -0.8590
vn -0.1244 -0.5677 -0.8138
vn 0.0001 -0.6510 -0.7591
vn -0.0001 -0.5803 -0.8144
vn 0.0174 -0.5927 -0.8052
vn 0.2281 -0.0907 -0.9694
vn 0.0360 -0.3598 -0.9323
vn -0.2538 -0.3754 -0.8915
vn -0.0783 -0.1724 -0.9819
vn -0.0977 -0.9045 0.4152
vn 0.2304 -0.9252 0.3016
vn 0.1434 0.7118 -0.6876
vn 0.3587 0.6919 -0.6266
vn -0.1546 0.7681 -0.6214
vn -0.3495 -0.5696 0.7439
vn -0.4146 -0.2287 0.8808
vn -0.2876 0.3397 0.8955
vn 0.0371 0.9993 -0.0004
vn 0.1575 0.4987 -0.8524
vn -0.1441 0.8939 -0.4245
vn 0.0072 0.4630 -0.8864
vn 0.1636 0.1324 -0.9776
vn -0.0200 -0.3771 -0.9260
vn -0.1821 -0.5568 -0.8104
vn -0.0440 -0.7453 -0.6652
vn -0.0488 -0.9409 -0.3353
vn 0.0945 -0.8704 -0.4832
vn 0.0567 -0.9142 -0.4014
vn 0.0866 -0.4667 -0.8802
vn -0.0810 -0.4822 -0.8723
vn 0.1014 -0.0670 -0.9926
vn 0.3502 0.2526 -0.9019
vn 0.0567 0.4973 -0.8657
vn -0.0251 0.5607 -0.8277
vn 0.1077 0.5665 -0.8170
vn 0.0730 -0.2656 0.9613
vn 0.1741 -0.9780 -0.1149
vn 0.1079 -0.4916 0.8641
vn 0.0728 -0.5083 -0.8581
vn 0.0361 0.4754 -0.8790
vn 0.0834 0.9965 -0.0004
vn -0.0919 -0.5426 0.8349
vn 0.0844 -0.9447 0.3168
vn -0.0225 -0.9983 -0.0538
vn -0.0224 -0.9996 -0.0192
vn -0.0838 -0.9959 0.0343
vn -0.1445 -0.9833 0.1102
vn -0.0836 -0.5700 0.8174
vn -0.0545 -0.2547 0.9655
vn -0.0538 0.3545 0.9335
vn 0.0365 0.9177 0.3955
vn 0.0271 0.9996 -0.0090
vn -0.0681 0.9975 0.0214
vn -0.0473 0.5650 -0.8237
vn 0.0587 0.4689 -0.8813
vn 0.0536 -0.0345 -0.9980
vn -0.1241 -0.5438 -0.8300
vn -0.1919 -0.8506 -0.4896
vn 0.1735 -0.9264 0.3341
vn -0.1027 0.5165 -0.8501
vn -0.0543 -0.9746 0.2173
vn 0.0648 -0.9892 -0.1314
vn -0.0125 -0.4714 0.8818
vn 0.3642 -0.5131 0.7772
vn -0.0862 -0.5171 -0.8515
vn -0.0438 0.9990 0.0065
vn 0.0719 -0.9629 -0.2599
vn -0.1619 0.9866 0.0212
vn 0.2106 -0.7199 -0.6613
vn -0.0806 -0.7194 -0.6899
vn -0.3027 -0.8666 -0.3968
vn -0.1226 -0.3804 -0.9167
vn -0.2231 0.2952 -0.9290
vn 0.2356 0.9458 -0.2236
vn 0.2362 0.9681 0.0840
vn 0.3863 0.2686 0.8824
vn 0.3925 -0.1885 0.9002
vn -0.0119 -0.6588 0.7522
vn -0.1988 -0.8324 0.5173
vn -0.0542 -0.9960 0.0711
vn -0.0725 -0.9962 0.0481
vn 0.1904 -0.9815 0.0184
vn -0.0878 -0.9959 -0.0237
vn -0.0303 -0.9971 0.0701
vn 0.0699 -0.9953 -0.0672
vn 0.0126 -0.9916 0.1286
vn 0.1751 -0.9844 0.0185
vn 0.0769 -0.9956 0.0529
vn -0.0058 -0.4667 0.8844
vn 0.1334 -0.5939 0.7934
vn -0.0225 -0.4746 0.8799
vn 0.1505 -0.9566 -0.2496
vn -0.0667 -0.8947 0.4416
vn -0.1586 -0.9241 0.3476
vn 0.1017 -0.9586 0.2660
vn 0.0070 -0.9658 -0.2591
vn 0.0858 -0.8386 -0.5380
vn -0.3153 -0.8203 -0.4771
vn -0.1780 -0.9032 -0.3907
vn 0.0077 -0.8757 -0.4828
vn 0.0599 -0.8874 -0.4572
vn 0.0559 -0.8867 -0.4589
vn -0.0685 -0.9974 0.0222
vn 0.1266 -0.9880 -0.0889
vn 0.0856 -0.6039 0.7924
vn -0.0230 -0.9997 0.0009
vn 0.1034 -0.8347 0.5410
vn 0.0146 -0.5363 -0.8439
vn -0.0215 -0.4529 -0.8913
vn -0.0815 -0.4968 -0.8641
vn 0.0091 -0.5088 -0.8609
vn 0.2663 -0.4946 -0.8273
vn 0.0589 -0.7408 -0.6691
vn 0.0400 -0.5033 -0.8632
vn -0.0242 -0.5459 -0.8375
vn -0.1066 0.0483 -0.9931
vn -0.1098 -0.3879 -0.9151
vn 0.1902 -0.3341 -0.9231
vn -0.0203 -0.0207 -0.9996
vn 0.0010 -0.9932 -0.1168
vn -0.1031 -0.8345 0.5413
vn 0.1652 -0.8603 0.4823
vn 0.0296 0.8510 -0.5243
vn -0.4249 0.6345 -0.6457
vn 0.1416 0.7003 -0.6997
vn 0.2717 0.8023 -0.5315
vn 0.0153 0.9202 -0.3911
vn 0.0532 0.1323 -0.9898
vn 0.0780 0.3861 -0.9192
vn 0.0318 0.4692 -0.8825
vn 0.0665 -0.9977 0.0113
vn 0.0845 -0.9513 0.2963
vn 0.0179 -0.9944 0.1043
vn -0.0309 -0.9477 0.3177
vn 0.0079 0.4783 -0.8781
vn 0.0762 0.4853 -0.8710
vn 0.2731 -0.3356 -0.9015
vn -0.2125 -0.5561 -0.8035
vn -0.0008 -0.5112 -0.8594
vn 0.1389 -0.9075 -0.3964
vn 0.1639 -0.9864 0.0094
vn 0.2241 0.9645 0.1397
vn -0.0559 0.8878 0.4568
vn -0.1696 0.0356 0.9849
vn -0.0755 -0.5010 0.8621
vn 0.1588 -0.4968 0.8532
vn 0.0769 -0.9970 -0.0103
vn 0.0839 -0.9963 -0.0161
vn 0.0469 -0.9208 -0.3871
vn -0.0095 -0.6256 -0.7801
vn -0.2159 -0.5143 -0.8300
vn 0.0035 -0.2645 -0.9644
vn -0.0227 0.2199 -0.9753
vn 0.0726 0.9962 -0.0481
vn 0.0703 -0.4908 -0.8685
vn -0.0707 -0.9975 0.0004
vn -0.0953 -0.4789 -0.8727
vn 0.0057 0.5257 -0.8507
vn 0.0371 -0.9992 0.0119
vn -0.0696 0.9917 0.1078
vn 0.1085 0.9914 -0.0737
vn 0.0347 -0.3454 -0.9378
vn -0.0283 -0.5740 -0.8184
vn -0.0003 -0.9263 -0.3769
vn -0.0271 -0.9996 -0.0067
vn -0.0236 -0.5960 0.8026
vn -0.0376 -0.9556 0.2923
vn 0.1340 -0.2660 0.9546
vn -0.1260 0.9834 0.1309
vn -0.0005 0.4735 -0.8808
vn -0.0004 0.5071 -0.8619
vn -0.0369 -0.9929 -0.1133
vn 0.0369 -0.4571 -0.8887
vn 0.0378 -0.5263 -0.8494
vn -0.0983 0.5411 0.8352
vn 0.0583 0.8265 0.5600
vn -0.0834 -0.9965 -0.0100
vn -0.1713 -0.9834 0.0597
vn -0.1061 -0.9021 -0.4182
vn 0.0130 -0.6233 -0.7818
vn -0.4110 0.1966 -0.8902
vn 0.1642 0.5902 -0.7904
vn 0.1517 0.8613 -0.4849
vn -0.0132 0.9999 0.0051
vn -0.1903 0.9813 -0.0288
vn -0.0009 0.9988 0.0488
vn 0.0838 0.9961 -0.0274
vn -0.1013 0.9944 -0.0285
vn -0.0090 -0.5104 -0.8599
vn -0.0173 0.4822 -0.8759
vn 0.0590 0.4659 -0.8829
vn -0.1502 0.9567 0.2495
vn -0.0008 -0.4837 -0.8753
vn 0.1093 0.9523 -0.2849
vn 0.1075 0.9779 -0.1792
vn -0.1187 0.8980 0.4236
vn 0.2201 0.9117 0.3469
vn -0.1205 0.9499 0.2883
vn -0.0379 0.8572 0.5136
vn -0.1130 0.8739 0.4728
vn 0.0308 0.9995 0.0052
vn -0.2605 0.4321 0.8634
vn 0.0990 -0.0556 0.9935
vn -0.1965 0.3286 0.9238
vn -0.0176 0.9940 0.1081
vn 0.0833 -0.7377 0.6700
vn 0.2548 -0.8251 0.5043
vn -0.0073 -0.3139 0.9494
vn -0.1412 0.9635 -0.2274
vn 0.1088 0.9486 -0.2971
vn -0.0349 -0.5022 0.8640
vn -0.0256 -0.4756 0.8793
vn 0.0065 -0.5029 0.8643
vn 0.5676 -0.0911 -0.8183
vn -0.6711 0.4739 -0.5701
vn 0.5271 0.0894 -0.8451
vn -0.1438 -0.5548 0.8194
vn -0.6271 -0.4229 0.6541
vn -0.9973 0.0710 -0.0189
vn -0.9019 0.0588 -0.4279
vn 0.5718 0.6692 -0.4746
vn 0.7733 0.0662 0.6306
vn 0.9030 -0.1975 -0.3815
vn -0.8126 -0.5738 0.1023
vn 0.9866 -0.0839 0.1396
vn -0.7379 0.1088 0.6661
vn -0.7500 0.5891 -0.3007
vn -0.9706 -0.1820 -0.1574
vn 0.9871 0.1328 -0.0896
vn -0.5828 0.5997 0.5484
vn -0.3295 0.5233 -0.7858
vn 0.9232 -0.3813 -0.0480
vn -0.4917 -0.6638 0.5636
vn 0.8888 0.2249 -0.3992
vn -0.8928 -0.2071 -0.4000
vn 0.1450 0.9396 0.3101
vn -0.2558 -0.8814 -0.3972
vn 0.9925 -0.0374 -0.1163
vn -0.3615 0.2665 0.8935
vn 0.9464 0.2241 0.2327
vn -0.2399 -0.0809 0.9674
vn 0.1012 0.0645 0.9928
vn 0.0735 -0.0833 0.9938
vn 0.9381 0.1341 0.3192
vn 0.8581 0.4329 -0.2760
vn -0.4243 -0.7878 -0.4465
vn 0.4149 0.8064 0.4215
vn 0.6381 0.3989 0.6586
vn -0.3288 -0.8532 -0.4050
vn -0.6029 0.7223 0.3388
vn -0.8118 -0.4772 -0.3365
vn -0.9738 -0.2049 0.0988
vn -0.4127 0.3678 0.8333
vn -0.9050 0.3757 0.1997
vn 0.9142 -0.1171 -0.3879
vn -0.4987 -0.0921 -0.8619
vn -0.5708 0.7863 -0.2363
vn 0.9727 -0.2023 0.1133
vn 0.6978 -0.2668 -0.6647
vn -0.0024 0.9975 0.0711
vn 0.0023 0.8943 -0.4474
vn 0.0023 0.8689 -0.4951
vn -0.0024 0.4951 -0.8689
vn -0.0024 0.4714 -0.8819
vn -0.0000 0.0980 -0.9952
vn -0.0000 -0.0980 -0.9952
vn 0.0023 -0.4474 -0.8943
vn -0.0000 -0.6551 -0.7556
vn 0.0024 -0.9952 -0.0980
vn 0.0024 -0.9952 0.0980
vn 0.0023 -0.8943 0.4474
vn -0.0024 -0.8689 0.4951
vn 0.0023 -0.4951 0.8689
vn -0.0024 -0.6133 0.7899
vn 0.0024 -0.2903 0.9569
vn -0.0000 0.0711 0.9975
vn -0.0000 0.0980 0.9952
vn -0.0024 0.3160 0.9487
vn -0.0000 0.7556 0.6551
vn -0.0000 0.7730 0.6344
vn -0.0000 0.9569 0.2903
vn -0.0000 0.9952 0.0980
vn -0.0953 0.3146 -0.9444
vn 0.0953 -0.8649 0.4928
vn 0.0953 0.4454 -0.8903
vn -0.0953 -0.6521 0.7521
vn -0.0000 -0.4951 0.8689
vn -0.0000 -0.7556 0.6551
vn 0.0953 -0.6105 0.7863
vn -0.0953 -0.3146 0.9444
vn -0.0000 -0.4474 -0.8943
vn -0.0953 0.0708 0.9929
vn 0.0951 0.0976 0.9907
vn -0.0953 -0.7521 -0.6521
vn 0.0951 0.2890 0.9526
vn 0.0893 -0.4064 -0.9093
vn -0.2461 -0.3955 -0.8849
vn 0.0953 0.3146 0.9444
vn 0.1820 -0.8672 -0.4635
vn 0.0953 0.9929 0.0708
vn -0.1820 -0.8672 -0.4635
vn -0.0953 0.9600 -0.2631
vn -0.0000 0.6344 0.7730
vn 0.1457 -0.9467 -0.2872
vn -0.0951 0.6315 0.7695
vn -0.0952 -0.9898 -0.1063
vn -0.0951 0.9526 -0.2890
vn 0.0951 0.7695 0.6315
vn 0.0951 0.8779 -0.4693
vn -0.0951 -0.9907 -0.0976
vn -0.0951 0.8779 -0.4693
vn 0.0951 0.8779 0.4693
vn 0.0951 0.7695 -0.6315
vn -0.0951 -0.9907 0.0976
vn -0.0951 0.7695 -0.6315
vn 0.0951 0.9526 0.2890
vn -0.0000 0.6344 -0.7730
vn -0.0951 0.9526 0.2890
vn -0.0951 -0.9526 0.2890
vn -0.0000 0.7556 -0.6551
vn 0.0951 -0.8779 0.4693
vn -0.0000 0.9644 0.2643
vn -0.0000 -0.9487 0.3160
vn -1.0000 0.0022 -0.0041
vn -1.0000 -0.0036 0.0030
vn -1.0000 0.0013 -0.0044
vn -1.0000 -0.0030 0.0036
vn -1.0000 0.0005 -0.0046
vn -1.0000 -0.0022 0.0041
vn -1.0000 -0.0005 -0.0046
vn -1.0000 -0.0014 0.0045
vn -1.0000 -0.0013 -0.0044
vn -1.0000 -0.0005 0.0047
vn -1.0000 -0.0022 -0.0041
vn -1.0000 0.0005 0.0047
vn -1.0000 -0.0029 -0.0036
vn -1.0000 0.0014 0.0045
vn -1.0000 -0.0020 -0.0045
vn -1.0000 0.0022 0.0041
vn -1.0000 -0.0038 -0.0021
vn -1.0000 0.0046 -0.0005
vn -1.0000 0.0030 0.0036
vn -1.0000 -0.0046 -0.0005
vn -1.0000 0.0044 -0.0013
vn -1.0000 0.0036 0.0030
vn -1.0000 0.0041 -0.0022
vn -1.0000 0.0041 0.0022
vn -1.0000 -0.0046 0.0005
vn -1.0000 0.0036 -0.0029
vn -1.0000 0.0045 0.0014
vn -1.0000 -0.0045 0.0014
vn -1.0000 0.0029 -0.0036
vn -1.0000 0.0046 0.0005
vn -1.0000 -0.0041 0.0022
vn -0.0024 -0.9952 0.0980
vn -0.0024 -0.9569 0.2903
vn -0.0024 -0.7730 0.6344
vn -0.0024 -0.4474 0.8943
vn 0.0023 0.0711 0.9975
vn -0.0078 0.0980 0.9952
vn -0.0024 0.1249 0.9922
vn 0.0023 0.6133 0.7899
vn -0.0000 0.9644 -0.2643
vn -0.0024 0.9569 -0.2903
vn -0.0024 0.8819 -0.4714
vn -0.0024 0.7730 -0.6344
vn -0.0024 0.6344 -0.7730
vn -0.0024 0.6133 -0.7899
vn 0.0023 0.1249 -0.9922
vn -0.0024 0.0711 -0.9975
vn -0.0024 -0.3160 -0.9487
vn -0.0000 -0.8689 -0.4951
vn -0.0000 -0.7899 -0.6133
vn 0.0953 -0.4454 0.8903
vn -0.0953 -0.1243 0.9877
vn 0.0951 0.6315 -0.7695
vn 0.1755 -0.5456 0.8195
vn 0.0953 0.6105 -0.7863
vn -0.0000 0.4307 0.9025
vn -0.0000 0.1249 -0.9922
vn -0.0951 0.2890 -0.9526
vn -0.0953 0.4454 0.8903
vn 0.0951 0.0976 -0.9907
vn -0.0000 0.2643 -0.9644
vn -0.0951 0.4693 0.8779
vn 0.0953 0.0708 -0.9929
vn 0.0953 -0.3146 -0.9444
vn 0.0951 -0.9907 0.0976
vn 0.0897 -0.9836 -0.1568
vn 0.0953 0.9600 0.2631
vn -0.0953 -0.8649 -0.4928
vn -0.2725 -0.9531 0.1314
vn 0.0953 -0.7863 -0.6105
vn 0.0951 -0.6315 0.7695
vn 0.0951 -0.4693 0.8779
vn 1.0000 -0.0050 -0.0005
vn 1.0000 0.0037 -0.0020
vn 1.0000 -0.0024 0.0045
vn 1.0000 0.0033 -0.0027
vn 1.0000 -0.0015 0.0049
vn 1.0000 0.0027 -0.0033
vn 1.0000 -0.0005 0.0050
vn 1.0000 0.0020 -0.0037
vn 1.0000 0.0005 0.0049
vn 1.0000 0.0012 -0.0041
vn 1.0000 0.0014 0.0046
vn 1.0000 0.0004 -0.0043
vn 1.0000 0.0022 0.0042
vn 1.0000 -0.0004 -0.0044
vn 1.0000 0.0030 0.0036
vn 1.0000 -0.0013 -0.0043
vn 1.0000 0.0035 0.0029
vn 1.0000 -0.0021 -0.0040
vn 1.0000 0.0040 0.0021
vn 1.0000 -0.0051 0.0005
vn 1.0000 -0.0029 -0.0036
vn 1.0000 0.0042 0.0013
vn 1.0000 -0.0049 0.0015
vn 1.0000 -0.0037 -0.0030
vn 1.0000 0.0043 0.0004
vn 1.0000 -0.0052 0.0007
vn 1.0000 -0.0043 -0.0023
vn 1.0000 0.0043 -0.0004
vn 1.0000 -0.0024 0.0049
vn 1.0000 -0.0047 -0.0014
vn 1.0000 0.0041 -0.0012
vn 1.0000 -0.0033 0.0040
vn 0.0024 -0.4452 0.8954
vn 0.0024 -0.2619 0.9651
vn 0.0023 0.1005 0.9949
vn -0.0024 0.1273 0.9919
vn -0.0024 0.3184 0.9480
vn -0.0000 0.4972 0.8676
vn -0.0024 0.6569 0.7540
vn -0.0024 0.7914 0.6113
vn -0.0000 0.8954 0.4452
vn -0.0000 0.9651 0.2619
vn -0.0000 0.9976 0.0686
vn -0.0000 0.9991 0.0416
vn 0.0024 0.9480 -0.3184
vn -0.0000 0.8676 -0.4972
vn 0.0024 0.7540 -0.6569
vn 0.0024 0.6113 -0.7914
vn -0.0000 0.4452 -0.8954
vn 0.0024 0.2619 -0.9651
vn -0.0000 -0.1005 -0.9949
vn -0.0024 0.0416 -0.9991
vn -0.0000 -0.3184 -0.9480
vn 0.0024 -0.4972 -0.8676
vn 0.0024 -0.6569 -0.7540
vn -0.0000 -0.7914 -0.6113
vn 0.0024 -0.8954 -0.4452
vn 0.0024 -0.9651 -0.2619
vn -0.0000 -0.9949 0.1005
vn -0.0000 -0.9991 -0.0416
vn 0.0023 -0.8808 0.4736
vn -0.0000 -0.9390 0.3439
vn -0.0000 -0.6325 0.7746
vn -0.0000 -0.7359 0.6770
vn -0.0000 -0.3662 -0.9305
vn 0.0951 0.6539 0.7506
vn -0.0000 -0.1273 -0.9919
vn -0.0000 0.6569 0.7540
vn 0.0935 0.5664 0.8188
vn -0.0953 -0.4714 -0.8768
vn -0.0953 0.8791 0.4671
vn -0.0000 -0.4972 -0.8676
vn 0.3618 0.9252 -0.1147
vn -0.0951 -0.4949 -0.8637
vn -0.0951 0.8914 0.4432
vn -0.0000 -0.6569 -0.7540
vn 0.0951 0.9607 0.2608
vn -0.0000 -0.5205 -0.8539
vn -0.0951 0.9607 0.2608
vn 0.0951 0.9931 0.0683
vn -0.0953 -0.8791 -0.4671
vn -0.0951 0.9931 0.0683
vn -0.0000 -0.8954 -0.4452
vn 0.0953 0.9946 0.0415
vn -0.0951 -0.8914 -0.4432
vn -0.0951 0.9874 -0.1267
vn -0.0000 -0.9651 -0.2619
vn -0.0000 0.9480 -0.3184
vn -0.0000 -0.9071 -0.4208
vn -0.0000 -0.4452 0.8954
vn -0.0953 -0.9904 0.1000
vn -0.2852 0.9495 -0.1309
vn -0.0953 -0.2866 0.9533
vn 0.0951 -0.9874 0.1267
vn -0.0000 0.7540 -0.6569
vn -0.0000 -0.2619 0.9651
vn -0.0951 -0.9874 0.1267
vn -0.0900 0.3994 -0.9123
vn -0.0951 -0.2608 0.9607
vn -0.0000 -0.8808 0.4736
vn -0.0000 0.6113 -0.7914
vn -0.0000 0.1005 0.9949
vn -0.0951 -0.9437 0.3169
vn -0.0000 0.7359 -0.6770
vn -0.0000 -0.2358 0.9718
vn 0.0953 -0.9347 0.3423
vn 0.0951 0.1267 0.9874
vn -0.0953 0.2866 -0.9533
vn -0.0000 0.1273 0.9919
vn -0.0000 0.2619 -0.9651
vn 0.0951 0.3169 0.9437
vn -0.0953 -0.6296 0.7710
vn -0.0951 0.3169 0.9437
vn 0.0953 -0.7326 0.6740
vn -0.0000 0.5425 -0.8401
vn 0.0951 0.4949 0.8637
vn -0.2222 0.0669 -0.9727
vn -0.0000 0.9577 0.2879
vn -0.0024 0.9976 0.0686
vn 0.0024 0.8676 -0.4972
vn 0.0023 0.6325 -0.7746
vn -0.0000 0.5897 -0.8076
vn -0.0024 -0.3439 -0.9390
vn -0.0000 -0.9954 -0.0956
vn -0.0000 -0.9976 -0.0686
vn -0.0000 -0.8539 0.5205
vn -0.0000 -0.6113 0.7914
vn 0.0023 -0.2879 0.9576
vn 0.0023 0.2926 0.9562
vn -0.0000 0.3184 0.9480
vn -0.0024 0.4972 0.8676
vn -0.0000 0.5205 0.8539
vn -0.0000 0.7914 0.6113
vn 0.0953 -0.9946 -0.0415
vn -0.0000 0.6325 -0.7746
vn -0.0951 0.7506 -0.6539
vn 0.0951 0.6086 -0.7878
vn -0.0953 -0.8768 0.4714
vn -0.0951 0.6086 -0.7878
vn 0.0951 -0.8637 0.4949
vn 0.0953 0.5870 -0.8039
vn -0.0951 -0.8637 0.4949
vn 0.0953 -0.8500 0.5181
vn -0.0000 0.0686 -0.9976
vn -0.0953 -0.4671 0.8791
vn -0.0951 0.0683 -0.9931
vn 0.0951 -0.1267 -0.9874
vn -0.0951 -0.4432 0.8914
vn -0.0951 -0.1267 -0.9874
vn 0.0951 -0.2608 0.9607
vn 0.0951 -0.3169 -0.9437
vn -0.0000 -0.1541 -0.9881
vn 0.0953 -0.2347 0.9674
vn 0.0951 -0.4949 -0.8637
vn -0.0951 -0.0683 0.9931
vn -0.0953 -0.6334 -0.7679
vn -0.0951 0.1267 0.9874
vn -0.0000 0.9071 0.4208
vn -0.0000 0.1541 0.9881
vn -0.0953 0.6334 0.7679
vn -0.0000 0.9919 -0.1273
vn 0.0953 0.5181 0.8500
vn -0.0953 -0.9909 -0.0951
vn -0.0951 0.9437 -0.3169
vn 0.0951 -0.9931 -0.0683
vn -0.0951 -0.9931 -0.0683
vn -0.0000 -0.9977 -0.0680
vn -0.0024 -0.9992 -0.0410
vn 0.0023 -0.8805 0.4741
vn -0.0000 -0.8673 0.4977
vn -0.0000 -0.7536 0.6574
vn -0.0024 -0.6108 0.7917
vn -0.0024 -0.4446 0.8957
vn -0.0024 -0.4203 0.9074
vn 0.0023 0.1011 0.9949
vn -0.0000 0.1279 0.9918
vn -0.0024 0.3189 0.9478
vn -0.0000 0.4977 0.8673
vn -0.0000 0.6574 0.7536
vn -0.0000 0.7917 0.6108
vn -0.0000 0.8080 0.5892
vn 0.0023 0.9955 0.0950
vn -0.0000 0.9977 0.0680
vn -0.0024 0.9918 -0.1279
vn -0.0024 0.9478 -0.3189
vn -0.0024 0.8673 -0.4977
vn -0.0000 0.8536 -0.5210
vn -0.0000 0.6108 -0.7917
vn 0.0024 0.4446 -0.8957
vn 0.0024 0.2614 -0.9652
vn -0.0000 -0.1011 -0.9949
vn -0.0024 0.0410 -0.9992
vn -0.0000 -0.3189 -0.9478
vn -0.0000 -0.6368 -0.7711
vn -0.0024 -0.5210 -0.8536
vn 0.0024 -0.7917 -0.6108
vn 0.0024 -0.8957 -0.4446
vn -0.0000 -0.9955 -0.0950
vn -0.0000 -0.6108 0.7917
vn 0.0951 0.8634 -0.4955
vn 0.0951 -0.4426 0.8916
vn -0.0953 0.7676 -0.6339
vn -0.0000 -0.4446 0.8957
vn 0.0953 0.8497 -0.5186
vn 0.0953 -0.4184 0.9033
vn -0.0951 -0.2602 0.9609
vn -0.0000 0.1011 0.9949
vn -0.0953 0.4666 -0.8793
vn -0.0951 -0.0677 0.9932
vn -0.0000 0.4446 -0.8957
vn 0.0951 0.1273 0.9873
vn -0.0951 0.4426 -0.8916
vn -0.0000 -0.0410 0.9992
vn -0.0000 0.2614 -0.9652
vn 0.0951 0.3175 0.9435
vn -0.0000 0.4203 -0.9074
vn -0.0951 0.3175 0.9435
vn -0.0000 0.5068 -0.8621
vn 0.0951 0.4955 0.8634
vn -0.0000 0.0680 -0.9977
vn -0.0951 0.4955 0.8634
vn -0.0000 -0.4368 -0.8995
vn 0.0951 0.6544 0.7502
vn -0.0000 -0.1279 -0.9918
vn -0.0951 0.6544 0.7502
vn 0.0951 0.7882 0.6081
vn 0.0951 -0.9932 -0.0677
vn -0.0951 0.7882 0.6081
vn -0.0000 -0.9720 -0.2352
vn -0.0000 -0.4977 -0.8673
vn 0.0951 0.8916 0.4426
vn 0.0953 -0.9946 -0.0409
vn -0.0951 0.8916 0.4426
vn -0.0951 -0.9873 0.1273
vn 0.0953 -0.5186 -0.8497
vn -0.0000 0.9955 0.0950
vn -0.0000 -0.9478 0.3189
vn -0.0953 -0.7714 -0.6291
vn -0.0951 0.9609 0.2602
vn -0.0951 -0.9435 0.3175
vn -0.0000 -0.7917 -0.6108
vn 0.0951 0.9932 0.0677
vn 0.0951 -0.8634 0.4955
vn -0.3216 -0.7497 -0.5784
vn -0.0000 0.9720 0.2352
vn -0.0951 -0.8634 0.4955
vn -0.0000 -0.8957 -0.4446
vn 0.0951 0.9873 -0.1273
vn 0.0951 -0.7502 0.6544
vn -0.0000 -0.8080 -0.5892
vn -0.0000 0.9918 -0.1279
vn 0.0951 0.9435 -0.3175
vn 0.0951 -0.6081 0.7882
vn -0.0953 -0.9909 -0.0945
vn -0.0000 0.9478 -0.3189
vn 0.0023 -0.8053 -0.5929
vn -0.0024 -0.8210 -0.5709
vn -0.0000 -0.9166 -0.3998
vn -0.0024 -0.9770 -0.2133
vn -0.0000 -0.9824 -0.1868
vn -0.0000 -0.9842 0.1768
vn 0.0023 -0.8559 0.5171
vn -0.0000 -0.9206 0.3905
vn 0.0024 -0.7201 0.6938
vn 0.0024 -0.5709 0.8210
vn -0.0000 -0.2396 0.9709
vn -0.0024 -0.2133 0.9770
vn -0.0000 -0.1868 0.9824
vn 0.0023 0.3401 0.9404
vn -0.0000 0.3654 0.9308
vn -0.0000 0.5400 0.8417
vn -0.0000 0.6938 0.7201
vn -0.0000 0.8210 0.5709
vn -0.0000 0.9166 0.3998
vn -0.0024 0.9770 0.2133
vn -0.0024 0.9998 0.0186
vn -0.0000 1.0000 -0.0084
vn 0.0023 0.8559 -0.5171
vn -0.0000 0.9206 -0.3905
vn -0.0000 0.5929 -0.8053
vn -0.0024 0.7011 -0.7130
vn -0.0000 0.3998 -0.9166
vn -0.0000 0.0456 -0.9990
vn -0.0000 0.1868 -0.9824
vn 0.0024 -0.1768 -0.9842
vn -0.0000 -0.3654 -0.9308
vn 0.0024 -0.5400 -0.8417
vn -0.0951 -0.9798 0.1760
vn 0.0951 0.9726 0.2123
vn -0.0000 -0.9994 -0.0354
vn -0.0000 0.9770 0.2133
vn -0.2960 -0.8891 0.3491
vn 0.0951 0.9953 0.0185
vn -0.0953 0.9842 -0.1495
vn -0.3042 -0.8018 0.5144
vn 0.0953 0.9954 -0.0084
vn 0.1933 -0.7066 0.6807
vn -0.0951 0.9798 -0.1760
vn -0.0942 -0.5107 0.8546
vn -0.0000 0.9308 -0.3654
vn -0.0000 -0.5709 0.8210
vn -0.0951 0.9266 -0.3638
vn 0.0951 0.8378 -0.5376
vn -0.0000 -0.3998 0.9166
vn -0.0000 0.7201 -0.6938
vn 0.0951 -0.2123 0.9726
vn -0.0953 -0.0454 0.9944
vn 0.0951 0.5684 -0.8173
vn 0.0951 -0.0185 0.9953
vn -0.0000 0.5709 -0.8210
vn -0.0951 -0.0185 0.9953
vn -0.0000 0.1768 0.9842
vn -0.0000 -0.4550 -0.8905
vn -0.0951 0.1760 0.9798
vn -0.1895 -0.5524 -0.8118
vn -0.0000 0.2133 -0.9770
vn 0.0951 0.3638 0.9266
vn -0.0951 0.2123 -0.9726
vn -0.0951 0.3638 0.9266
vn 0.0877 -0.5401 -0.8370
vn 0.0953 0.1860 -0.9779
vn 0.0951 0.5376 0.8378
vn -0.0000 -1.0000 0.0015
vn -0.0951 0.0185 -0.9953
vn -0.0951 0.5376 0.8378
vn -0.0000 -0.1768 -0.9842
vn 0.0951 0.6907 0.7169
vn 0.0951 -0.9726 -0.2123
vn -0.0000 -0.0084 -1.0000
vn -0.0951 0.6907 0.7169
vn -0.0000 -0.9770 -0.2133
vn 0.0951 0.8173 0.5684
vn 0.0951 -0.9953 -0.0185
vn -0.0953 -0.5147 -0.8520
vn -0.0951 0.8173 0.5684
vn -0.0000 -0.9998 -0.0186
vn -0.0000 -0.5400 -0.8417
vn 0.0951 0.9124 0.3980
vn -0.0951 -0.5376 -0.8378
vn -0.0000 0.8361 0.5485
vn -0.0000 -0.2643 -0.9644
vn -0.0023 -0.1249 -0.9922
vn 0.0024 -0.9922 -0.1249
vn -0.0023 -0.9644 -0.2643
vn 0.0024 0.0711 0.9975
vn -0.0024 0.4714 0.8819
vn 0.0024 0.7730 0.6344
vn -0.0023 0.8943 0.4474
vn -0.0000 0.9975 -0.0711
vn -0.0023 0.9975 0.0711
vn -0.0023 0.4474 -0.8943
vn 0.0951 -0.9907 -0.0976
vn -0.0953 -0.9600 -0.2631
vn -0.0000 -0.9569 0.2903
vn -0.0886 -0.9961 0.0061
vn -0.0951 0.9907 -0.0976
vn -0.0000 0.9922 -0.1249
vn 0.0953 -0.3146 0.9444
vn 0.0926 -0.4288 -0.8986
vn -0.1898 -0.4229 -0.8861
vn -0.0953 -0.4454 0.8903
vn -0.0951 -0.2890 -0.9526
vn -0.0000 -0.5302 0.8479
vn -0.2626 0.4019 0.8772
vn -0.0953 0.1243 0.9877
vn -0.0863 0.4291 -0.8991
vn 0.0951 0.4693 0.8779
vn -0.0000 0.4307 -0.9025
vn 0.0531 -0.9198 -0.3888
vn 0.2600 -0.0814 0.9622
vn 0.2600 0.7379 -0.6228
vn 0.0643 0.2372 -0.9693
vn -0.0000 -0.7642 0.6450
vn -0.0000 0.9937 -0.1117
vn 0.0357 -0.9510 -0.3071
vn 0.0326 0.3032 0.9524
vn 0.3934 -0.8326 -0.3899
vn 0.2919 0.2902 0.9114
vn 0.2748 -0.2664 0.9238
vn 0.4476 0.2478 -0.8592
vn 0.3963 -0.7325 0.5534
vn -0.0000 -0.2090 -0.9779
vn -0.0231 -0.2885 0.9572
vn -0.0403 0.6411 -0.7664
vn -0.0263 -0.7907 0.6117
vn -0.0559 0.9949 0.0842
vn 0.0074 -0.9608 -0.2771
vn -0.0252 0.4949 0.8686
vn -0.0623 -0.7896 0.6104
vn -0.3781 0.7460 -0.5482
vn -0.2498 0.6004 0.7597
vn -0.1483 -0.2672 -0.9522
vn -0.0900 -0.3286 0.9402
vn -0.2870 -0.8912 0.3512
vn -0.3731 0.0453 -0.9267
vn 0.2696 0.8814 -0.3879
vn 0.1137 -0.4237 0.8986
vn -0.1265 -0.7007 -0.7022
vn 0.2303 0.6634 -0.7119
vn 0.3828 0.6098 0.6940
vn -0.2304 -0.6634 0.7119
vn -0.3000 -0.6493 -0.6988
vn 0.3019 0.6280 -0.7173
vn 0.4046 0.5980 0.6919
vn -0.3021 -0.6279 0.7173
vn -0.4047 -0.5979 -0.6919
vn 0.5315 0.7422 -0.4083
vn -0.1383 -0.3412 0.9297
vn -0.5137 -0.5234 -0.6799
vn 0.3636 0.5862 -0.7240
vn 0.6169 0.4342 0.6565
vn -0.3633 -0.5864 0.7240
vn -0.5750 -0.4708 -0.6692
vn 0.2581 0.6742 -0.6920
vn 0.5332 0.5076 0.6768
vn -0.2571 -0.6748 0.6918
vn -0.5317 -0.5085 -0.6774
vn 0.0800 0.7616 -0.6430
vn 0.4097 0.5675 0.7142
vn -0.0796 -0.7618 0.6429
vn -0.4093 -0.5676 -0.7144
vn -0.1339 0.8010 -0.5835
vn 0.2855 0.5900 0.7553
vn 0.1322 -0.8008 0.5842
vn -0.2872 -0.5900 -0.7546
vn -0.3464 0.1413 -0.9274
vn -0.0882 0.9635 0.2528
vn 0.5682 -0.1716 0.8048
vn -0.0365 -0.9837 -0.1759
vn -0.6032 0.1756 -0.7780
vn 0.2110 0.9756 0.0606
vn 0.6033 -0.1756 0.7779
vn -0.2111 -0.9756 -0.0605
vn -0.7237 0.2008 -0.6602
vn 0.2620 0.9650 0.0100
vn 0.7236 -0.2008 0.6604
vn -0.2621 -0.9650 -0.0099
vn -0.3648 0.8223 -0.4368
vn 0.7411 0.5098 0.4369
vn 0.4104 -0.8585 0.3075
vn -0.7888 -0.5030 -0.3533
vn 0.6658 0.7326 -0.1413
vn 0.0659 -0.9953 0.0704
vn -0.4407 0.8808 -0.1730
vn 0.8944 0.4386 0.0879
vn 0.4389 -0.8915 0.1122
vn -0.8998 -0.4362 -0.0014
vn -0.9160 0.2808 -0.2864
vn -0.4297 0.9029 0.0090
vn 0.8949 0.4273 -0.1286
vn 0.4298 -0.9029 -0.0085
vn -0.8949 -0.4273 0.1287
vn -0.0555 0.9977 -0.0396
vn 0.7435 -0.6684 -0.0223
vn -0.9007 -0.4268 0.0806
vn 0.3315 0.9417 -0.0583
vn 0.9392 -0.3221 0.1190
vn -0.3212 -0.9470 -0.0082
vn -0.4121 0.8865 -0.2103
vn 0.8947 0.4430 0.0578
vn 0.4419 -0.8946 0.0660
vn -0.8712 -0.4469 -0.2030
vn -0.9306 0.3165 -0.1836
vn 0.2816 0.9164 0.2844
vn 0.9499 -0.3077 0.0548
vn -0.2936 -0.9387 -0.1807
vn -0.1159 0.9851 0.1271
vn 0.7692 -0.5696 -0.2896
vn -0.8848 -0.4180 -0.2059
vn -0.9216 0.3283 -0.2073
vn -0.4425 0.7308 0.5197
vn 0.8558 0.5172 0.0131
vn 0.4430 -0.7318 -0.5179
vn -0.8729 -0.4839 -0.0622
vn -0.4059 0.6491 0.6433
vn 0.8882 0.4446 0.1164
vn 0.4059 -0.6493 -0.6432
vn -0.8884 -0.4438 -0.1173
vn 0.0026 0.7069 0.7073
vn 0.7382 -0.3379 -0.5839
vn -0.9063 -0.1490 -0.3956
vn -0.4508 0.3109 0.8367
vn 0.9032 0.1456 0.4037
vn 0.3514 -0.7165 -0.6027
vn -0.8891 -0.0588 -0.4540
vn -0.4259 0.4787 0.7678
vn 0.8930 0.0741 0.4439
vn 0.4259 -0.4786 -0.7679
vn -0.8924 -0.0706 -0.4457
vn -0.0864 0.4969 0.8635
vn 0.8942 0.3396 0.2918
vn 0.4320 -0.4002 -0.8082
vn -0.8962 -0.3294 -0.2972
vn 0.1307 0.8156 0.5636
vn 0.6931 0.3654 -0.6213
vn -0.0047 -0.5353 -0.8447
vn -0.7076 -0.6961 -0.1216
vn -0.9780 -0.0427 0.2043
vn -0.0565 0.9324 0.3570
vn 0.1207 -0.0420 -0.9918
vn -0.4909 0.0778 0.8678
vn -0.3362 0.5742 0.7465
vn 0.0843 0.9963 -0.0164
vn 0.1333 -0.0512 -0.9898
vn -0.3103 -0.7284 -0.6108
vn 0.6726 0.7104 0.2073
vn -0.5284 0.8201 0.2197
vn 0.4539 -0.8911 -0.0000
vn -0.4210 -0.6544 0.6281
vn 0.0136 -0.8883 0.4590
vn 0.0144 0.4692 0.8830
vn -0.0670 0.7625 -0.6435
vn 0.0823 -0.4757 -0.8757
vn 0.6384 -0.0431 0.7685
vn -0.0000 -0.7795 0.6264
vn -0.0000 0.3289 0.9444
vn 0.0666 -0.9366 0.3441
vn 0.8997 0.0095 -0.4364
vn 0.9265 -0.3763 -0.0000
vn 0.8997 0.3732 -0.2265
vn 0.9015 -0.0242 0.4322
vn 0.9929 0.0067 0.1192
vn 0.2336 0.0665 0.9701
vn -0.6007 -0.6091 -0.5179
vn -0.0557 0.8196 0.5702
vn -0.0000 -0.9444 0.3289
vn -0.2346 0.8602 0.4527
vn -0.0000 0.1873 -0.9823
vn -0.2342 0.4274 -0.8732
vn -0.0557 -0.0839 0.9949
vn -0.0000 0.9883 -0.1527
vn -0.2342 -0.9699 0.0665
vn -0.9427 0.2039 0.2641
vn -0.8602 -0.3606 -0.3606
vn -0.8586 -0.3659 -0.3591
vn -0.9950 -0.0896 0.0452
vn -0.9173 0.2680 -0.2945
vn -0.7936 -0.3006 0.5290
vn -0.8955 0.1399 0.4225
vn -0.9901 0.1214 0.0701
vn -0.2342 0.0665 0.9699
vn -0.9946 0.0268 -0.1001
vn -0.6488 0.7350 -0.1970
vn -0.5295 -0.8194 0.2196
vn -0.2462 0.2219 0.9435
vn 0.4398 0.7736 0.4563
vn 0.0273 0.2899 0.9567
vn -0.2150 0.1779 0.9603
vn 0.4150 -0.1251 -0.9012
vn -0.0484 -0.5327 -0.8449
vn -0.2997 0.1989 0.9331
vn 0.5416 0.7711 0.3348
vn -0.7668 -0.1555 0.6227
vn 0.0115 -0.8875 -0.4606
vn -0.0000 0.4636 0.8860
vn 0.2891 0.1680 0.9424
vn -0.6122 0.3860 0.6901
vn -0.7959 -0.0085 0.6053
vn -0.7536 -0.5389 0.3764
vn -0.2561 0.2289 0.9392
vn -0.0273 0.2899 0.9567
vn 0.0361 0.9948 0.0951
vn 0.2015 0.7984 0.5675
vn -0.1864 -0.6243 -0.7586
vn -0.1167 0.3687 -0.9222
vn 0.1581 -0.6243 -0.7650
vn 0.5373 -0.3816 -0.7522
vn -0.0518 -0.8733 -0.4845
vn -0.7044 -0.6038 0.3732
vn -0.0302 0.9952 0.0927
vn -0.3453 0.7469 0.5683
vn -0.7490 -0.0364 0.6615
vn -0.0231 0.4257 0.9046
vn -0.0000 0.2244 0.9745
vn 0.1150 -0.7381 -0.6648
vn 0.2178 -0.2889 -0.9323
vn -0.2357 -0.1438 -0.9611
vn -0.2570 -0.2086 -0.9436
vn 0.8692 0.0405 -0.4928
vn 0.3059 -0.8940 -0.3274
vn -0.8235 -0.4467 0.3497
vn 0.1063 0.0053 -0.9943
vn -0.7364 0.5326 -0.4172
vn 0.1949 0.6520 0.7327
vn -0.2719 0.0962 0.9575
vn -0.3853 0.8784 -0.2826
vn 0.1343 -0.9895 0.0534
vn 0.5208 0.3715 0.7686
vn 0.0566 -0.1889 0.9804
vn 0.0569 0.8608 -0.5058
vn 0.7342 0.1977 0.6495
vn 0.4938 -0.7946 -0.3531
vn 0.0270 -0.5138 -0.8575
vn 0.0141 0.4755 0.8796
vn 0.0067 0.8732 -0.4873
vn 0.0068 0.5031 0.8642
vn -1.0000 -0.0051 0.0040
vn -0.0067 0.8732 -0.4873
vn -0.0068 0.4756 0.8797
vn 0.8614 -0.3108 0.4017
vn -0.0068 0.5007 0.8656
vn 0.6936 0.5554 -0.4588
vn -0.0053 -0.9468 0.3217
vn -0.0149 0.4938 0.8694
vn -0.3221 0.7581 0.5670
vn 0.7588 -0.2966 -0.5798
vn 0.8240 0.2581 0.5044
vn 0.7967 0.5697 0.2018
vn -0.8408 -0.3029 0.4487
vn 0.8905 0.2223 0.3970
vn -0.2463 0.8965 0.3682
vn 0.0203 -0.9784 -0.2060
vn 0.7147 -0.1719 0.6780
vn -0.8110 0.5620 0.1625
vn -0.0036 0.9447 -0.3278
vn -0.0000 0.5060 0.8625
vn -0.0235 0.4984 0.8666
vn -0.7886 -0.4744 0.3912
vn 0.5887 0.4091 0.6972
vn 0.0001 0.9970 0.0776
vn 0.0001 0.2172 -0.9761
vn 0.0710 0.5351 0.8418
vn -0.0590 -0.8457 0.5303
vn 0.0873 0.7956 0.5995
vn 0.2948 0.0406 0.9547
vn -0.0000 -0.9147 0.4041
vn 0.0612 0.7345 0.6758
vn 0.0001 0.4091 -0.9125
vn 0.0324 0.7363 0.6758
vn 0.1057 0.4855 0.8679
vn -0.0313 0.9744 0.2225
vn 0.8391 0.5280 -0.1308
vn 0.7939 0.1696 0.5839
vn 0.0877 0.9938 -0.0677
vn 0.0702 -0.8827 -0.4646
vn 0.9985 -0.0351 -0.0428
vn -0.0672 -0.4871 -0.8708
vn 0.0336 -0.3872 0.9214
vn -0.0000 -0.8136 0.5814
vn 0.0875 -0.2151 -0.9727
vn 0.2814 -0.9012 0.3297
vn 0.7708 -0.4391 0.4615
vn -0.0425 0.8635 -0.5026
vn -0.1738 0.8185 0.5475
vn 0.2139 0.5729 -0.7912
vn 0.6634 -0.7207 -0.2014
vn 0.0923 -0.8532 0.5134
vn 0.3241 -0.0865 -0.9421
vn -0.8768 -0.3809 0.2936
vn -0.0000 0.8997 -0.4364
vn -0.8646 0.4641 -0.1927
vn 0.9811 0.0136 -0.1929
vn 0.9596 0.1686 -0.2253
vn 0.1500 -0.7838 0.6026
vn 0.1888 -0.2808 0.9410
vn -0.6188 0.0297 0.7850
vn -0.0000 0.9115 0.4113
vn 0.8659 -0.4460 0.2267
vn -0.8129 0.5545 0.1782
vn -0.9671 -0.2285 -0.1118
vn 0.4576 0.7715 0.4420
vn 0.4987 0.7893 -0.3582
vn 0.9990 0.0223 0.0399
vn -0.2045 -0.8931 0.4006
vn 0.8806 0.3871 -0.2733
vn 0.4987 -0.7183 0.4852
vn 0.3358 -0.1458 0.9306
vn -0.5608 0.4042 0.7226
vn 0.1223 -0.8235 -0.5540
vn 0.7006 0.6634 -0.2626
vn 0.4009 0.7544 0.5198
vn -0.6893 0.1773 0.7024
vn 0.5619 0.0921 0.8221
vn 0.9398 -0.2981 0.1672
vn -0.9395 -0.2897 0.1825
vn 0.9986 0.0519 -0.0141
vn -0.7658 -0.5500 0.3333
vn 0.9396 0.3041 -0.1569
vn 0.7952 0.5482 -0.2592
vn -0.1253 -0.8571 0.4997
vn -0.7643 0.5713 -0.2991
vn -0.9403 0.3059 -0.1494
vn -0.4996 0.7755 -0.3860
vn 0.7338 -0.5713 0.3677
vn 0.1533 0.9881 -0.0144
vn -0.7873 -0.1933 0.5855
vn -0.9473 0.2394 -0.2129
vn -0.9872 -0.0780 -0.1394
vn 0.9035 -0.3931 0.1708
vn -0.9616 -0.2349 0.1419
vn 0.9986 0.0521 -0.0131
vn -0.7390 -0.5586 0.3766
vn 0.9738 0.1075 -0.2006
vn 0.6331 0.6290 -0.4511
vn 0.3394 0.0813 -0.9371
vn 0.0550 -0.5684 -0.8209
vn -0.0688 -0.4223 -0.9039
vn 0.1761 0.8677 -0.4649
vn 0.7280 -0.6778 0.1035
vn -0.6830 0.6422 -0.3481
vn 0.4949 0.6816 0.5390
vn -0.0013 -0.3163 0.9487
vn -0.2627 -0.2005 0.9438
vn -0.3487 0.9313 0.1055
vn 0.8137 0.4394 0.3805
vn -0.6525 0.7387 0.1692
vn -0.5000 -0.7536 0.4267
vn -0.6860 0.4806 -0.5464
vn 0.2512 0.6996 -0.6689
vn -0.1757 0.8683 -0.4639
vn -0.1732 0.8233 -0.5405
vn 0.9397 0.2973 -0.1690
vn -0.4997 0.7392 -0.4516
vn 0.2930 0.8106 -0.5071
vn 0.1736 0.8428 -0.5095
vn 0.3420 -0.8212 0.4568
vn -0.7833 0.5033 -0.3648
vn 0.1711 -0.8536 0.4920
vn 0.0500 -0.4622 -0.8854
vn -0.0586 -0.5073 -0.8598
vn -0.0404 -0.4207 -0.9063
vn 0.0753 -0.5377 -0.8397
vn 0.0513 0.8446 -0.5329
vn -0.4999 -0.7472 0.4379
vn 0.0513 -0.8935 0.4461
vn -0.7660 0.5598 -0.3159
vn -0.9998 -0.0109 -0.0195
vn 0.9352 0.2493 -0.2515
vn -0.7659 -0.5717 0.2942
vn 0.4787 -0.8716 0.1054
vn 0.0768 0.5347 -0.8416
vn -0.8543 0.2759 -0.4406
vn 0.8857 -0.0772 -0.4579
vn 0.0499 -0.4506 -0.8913
vn -0.0354 -0.5404 -0.8407
vn 0.0547 -0.5270 -0.8481
vn 0.0501 -0.4799 -0.8759
vn -0.1824 0.6066 0.7738
vn 0.5860 0.7660 -0.2644
vn -0.8720 0.4377 -0.2190
vn 0.4580 -0.8155 0.3540
vn -0.9584 -0.2710 0.0901
vn 0.0576 -0.5814 -0.8116
vn -0.0571 -0.5522 -0.8317
vn 0.7423 0.5595 -0.3688
vn -0.7247 0.6609 -0.1952
vn -0.9303 0.1583 -0.3308
vn 0.9931 0.1023 -0.0572
vn 0.0651 -0.5037 -0.8614
vn 0.7393 0.6304 -0.2367
vn -0.6912 0.4971 -0.5245
vn -0.7272 0.4708 -0.4996
vn 0.5906 0.6668 -0.4546
vn -0.8479 0.3005 -0.4367
vn -0.7260 0.6380 -0.2567
vn 0.6363 -0.5599 0.5307
vn 0.8953 0.3197 -0.3102
vn 0.0939 -0.4462 -0.8900
vn -0.0000 0.9990 0.0444
vn -0.5114 0.3069 -0.8027
vn 0.0177 0.6191 0.7851
vn 0.8148 0.3320 -0.4753
vn -0.0546 0.9018 0.4286
vn -0.2791 -0.6437 0.7126
vn 0.2237 -0.5181 0.8256
vn 0.0798 0.4721 0.8779
vn -0.0000 0.8931 -0.4499
vn -0.0545 0.9021 0.4280
vn 0.9536 0.2628 -0.1469
vn 0.0326 0.9973 -0.0655
vn -0.2528 0.6774 -0.6908
vn 0.2105 -0.2819 0.9361
vn 0.1237 0.4844 0.8660
vn -0.0000 0.5659 0.8245
vn -0.0000 0.2904 0.9569
vn 0.8882 0.4516 0.0849
vn 0.3964 0.8731 -0.2838
vn -0.2336 0.7522 0.6161
vn -0.0656 0.6454 0.7610
vn 0.1578 0.5433 -0.8246
vn 0.0420 0.9961 0.0773
vn 0.8141 -0.1878 0.5496
vn -0.1596 -0.2846 0.9453
vn -0.6784 -0.4232 -0.6005
vn -0.0000 0.8743 -0.4854
vn 0.1268 0.4906 0.8621
vn -0.0455 0.4261 0.9035
vn -0.0000 0.6634 0.7483
vn -0.0000 0.5646 0.8254
vn 0.1027 0.9946 -0.0122
vn 0.1013 0.9948 0.0111
vn -0.5073 0.3150 -0.8021
vn -0.0000 0.5447 0.8386
vn -0.0000 -0.9550 0.2965
vn 0.0020 0.8903 -0.4553
vn -0.1336 0.6931 0.7083
vn 0.8481 0.3237 -0.4194
vn -0.1029 0.9946 -0.0122
vn -0.1040 0.9940 -0.0327
vn -0.1027 0.4749 0.8740
vn 0.0873 0.4954 0.8643
vn -0.0656 0.6459 0.7606
vn 0.2786 -0.6438 0.7127
vn 0.0008 0.5485 0.8362
vn 0.1010 0.5195 0.8485
vn -0.0000 0.9947 0.1028
vn 0.5114 0.3069 -0.8027
vn -0.0680 0.8702 -0.4879
vn -0.0001 0.8736 -0.4867
vn -0.0243 -0.9741 0.2248
vn 0.0609 0.8041 0.5914
vn -0.0000 0.3005 0.9538
vn -0.0505 0.5604 -0.8267
vn -0.0794 -0.9593 -0.2711
vn 0.1815 0.3504 0.9189
vn 0.1351 0.6910 0.7101
vn 0.0742 0.2059 -0.9758
vn 0.2725 -0.9621 -0.0038
vn 0.9541 0.2089 0.2147
vn -0.0297 -0.6971 -0.7163
vn 0.0399 0.4705 0.8815
vn 0.2240 0.3357 -0.9150
vn 0.1982 0.7024 -0.6836
vn 0.1982 -0.7024 0.6836
vn -0.3306 0.6582 0.6764
vn -0.2679 -0.9272 -0.2620
vn 0.9101 -0.2587 0.3238
vn -0.6910 0.5559 0.4620
vn 0.9082 0.1438 0.3931
vn -0.7068 -0.3710 -0.6023
vn 0.8174 0.1555 -0.5547
vn -0.2252 -0.6543 -0.7220
vn -0.9468 -0.0491 0.3182
vn 0.2588 0.4639 0.8472
vn -0.0000 -0.5365 -0.8439
vn 0.0117 -0.0776 0.9969
vn 0.9941 0.0326 -0.1036
vn -0.5112 -0.5024 -0.6973
vn 0.4948 -0.0426 -0.8680
vn 0.1406 0.7290 0.6699
vn 0.9943 0.0258 -0.1037
vn 0.4590 0.5470 0.7001
vn -0.5090 0.6751 -0.5339
vn -0.0000 0.8903 0.4554
vn 0.8151 -0.5246 -0.2458
vn -0.8151 -0.5246 -0.2458
vn 0.1850 -0.5167 -0.8360
vn -0.9952 -0.0856 0.0479
vn 0.7030 0.1376 0.6977
vn 0.2528 -0.8444 0.4723
vn -0.0000 -0.7335 -0.6797
vn -0.8647 0.1946 0.4631
vn 0.6828 0.1065 0.7228
vn -0.7068 -0.3191 -0.6314
vn 0.2829 -0.2750 -0.9189
vn 0.7056 -0.4008 -0.5843
vn -0.1593 0.6926 -0.7035
vn -0.0297 -0.2456 -0.9689
vn 0.2205 0.8804 0.4199
vn 0.8666 0.4838 -0.1226
vn -0.0291 -0.1950 0.9804
vn 0.3084 0.8584 0.4099
vn -0.3498 0.2547 -0.9015
vn -0.2941 0.8341 -0.4666
vn 0.0741 0.1428 0.9870
vn -0.2599 -0.9292 -0.2626
vn -0.0646 -0.2714 0.9603
vn -0.2112 0.9453 0.2485
vn 0.3715 0.6654 -0.6475
vn 0.2646 -0.6726 -0.6911
vn -0.0000 -0.0136 0.9999
vn 0.0794 -0.6952 -0.7144
vn -0.0790 0.8312 -0.5503
vn -0.2085 -0.2956 0.9323
vn -0.2185 -0.9463 -0.2381
vn -0.2085 0.2956 -0.9323
vn -0.0428 0.9792 0.1983
vn -0.9479 0.1555 0.2780
vn -0.3522 0.2451 -0.9033
vn -0.2447 -0.4733 -0.8462
vn 0.0790 0.8160 0.5727
vn 0.2085 0.2956 -0.9323
vn 0.1067 0.8229 0.5581
vn -0.1982 -0.7024 0.6836
vn 0.4427 0.2084 -0.8721
vn -0.0000 -0.8084 -0.5887
vn -0.1404 -0.8641 0.4834
vn -0.0392 0.8721 -0.4878
vn -0.0442 0.8719 -0.4877
vn 0.0377 -0.8721 0.4878
vn -0.1496 0.1343 0.9796
vn -0.1158 0.2213 0.9683
vn -0.0269 0.8184 0.5741
vn -0.0495 0.8350 0.5481
vn 0.1304 -0.0779 -0.9884
vn 0.1430 0.7541 0.6410
vn -0.0603 -0.9640 0.2588
vn 0.0628 0.7695 -0.6356
vn -0.0000 -0.5693 -0.8221
vn -0.2788 0.4688 0.8381
vn 0.1457 0.7584 0.6353
vn 0.0992 -0.1771 0.9792
vn -0.2401 0.5515 0.7989
vn -0.0398 0.0006 0.9992
vn -0.0955 0.8086 0.5805
vn -0.0981 0.1740 0.9798
vn 0.0856 0.7757 0.6252
vn 0.1956 0.4788 0.8559
vn 0.1001 0.7468 0.6575
vn 0.1083 0.0781 0.9910
vn -0.1909 0.6290 0.7536
vn 0.8861 0.3492 -0.3049
vn 0.5692 0.4014 0.7175
vn 0.0385 0.8721 -0.4878
vn 0.1802 0.4136 0.8924
vn -0.0222 0.2182 0.9756
vn 0.0293 0.1222 0.9921
vn -0.0369 0.8444 0.5344
vn 0.2298 0.4751 0.8494
vn 0.8392 0.5187 0.1633
vn -0.4178 0.1349 0.8985
vn -0.0968 -0.9286 0.3583
vn -0.2347 0.8897 -0.3917
vn 0.0408 -0.8720 0.4878
vn -0.3555 0.3352 0.8725
vn 0.2052 0.5271 0.8246
vn 0.0509 0.2126 0.9758
vn 0.1836 0.4799 0.8579
vn -0.0435 0.1844 0.9819
vn -0.8484 -0.3092 0.4296
vn 0.1268 0.6788 -0.7233
vn -0.0429 -0.4848 0.8735
vn 0.1615 0.1023 0.9816
vn 0.0754 0.1389 0.9874
vn 0.2221 0.0924 0.9706
vn -0.1821 0.7348 0.6533
vn 0.9602 0.2664 0.0839
vn 0.1140 -0.7741 0.6227
vn -0.0435 0.8719 -0.4877
vn 0.0191 0.9284 -0.3710
vn -0.0000 0.1798 0.9837
vn 0.4701 0.3453 0.8123
vn -0.0899 0.4862 0.8692
vn 0.0207 0.8026 0.5961
vn 0.5624 0.4037 0.7216
vn -0.0117 0.4882 0.8727
vn -0.1352 0.7501 0.6473
vn -0.0422 0.7374 0.6741
vn -0.1114 0.6477 0.7537
vn -0.9453 0.2136 0.2465
vn -0.3816 0.5960 -0.7065
vn 0.3546 0.6244 -0.6960
vn -0.2306 -0.8090 0.5406
vn 0.9300 -0.1278 0.3447
vn -0.6375 0.0451 0.7691
vn -0.5394 0.6957 0.4744
vn 0.0005 0.4931 0.8699
vn -0.0000 0.9917 -0.1283
vn -0.6899 -0.2711 0.6712
vn 0.9277 0.1823 0.3259
vn -0.0000 0.4775 0.8787
vn -0.5280 -0.3098 0.7907
vn 0.6944 0.2634 0.6697
vn 0.6888 -0.1879 0.7002
vn -0.0000 0.9877 -0.1563
vn -0.9704 0.1179 0.2107
vn 0.4048 0.8269 -0.3905
vn -0.7231 0.4144 0.5527
vn -0.4860 0.6887 0.5381
vn 0.9241 0.1491 0.3519
vn -0.9630 0.2644 0.0524
vn -0.2269 0.9031 -0.3645
vn 0.8598 0.4286 0.2777
vn -0.9279 -0.0235 0.3721
vn -0.2064 -0.9260 0.3161
vn -0.7949 0.3803 0.4729
vn 0.3808 -0.3559 0.8534
vn -0.9850 0.0294 -0.1699
vn 0.9850 -0.1602 -0.0639
vn 0.3911 -0.7937 0.4659
vn -0.0000 -0.6283 0.7780
vn 0.3340 -0.3994 0.8538
vn -0.8607 -0.2017 0.4674
vn 0.0099 0.4922 0.8704
vn 0.3543 0.8041 0.4774
vn 0.2739 0.9427 0.1903
vn 0.2398 -0.5740 -0.7829
vn 0.8144 -0.4269 0.3930
vn -0.0021 -0.2982 -0.9545
vn -0.9747 0.0954 0.2023
vn 0.6500 0.4983 0.5737
vn -0.4685 -0.3517 -0.8104
vn 0.6077 -0.5754 0.5475
vn 0.9845 0.1082 -0.1381
vn -0.9731 -0.2201 -0.0680
vn 0.3922 -0.6743 -0.6257
vn 0.0001 0.5346 -0.8451
vn -0.2569 0.2101 -0.9433
vn -0.2521 -0.2818 -0.9258
vn 0.1065 -0.5468 -0.8304
vn -0.1280 -0.8909 -0.4359
vn -0.0818 -0.9853 0.1500
vn -0.0822 -0.9964 -0.0190
vn 0.0986 -0.5328 0.8404
vn -0.1724 -0.9726 0.1560
vn 0.0903 -0.4584 0.8842
vn 0.0011 0.8606 0.5093
vn -0.0660 -0.4803 0.8746
vn 0.1031 -0.5332 0.8397
vn -0.0000 -0.9999 0.0131
vn -0.0000 -0.9198 -0.3925
vn 0.0413 -0.5939 -0.8035
vn -0.1095 -0.4767 -0.8722
vn -0.0000 -0.3212 -0.9470
vn 0.1953 0.9325 -0.3039
vn -0.1082 -0.4951 -0.8621
vn -0.0449 0.5285 0.8477
vn -0.0678 -0.4598 0.8854
vn 0.0003 0.9998 -0.0183
vn 0.0497 0.9983 -0.0289
vn 0.0439 0.9799 -0.1947
vn -0.0000 -0.2746 -0.9615
vn -0.0000 -0.9938 0.1111
vn -0.1016 -0.3318 0.9379
vn 0.0666 -0.4689 0.8807
vn -0.0001 -0.9998 -0.0191
vn 0.3117 -0.4668 -0.8276
vn -0.0000 -0.5100 -0.8602
vn 0.3079 -0.9215 0.2367
vn 0.1276 -0.9122 -0.3893
vn -0.0000 -0.5944 -0.8042
vn 0.3366 -0.2575 -0.9058
vn -0.1226 0.8633 -0.4895
vn -0.1013 0.9457 -0.3088
vn 0.0026 0.9995 -0.0328
vn -0.0497 0.4782 -0.8769
vn 0.0446 0.9663 0.2535
vn 0.0319 0.8443 0.5349
vn 0.0723 0.9972 -0.0211
vn 0.1202 0.9900 -0.0735
vn -0.0894 0.9026 0.4211
vn -0.0547 0.9089 0.4134
vn -0.0000 0.7876 0.6162
vn 0.1064 0.8952 0.4329
vn -0.1277 0.9907 -0.0463
vn 0.0135 0.9993 0.0347
vn -0.0000 0.6071 -0.7946
vn -0.0002 0.8251 -0.5650
vn 0.0794 0.0907 0.9927
vn -0.0000 0.9754 -0.2203
vn 0.1775 0.8561 -0.4854
vn 0.2886 -0.8337 0.4708
vn -0.0000 -0.9510 0.3092
vn 0.0480 -0.4212 -0.9057
vn 0.1809 -0.5699 -0.8016
vn -0.0001 -0.6510 -0.7591
vn 0.0387 -0.9782 -0.2038
vn -0.1043 -0.8274 -0.5518
vn -0.0001 -0.5508 -0.8347
vn 0.0991 -0.5018 -0.8593
vn -0.4757 -0.0932 -0.8746
vn 0.0019 0.3248 -0.9458
vn -0.1273 -0.9917 0.0181
vn -0.0002 -0.9994 0.0341
vn -0.0497 -0.9987 -0.0119
vn -0.0390 -0.9991 -0.0164
vn -0.0446 -0.9989 0.0132
vn -0.0000 -0.6070 0.7947
vn -0.0000 0.9938 -0.1111
vn -0.0008 0.9425 -0.3343
vn 0.1195 -0.1695 -0.9783
vn 0.1046 -0.5791 -0.8085
vn 0.1177 -0.9375 -0.3274
vn 0.0087 -0.9987 -0.0508
vn -0.0230 -0.9985 0.0498
vn -0.2263 -0.5648 -0.7936
vn 0.0001 0.9998 0.0191
vn -0.0487 -0.9377 -0.3441
vn -0.0004 -0.6728 -0.7398
vn 0.2064 -0.3481 -0.9144
vn 0.2078 0.4232 -0.8819
vn -0.3103 0.9464 -0.0894
vn -0.0000 -0.6071 0.7946
vn 0.0002 -0.9506 0.3103
vn -0.0230 -0.9997 -0.0119
vn -0.1881 -0.9816 0.0321
vn 0.0087 -0.9994 -0.0329
vn 0.0941 -0.9913 0.0919
vn -0.0406 -0.9983 -0.0425
vn -0.0617 -0.9966 0.0538
vn 0.0450 -0.9984 0.0329
vn -0.0446 -0.9973 0.0575
vn -0.0000 -0.4954 0.8687
vn -0.0000 -0.6072 0.7946
vn -0.0028 -0.9985 -0.0542
vn 0.0422 -0.9775 -0.2066
vn 0.0708 -0.9707 -0.2298
vn -0.0320 -0.9984 0.0467
vn 0.0002 -0.8250 0.5652
vn 0.0154 -0.5129 -0.8583
vn 0.0690 -0.5246 -0.8485
vn -0.0927 -0.5483 -0.8311
vn 0.0915 -0.5772 -0.8115
vn -0.0295 -0.6104 -0.7915
vn 0.0208 -0.5892 -0.8077
vn 0.2253 -0.0871 -0.9704
vn 0.1190 -0.4178 -0.9007
vn -0.3124 -0.4298 -0.8472
vn -0.0137 -0.0906 -0.9958
vn -0.1329 0.7922 -0.5956
vn -0.0591 -0.5439 0.8371
vn -0.2866 -0.1979 0.9374
vn 0.0025 1.0000 0.0066
vn 0.0286 0.5498 -0.8348
vn -0.4700 0.8345 -0.2876
vn 0.0291 0.4580 -0.8885
vn 0.0233 0.3039 -0.9524
vn -0.0280 -0.3691 -0.9290
vn 0.0115 -0.5332 -0.8459
vn -0.0193 -0.7250 -0.6885
vn -0.2060 -0.7672 -0.6075
vn 0.0123 -0.3887 -0.9213
vn -0.1001 -0.4775 -0.8729
vn 0.0126 0.5405 -0.8413
vn 0.1193 0.5587 -0.8208
vn 0.0173 -0.4698 0.8826
vn -0.0296 -0.5316 -0.8465
vn -0.0254 0.4583 -0.8884
vn 0.0707 0.9975 -0.0025
vn 0.1057 -0.9310 0.3493
vn 0.1013 -0.9943 0.0342
vn 0.0702 -0.9975 -0.0119
vn 0.0756 -0.9909 -0.1113
vn -0.0058 -0.6061 0.7953
vn -0.1033 -0.2782 0.9550
vn 0.0001 1.0000 0.0069
vn -0.0438 0.9990 0.0099
vn -0.1055 -0.1726 -0.9793
vn -0.1061 -0.5592 -0.8222
vn 0.0064 -0.9623 -0.2720
vn 0.1393 -0.9484 0.2849
vn 0.1054 0.4603 -0.8815
vn 0.0532 -0.9897 0.1327
vn 0.1230 -0.9600 -0.2515
vn 0.2069 -0.5668 -0.7975
vn -0.1647 -0.8333 -0.5277
vn -0.0435 -0.9071 -0.4186
vn -0.1808 -0.3210 -0.9297
vn -0.0972 0.1550 -0.9831
vn 0.4205 0.8469 -0.3256
vn 0.0662 -0.9975 -0.0242
vn -0.0225 -0.9986 -0.0488
vn -0.0728 -0.9971 -0.0240
vn -0.0223 -0.9975 -0.0673
vn -0.0679 -0.9738 0.2170
vn -0.0834 -0.4831 0.8716
vn 0.1076 -0.6081 0.7865
vn 0.0728 -0.4988 0.8637
vn -0.2620 -0.9568 -0.1258
vn 0.0177 -0.9670 -0.2542
vn -0.2032 -0.7872 -0.5823
vn 0.0048 -0.8752 -0.4837
vn 0.1345 -0.8762 -0.4629
vn -0.0877 -0.9957 0.0304
vn -0.0546 -0.9960 0.0710
vn -0.0223 -0.6587 0.7521
vn 0.0856 -0.8460 0.5262
vn -0.0860 -0.5083 -0.8569
vn 0.0731 -0.4755 -0.8767
vn -0.1087 -0.5004 -0.8590
vn 0.0884 -0.3849 -0.9187
vn -0.1255 -0.6145 -0.7789
vn 0.0866 -0.5446 -0.8342
vn -0.0179 -0.5524 -0.8334
vn -0.1082 -0.3893 -0.9147
vn 0.0233 0.0251 -0.9994
vn -0.0057 -0.8836 0.4683
vn 0.1654 -0.8601 0.4826
vn 0.0285 0.8311 -0.5554
vn 0.3819 0.6982 -0.6055
vn -0.0703 0.9313 -0.3574
vn -0.2182 0.4926 -0.8425
vn -0.1352 0.3134 -0.9400
vn 0.3494 0.2209 -0.9106
vn 0.1687 0.3112 -0.9353
vn -0.0316 -0.9861 0.1630
vn -0.0724 -0.9973 0.0116
vn -0.1073 -0.9030 0.4160
vn -0.1033 0.5036 -0.8577
vn 0.2277 -0.5852 -0.7783
vn 0.1033 -0.4837 -0.8691
vn 0.1481 -0.9079 -0.3921
vn -0.0024 -0.9959 0.0906
vn 0.0372 -0.9988 -0.0322
vn 0.0493 -0.9988 0.0064
vn -0.0219 -0.9041 -0.4269
vn -0.0048 -0.6234 -0.7819
vn 0.0710 -0.4813 -0.8737
vn -0.0218 -0.2838 -0.9586
vn 0.2642 -0.5266 -0.8080
vn -0.0833 -0.9965 0.0025
vn 0.0027 -0.4542 -0.8909
vn 0.0840 -0.9965 0.0024
vn 0.0942 -0.6252 -0.7748
vn -0.0001 -1.0000 0.0091
vn 0.0746 -0.9313 0.3566
vn -0.0636 0.9653 0.2534
vn -0.0271 -0.9996 0.0060
vn -0.2487 -0.4804 -0.8411
vn 0.0134 -0.5317 -0.8468
vn -0.0707 -0.9975 0.0061
vn -0.1597 -0.9101 -0.3825
vn -0.1593 -0.5495 -0.8201
vn -0.2787 -0.2366 -0.9308
vn -0.0534 0.9984 0.0191
vn -0.0919 -0.5293 -0.8434
vn 0.0346 -0.4918 -0.8700
vn -0.0638 0.9698 0.2355
vn -0.0702 0.9921 -0.1043
vn -0.0338 -0.5025 0.8639
vn -0.0097 -0.5063 0.8623
vn 0.8629 -0.5039 0.0382
vn -0.5108 0.7490 0.4220
vn 0.9771 0.2054 0.0552
vn -0.8220 0.4904 0.2895
vn 0.3189 0.6484 0.6913
vn -0.9102 -0.3267 -0.2544
vn 0.9954 -0.0961 0.0036
vn -0.9943 0.0896 -0.0571
vn 0.4639 -0.2556 -0.8482
vn -0.3509 0.9131 -0.2076
vn -0.2942 -0.9466 0.1322
vn 0.3163 -0.9294 -0.1902
vn -0.5373 0.4956 0.6824
vn 0.9988 0.0334 -0.0367
vn 0.9638 0.2366 -0.1231
vn -0.2043 -0.6925 0.6919
vn 0.2032 0.9564 -0.2098
vn -0.5366 0.7782 -0.3263
vn 0.6737 0.7390 0.0014
vn 0.2791 0.6026 -0.7476
vn -0.4036 -0.7656 -0.5009
vn 0.4202 0.7733 0.4748
vn 0.6980 0.0495 -0.7144
vn -0.8113 -0.5344 -0.2371
vn 0.2111 -0.9690 0.1287
vn 0.7298 0.0765 0.6794
vn 0.3049 -0.8959 0.3232
vn -0.0917 -0.1859 -0.9783
vn 0.6602 -0.4056 0.6321
vn 0.7870 0.4428 0.4296
vn 0.9015 0.3142 0.2978
vn 0.6984 0.2445 0.6727
vn 0.5706 0.0027 -0.8212
vn -0.9653 0.2007 -0.1669
vn 0.6635 0.4237 0.6166
vn 0.0024 0.9644 -0.2643
vn 0.0024 0.7556 -0.6551
vn -0.0000 0.3160 -0.9487
vn 0.0024 -0.2643 -0.9644
vn -0.0000 -0.7556 -0.6551
vn -0.0023 -0.9487 0.3160
vn 0.0024 -0.6551 0.7556
vn -0.0023 -0.7556 0.6551
vn 0.0024 -0.3160 0.9487
vn -0.0023 0.1249 0.9922
vn -0.0023 0.9644 0.2643
vn -0.0000 -0.7730 0.6344
vn -0.0951 -0.2890 0.9526
vn 0.0951 -0.0976 0.9907
vn 0.2294 -0.6376 -0.7354
vn -0.0951 0.2890 0.9526
vn -0.0953 -0.6521 -0.7521
vn 0.0953 0.7521 0.6521
vn -0.0000 -0.9943 -0.1068
vn 0.0953 0.8903 -0.4454
vn -0.1094 -0.9862 -0.1241
vn -0.0000 0.8689 -0.4951
vn 0.0951 -0.9526 0.2890
vn 0.0953 0.4928 -0.8649
vn -0.0951 0.6315 -0.7695
vn -0.0951 0.9907 0.0976
vn -0.0951 -0.8779 0.4693
vn -0.0023 -0.4951 0.8689
vn -0.0023 -0.6133 0.7899
vn 0.0024 -0.1249 0.9922
vn -0.0065 -0.5542 0.8324
vn -0.0023 0.4307 0.9025
vn 0.0024 0.4474 0.8943
vn -0.0024 0.9952 -0.0980
vn 0.0024 0.3160 -0.9487
vn -0.0023 0.2643 -0.9644
vn -0.0024 -0.9952 -0.0980
vn -0.0953 -0.6105 0.7863
vn -0.0951 -0.0976 0.9907
vn 0.2084 0.0959 0.9733
vn 0.0953 0.6105 0.7863
vn -0.0951 0.0976 -0.9907
vn 0.0953 -0.4454 -0.8903
vn -0.0000 -0.9994 -0.0338
vn 0.0853 -0.3099 0.9469
vn -0.0951 -0.8779 -0.4693
vn -0.3166 -0.8242 0.4696
vn -0.0000 -0.2879 0.9577
vn -0.0023 -0.2358 0.9718
vn -0.0000 0.4736 0.8808
vn -0.0023 0.3439 0.9390
vn -0.0000 0.8831 0.4692
vn 0.0024 0.9919 -0.1273
vn -0.0000 0.9881 -0.1541
vn 0.0024 0.7714 -0.6363
vn 0.0024 0.2879 -0.9576
vn -0.0000 0.4208 -0.9071
vn -0.0024 0.0686 -0.9976
vn 0.0024 -0.4736 -0.8808
vn 0.0024 -0.8831 -0.4692
vn 0.0024 -0.9919 0.1273
vn -0.0000 -0.9480 0.3184
vn -0.0953 0.3423 0.9347
vn -0.1377 -0.3627 -0.9217
vn 0.3215 0.7494 0.5789
vn 0.0951 0.8914 0.4432
vn -0.0951 -0.6539 -0.7506
vn -0.0951 -0.9607 -0.2608
vn -0.0953 0.9836 -0.1534
vn -0.0000 0.7715 -0.6363
vn -0.3370 0.7099 -0.6185
vn 0.0951 -0.9437 0.3169
vn 0.0951 -0.0683 0.9931
vn 0.0951 -0.7506 0.6539
vn -0.0000 -0.7540 0.6569
vn -0.0953 0.4189 -0.9030
vn -0.0951 -0.6086 0.7878
vn 0.0024 0.8954 0.4452
vn -0.0023 0.9071 0.4208
vn -0.0000 0.9949 -0.1005
vn 0.0024 0.8808 -0.4736
vn -0.0023 -0.1541 -0.9881
vn 0.0024 -0.6363 -0.7714
vn 0.0024 -0.4692 0.8831
vn 0.0024 -0.0686 0.9976
vn -0.0023 0.1541 0.9881
vn -0.0000 0.6363 0.7715
vn 0.0024 0.8831 0.4692
vn -0.0951 0.8637 -0.4949
vn -0.0000 -0.9919 0.1273
vn 0.0951 0.7506 -0.6539
vn -0.3092 0.3814 -0.8712
vn -0.0951 0.4432 -0.8914
vn -0.0951 -0.7506 0.6539
vn 0.0953 -0.1000 -0.9904
vn 0.0953 -0.2866 0.9533
vn -0.0951 -0.3169 -0.9437
vn -0.0000 -0.0686 0.9976
vn -0.0000 -0.3439 -0.9390
vn 0.0953 0.2913 0.9519
vn -0.0953 0.9946 0.0415
vn 0.0951 -0.9607 -0.2608
vn -0.0951 0.6539 0.7506
vn -0.0000 0.8808 -0.4736
vn -0.0023 -0.9719 -0.2352
vn 0.0024 -0.9560 0.2932
vn -0.0023 -0.8536 0.5210
vn 0.0024 -0.0950 0.9955
vn -0.0000 -0.0680 0.9977
vn -0.0023 -0.0410 0.9992
vn -0.0000 0.4741 0.8805
vn 0.0024 0.8957 0.4446
vn -0.0000 0.9652 0.2614
vn -0.0023 0.9719 0.2352
vn -0.0000 0.7711 -0.6368
vn 0.0024 0.4687 -0.8834
vn -0.0024 0.0680 -0.9977
vn -0.0024 -0.4977 -0.8673
vn 0.0024 -0.7749 -0.6320
vn -0.0000 0.8673 -0.4977
vn -0.0000 0.7536 -0.6574
vn -0.0000 -0.2614 0.9652
vn -0.0951 0.7502 -0.6544
vn -0.0000 -0.0950 0.9955
vn 0.0951 -0.0677 0.9932
vn -0.0951 0.1273 0.9873
vn -0.0951 0.2602 -0.9609
vn -0.0000 -0.4369 -0.8995
vn -0.0951 -0.9932 -0.0677
vn 0.0953 -0.6339 -0.7676
vn -0.0000 -0.9918 0.1279
vn -0.0000 -0.9560 0.2932
vn -0.0000 -0.6574 -0.7536
vn 0.0951 0.9609 0.2602
vn 0.0953 -0.8765 0.4719
vn -0.0935 -0.5668 -0.8186
vn -0.0951 0.9932 0.0677
vn -0.3618 -0.9251 0.1153
vn -0.0953 -0.8497 0.5186
vn 0.0951 -0.9609 -0.2602
vn -0.0000 -0.9652 -0.2614
vn -0.0023 -0.5626 -0.8268
vn -0.0000 -0.9055 -0.4244
vn -0.0023 -0.8361 -0.5485
vn -0.0024 -0.9998 -0.0186
vn 0.0024 -0.9404 0.3401
vn -0.0000 -0.9308 0.3654
vn 0.0024 -0.8417 0.5400
vn -0.0000 -0.7011 0.7130
vn -0.0024 -0.3998 0.9166
vn -0.0000 -0.0456 0.9990
vn 0.0024 -0.0186 0.9998
vn -0.0023 0.8361 0.5485
vn -0.0000 0.9887 -0.1501
vn 0.0024 0.9842 -0.1768
vn -0.0024 0.7201 -0.6938
vn 0.0024 0.0186 -0.9998
vn 0.0024 -0.5171 -0.8559
vn -0.0000 -0.9404 0.3401
vn -0.0680 -0.9846 -0.1612
vn -0.0910 -0.9952 -0.0352
vn 0.1581 -0.5528 0.8182
vn -0.0000 0.9998 0.0186
vn -0.2848 -0.8314 0.4771
vn -0.0000 0.9842 -0.1768
vn -0.0000 -0.5129 0.8584
vn -0.2808 -0.6912 0.6659
vn 0.0953 0.8521 -0.5147
vn -0.0953 -0.6979 0.7098
vn 0.0953 -0.2385 0.9664
vn -0.0951 0.8378 -0.5376
vn 0.0953 0.5902 -0.8016
vn -0.0000 -0.2133 0.9770
vn -0.0000 0.7011 -0.7130
vn 0.0953 0.3386 0.9361
vn -0.0937 -0.4530 -0.8866
vn 0.0953 0.0454 -0.9944
vn -0.2604 -0.8515 -0.4551
vn -0.0000 0.0186 -0.9998
vn 0.0849 -0.9830 0.1630
vn 0.0715 -0.9879 0.1375
vn -0.0951 -0.1760 -0.9798
vn -0.0951 0.9124 0.3980
vt 0.351150 0.307490
vt 0.631220 0.713840
vt 0.263150 0.094730
vt 0.631190 0.724840
vt 0.253040 0.094730
vt 0.631150 0.735830
vt 0.242930 0.094730
vt 0.631110 0.746830
vt 0.232820 0.094730
vt 0.631080 0.757830
vt 0.222710 0.094730
vt 0.000970 0.779820
vt 0.121590 0.113440
vt 0.630900 0.812810
vt 0.415760 0.351960
vt 0.630750 0.856800
vt 0.131700 0.094730
vt 0.000640 0.878790
vt 0.212590 0.113440
vt 0.000610 0.889790
vt 0.222710 0.113440
vt 0.630570 0.911780
vt 0.081140 0.094730
vt 0.630540 0.922780
vt 0.071030 0.094730
vt 0.000500 0.922780
vt 0.253040 0.113440
vt 0.000460 0.933780
vt 0.263150 0.113440
vt 0.290780 0.341280
vt 0.071030 0.113440
vt 0.000430 0.944770
vt 0.273260 0.113440
vt 0.630390 0.966770
vt 0.030580 0.094730
vt 0.630360 0.977760
vt 0.020470 0.094730
vt 0.631370 0.669850
vt 0.303600 0.094730
vt 0.631330 0.680850
vt 0.293490 0.094730
vt 0.631290 0.691850
vt 0.333400 0.316980
vt 0.283380 0.094730
vt 0.000350 0.966770
vt 0.293490 0.113440
vt 0.000320 0.977760
vt 0.303600 0.113440
vt 0.630970 0.790820
vt 0.192370 0.094730
vt 0.631010 0.779820
vt 0.202480 0.094730
vt 0.630680 0.878790
vt 0.111470 0.094730
vt 0.316770 0.371820
vt 0.020470 0.094730
vt 0.000280 0.988760
vt 0.313710 0.113440
vt 0.630650 0.889790
vt 0.101360 0.094730
vt 0.630610 0.900780
vt 0.091250 0.094730
vt 0.631260 0.702840
vt 0.342620 0.312870
vt 0.630320 0.988760
vt 0.010360 0.094730
vt 0.000570 0.900780
vt 0.232820 0.113440
vt 0.001180 0.713840
vt 0.060920 0.113440
vt 0.323820 0.113440
vt 0.000250 0.999760
vt 0.001400 0.647860
vt 0.000240 0.113440
vt 0.222480 0.363260
vt 0.000860 0.812810
vt 0.151920 0.113440
vt 0.001360 0.658860
vt 0.010360 0.113440
vt 0.001150 0.724840
vt 0.071030 0.113440
vt 0.000820 0.823810
vt 0.218740 0.372290
vt 0.631400 0.658860
vt 0.313710 0.094730
vt 0.001330 0.669850
vt 0.020470 0.113440
vt 0.630860 0.823810
vt 0.415760 0.361740
vt 0.001110 0.735830
vt 0.081140 0.113440
vt 0.000790 0.834800
vt 0.215130 0.381710
vt 0.172150 0.113440
vt 0.001290 0.680850
vt 0.030580 0.113440
vt 0.630500 0.933780
vt 0.060920 0.094730
vt 0.361070 0.305520
vt 0.253040 0.094730
vt 0.000750 0.845800
vt 0.182260 0.113440
vt 0.000710 0.856800
vt 0.192370 0.113440
vt 0.001220 0.702840
vt 0.050800 0.113440
vt 0.000930 0.790820
vt 0.131700 0.113440
vt 0.630430 0.955770
vt 0.040690 0.094730
vt 0.000680 0.867790
vt 0.202480 0.113440
vt 0.001000 0.768820
vt 0.111480 0.113440
vt 0.183330 0.328390
vt 0.111480 0.131240
vt 0.018850 0.413230
vt 0.081140 0.112520
vt 0.631040 0.768820
vt 0.212590 0.094730
vt 0.056630 0.322020
vt 0.212590 0.112520
vt 0.000530 0.911780
vt 0.242930 0.113440
vt 0.153960 0.425210
vt 0.253040 0.131240
vt 0.191740 0.334010
vt 0.121590 0.131240
vt 0.027260 0.418850
vt 0.071030 0.112520
vt 0.000930 0.790820
vt 0.131700 0.113440
vt 0.630470 0.944770
vt 0.050800 0.094730
vt 0.351150 0.307490
vt 0.263150 0.094730
vt 0.036600 0.422720
vt 0.091450 0.340630
vt 0.060920 0.112520
vt 0.253040 0.112520
vt 0.630930 0.801810
vt 0.413850 0.342370
vt 0.182260 0.094730
vt 0.036600 0.324000
vt 0.192370 0.112520
vt 0.134700 0.419370
vt 0.134700 0.328390
vt 0.273260 0.131240
vt 0.060920 0.131240
vt 0.000890 0.801810
vt 0.141810 0.113440
vt 0.046520 0.424690
vt 0.097070 0.349040
vt 0.050800 0.112520
vt 0.263150 0.112520
vt 0.027260 0.327860
vt 0.182260 0.112520
vt 0.000390 0.955770
vt 0.283380 0.113440
vt 0.119140 0.406600
vt 0.293490 0.131240
vt 0.415490 0.371820
vt 0.630830 0.834800
vt 0.151920 0.094730
vt 0.113520 0.398190
vt 0.303600 0.131240
vt 0.210350 0.378930
vt 0.172150 0.131240
vt 0.002220 0.358380
vt 0.141810 0.112520
vt 0.208370 0.388850
vt 0.182260 0.131240
vt 0.630790 0.845800
vt 0.141810 0.094730
vt 0.000240 0.368300
vt 0.131700 0.112520
vt 0.204500 0.398190
vt 0.192370 0.131240
vt 0.630290 0.999760
vt 0.631440 0.647860
vt 0.000240 0.094730
vt 0.323820 0.094730
vt 0.097070 0.397670
vt 0.313710 0.112520
vt 0.000240 0.378410
vt 0.121590 0.112520
vt 0.097070 0.349040
vt 0.263150 0.112520
vt 0.107680 0.378930
vt 0.323820 0.131240
vt 0.000240 0.131240
vt 0.107680 0.368820
vt 0.010360 0.131240
vt 0.144040 0.324520
vt 0.071030 0.131240
vt 0.630720 0.867790
vt 0.121590 0.094730
vt 0.084300 0.333480
vt 0.242930 0.112520
vt 0.091450 0.340630
vt 0.253040 0.112520
vt 0.002220 0.388330
vt 0.075890 0.418850
vt 0.111470 0.112520
vt 0.020470 0.112520
vt 0.001070 0.746830
vt 0.091250 0.113440
vt 0.164070 0.322540
vt 0.091250 0.131240
vt 0.102910 0.378410
vt 0.293490 0.112520
vt 0.001250 0.691850
vt 0.040690 0.113440
vt 0.001040 0.757830
vt 0.101360 0.113440
vt 0.102910 0.368300
vt 0.283380 0.112520
vt 0.011700 0.406080
vt 0.091250 0.112520
vt 0.066550 0.324000
vt 0.222710 0.112520
vt 0.051580 0.373360
vt 0.119140 0.341160
vt 0.040690 0.131240
vt 0.159010 0.373880
vt 0.164070 0.425210
vt 0.242930 0.131240
vt 0.173990 0.423240
vt 0.232820 0.131240
vt 0.173990 0.324520
vt 0.101360 0.131240
vt 0.046520 0.322020
vt 0.202480 0.112520
vt 0.144040 0.423240
vt 0.144040 0.324520
vt 0.263150 0.131240
vt 0.071030 0.131240
vt 0.198890 0.341160
vt 0.131700 0.131240
vt 0.204500 0.349560
vt 0.141810 0.131240
vt 0.056630 0.424690
vt 0.040690 0.112520
vt 0.126290 0.413750
vt 0.283380 0.131240
vt 0.208370 0.358910
vt 0.204500 0.398190
vt 0.151920 0.131240
vt 0.192370 0.131240
vt 0.066550 0.422720
vt 0.030580 0.112520
vt 0.075890 0.418850
vt 0.020470 0.112520
vt 0.006090 0.349040
vt 0.151920 0.112520
vt 0.084300 0.413230
vt 0.010360 0.112520
vt 0.109650 0.388850
vt 0.313710 0.131240
vt 0.323820 0.112520
vt 0.091450 0.406080
vt 0.000240 0.112520
vt 0.134700 0.328390
vt 0.060920 0.131240
vt 0.198890 0.406600
vt 0.202480 0.131240
vt 0.100940 0.388330
vt 0.303600 0.112520
vt 0.109650 0.358910
vt 0.020470 0.131240
vt 0.153960 0.322540
vt 0.081140 0.131240
vt 0.006090 0.397670
vt 0.101360 0.112520
vt 0.075890 0.327860
vt 0.232820 0.112520
vt 0.113520 0.349560
vt 0.030580 0.131240
vt 0.183330 0.419370
vt 0.222710 0.131240
vt 0.866240 0.059910
vt 0.894880 0.060460
vt 0.869780 0.059860
vt 0.873340 0.059840
vt 0.887680 0.060390
vt 0.891300 0.060460
vt 0.870620 0.048600
vt 0.868780 0.048610
vt 0.062910 0.316490
vt 0.062910 0.318460
vt 0.884070 0.060230
vt 0.876890 0.059900
vt 0.880470 0.060050
vt 0.892670 0.049140
vt 0.062910 0.290760
vt 0.887190 0.048940
vt 0.062910 0.295370
vt 0.878000 0.048660
vt 0.062910 0.298020
vt 0.885350 0.048880
vt 0.062910 0.307250
vt 0.866940 0.048630
vt 0.062910 0.321100
vt 0.894500 0.049220
vt 0.062910 0.288780
vt 0.872470 0.048590
vt 0.062910 0.309230
vt 0.876160 0.048630
vt 0.062910 0.313840
vt 0.925230 0.268450
vt 0.925230 0.262690
vt 0.049750 0.309230
vt 0.049750 0.313840
vt 0.925230 0.271750
vt 0.049750 0.316490
vt 0.049750 0.318460
vt 0.925230 0.274210
vt 0.925230 0.248710
vt 0.922300 0.256930
vt 0.049750 0.307250
vt 0.049750 0.298020
vt 0.927820 0.248710
vt 0.925230 0.260230
vt 0.925230 0.237190
vt 0.049750 0.288780
vt 0.049750 0.321100
vt 0.925230 0.277510
vt 0.925230 0.233890
vt 0.049750 0.290760
vt 0.049750 0.295370
vt 0.927820 0.245410
vt 0.925230 0.239650
vt 0.922300 0.245410
vt 0.623350 0.415380
vt 0.925230 0.245410
vt 0.922300 0.242950
vt 0.623350 0.418600
vt 0.922300 0.268450
vt 0.922300 0.271750
vt 0.623350 0.447570
vt 0.623350 0.444350
vt 0.922300 0.274210
vt 0.623350 0.450790
vt 0.919640 0.256930
vt 0.623350 0.431480
vt 0.623350 0.434700
vt 0.922300 0.260230
vt 0.922300 0.277510
vt 0.623350 0.454010
vt 0.922300 0.233890
vt 0.623350 0.405720
vt 0.922300 0.265990
vt 0.623350 0.441130
vt 0.922300 0.262690
vt 0.623350 0.437920
vt 0.922300 0.248710
vt 0.922300 0.254470
vt 0.623350 0.421820
vt 0.623350 0.428260
vt 0.623350 0.408940
vt 0.922300 0.237190
vt 0.922300 0.239650
vt 0.623350 0.412160
vt 0.918020 0.141520
vt 0.586630 0.428260
vt 0.586630 0.421820
vt 0.918010 0.135860
vt 0.918040 0.144350
vt 0.030810 0.007690
vt 0.586630 0.415380
vt 0.586630 0.418600
vt 0.921630 0.147150
vt 0.033150 0.007690
vt 0.586630 0.408940
vt 0.586630 0.412160
vt 0.918080 0.150010
vt 0.918140 0.155670
vt 0.918110 0.118880
vt 0.586630 0.441130
vt 0.586630 0.444350
vt 0.918060 0.124540
vt 0.586630 0.447570
vt 0.586630 0.450790
vt 0.918140 0.116050
vt 0.773480 0.017670
vt 0.586630 0.405720
vt 0.586630 0.454010
vt 0.921760 0.113270
vt 0.921720 0.155620
vt 0.978630 0.104920
vt 0.034780 0.535400
vt 0.978630 0.087250
vt 0.781530 0.086490
vt 0.586630 0.431480
vt 0.586630 0.437920
vt 0.921630 0.124570
vt 0.921590 0.133040
vt 0.034780 0.537170
vt 0.978630 0.090790
vt 0.784300 0.086490
vt 0.033150 0.004590
vt 0.029500 0.519400
vt 0.034780 0.524730
vt 0.421030 0.371260
vt 0.421030 0.375580
vt 0.228260 0.497950
vt 0.969710 0.112000
vt 0.036290 0.004590
vt 0.800920 0.086490
vt 0.770460 0.086490
vt 0.978620 0.073110
vt 0.961000 0.023120
vt 0.029500 0.535400
vt 0.029500 0.526510
vt 0.009180 0.025160
vt 0.421030 0.385660
vt 0.421030 0.377020
vt 0.219720 0.497950
vt 0.223990 0.497950
vt 0.968890 0.031930
vt 0.029500 0.537170
vt 0.969710 0.083720
vt 0.034780 0.517620
vt 0.008330 0.026770
vt 0.421030 0.369820
vt 0.421030 0.387100
vt 0.217590 0.497950
vt 0.215460 0.497950
vt 0.773090 0.016230
vt 0.795380 0.086490
vt 0.969620 0.018760
vt 0.969710 0.101400
vt 0.228260 0.485130
vt 0.217590 0.485130
vt 0.226120 0.485130
vt 0.223990 0.485130
vt 0.213330 0.485130
vt 0.873430 0.078090
vt 0.877080 0.077990
vt 0.869860 0.078260
vt 0.892210 0.078900
vt 0.866270 0.078340
vt 0.889140 0.094330
vt 0.885580 0.094040
vt 0.235490 0.357110
vt 0.235700 0.360690
vt 0.884640 0.078330
vt 0.888460 0.078660
vt 0.880820 0.078070
vt 0.878460 0.094250
vt 0.235620 0.364270
vt 0.874850 0.094540
vt 0.882030 0.094020
vt 0.234940 0.371530
vt 0.249900 0.375450
vt 0.249860 0.349410
vt 0.867470 0.094610
vt 0.234720 0.375210
vt 0.871170 0.094700
vt 0.892740 0.094790
vt 0.235110 0.353490
vt 0.249900 0.353050
vt 0.249940 0.371840
vt 0.249970 0.364400
vt 0.263850 0.375400
vt 0.263860 0.349480
vt 0.263860 0.353110
vt 0.249950 0.360590
vt 0.249940 0.356790
vt 0.263890 0.368120
vt 0.263870 0.371790
vt 0.290150 0.349960
vt 0.309570 0.067700
vt 0.290080 0.375040
vt 0.289950 0.353580
vt 0.309670 0.089610
vt 0.263900 0.364380
vt 0.263870 0.356800
vt 0.263880 0.360570
vt 0.289610 0.367830
vt 0.289860 0.371420
vt 0.289460 0.364270
vt 0.309460 0.071300
vt 0.309450 0.078540
vt 0.285180 0.067590
vt 0.285160 0.092990
vt 0.285260 0.063920
vt 0.285270 0.089360
vt 0.285300 0.074970
vt 0.285210 0.071300
vt 0.262710 0.067460
vt 0.262800 0.092960
vt 0.262730 0.063670
vt 0.262590 0.089280
vt 0.285370 0.085780
vt 0.285390 0.078600
vt 0.262550 0.075060
vt 0.262660 0.071300
vt 0.887840 0.157720
vt 0.251840 0.067160
vt 0.251530 0.093780
vt 0.912830 0.157300
vt 0.262420 0.078680
vt 0.262430 0.085720
vt 0.262350 0.082210
vt 0.251020 0.074560
vt 0.909260 0.157240
vt 0.902230 0.158140
vt 0.251580 0.070830
vt 0.250450 0.078360
vt 0.917100 0.134050
vt 0.891030 0.133890
vt 0.250870 0.089980
vt 0.891480 0.158220
vt 0.898270 0.133780
vt 0.894610 0.133810
vt 0.902050 0.133810
vt 0.909770 0.134020
vt 0.913490 0.134060
vt 0.909830 0.122910
vt 0.913520 0.122830
vt 0.890990 0.122690
vt 0.894610 0.122800
vt 0.902140 0.122960
vt 0.898310 0.122900
vt 0.906010 0.122960
vt 0.887390 0.122610
vt 0.917100 0.122720
vt 0.905880 0.113390
vt 0.898840 0.112950
vt 0.468300 0.473870
vt 0.468690 0.480720
vt 0.459170 0.469710
vt 0.459420 0.465990
vt 0.468760 0.470420
vt 0.909350 0.113050
vt 0.912880 0.112500
vt 0.469420 0.466900
vt 0.459680 0.462380
vt 0.459630 0.492050
vt 0.469990 0.463390
vt 0.469990 0.491440
vt 0.916400 0.112050
vt 0.887970 0.111710
vt 0.459530 0.488510
vt 0.459340 0.484930
vt 0.438960 0.466040
vt 0.439010 0.492040
vt 0.438860 0.462420
vt 0.439050 0.488450
vt 0.459030 0.473560
vt 0.459160 0.481260
vt 0.459060 0.477450
vt 0.439110 0.484870
vt 0.439260 0.477460
vt 0.439200 0.481230
vt 0.439090 0.469750
vt 0.439200 0.473580
vt 0.417480 0.487890
vt 0.007080 0.083360
vt 0.417500 0.463360
vt 0.417760 0.484290
vt 0.007090 0.061430
vt 0.030730 0.079950
vt 0.030750 0.083640
vt 0.030680 0.057700
vt 0.030640 0.064940
vt 0.030660 0.061310
vt 0.030620 0.068640
vt 0.030680 0.076200
vt 0.030640 0.072420
vt 0.417980 0.466910
vt 0.007740 0.076050
vt 0.007420 0.079700
vt 0.418440 0.470380
vt 0.055440 0.079550
vt 0.055610 0.083200
vt 0.055630 0.057810
vt 0.055480 0.065130
vt 0.055600 0.061490
vt 0.055350 0.068740
vt 0.593520 0.159260
vt 0.078460 0.061360
vt 0.078790 0.065010
vt 0.597210 0.159560
vt 0.055280 0.072330
vt 0.055310 0.075930
vt 0.578950 0.179970
vt 0.582580 0.180030
vt 0.078470 0.083280
vt 0.578770 0.159380
vt 0.078810 0.079650
vt 0.078320 0.057710
vt 0.575130 0.159650
vt 0.600870 0.159740
vt 0.589740 0.180000
vt 0.593320 0.179960
vt 0.586170 0.180040
vt 0.582440 0.159090
vt 0.589820 0.159000
vt 0.079140 0.076000
vt 0.079130 0.068670
vt 0.586110 0.158930
vt 0.604310 0.180020
vt 0.575290 0.179890
vt 0.578630 0.198880
vt 0.600620 0.179950
vt 0.596950 0.179930
vt 0.604270 0.198850
vt 0.574890 0.198760
vt 0.600630 0.198820
vt 0.593450 0.198890
vt 0.597020 0.198840
vt 0.589840 0.198950
vt 0.582390 0.198980
vt 0.237820 0.326700
vt 0.578600 0.216660
vt 0.237480 0.330240
vt 0.582280 0.216480
vt 0.255760 0.304760
vt 0.255750 0.308390
vt 0.255700 0.330790
vt 0.236200 0.312230
vt 0.600850 0.217500
vt 0.597130 0.217680
vt 0.236280 0.308430
vt 0.255750 0.315470
vt 0.255740 0.311900
vt 0.589650 0.217080
vt 0.237690 0.323120
vt 0.593380 0.217500
vt 0.236580 0.315950
vt 0.585950 0.216650
vt 0.255760 0.319160
vt 0.255730 0.326910
vt 0.255760 0.323010
vt 0.278150 0.330320
vt 0.278360 0.333990
vt 0.278290 0.308690
vt 0.278030 0.315840
vt 0.277880 0.319380
vt 0.278190 0.312290
vt 0.926610 0.340660
vt 0.919010 0.340210
vt 0.301060 0.312210
vt 0.301450 0.319560
vt 0.277940 0.326630
vt 0.277830 0.322960
vt 0.300340 0.330310
vt 0.907740 0.341440
vt 0.908300 0.360410
vt 0.904570 0.360440
vt 0.929810 0.360370
vt 0.300270 0.333880
vt 0.300620 0.308530
vt 0.904060 0.341610
vt 0.930360 0.341160
vt 0.926180 0.360380
vt 0.919130 0.360380
vt 0.926310 0.376850
vt 0.919190 0.376940
vt 0.912000 0.360410
vt 0.915600 0.360400
vt 0.908280 0.376780
vt 0.904540 0.376720
vt 0.929920 0.376740
vt 0.908050 0.390650
vt 0.354510 0.195700
vt 0.904320 0.390680
vt 0.930360 0.390810
vt 0.354900 0.192060
vt 0.354800 0.217040
vt 0.354530 0.213420
vt 0.353980 0.206340
vt 0.926660 0.391000
vt 0.919160 0.391040
vt 0.911980 0.376870
vt 0.915610 0.376930
vt 0.343670 0.194940
vt 0.343630 0.191310
vt 0.343640 0.217610
vt 0.343590 0.214080
vt 0.343330 0.206490
vt 0.343450 0.210390
vt 0.354130 0.199260
vt 0.911730 0.390720
vt 0.915430 0.390870
vt 0.353930 0.202790
vt 0.379480 0.327010
vt 0.335730 0.213190
vt 0.337070 0.209780
vt 0.380100 0.330570
vt 0.343440 0.202500
vt 0.343580 0.198620
vt 0.335090 0.196060
vt 0.379330 0.344950
vt 0.378510 0.348610
vt 0.334090 0.192560
vt 0.334570 0.216710
vt 0.379130 0.323450
vt 0.385250 0.319960
vt 0.384930 0.349480
vt 0.385340 0.326780
vt 0.385250 0.323410
vt 0.337900 0.206350
vt 0.380680 0.334130
vt 0.337640 0.202880
vt 0.380740 0.337720
vt 0.385270 0.345700
vt 0.336480 0.199470
vt 0.385590 0.341790
vt 0.389640 0.345810
vt 0.385530 0.330210
vt 0.385710 0.333860
vt 0.389920 0.326690
vt 0.484810 0.474480
vt 0.482920 0.467320
vt 0.390020 0.319900
vt 0.485590 0.478110
vt 0.389920 0.349600
vt 0.390010 0.323380
vt 0.480980 0.456070
vt 0.476040 0.478560
vt 0.481180 0.452500
vt 0.480880 0.478580
vt 0.476240 0.474960
vt 0.480680 0.475040
vt 0.480530 0.471320
vt 0.483750 0.460170
vt 0.482910 0.463700
vt 0.385770 0.337780
vt 0.392250 0.341510
vt 0.480760 0.459710
vt 0.480590 0.463520
vt 0.476510 0.459750
vt 0.327910 0.080760
vt 0.967090 0.901310
vt 0.956990 0.893820
vt 0.159010 0.373880
vt 0.956990 0.901310
vt 0.967090 0.863890
vt 0.346000 0.070450
vt 0.956990 0.856410
vt 0.956990 0.863890
vt 0.956990 0.871370
vt 0.956990 0.878860
vt 0.956990 0.833960
vt 0.956990 0.841440
vt 0.956990 0.908790
vt 0.956990 0.819000
vt 0.341180 0.067630
vt 0.967090 0.871370
vt 0.330770 0.070350
vt 0.967090 0.886340
vt 0.956990 0.886340
vt 0.956990 0.848930
vt 0.956990 0.826480
vt 0.348690 0.080900
vt 0.967090 0.848930
vt 0.967090 0.841440
vt 0.345830 0.085670
vt 0.967090 0.893820
vt 0.327930 0.075170
vt 0.348760 0.075300
vt 0.967090 0.856410
vt 0.335620 0.067580
vt 0.967090 0.878860
vt 0.967090 0.908790
vt 0.967090 0.819000
vt 0.330700 0.085590
vt 0.335520 0.088340
vt 0.967090 0.826480
vt 0.166650 0.149710
vt 0.332070 0.076290
vt 0.332040 0.079660
vt 0.344620 0.076400
vt 0.091410 0.066460
vt 0.471230 0.467320
vt 0.342970 0.073460
vt 0.344580 0.079770
vt 0.471090 0.463720
vt 0.342860 0.082650
vt 0.339950 0.084290
vt 0.341040 0.088420
vt 0.967090 0.833960
vt 0.335800 0.080520
vt 0.567300 0.009470
vt 0.470390 0.456610
vt 0.470760 0.460170
vt 0.336610 0.084260
vt 0.333720 0.082580
vt 0.469890 0.481650
vt 0.470300 0.478050
vt 0.470760 0.474490
vt 0.336710 0.071730
vt 0.334890 0.078920
vt 0.093330 0.066460
vt 0.169080 0.149510
vt 0.564700 0.008620
vt 0.470130 0.453010
vt 0.340070 0.071760
vt 0.333780 0.073380
vt 0.476490 0.471240
vt 0.091410 0.062240
vt 0.567300 0.008620
vt 0.480470 0.467430
vt 0.476680 0.467380
vt 0.476680 0.463500
vt 0.476110 0.452580
vt 0.475900 0.482140
vt 0.167610 0.148040
vt 0.476300 0.456150
vt 0.051580 0.373360
vt 0.967090 0.992250
vt 0.967090 0.999760
vt 0.967090 0.909710
vt 0.967090 0.954730
vt 0.967090 0.962240
vt 0.967090 0.969740
vt 0.967090 0.977240
vt 0.967090 0.932220
vt 0.967090 0.939720
vt 0.967090 0.917210
vt 0.956990 0.984750
vt 0.209460 0.330500
vt 0.967090 0.984750
vt 0.967090 0.947230
vt 0.967090 0.924720
vt 0.956990 0.992250
vt 0.214340 0.327740
vt 0.956990 0.954730
vt 0.213510 0.351520
vt 0.227520 0.340940
vt 0.956990 0.932220
vt 0.956990 0.962240
vt 0.209490 0.345820
vt 0.956990 0.917210
vt 0.226880 0.328410
vt 0.220670 0.351520
vt 0.219930 0.348580
vt 0.956990 0.947230
vt 0.230410 0.334620
vt 0.227490 0.335390
vt 0.956990 0.924720
vt 0.956990 0.999760
vt 0.956990 0.909710
vt 0.219930 0.327710
vt 0.206660 0.335380
vt 0.956990 0.977240
vt 0.210810 0.336490
vt 0.956990 0.939720
vt 0.224750 0.345770
vt 0.956990 0.969740
vt 0.206680 0.340980
vt 0.210820 0.339870
vt 0.224750 0.330560
vt 0.221720 0.333570
vt 0.215420 0.331870
vt 0.218800 0.331870
vt 0.193370 0.179910
vt 0.840950 0.022810
vt 0.214600 0.340700
vt 0.214340 0.348600
vt 0.212520 0.342790
vt 0.218830 0.344450
vt 0.193370 0.189540
vt 0.840960 0.016450
vt 0.212490 0.333560
vt 0.213660 0.337250
vt 0.218040 0.334710
vt 0.193370 0.168350
vt 0.193370 0.187610
vt 0.193370 0.181830
vt 0.221730 0.342750
vt 0.223400 0.339830
vt 0.219640 0.335640
vt 0.004800 0.093810
vt 0.197590 0.181830
vt 0.840930 0.024090
vt 0.840940 0.015160
vt 0.213670 0.339100
vt 0.197590 0.170270
vt 0.005000 0.091380
vt 0.197590 0.189540
vt 0.223390 0.336470
vt 0.197590 0.168350
vt 0.006470 0.092840
vt 0.632360 0.420160
vt 0.931790 0.707690
vt 0.952620 0.984660
vt 0.920460 0.700430
vt 0.920480 0.696340
vt 0.944470 0.532030
vt 0.172340 0.135760
vt 0.173640 0.137170
vt 0.173570 0.138930
vt 0.927280 0.705200
vt 0.924350 0.700450
vt 0.944470 0.535470
vt 0.952620 0.971600
vt 0.907420 0.696340
vt 0.660510 0.392010
vt 0.632360 0.392010
vt 0.935580 0.696350
vt 0.923770 0.716160
vt 0.944470 0.549230
vt 0.650490 0.409800
vt 0.941020 0.552670
vt 0.912610 0.719360
vt 0.655330 0.415020
vt 0.907420 0.724490
vt 0.660510 0.420150
vt 0.912610 0.701120
vt 0.655330 0.396790
vt 0.931120 0.719360
vt 0.636810 0.415020
vt 0.632360 0.407220
vt 0.636150 0.403350
vt 0.931810 0.711580
vt 0.935580 0.707650
vt 0.636120 0.407240
vt 0.931120 0.701130
vt 0.636810 0.396790
vt 0.650040 0.400420
vt 0.941020 0.528590
vt 0.646980 0.398840
vt 0.647480 0.396100
vt 0.173540 0.135430
vt 0.917900 0.704750
vt 0.920950 0.703180
vt 0.783890 0.712070
vt 0.784040 0.403830
vt 0.783890 0.708170
vt 0.784040 0.407740
vt 0.907420 0.712070
vt 0.907420 0.708170
vt 0.660510 0.407740
vt 0.920430 0.720050
vt 0.924320 0.720030
vt 0.643610 0.415690
vt 0.647500 0.415710
vt 0.941020 0.549230
vt 0.647500 0.420150
vt 0.907420 0.848050
vt 0.660510 0.543710
vt 0.911940 0.707980
vt 0.911920 0.711880
vt 0.656010 0.407540
vt 0.656000 0.403650
vt 0.660510 0.403840
vt 0.784050 0.543710
vt 0.784040 0.420150
vt 0.924330 0.724490
vt 0.920430 0.724490
vt 0.643600 0.420160
vt 0.924330 0.848050
vt 0.647500 0.543710
vt 0.920430 0.848050
vt 0.643600 0.543710
vt 0.632200 0.724490
vt 0.935730 0.420160
vt 0.636660 0.701130
vt 0.660350 0.708170
vt 0.907580 0.403830
vt 0.660350 0.712070
vt 0.640490 0.705200
vt 0.929010 0.403930
vt 0.924500 0.396120
vt 0.782400 0.006950
vt 0.931280 0.396790
vt 0.282360 0.007880
vt 0.788730 0.007050
vt 0.632200 0.696350
vt 0.952620 0.696380
vt 0.935730 0.392010
vt 0.632360 0.543710
vt 0.928850 0.407360
vt 0.635970 0.711580
vt 0.655850 0.711880
vt 0.655840 0.707990
vt 0.907580 0.407740
vt 0.912090 0.403650
vt 0.935500 0.168900
vt 0.655170 0.719360
vt 0.912770 0.415020
vt 0.647340 0.724490
vt 0.643440 0.724490
vt 0.920590 0.420150
vt 0.655170 0.701120
vt 0.912770 0.396790
vt 0.636660 0.719360
vt 0.931280 0.415020
vt 0.647350 0.720050
vt 0.643460 0.720030
vt 0.920590 0.415710
vt 0.924480 0.415690
vt 0.924490 0.420150
vt 0.640950 0.714590
vt 0.926990 0.410250
vt 0.660350 0.724490
vt 0.907580 0.420150
vt 0.650330 0.714140
vt 0.660350 0.696340
vt 0.907580 0.392010
vt 0.952620 0.724530
vt 0.635990 0.707690
vt 0.632200 0.707650
vt 0.632200 0.711550
vt 0.931970 0.407240
vt 0.935730 0.403320
vt 0.660350 0.848050
vt 0.907580 0.543710
vt 0.643440 0.848050
vt 0.920590 0.543710
vt 0.647340 0.848050
vt 0.924490 0.543710
vt 0.649880 0.704750
vt 0.938950 0.162020
vt 0.938950 0.165460
vt 0.785390 0.007040
vt 0.935580 0.988440
vt 0.632360 0.680210
vt 0.931810 0.984520
vt 0.920460 0.995660
vt 0.117800 0.018570
vt 0.117860 0.020060
vt 0.920480 0.999750
vt 0.956090 0.680360
vt 0.202940 0.013320
vt 0.783890 0.999760
vt 0.652060 0.680690
vt 0.915870 0.985020
vt 0.911920 0.984220
vt 0.656000 0.683780
vt 0.783890 0.984020
vt 0.784050 0.679690
vt 0.783890 0.987930
vt 0.784050 0.683590
vt 0.935580 0.999750
vt 0.956090 0.695460
vt 0.632360 0.695420
vt 0.911940 0.988110
vt 0.912610 0.976740
vt 0.655330 0.672410
vt 0.920430 0.971610
vt 0.924330 0.971610
vt 0.647500 0.667270
vt 0.647500 0.671710
vt 0.954710 0.037190
vt 0.573970 0.143640
vt 0.912610 0.994970
vt 0.655330 0.690640
vt 0.931120 0.976740
vt 0.636810 0.672400
vt 0.931120 0.994970
vt 0.636810 0.690640
vt 0.917900 0.991340
vt 0.916040 0.988450
vt 0.206030 0.012160
vt 0.650040 0.687010
vt 0.020990 0.089420
vt 0.206050 0.010540
vt 0.205980 0.013640
vt 0.924320 0.976070
vt 0.920430 0.976050
vt 0.643610 0.671730
vt 0.644160 0.675600
vt 0.926830 0.981510
vt 0.641110 0.677170
vt 0.928690 0.984400
vt 0.907420 0.971610
vt 0.660510 0.667270
vt 0.783890 0.971610
vt 0.784050 0.667270
vt 0.931790 0.988410
vt 0.636150 0.684070
vt 0.636120 0.680180
vt 0.928860 0.987830
vt 0.031310 0.089420
vt 0.927280 0.990890
vt 0.643540 0.688420
vt 0.117760 0.016920
vt 0.117830 0.015050
vt 0.924350 0.995640
vt 0.024430 0.089420
vt 0.027870 0.089420
vt 0.206010 0.008780
vt 0.205910 0.015170
vt 0.917440 0.981960
vt 0.650490 0.677630
vt 0.647600 0.675770
vt 0.907420 0.984020
vt 0.660510 0.683590
vt 0.907420 0.987920
vt 0.656010 0.679890
vt 0.660510 0.679690
vt 0.952640 0.667310
vt 0.907420 0.999750
vt 0.660510 0.695420
vt 0.935570 0.971600
vt 0.632360 0.667270
vt 0.935730 0.680210
vt 0.931970 0.680180
vt 0.635970 0.984520
vt 0.632200 0.988440
vt 0.931940 0.684070
vt 0.640490 0.990890
vt 0.931280 0.690630
vt 0.936650 0.545790
vt 0.636650 0.994970
vt 0.635990 0.988410
vt 0.907580 0.695420
vt 0.660350 0.999750
vt 0.936650 0.556110
vt 0.936650 0.514840
vt 0.649880 0.991350
vt 0.644000 0.979930
vt 0.917600 0.677630
vt 0.655170 0.976740
vt 0.912770 0.672400
vt 0.660350 0.971610
vt 0.907580 0.667270
vt 0.912770 0.690640
vt 0.655170 0.994970
vt 0.636660 0.976740
vt 0.931280 0.672400
vt 0.935730 0.667270
vt 0.935730 0.695410
vt 0.632200 0.999750
vt 0.956090 0.392090
vt 0.247560 0.077730
vt 0.647320 0.995660
vt 0.920610 0.691330
vt 0.560610 0.021850
vt 0.660350 0.984030
vt 0.660350 0.987930
vt 0.907580 0.679690
vt 0.643390 0.992750
vt 0.940100 0.545790
vt 0.132750 0.012230
vt 0.927440 0.686560
vt 0.936650 0.549230
vt 0.647350 0.976050
vt 0.920590 0.671710
vt 0.643460 0.976070
vt 0.923930 0.675600
vt 0.655850 0.984220
vt 0.912080 0.679880
vt 0.912090 0.683780
vt 0.940100 0.518280
vt 0.655840 0.988110
vt 0.907580 0.683590
vt 0.643440 0.971610
vt 0.920590 0.667270
vt 0.647340 0.971610
vt 0.924480 0.671730
vt 0.924490 0.667270
vt 0.016160 0.555880
vt 0.016160 0.563500
vt 0.009330 0.555880
vt 0.743950 0.133490
vt 0.736040 0.137740
vt 0.383920 0.245890
vt 0.016160 0.646940
vt 0.534670 0.095220
vt 0.009330 0.646940
vt 0.531250 0.095220
vt 0.322660 0.563500
vt 0.329490 0.555880
vt 0.375710 0.222090
vt 0.322660 0.555880
vt 0.016160 0.638040
vt 0.009330 0.638040
vt 0.016160 0.630420
vt 0.579380 0.133440
vt 0.582800 0.137740
vt 0.334050 0.222140
vt 0.338470 0.646830
vt 0.322660 0.646940
vt 0.687920 0.095220
vt 0.334050 0.245890
vt 0.687920 0.114910
vt 0.338580 0.638050
vt 0.338440 0.222090
vt 0.322660 0.638040
vt 0.329490 0.638040
vt 0.342250 0.222090
vt 0.322660 0.630420
vt 0.739460 0.157300
vt 0.329490 0.546980
vt 0.736040 0.157300
vt 0.322660 0.546980
vt 0.354540 0.431140
vt 0.358350 0.435440
vt 0.362740 0.435380
vt 0.526750 0.119020
vt 0.342250 0.241650
vt 0.321080 0.431140
vt 0.321080 0.411580
vt 0.317270 0.411580
vt 0.009330 0.563500
vt 0.000250 0.555880
vt 0.362740 0.411630
vt 0.000350 0.646830
vt 0.526760 0.095270
vt 0.000250 0.638050
vt 0.358350 0.411580
vt 0.354540 0.411580
vt 0.009330 0.630420
vt 0.375710 0.241650
vt 0.379520 0.245950
vt 0.582800 0.157300
vt 0.016160 0.546980
vt 0.534670 0.114910
vt 0.531240 0.119080
vt 0.015930 0.030540
vt 0.003830 0.053080
vt 0.009110 0.053130
vt 0.068290 0.031900
vt 0.058660 0.053080
vt 0.053380 0.053130
vt 0.002320 0.053030
vt 0.630240 0.408850
vt 0.362990 0.105180
vt 0.059930 0.048840
vt 0.367100 0.157660
vt 0.626180 0.467240
vt 0.058650 0.048890
vt 0.053380 0.048940
vt 0.365010 0.155160
vt 0.003830 0.048890
vt 0.365010 0.110880
vt 0.009110 0.048940
vt 0.362940 0.105880
vt 0.626060 0.409050
vt 0.066960 0.030480
vt 0.626240 0.417700
vt 0.365010 0.105880
vt 0.367110 0.110880
vt 0.630370 0.467250
vt 0.017600 0.029370
vt 0.021360 0.031900
vt 0.022700 0.030470
vt 0.630430 0.461970
vt 0.626230 0.464480
vt 0.626240 0.461970
vt 0.367100 0.155160
vt 0.630320 0.468760
vt 0.016590 0.028240
vt 0.060170 0.053030
vt 0.630320 0.410900
vt 0.068290 0.033650
vt 0.069470 0.030360
vt 0.942200 0.616950
vt 0.098110 0.545920
vt 0.942150 0.615440
vt 0.031880 0.457350
vt 0.942100 0.610160
vt 0.038430 0.459850
vt 0.063340 0.023670
vt 0.946290 0.612670
vt 0.942090 0.565890
vt 0.016410 0.025410
vt 0.942100 0.563380
vt 0.046060 0.541670
vt 0.048570 0.541670
vt 0.095350 0.545870
vt 0.092840 0.545860
vt 0.029510 0.459850
vt 0.029700 0.457350
vt 0.946390 0.616710
vt 0.036070 0.459860
vt 0.946340 0.615430
vt 0.031870 0.459860
vt 0.029510 0.504140
vt 0.046060 0.545870
vt 0.048570 0.545860
vt 0.029690 0.506640
vt 0.942100 0.612670
vt 0.063340 0.025410
vt 0.946290 0.565890
vt 0.036070 0.504140
vt 0.031870 0.504140
vt 0.098120 0.541720
vt 0.092840 0.541670
vt 0.043300 0.545920
vt 0.031880 0.506640
vt 0.946290 0.563380
vt 0.043290 0.541720
vt 0.942150 0.560610
vt 0.184850 0.026460
vt 0.937960 0.018750
vt 0.940920 0.020680
vt 0.188380 0.026460
vt 0.252620 0.498870
vt 0.939700 0.037170
vt 0.261610 0.546060
vt 0.957010 0.420910
vt 0.837050 0.048320
vt 0.831520 0.048090
vt 0.834280 0.048190
vt 0.004030 0.133880
vt 0.285240 0.546060
vt 0.980650 0.420910
vt 0.972140 0.429910
vt 0.294240 0.546060
vt 0.980650 0.429900
vt 0.937230 0.031920
vt 0.174240 0.026460
vt 0.170710 0.026470
vt 0.940390 0.030320
vt 0.823200 0.088260
vt 0.825970 0.088260
vt 0.181300 0.017550
vt 0.177770 0.017550
vt 0.177780 0.026460
vt 0.942520 0.023840
vt 0.181310 0.026460
vt 0.942320 0.027360
vt 0.948690 0.028420
vt 0.270360 0.498870
vt 0.261610 0.498870
vt 0.948690 0.037170
vt 0.831510 0.088260
vt 0.184840 0.017550
vt 0.828740 0.088260
vt 0.191910 0.017550
vt 0.939700 0.013540
vt 0.294230 0.498870
vt 0.202510 0.017560
vt 0.167170 0.017550
vt 0.842580 0.088260
vt 0.814890 0.088260
vt 0.220850 0.498870
vt 0.923050 0.022050
vt 0.980350 0.022070
vt 0.573970 0.184400
vt 0.923050 0.013540
vt 0.212340 0.498870
vt 0.310880 0.498870
vt 0.573970 0.192910
vt 0.980350 0.013550
vt 0.839820 0.048470
vt 0.842580 0.048580
vt 0.005410 0.139050
vt 0.817680 0.048510
vt 0.814910 0.048600
vt 0.972140 0.436290
vt 0.006800 0.133880
vt 0.828750 0.048070
vt 0.285240 0.498870
vt 0.948690 0.013540
vt 0.972140 0.420910
vt 0.276740 0.546060
vt 0.965760 0.429910
vt 0.965760 0.420910
vt 0.270360 0.546060
vt 0.573970 0.169270
vt 0.923050 0.037170
vt 0.235970 0.498870
vt 0.980350 0.037190
vt 0.957010 0.436290
vt 0.246230 0.546060
vt 0.933330 0.037170
vt 0.167170 0.026470
vt 0.246250 0.498870
vt 0.965760 0.436290
vt 0.195450 0.026470
vt 0.933330 0.013540
vt 0.931280 0.020150
vt 0.191910 0.026470
vt 0.300610 0.498870
vt 0.235970 0.546060
vt 0.957010 0.446550
vt 0.526780 0.169270
vt 0.722990 0.060230
vt 0.163640 0.026470
vt 0.198980 0.026470
vt 0.929150 0.026640
vt 0.929350 0.023110
vt 0.930750 0.029790
vt 0.174240 0.017550
vt 0.820430 0.088260
vt 0.170700 0.017550
vt 0.817660 0.088260
vt 0.948690 0.022050
vt 0.276730 0.498870
vt 0.837040 0.088260
vt 0.198970 0.017560
vt 0.834280 0.088260
vt 0.839810 0.088260
vt 0.195440 0.017550
vt 0.957010 0.429900
vt 0.252610 0.546060
vt 0.300620 0.546060
vt 0.980650 0.436290
vt 0.009190 0.135260
vt 0.820450 0.048370
vt 0.825980 0.048120
vt 0.573970 0.201900
vt 0.971350 0.013550
vt 0.310880 0.546060
vt 0.980650 0.446550
vt 0.526780 0.192910
vt 0.746620 0.060230
vt 0.738120 0.069230
vt 0.526780 0.201900
vt 0.746620 0.069230
vt 0.921600 0.141510
vt 0.030810 0.004590
vt 0.034780 0.533620
vt 0.034780 0.526510
vt 0.978620 0.080180
vt 0.778770 0.086490
vt 0.921590 0.135860
vt 0.773230 0.086490
vt 0.978620 0.076650
vt 0.978630 0.083720
vt 0.964980 0.013550
vt 0.573970 0.208270
vt 0.417440 0.371260
vt 0.230390 0.497950
vt 0.213330 0.497950
vt 0.969710 0.108460
vt 0.962940 0.020160
vt 0.966090 0.018570
vt 0.969710 0.104930
vt 0.417440 0.387100
vt 0.969710 0.087260
vt 0.973980 0.027380
vt 0.969720 0.090790
vt 0.972050 0.030340
vt 0.034780 0.519400
vt 0.978620 0.111990
vt 0.775480 0.014850
vt 0.921660 0.149970
vt 0.921680 0.152800
vt 0.036290 0.007690
vt 0.978620 0.108460
vt 0.798150 0.086490
vt 0.034780 0.538950
vt 0.978630 0.101390
vt 0.769940 0.017680
vt 0.792610 0.086490
vt 0.921660 0.121740
vt 0.921720 0.116100
vt 0.789840 0.086490
vt 0.978630 0.094320
vt 0.787070 0.086490
vt 0.573970 0.128510
vt 0.954710 0.022070
vt 0.954710 0.013550
vt 0.573970 0.218550
vt 0.573970 0.120000
vt 0.738120 0.075610
vt 0.738110 0.085870
vt 0.526780 0.128510
vt 0.526780 0.218550
vt 0.746620 0.085870
vt 0.526780 0.120000
vt 0.417440 0.377020
vt 0.226120 0.497950
vt 0.969710 0.076660
vt 0.962400 0.029810
vt 0.969710 0.073120
vt 0.960810 0.026650
vt 0.731730 0.069230
vt 0.009180 0.026940
vt 0.969720 0.097860
vt 0.969720 0.094330
vt 0.029500 0.538950
vt 0.972580 0.020700
vt 0.974170 0.023850
vt 0.722990 0.075610
vt 0.526780 0.153900
vt 0.526780 0.143640
vt 0.722990 0.085870
vt 0.731730 0.075610
vt 0.731740 0.085870
vt 0.526780 0.134890
vt 0.965760 0.446550
vt 0.227220 0.546060
vt 0.731740 0.060230
vt 0.526780 0.178020
vt 0.964980 0.037190
vt 0.969710 0.080190
vt 0.573970 0.153910
vt 0.972140 0.446550
vt 0.220840 0.546060
vt 0.738110 0.060230
vt 0.526780 0.184400
vt 0.954710 0.028440
vt 0.573970 0.134880
vt 0.573970 0.178030
vt 0.923050 0.028420
vt 0.227220 0.498870
vt 0.980350 0.028440
vt 0.573970 0.160280
vt 0.971350 0.037190
vt 0.722990 0.069230
vt 0.526780 0.160280
vt 0.526780 0.208290
vt 0.746620 0.075610
vt 0.778790 0.046740
vt 0.195030 0.420070
vt 0.773250 0.046860
vt 0.784320 0.046460
vt 0.770480 0.046810
vt 0.191250 0.416290
vt 0.800920 0.046700
vt 0.798160 0.046550
vt 0.200200 0.418690
vt 0.787090 0.046350
vt 0.795390 0.046420
vt 0.198820 0.416290
vt 0.193650 0.414910
vt 0.789850 0.046300
vt 0.011540 0.418880
vt 0.949690 0.777520
vt 0.906980 0.245620
vt 0.906980 0.248930
vt 0.949690 0.773880
vt 0.918720 0.248930
vt 0.985260 0.349080
vt 0.918720 0.245620
vt 0.984390 0.347570
vt 0.918720 0.258310
vt 0.986770 0.349950
vt 0.918720 0.252230
vt 0.990040 0.349070
vt 0.986770 0.343430
vt 0.918720 0.274820
vt 0.918720 0.268220
vt 0.990040 0.344300
vt 0.985260 0.344310
vt 0.918720 0.242320
vt 0.918720 0.277600
vt 0.984380 0.345830
vt 0.918720 0.264920
vt 0.918720 0.261610
vt 0.990920 0.345810
vt 0.990920 0.347560
vt 0.986940 0.347410
vt 0.987390 0.345710
vt 0.988370 0.345970
vt 0.988640 0.346950
vt 0.986670 0.346960
vt 0.008720 0.420510
vt 0.002590 0.418920
vt 0.906980 0.258310
vt 0.906980 0.252230
vt 0.002590 0.410010
vt 0.906980 0.271520
vt 0.906980 0.268220
vt 0.906980 0.242320
vt 0.007070 0.414450
vt 0.947050 0.773880
vt 0.906980 0.274820
vt 0.906980 0.277600
vt 0.847280 0.076620
vt 0.108870 0.345040
vt 0.847280 0.083220
vt 0.847280 0.073320
vt 0.847280 0.070010
vt 0.108870 0.341780
vt 0.104620 0.339490
vt 0.096660 0.341810
vt 0.847280 0.057330
vt 0.990040 0.189690
vt 0.988530 0.190570
vt 0.859020 0.060630
vt 0.859020 0.057330
vt 0.859020 0.079920
vt 0.859020 0.083220
vt 0.983580 0.182960
vt 0.984390 0.186430
vt 0.859020 0.076620
vt 0.859020 0.073320
vt 0.985910 0.181610
vt 0.989390 0.181620
vt 0.859020 0.054020
vt 0.986780 0.190570
vt 0.984390 0.188180
vt 0.859020 0.086530
vt 0.986780 0.184040
vt 0.988380 0.188020
vt 0.987400 0.188290
vt 0.986670 0.187050
vt 0.988530 0.184040
vt 0.847280 0.060630
vt 0.098290 0.338990
vt 0.102770 0.343430
vt 0.847280 0.054020
vt 0.847280 0.086530
vt 0.103740 0.340950
vt 0.847280 0.067240
vt 0.101120 0.337360
vt 0.847280 0.063930
vt 0.104570 0.337810
vt 0.317400 0.405520
vt 0.321910 0.409950
vt 0.972800 0.185230
vt 0.972800 0.179140
vt 0.972800 0.195130
vt 0.972800 0.188530
vt 0.325170 0.409940
vt 0.329620 0.405480
vt 0.961060 0.195130
vt 0.331290 0.341200
vt 0.330420 0.339680
vt 0.961060 0.198440
vt 0.961060 0.179140
vt 0.324760 0.342950
vt 0.961060 0.182450
vt 0.324760 0.341200
vt 0.961060 0.191830
vt 0.961060 0.188530
vt 0.328900 0.338810
vt 0.961060 0.185230
vt 0.325630 0.339680
vt 0.328890 0.345340
vt 0.961060 0.169240
vt 0.961060 0.172540
vt 0.327140 0.345340
vt 0.331290 0.342950
vt 0.330410 0.344460
vt 0.961060 0.201740
vt 0.961060 0.165930
vt 0.961060 0.163150
vt 0.961060 0.175840
vt 0.325630 0.344460
vt 0.329010 0.342340
vt 0.328740 0.341350
vt 0.328290 0.343050
vt 0.327040 0.342330
vt 0.327760 0.343060
vt 0.327040 0.341810
vt 0.329620 0.402220
vt 0.972800 0.198440
vt 0.972800 0.163150
vt 0.324490 0.401390
vt 0.323520 0.403880
vt 0.972800 0.169240
vt 0.317410 0.402260
vt 0.321860 0.397800
vt 0.972800 0.175840
vt 0.972800 0.172540
vt 0.972800 0.165930
vt 0.325130 0.397800
vt 0.314110 0.333720
vt 0.314110 0.330420
vt 0.393750 0.395310
vt 0.396560 0.393680
vt 0.314110 0.324340
vt 0.314110 0.321040
vt 0.314110 0.327120
vt 0.385980 0.390900
vt 0.390490 0.395320
vt 0.314110 0.337030
vt 0.398190 0.390860
vt 0.314110 0.340330
vt 0.302370 0.321040
vt 0.302370 0.317740
vt 0.057360 0.272340
vt 0.058870 0.273210
vt 0.302370 0.311130
vt 0.302370 0.314430
vt 0.055610 0.272340
vt 0.054090 0.273210
vt 0.302370 0.337030
vt 0.302370 0.333720
vt 0.057350 0.278870
vt 0.302370 0.340330
vt 0.054090 0.278000
vt 0.302370 0.307830
vt 0.302370 0.343630
vt 0.053210 0.276480
vt 0.053210 0.274730
vt 0.056740 0.274620
vt 0.056740 0.276590
vt 0.055750 0.276320
vt 0.057200 0.274890
vt 0.055500 0.275340
vt 0.314110 0.314430
vt 0.314110 0.317740
vt 0.385980 0.387630
vt 0.947050 0.825810
vt 0.314110 0.343630
vt 0.314110 0.311130
vt 0.392090 0.389250
vt 0.949690 0.822170
vt 0.302370 0.324340
vt 0.302370 0.330420
vt 0.058860 0.278000
vt 0.059740 0.274730
vt 0.482150 0.088780
vt 0.365650 0.088780
vt 0.957010 0.715880
vt 0.007390 0.452520
vt 0.379110 0.075540
vt 0.385710 0.088780
vt 0.628430 0.534620
vt 0.391400 0.088780
vt 0.628430 0.540480
vt 0.025030 0.420570
vt 0.443950 0.075540
vt 0.002810 0.429090
vt 0.468580 0.075540
vt 0.403670 0.088780
vt 0.628430 0.553150
vt 0.475380 0.075540
vt 0.000700 0.435180
vt 0.019110 0.442750
vt 0.406630 0.471300
vt 0.020700 0.442440
vt 0.016100 0.441710
vt 0.406630 0.485360
vt 0.217960 0.415630
vt 0.018950 0.433430
vt 0.411330 0.477780
vt 0.017360 0.433740
vt 0.020550 0.433680
vt 0.406630 0.486960
vt 0.014960 0.435830
vt 0.015980 0.434570
vt 0.219450 0.415370
vt 0.411330 0.471300
vt 0.411330 0.476140
vt 0.022090 0.441600
vt 0.023640 0.438810
vt 0.411330 0.485360
vt 0.219450 0.419720
vt 0.014460 0.438980
vt 0.411330 0.469930
vt 0.014430 0.437360
vt 0.015040 0.440490
vt 0.627900 0.520940
vt 0.372450 0.088780
vt 0.957010 0.709090
vt 0.671890 0.060540
vt 0.960750 0.702430
vt 0.627900 0.527810
vt 0.627900 0.581040
vt 0.430720 0.088780
vt 0.957010 0.650830
vt 0.675410 0.088460
vt 0.627900 0.606390
vt 0.694930 0.079480
vt 0.960750 0.650830
vt 0.675310 0.055190
vt 0.676320 0.057970
vt 0.627900 0.534620
vt 0.695930 0.074350
vt 0.960750 0.657640
vt 0.667890 0.079600
vt 0.960750 0.729450
vt 0.960750 0.677870
vt 0.690880 0.060500
vt 0.627900 0.553150
vt 0.687500 0.088410
vt 0.627900 0.594690
vt 0.687440 0.055160
vt 0.627900 0.546340
vt 0.690910 0.083080
vt 0.960750 0.644190
vt 0.627900 0.587880
vt 0.960750 0.736130
vt 0.671960 0.083140
vt 0.670070 0.085410
vt 0.627900 0.613200
vt 0.681370 0.054100
vt 0.627900 0.540480
vt 0.694900 0.064050
vt 0.960750 0.671140
vt 0.666870 0.069290
vt 0.960750 0.715880
vt 0.667840 0.064190
vt 0.960750 0.709090
vt 0.666880 0.074410
vt 0.960750 0.722650
vt 0.695930 0.069230
vt 0.960750 0.664410
vt 0.681400 0.071810
vt 0.686490 0.085640
vt 0.681460 0.089500
vt 0.676410 0.085690
vt 0.681370 0.057060
vt 0.678910 0.062220
vt 0.686440 0.057940
vt 0.468580 0.088780
vt 0.957010 0.729450
vt 0.627900 0.620090
vt 0.410400 0.088780
vt 0.957010 0.671140
vt 0.627900 0.560090
vt 0.397080 0.088780
vt 0.628430 0.546340
vt 0.475380 0.088780
vt 0.957010 0.722650
vt 0.437350 0.088780
vt 0.628430 0.587880
vt 0.443950 0.088780
vt 0.628430 0.594690
vt 0.417130 0.088780
vt 0.957010 0.664410
vt 0.628430 0.606390
vt 0.455300 0.088780
vt 0.461900 0.088780
vt 0.628430 0.613200
vt 0.397080 0.075540
vt 0.025690 0.455410
vt 0.031240 0.452070
vt 0.403670 0.075540
vt 0.037230 0.434500
vt 0.423900 0.075540
vt 0.034880 0.428480
vt 0.430720 0.075540
vt 0.455300 0.075540
vt 0.012400 0.420790
vt 0.023020 0.435680
vt 0.406630 0.477780
vt 0.023610 0.437190
vt 0.021960 0.434460
vt 0.019360 0.456640
vt 0.391400 0.075540
vt 0.423900 0.088780
vt 0.957010 0.657640
vt 0.379110 0.088780
vt 0.628430 0.527810
vt 0.018700 0.419570
vt 0.449630 0.075540
vt 0.006880 0.424090
vt 0.461900 0.075540
vt 0.000830 0.441660
vt 0.482150 0.075540
vt 0.365650 0.075540
vt 0.372450 0.075540
vt 0.003160 0.447690
vt 0.013000 0.455620
vt 0.385710 0.075540
vt 0.035300 0.447030
vt 0.410400 0.075540
vt 0.417130 0.075540
vt 0.037370 0.440940
vt 0.437350 0.075540
vt 0.030630 0.423650
vt 0.918240 0.054500
vt 0.926810 0.054500
vt 0.415190 0.621240
vt 0.415240 0.629810
vt 0.922430 0.079300
vt 0.918240 0.103090
vt 0.926800 0.103090
vt 0.415070 0.552730
vt 0.415090 0.544160
vt 0.910190 0.057430
vt 0.903620 0.062940
vt 0.415150 0.612680
vt 0.415110 0.604110
vt 0.899340 0.070360
vt 0.897850 0.078800
vt 0.415090 0.595550
vt 0.415070 0.586980
vt 0.910190 0.100160
vt 0.899340 0.087230
vt 0.415060 0.578420
vt 0.415060 0.569850
vt 0.415060 0.561290
vt 0.489600 0.552860
vt 0.362110 0.309400
vt 0.489610 0.544360
vt 0.368780 0.311820
vt 0.941420 0.062940
vt 0.934860 0.057430
vt 0.415360 0.492770
vt 0.415360 0.646940
vt 0.415290 0.638370
vt 0.934860 0.100160
vt 0.945700 0.087230
vt 0.415190 0.518470
vt 0.415110 0.535600
vt 0.489580 0.578350
vt 0.342930 0.316380
vt 0.489610 0.595350
vt 0.102110 0.075800
vt 0.338150 0.329500
vt 0.489710 0.518860
vt 0.489760 0.510360
vt 0.001540 0.447990
vt 0.374210 0.342620
vt 0.489820 0.501860
vt 0.378980 0.329500
vt 0.945700 0.070360
vt 0.947190 0.078800
vt 0.415240 0.509900
vt 0.415290 0.501340
vt 0.368780 0.347180
vt 0.489880 0.493360
vt 0.489880 0.646350
vt 0.489640 0.535860
vt 0.489670 0.527360
vt 0.374210 0.316380
vt 0.377750 0.322520
vt 0.355020 0.349610
vt 0.489760 0.629350
vt 0.489820 0.637850
vt 0.362110 0.349610
vt 0.348360 0.347180
vt 0.489710 0.620850
vt 0.489640 0.603850
vt 0.339390 0.336480
vt 0.489580 0.569850
vt 0.348360 0.311820
vt 0.489580 0.561360
vt 0.355020 0.309400
vt 0.000360 0.447160
vt 0.000810 0.446710
vt 0.362790 0.336810
vt 0.365030 0.324080
vt 0.360030 0.337810
vt 0.366500 0.326620
vt 0.360030 0.321190
vt 0.362790 0.322190
vt 0.354350 0.336810
vt 0.354350 0.322190
vt 0.358570 0.329500
vt 0.101380 0.074530
vt 0.357100 0.321190
vt 0.357100 0.337810
vt 0.350640 0.332390
vt 0.025040 0.301410
vt 0.008680 0.282420
vt 0.016100 0.278140
vt 0.339740 0.501340
vt 0.339680 0.509900
vt 0.045900 0.288980
vt 0.032970 0.278140
vt 0.339530 0.544160
vt 0.339560 0.535600
vt 0.339590 0.527030
vt 0.016100 0.324500
vt 0.024540 0.325980
vt 0.339560 0.604110
vt 0.339530 0.595550
vt 0.024540 0.276650
vt 0.339630 0.518470
vt 0.000240 0.297030
vt 0.003170 0.288980
vt 0.339740 0.638370
vt 0.339800 0.492770
vt 0.048830 0.305600
vt 0.048830 0.297030
vt 0.339510 0.552730
vt 0.339500 0.561290
vt 0.000240 0.305600
vt 0.008680 0.320210
vt 0.339680 0.629810
vt 0.339590 0.612680
vt 0.095790 0.081420
vt 0.414080 0.603850
vt 0.414060 0.595350
vt 0.081930 0.072870
vt 0.544950 0.063670
vt 0.414040 0.586850
vt 0.414030 0.578350
vt 0.095060 0.080150
vt 0.544950 0.084080
vt 0.547380 0.077420
vt 0.542860 0.073770
vt 0.045900 0.313650
vt 0.032970 0.324500
vt 0.339510 0.586980
vt 0.339500 0.569860
vt 0.339500 0.578420
vt 0.414200 0.510360
vt 0.414260 0.501860
vt 0.069600 0.027490
vt 0.507170 0.070330
vt 0.509590 0.063670
vt 0.414320 0.493360
vt 0.520290 0.054690
vt 0.414260 0.637850
vt 0.514150 0.058240
vt 0.527270 0.053460
vt 0.414200 0.629350
vt 0.414120 0.612350
vt 0.540390 0.058240
vt 0.414060 0.544360
vt 0.527270 0.094290
vt 0.414040 0.552860
vt 0.520290 0.093060
vt 0.534250 0.093060
vt 0.414030 0.561360
vt 0.414020 0.569860
vt 0.540390 0.089520
vt 0.414080 0.535860
vt 0.070340 0.024750
vt 0.516480 0.075900
vt 0.414160 0.518860
vt 0.070340 0.028760
vt 0.514150 0.089520
vt 0.095060 0.078690
vt 0.539990 0.074270
vt 0.070210 0.026190
vt 0.070210 0.027330
vt 0.096240 0.080980
vt 0.095670 0.078850
vt 0.082540 0.073030
vt 0.527270 0.082320
vt 0.519960 0.078100
vt 0.524390 0.081810
vt 0.534580 0.078100
vt 0.095790 0.077430
vt 0.527270 0.065440
vt 0.527270 0.073880
vt 0.081930 0.074330
vt 0.519960 0.069660
vt 0.532700 0.067410
vt 0.535580 0.075340
vt 0.518960 0.075340
vt 0.069600 0.026030
vt 0.518960 0.072410
vt 0.268650 0.006410
vt 0.964760 0.737700
vt 0.261170 0.008090
vt 0.269500 0.009140
vt 0.964760 0.735230
vt 0.264080 0.009770
vt 0.267200 0.010090
vt 0.964760 0.730290
vt 0.964760 0.709400
vt 0.264080 0.016160
vt 0.964760 0.712450
vt 0.980400 0.709400
vt 0.980400 0.706360
vt 0.084170 0.086850
vt 0.087220 0.086850
vt 0.259510 0.006410
vt 0.964760 0.727820
vt 0.267130 0.016160
vt 0.964760 0.706360
vt 0.089390 0.079650
vt 0.980400 0.727820
vt 0.980400 0.717110
vt 0.089810 0.082820
vt 0.258660 0.009140
vt 0.964760 0.715130
vt 0.260960 0.010090
vt 0.964760 0.725230
vt 0.964760 0.717110
vt 0.270420 0.008310
vt 0.269870 0.010950
vt 0.964760 0.740290
vt 0.964760 0.703680
vt 0.964760 0.742820
vt 0.980400 0.744380
vt 0.980400 0.703680
vt 0.081490 0.086850
vt 0.090260 0.086850
vt 0.980400 0.712450
vt 0.980400 0.715130
vt 0.089650 0.075870
vt 0.980400 0.730290
vt 0.980400 0.737700
vt 0.980400 0.735230
vt 0.980400 0.742820
vt 0.980400 0.732760
vt 0.089090 0.080020
vt 0.449570 0.453350
vt 0.082030 0.082820
vt 0.087220 0.082820
vt 0.449160 0.461480
vt 0.449570 0.461480
vt 0.358240 0.007390
vt 0.311800 0.530420
vt 0.355120 0.009760
vt 0.311800 0.522890
vt 0.358240 0.009450
vt 0.361280 0.015830
vt 0.311800 0.504010
vt 0.358240 0.015830
vt 0.311800 0.507060
vt 0.361150 0.007760
vt 0.361350 0.009760
vt 0.311800 0.535360
vt 0.311800 0.532890
vt 0.311800 0.540470
vt 0.432480 0.004870
vt 0.327440 0.532890
vt 0.327440 0.501340
vt 0.432320 0.011820
vt 0.327440 0.504010
vt 0.327440 0.542040
vt 0.427140 0.011820
vt 0.364020 0.010630
vt 0.311800 0.501340
vt 0.311800 0.542040
vt 0.327440 0.520360
vt 0.437960 0.015850
vt 0.327440 0.510100
vt 0.355190 0.015830
vt 0.311800 0.510100
vt 0.311800 0.520360
vt 0.327440 0.540470
vt 0.430340 0.006100
vt 0.327440 0.535360
vt 0.427570 0.010320
vt 0.434910 0.015850
vt 0.327440 0.507060
vt 0.453450 0.461470
vt 0.453890 0.461470
vt 0.434910 0.011820
vt 0.437500 0.011820
vt 0.432720 0.008660
vt 0.453890 0.453640
vt 0.327440 0.530420
vt 0.327440 0.522890
vt 0.431840 0.009660
vt 0.448270 0.009780
vt 0.451390 0.009460
vt 0.445970 0.008830
vt 0.371170 0.396190
vt 0.361170 0.396190
vt 0.454500 0.009780
vt 0.376230 0.396190
vt 0.373640 0.396190
vt 0.448340 0.015850
vt 0.357080 0.396190
vt 0.445600 0.010640
vt 0.348390 0.396190
vt 0.451390 0.015850
vt 0.454430 0.015850
vt 0.345350 0.396190
vt 0.342300 0.396190
vt 0.339620 0.380550
vt 0.384350 0.380550
vt 0.374710 0.015830
vt 0.369530 0.011800
vt 0.345350 0.380550
vt 0.444050 0.010320
vt 0.358640 0.396190
vt 0.358640 0.380550
vt 0.357080 0.380550
vt 0.377760 0.015830
vt 0.348390 0.380550
vt 0.372280 0.004850
vt 0.371170 0.380550
vt 0.380320 0.380550
vt 0.376230 0.380550
vt 0.366930 0.011800
vt 0.370140 0.006090
vt 0.373640 0.380550
vt 0.377300 0.011800
vt 0.371640 0.009640
vt 0.372520 0.008640
vt 0.438960 0.094720
vt 0.368700 0.380550
vt 0.361170 0.380550
vt 0.438560 0.103180
vt 0.438960 0.103180
vt 0.242190 0.008840
vt 0.423760 0.367250
vt 0.423760 0.359670
vt 0.244490 0.009790
vt 0.423760 0.369780
vt 0.244700 0.007790
vt 0.253030 0.008840
vt 0.247610 0.009480
vt 0.250730 0.009790
vt 0.423760 0.374830
vt 0.423760 0.379780
vt 0.423760 0.353950
vt 0.247610 0.015860
vt 0.423760 0.356990
vt 0.250660 0.015860
vt 0.423760 0.350900
vt 0.423760 0.392950
vt 0.252180 0.006120
vt 0.423760 0.382250
vt 0.415850 0.011870
vt 0.439400 0.353950
vt 0.439400 0.350900
vt 0.421030 0.011870
vt 0.243040 0.006120
vt 0.423760 0.372360
vt 0.439400 0.382250
vt 0.439400 0.379780
vt 0.439400 0.384830
vt 0.412100 0.008040
vt 0.413250 0.011870
vt 0.439400 0.348230
vt 0.439400 0.392950
vt 0.439400 0.387360
vt 0.411100 0.010370
vt 0.253940 0.008010
vt 0.253400 0.010660
vt 0.423760 0.384830
vt 0.423760 0.388920
vt 0.423760 0.387360
vt 0.439400 0.367250
vt 0.439400 0.356990
vt 0.423620 0.011870
vt 0.439400 0.369780
vt 0.415760 0.009940
vt 0.465430 0.453670
vt 0.439400 0.374830
vt 0.439400 0.372360
vt 0.439400 0.377300
vt 0.421110 0.009970
vt 0.415220 0.009270
vt 0.465000 0.461610
vt 0.465430 0.461610
vt 0.970370 0.783770
vt 0.839610 0.361820
vt 0.959850 0.800940
vt 0.957830 0.800940
vt 0.959850 0.783770
vt 0.328270 0.027640
vt 0.345440 0.041770
vt 0.822880 0.034830
vt 0.805710 0.034830
vt 0.328270 0.041770
vt 0.822880 0.045380
vt 0.856780 0.345790
vt 0.839610 0.352170
vt 0.839610 0.354860
vt 0.788440 0.045380
vt 0.822340 0.345790
vt 0.321740 0.011840
vt 0.851560 0.357690
vt 0.849730 0.348860
vt 0.851980 0.350340
vt 0.846460 0.358750
vt 0.319980 0.015620
vt 0.849150 0.358900
vt 0.970370 0.800940
vt 0.856780 0.361820
vt 0.805710 0.045380
vt 0.839610 0.345790
vt 0.844630 0.349920
vt 0.320080 0.011000
vt 0.844210 0.357270
vt 0.847040 0.348710
vt 0.753510 0.111090
vt 0.536770 0.033470
vt 0.594990 0.272670
vt 0.733070 0.136030
vt 0.486190 0.041360
vt 0.753230 0.110620
vt 0.904300 0.058730
vt 0.956990 0.783770
vt 0.467700 0.028480
vt 0.494780 0.006150
vt 0.957830 0.783770
vt 0.467560 0.028480
vt 0.494780 0.015050
vt 0.956990 0.800940
vt 0.733060 0.127950
vt 0.484880 0.028470
vt 0.897520 0.056750
vt 0.121580 0.000690
vt 0.487720 0.007930
vt 0.897280 0.052360
vt 0.726120 0.129450
vt 0.121580 0.005970
vt 0.487720 0.013200
vt 0.121050 0.004590
vt 0.588110 0.274520
vt 0.726270 0.129920
vt 0.897110 0.051850
vt 0.362580 0.041770
vt 0.840020 0.034830
vt 0.394890 0.417900
vt 0.394890 0.419200
vt 0.970370 0.818080
vt 0.373800 0.408650
vt 0.873920 0.361820
vt 0.863830 0.348860
vt 0.383450 0.408650
vt 0.331320 0.011470
vt 0.333290 0.009710
vt 0.866520 0.348710
vt 0.840020 0.045380
vt 0.389830 0.408650
vt 0.873920 0.345790
vt 0.867100 0.358750
vt 0.862000 0.357690
vt 0.327280 0.011940
vt 0.331430 0.009600
vt 0.864410 0.358900
vt 0.336010 0.381270
vt 0.753490 0.119170
vt 0.486190 0.029260
vt 0.536770 0.024580
vt 0.971590 0.494890
vt 0.464900 0.074620
vt 0.464930 0.064440
vt 0.336010 0.390170
vt 0.502030 0.028460
vt 0.368780 0.419200
vt 0.957830 0.818080
vt 0.971580 0.486810
vt 0.465090 0.065700
vt 0.465270 0.068250
vt 0.529890 0.031620
vt 0.456730 0.070700
vt 0.456610 0.074370
vt 0.746280 0.112290
vt 0.964800 0.488790
vt 0.091190 0.000860
vt 0.328940 0.383120
vt 0.746550 0.117670
vt 0.456870 0.069490
vt 0.964650 0.488310
vt 0.093560 0.000920
vt 0.456950 0.068270
vt 0.746700 0.117190
vt 0.746460 0.112800
vt 0.090060 0.000300
vt 0.382110 0.419200
vt 0.382110 0.417900
vt 0.537270 0.023720
vt 0.972220 0.495570
vt 0.368780 0.433440
vt 0.959850 0.818080
vt 0.368780 0.417890
vt 0.362580 0.027640
vt 0.394890 0.433440
vt 0.970370 0.749320
vt 0.254880 0.434090
vt 0.805170 0.361820
vt 0.818840 0.008020
vt 0.957830 0.766500
vt 0.449130 0.029260
vt 0.488200 0.492350
vt 0.959850 0.766500
vt 0.822340 0.361820
vt 0.970370 0.766500
vt 0.311000 0.041770
vt 0.788440 0.034830
vt 0.771260 0.045380
vt 0.270910 0.434090
vt 0.805170 0.345790
vt 0.814710 0.358900
vt 0.300630 0.010180
vt 0.809770 0.357270
vt 0.818750 0.352750
vt 0.298960 0.009340
vt 0.817120 0.357690
vt 0.822340 0.355440
vt 0.263180 0.424840
vt 0.263180 0.423530
vt 0.810190 0.349920
vt 0.817540 0.350340
vt 0.299790 0.011840
vt 0.812600 0.348710
vt 0.304400 0.011940
vt 0.263180 0.434090
vt 0.805170 0.353510
vt 0.818840 0.017570
vt 0.511370 0.015040
vt 0.809230 0.008700
vt 0.449120 0.041350
vt 0.818170 0.016890
vt 0.750450 0.122180
vt 0.808950 0.008240
vt 0.943120 0.050580
vt 0.992850 0.946680
vt 0.191690 0.133920
vt 0.942840 0.050120
vt 0.750450 0.131080
vt 0.818160 0.008810
vt 0.487720 0.491450
vt 0.936320 0.056680
vt 0.128410 0.323430
vt 0.480650 0.484340
vt 0.936090 0.052290
vt 0.811220 0.010310
vt 0.128410 0.328710
vt 0.480650 0.489610
vt 0.943750 0.049900
vt 0.750950 0.131940
vt 0.249850 0.409290
vt 0.957830 0.749320
vt 0.943110 0.058660
vt 0.249850 0.424840
vt 0.249850 0.423540
vt 0.959850 0.749320
vt 0.487720 0.482560
vt 0.488200 0.481700
vt 0.293830 0.041770
vt 0.275970 0.424830
vt 0.771260 0.034830
vt 0.275970 0.423530
vt 0.956990 0.766500
vt 0.336010 0.326080
vt 0.809220 0.016780
vt 0.450430 0.028470
vt 0.451730 0.029260
vt 0.829970 0.358900
vt 0.387180 0.014590
vt 0.834910 0.357270
vt 0.827140 0.350340
vt 0.822340 0.352750
vt 0.826080 0.355440
vt 0.389570 0.011180
vt 0.827560 0.357690
vt 0.385830 0.012260
vt 0.832080 0.348710
vt 0.829390 0.348860
vt 0.834490 0.349920
vt 0.391130 0.012200
vt 0.836120 0.354860
vt 0.311000 0.027640
vt 0.904310 0.050660
vt 0.466270 0.041360
vt 0.511370 0.006150
vt 0.912310 0.229700
vt 0.594990 0.281570
vt 0.904040 0.050190
vt 0.336010 0.334980
vt 0.466270 0.029270
vt 0.912300 0.221630
vt 0.802420 0.014800
vt 0.328940 0.327930
vt 0.802180 0.010410
vt 0.213960 0.084720
vt 0.504490 0.013190
vt 0.802000 0.009900
vt 0.905520 0.223610
vt 0.213890 0.087280
vt 0.328940 0.333200
vt 0.905370 0.223130
vt 0.214490 0.088620
vt 0.869350 0.357270
vt 0.380760 0.408650
vt 0.328630 0.014270
vt 0.382110 0.433440
vt 0.263180 0.409290
vt 0.274930 0.062490
vt 0.203280 0.093810
vt 0.257750 0.062490
vt 0.220450 0.093810
vt 0.274930 0.051960
vt 0.257750 0.051960
vt 0.257750 0.049940
vt 0.493700 0.095810
vt 0.170240 0.139500
vt 0.479250 0.013200
vt 0.258600 0.027640
vt 0.275770 0.041770
vt 0.206100 0.032650
vt 0.188930 0.032650
vt 0.258600 0.041770
vt 0.206100 0.043200
vt 0.220450 0.077780
vt 0.341160 0.131240
vt 0.168840 0.085500
vt 0.154480 0.043200
vt 0.348880 0.131240
vt 0.168840 0.077780
vt 0.208310 0.081910
vt 0.203280 0.086850
vt 0.311610 0.010180
vt 0.203280 0.084160
vt 0.216870 0.084740
vt 0.213400 0.080850
vt 0.310770 0.011840
vt 0.215660 0.082330
vt 0.188930 0.043200
vt 0.203280 0.077780
vt 0.315380 0.011940
vt 0.210710 0.080690
vt 0.215230 0.089680
vt 0.216710 0.087430
vt 0.207880 0.089260
vt 0.309100 0.011000
vt 0.212830 0.090890
vt 0.413850 0.041360
vt 0.503070 0.006180
vt 0.500660 0.102390
vt 0.860940 0.005260
vt 0.399290 0.041360
vt 0.503070 0.015080
vt 0.860670 0.004790
vt 0.397960 0.043200
vt 0.397830 0.043200
vt 0.399290 0.029270
vt 0.860930 0.013340
vt 0.274930 0.049110
vt 0.486310 0.006150
vt 0.274930 0.049940
vt 0.397960 0.028480
vt 0.397830 0.028480
vt 0.486310 0.015050
vt 0.413840 0.029260
vt 0.500650 0.094310
vt 0.854150 0.011350
vt 0.170240 0.134210
vt 0.479250 0.007930
vt 0.853910 0.006960
vt 0.240620 0.062490
vt 0.192450 0.163280
vt 0.237590 0.093810
vt 0.227500 0.080850
vt 0.232600 0.081910
vt 0.369750 0.068600
vt 0.230200 0.080690
vt 0.225670 0.089680
vt 0.233030 0.089260
vt 0.371510 0.070580
vt 0.371980 0.064560
vt 0.228080 0.090890
vt 0.525460 0.015150
vt 0.800280 0.008690
vt 0.415150 0.043200
vt 0.800000 0.008230
vt 0.181900 0.158260
vt 0.898660 0.362120
vt 0.750430 0.157880
vt 0.240620 0.049940
vt 0.310730 0.380300
vt 0.949430 0.178240
vt 0.257750 0.049110
vt 0.310730 0.371410
vt 0.800270 0.016770
vt 0.415150 0.028470
vt 0.518580 0.013310
vt 0.793060 0.009890
vt 0.942640 0.180220
vt 0.114410 0.005960
vt 0.793470 0.014800
vt 0.303660 0.373250
vt 0.793240 0.010410
vt 0.114490 0.003390
vt 0.237590 0.084160
vt 0.192450 0.170240
vt 0.192450 0.172930
vt 0.237590 0.086850
vt 0.369280 0.064560
vt 0.181900 0.171590
vt 0.183200 0.171590
vt 0.240620 0.051960
vt 0.183200 0.158260
vt 0.525460 0.006260
vt 0.949440 0.186320
vt 0.167660 0.158260
vt 0.292910 0.041770
vt 0.223240 0.032650
vt 0.183200 0.184370
vt 0.181890 0.184370
vt 0.292200 0.049940
vt 0.292200 0.051960
vt 0.241330 0.041770
vt 0.171660 0.032650
vt 0.171660 0.043200
vt 0.186010 0.077780
vt 0.186010 0.093810
vt 0.292200 0.062490
vt 0.178960 0.080850
vt 0.402210 0.408280
vt 0.176270 0.080690
vt 0.341160 0.121990
vt 0.341160 0.120680
vt 0.224150 0.041770
vt 0.353940 0.121980
vt 0.154480 0.032650
vt 0.353940 0.120680
vt 0.175690 0.090740
vt 0.173860 0.081910
vt 0.398060 0.408640
vt 0.173440 0.089260
vt 0.180790 0.089680
vt 0.181210 0.082330
vt 0.178380 0.090890
vt 0.398170 0.410500
vt 0.626600 0.402310
vt 0.772470 0.164210
vt 0.846160 0.013430
vt 0.663270 0.050310
vt 0.381980 0.041350
vt 0.971850 0.515630
vt 0.971580 0.515170
vt 0.663270 0.059200
vt 0.971840 0.523710
vt 0.327830 0.120690
vt 0.309370 0.049940
vt 0.348650 0.005900
vt 0.348650 0.014790
vt 0.292200 0.049110
vt 0.846150 0.005350
vt 0.380690 0.028470
vt 0.965050 0.521730
vt 0.101890 0.002010
vt 0.341590 0.007680
vt 0.964820 0.517340
vt 0.839200 0.006850
vt 0.101890 0.007290
vt 0.341590 0.012940
vt 0.309370 0.062490
vt 0.332850 0.131240
vt 0.168840 0.093810
vt 0.327830 0.121990
vt 0.309370 0.051960
vt 0.972480 0.514950
vt 0.663770 0.060060
vt 0.327830 0.106440
vt 0.353940 0.106440
vt 0.224150 0.027640
vt 0.293430 0.011940
vt 0.193060 0.080850
vt 0.195750 0.080690
vt 0.596860 0.338010
vt 0.396530 0.041360
vt 0.626600 0.393420
vt 0.193640 0.090890
vt 0.289690 0.010320
vt 0.191230 0.089680
vt 0.198580 0.089260
vt 0.198160 0.081910
vt 0.293430 0.009240
vt 0.186010 0.087430
vt 0.190810 0.082330
vt 0.186010 0.084740
vt 0.241330 0.027640
vt 0.162050 0.083360
vt 0.772460 0.172290
vt 0.382000 0.029260
vt 0.596870 0.330210
vt 0.162040 0.092730
vt 0.396530 0.029270
vt 0.590240 0.331360
vt 0.108450 0.005970
vt 0.154960 0.089660
vt 0.619720 0.395200
vt 0.765510 0.170790
vt 0.108450 0.000690
vt 0.155480 0.084710
vt 0.765660 0.170320
vt 0.107930 0.002070
vt 0.619720 0.400470
vt 0.223240 0.043200
vt 0.192450 0.179310
vt 0.237590 0.077780
vt 0.167650 0.171590
vt 0.341160 0.106440
vt 0.973440 0.582160
vt 0.963810 0.582200
vt 0.965700 0.582190
vt 0.975390 0.582150
vt 0.985050 0.582150
vt 0.961950 0.582210
vt 0.981200 0.582150
vt 0.979280 0.582150
vt 0.975440 0.572980
vt 0.981500 0.573070
vt 0.975410 0.576440
vt 0.981290 0.576470
vt 0.979460 0.573020
vt 0.977340 0.582150
vt 0.963320 0.573230
vt 0.983590 0.573190
vt 0.963680 0.576680
vt 0.983210 0.576540
vt 0.963310 0.568100
vt 0.965410 0.573150
vt 0.973440 0.576470
vt 0.965600 0.576530
vt 0.973440 0.572980
vt 0.979380 0.568090
vt 0.975370 0.568110
vt 0.424690 0.340070
vt 0.965330 0.568200
vt 0.113810 0.066360
vt 0.973350 0.568140
vt 0.963460 0.566590
vt 0.422360 0.341360
vt 0.983570 0.567970
vt 0.981440 0.568050
vt 0.961580 0.566280
vt 0.421630 0.339730
vt 0.113780 0.065690
vt 0.112920 0.065850
vt 0.983210 0.587750
vt 0.979350 0.587850
vt 0.981510 0.591210
vt 0.983590 0.591090
vt 0.979460 0.591250
vt 0.977390 0.587860
vt 0.977460 0.591270
vt 0.985040 0.587600
vt 0.963750 0.587710
vt 0.965510 0.591220
vt 0.965660 0.587840
vt 0.963420 0.591160
vt 0.985770 0.590880
vt 0.967530 0.591260
vt 0.967610 0.587850
vt 0.975430 0.587850
vt 0.975480 0.591290
vt 0.417270 0.103150
vt 0.963450 0.596280
vt 0.983610 0.596280
vt 0.415360 0.102050
vt 0.979440 0.596150
vt 0.421350 0.102090
vt 0.422480 0.098040
vt 0.975420 0.596100
vt 0.977420 0.596120
vt 0.973450 0.596110
vt 0.967490 0.596130
vt 0.421450 0.096140
vt 0.965510 0.596170
vt 0.416660 0.099220
vt 0.981500 0.596190
vt 0.419450 0.103190
vt 0.419420 0.100590
vt 0.420140 0.098960
vt 0.417680 0.100730
vt 0.977140 0.614860
vt 0.967450 0.614850
vt 0.965500 0.614840
vt 0.973350 0.609160
vt 0.975220 0.614860
vt 0.971360 0.620600
vt 0.979030 0.614860
vt 0.977240 0.620520
vt 0.959710 0.614820
vt 0.957740 0.620220
vt 0.963530 0.605690
vt 0.961630 0.614830
vt 0.963560 0.614840
vt 0.980960 0.609470
vt 0.963540 0.609140
vt 0.959370 0.605740
vt 0.961480 0.605680
vt 0.979520 0.605980
vt 0.979140 0.609330
vt 0.975420 0.605810
vt 0.977440 0.605850
vt 0.981680 0.606190
vt 0.957080 0.605860
vt 0.965500 0.609120
vt 0.973430 0.605760
vt 0.965530 0.605710
vt 0.359400 0.398520
vt 0.971440 0.605740
vt 0.975400 0.600920
vt 0.967540 0.600930
vt 0.959500 0.600570
vt 0.963570 0.600840
vt 0.365400 0.398480
vt 0.361310 0.397420
vt 0.965580 0.600890
vt 0.961540 0.600730
vt 0.981780 0.600660
vt 0.959690 0.599030
vt 0.366520 0.400320
vt 0.957340 0.600290
vt 0.977450 0.600910
vt 0.975380 0.599310
vt 0.363460 0.399980
vt 0.361720 0.399830
vt 0.959580 0.620380
vt 0.959240 0.623850
vt 0.965450 0.620560
vt 0.961510 0.620520
vt 0.963400 0.624020
vt 0.965430 0.624020
vt 0.961350 0.623930
vt 0.977450 0.623890
vt 0.957010 0.623680
vt 0.967420 0.620580
vt 0.969430 0.624020
vt 0.975410 0.623970
vt 0.975290 0.620530
vt 0.971420 0.624010
vt 0.967440 0.624030
vt 0.965420 0.628890
vt 0.967390 0.628860
vt 0.969360 0.628850
vt 0.973400 0.623990
vt 0.977470 0.628890
vt 0.969360 0.630420
vt 0.979550 0.628950
vt 0.963420 0.628910
vt 0.957060 0.629260
vt 0.959300 0.629050
vt 0.967400 0.630410
vt 0.962970 0.374650
vt 0.964920 0.368910
vt 0.972630 0.374610
vt 0.961010 0.374670
vt 0.965000 0.380380
vt 0.959000 0.368880
vt 0.977220 0.365920
vt 0.958930 0.365480
vt 0.960980 0.368910
vt 0.955070 0.369090
vt 0.956870 0.365490
vt 0.957120 0.374690
vt 0.976410 0.379900
vt 0.955190 0.374700
vt 0.974510 0.374610
vt 0.953230 0.380200
vt 0.960950 0.365440
vt 0.962950 0.368940
vt 0.964960 0.365460
vt 0.962970 0.365430
vt 0.959060 0.374670
vt 0.974650 0.369070
vt 0.975030 0.365730
vt 0.953180 0.369260
vt 0.966940 0.365490
vt 0.972950 0.365610
vt 0.975030 0.360560
vt 0.954820 0.360350
vt 0.318440 0.053000
vt 0.966900 0.360680
vt 0.972930 0.360640
vt 0.964950 0.360650
vt 0.316100 0.054290
vt 0.958970 0.360540
vt 0.963000 0.360620
vt 0.956910 0.360460
vt 0.315380 0.052660
vt 0.315070 0.054110
vt 0.954880 0.383900
vt 0.957010 0.383930
vt 0.959240 0.388870
vt 0.959060 0.380430
vt 0.955120 0.380330
vt 0.974630 0.380050
vt 0.972750 0.380120
vt 0.967110 0.383730
vt 0.973010 0.383470
vt 0.975030 0.383320
vt 0.961050 0.380410
vt 0.961130 0.383890
vt 0.965130 0.383800
vt 0.977130 0.383090
vt 0.952540 0.383800
vt 0.977270 0.388430
vt 0.957190 0.388990
vt 0.965300 0.388610
vt 0.967260 0.388510
vt 0.085730 0.422580
vt 0.973130 0.388290
vt 0.276850 0.343060
vt 0.955090 0.389130
vt 0.955310 0.390770
vt 0.975130 0.388290
vt 0.279170 0.341760
vt 0.963280 0.388680
vt 0.961270 0.388800
vt 0.959320 0.390520
vt 0.957300 0.390570
vt 0.085770 0.423590
vt 0.277870 0.344570
vt 0.084510 0.423550
vt 0.965140 0.347440
vt 0.969030 0.341690
vt 0.961250 0.341710
vt 0.972920 0.341680
vt 0.959320 0.341710
vt 0.957420 0.341700
vt 0.977210 0.332690
vt 0.974850 0.341670
vt 0.959270 0.336110
vt 0.954750 0.332860
vt 0.957030 0.332720
vt 0.955560 0.341700
vt 0.974920 0.336050
vt 0.975100 0.332580
vt 0.971010 0.335910
vt 0.973050 0.332550
vt 0.969040 0.335940
vt 0.961210 0.336050
vt 0.961150 0.332600
vt 0.963140 0.332580
vt 0.108340 0.352710
vt 0.109470 0.356750
vt 0.954950 0.327310
vt 0.975010 0.327570
vt 0.959120 0.332630
vt 0.969070 0.332550
vt 0.108430 0.358650
vt 0.972950 0.327640
vt 0.965020 0.327780
vt 0.103650 0.355570
vt 0.961090 0.327780
vt 0.104260 0.351650
vt 0.963050 0.327790
vt 0.959130 0.327710
vt 0.102340 0.352750
vt 0.106430 0.351600
vt 0.957110 0.327590
vt 0.106400 0.354200
vt 0.107130 0.355840
vt 0.104660 0.354060
vt 0.957320 0.347230
vt 0.963170 0.347430
vt 0.963170 0.350870
vt 0.959250 0.347340
vt 0.959110 0.350820
vt 0.956980 0.350740
vt 0.973110 0.350790
vt 0.965170 0.350870
vt 0.973010 0.347390
vt 0.971120 0.350810
vt 0.975140 0.350750
vt 0.979460 0.350440
vt 0.955460 0.347060
vt 0.974940 0.347300
vt 0.954740 0.350580
vt 0.975110 0.355680
vt 0.977190 0.355760
vt 0.431560 0.100240
vt 0.973110 0.355670
vt 0.430520 0.096140
vt 0.961120 0.355750
vt 0.428520 0.103190
vt 0.957050 0.355920
vt 0.424440 0.102050
vt 0.963130 0.355730
vt 0.965150 0.355710
vt 0.971110 0.355650
vt 0.425740 0.099220
vt 0.428200 0.097450
vt 0.428490 0.100590
vt 0.426750 0.100730
vt 0.429220 0.098960
vt 0.977210 0.549000
vt 0.975290 0.548990
vt 0.973350 0.548990
vt 0.965560 0.548980
vt 0.980990 0.549010
vt 0.957920 0.549010
vt 0.963630 0.548980
vt 0.963540 0.543330
vt 0.981060 0.554410
vt 0.979190 0.554580
vt 0.975330 0.558140
vt 0.957920 0.554370
vt 0.975300 0.554670
vt 0.979490 0.558040
vt 0.979120 0.549000
vt 0.957860 0.543590
vt 0.977290 0.543380
vt 0.963390 0.558030
vt 0.959320 0.557810
vt 0.959730 0.554520
vt 0.963550 0.554650
vt 0.961380 0.557950
vt 0.979420 0.563210
vt 0.957180 0.557590
vt 0.981780 0.557910
vt 0.965380 0.558070
vt 0.965500 0.554680
vt 0.973340 0.554700
vt 0.973320 0.558140
vt 0.965390 0.562910
vt 0.420640 0.460830
vt 0.963370 0.562890
vt 0.971340 0.562980
vt 0.415860 0.457760
vt 0.416470 0.453830
vt 0.973330 0.562980
vt 0.977370 0.563080
vt 0.977310 0.564650
vt 0.414560 0.454930
vt 0.957020 0.563100
vt 0.421680 0.458940
vt 0.418640 0.453790
vt 0.981550 0.563490
vt 0.961340 0.562910
vt 0.979250 0.564750
vt 0.419340 0.458020
vt 0.416870 0.456250
vt 0.975340 0.543280
vt 0.975430 0.539870
vt 0.973370 0.543310
vt 0.965410 0.539860
vt 0.965490 0.543230
vt 0.973410 0.539810
vt 0.959690 0.543430
vt 0.963410 0.539880
vt 0.961380 0.539960
vt 0.959300 0.540090
vt 0.979600 0.534820
vt 0.981820 0.534610
vt 0.961390 0.534980
vt 0.429620 0.460380
vt 0.959300 0.534920
vt 0.963400 0.534980
vt 0.971480 0.534950
vt 0.424930 0.457520
vt 0.979480 0.533240
vt 0.427710 0.461490
vt 0.973470 0.534940
vt 0.977540 0.534910
vt 0.423630 0.460350
vt 0.961440 0.533400
vt 0.427690 0.458890
vt 0.425950 0.459030
vt 0.760980 0.102080
vt 0.756600 0.105190
vt 0.760980 0.154090
vt 0.756600 0.116240
vt 0.760980 0.144570
vt 0.993880 0.914620
vt 0.987460 0.210360
vt 0.851810 0.102080
vt 0.851810 0.154090
vt 0.851810 0.144570
vt 0.886470 0.116240
vt 0.882090 0.144570
vt 0.882090 0.116240
vt 0.882090 0.106720
vt 0.990070 0.662220
vt 0.796560 0.154090
vt 0.796560 0.102080
vt 0.882090 0.154090
vt 0.886470 0.105190
vt 0.882090 0.102080
vt 0.760980 0.106720
vt 0.760980 0.116240
vt 0.821540 0.130400
vt 0.821540 0.135040
vt 0.796560 0.135040
vt 0.796560 0.130400
vt 0.821540 0.102080
vt 0.821540 0.154090
vt 0.821540 0.144570
vt 0.796560 0.144570
vt 0.860730 0.116540
vt 0.860120 0.112440
vt 0.803450 0.112790
vt 0.787340 0.120330
vt 0.840460 0.120640
vt 0.850290 0.121250
vt 0.851810 0.125760
vt 0.839850 0.116540
vt 0.840460 0.112440
vt 0.796490 0.121080
vt 0.786590 0.116560
vt 0.787340 0.112790
vt 0.760980 0.125760
vt 0.886470 0.127290
vt 0.882090 0.130400
vt 0.882090 0.135040
vt 0.882090 0.125760
vt 0.756600 0.127290
vt 0.760980 0.135040
vt 0.760980 0.130400
vt 0.803450 0.120330
vt 0.821540 0.106720
vt 0.860120 0.120640
vt 0.821540 0.125760
vt 0.846440 0.116670
vt 0.851900 0.114410
vt 0.847380 0.118930
vt 0.850290 0.111830
vt 0.799690 0.116640
vt 0.798750 0.118920
vt 0.796470 0.119860
vt 0.804200 0.116560
vt 0.793250 0.116640
vt 0.798750 0.114370
vt 0.794200 0.118920
vt 0.796490 0.112040
vt 0.851900 0.118930
vt 0.852840 0.116670
vt 0.849640 0.119870
vt 0.796560 0.125760
vt 0.988930 0.661830
vt 0.989490 0.663920
vt 0.796560 0.106720
vt 0.851810 0.135040
vt 0.851810 0.130400
vt 0.993880 0.913420
vt 0.851810 0.106720
vt 0.991120 0.913420
vt 0.986710 0.210620
vt 0.987930 0.214170
vt 0.821540 0.116240
vt 0.817790 0.362860
vt 0.813570 0.365850
vt 0.305270 0.384620
vt 0.813560 0.376920
vt 0.305270 0.394150
vt 0.237490 0.394140
vt 0.225870 0.384830
vt 0.221480 0.394140
vt 0.901610 0.376930
vt 0.225870 0.394140
vt 0.885590 0.386420
vt 0.817830 0.367380
vt 0.830370 0.367400
vt 0.292720 0.384620
vt 0.830350 0.362760
vt 0.237490 0.403640
vt 0.885610 0.391060
vt 0.820220 0.380430
vt 0.817820 0.376920
vt 0.821010 0.377000
vt 0.267730 0.403670
vt 0.636080 0.023220
vt 0.855340 0.391090
vt 0.993880 0.425820
vt 0.490710 0.087280
vt 0.292720 0.403680
vt 0.830350 0.391070
vt 0.967820 0.220780
vt 0.966460 0.223570
vt 0.855340 0.362740
vt 0.267740 0.384620
vt 0.885630 0.362770
vt 0.237490 0.384640
vt 0.267730 0.394140
vt 0.294440 0.397330
vt 0.061290 0.085610
vt 0.889010 0.371550
vt 0.884430 0.368520
vt 0.885600 0.367400
vt 0.897220 0.367610
vt 0.894250 0.369280
vt 0.835250 0.380420
vt 0.834460 0.377000
vt 0.884420 0.380300
vt 0.874610 0.369280
vt 0.817830 0.386450
vt 0.821020 0.383860
vt 0.901600 0.387730
vt 0.897250 0.390870
vt 0.225880 0.403450
vt 0.897210 0.386230
vt 0.813570 0.387980
vt 0.817790 0.390970
vt 0.305270 0.403680
vt 0.061290 0.088520
vt 0.889950 0.373810
vt 0.889010 0.376070
vt 0.967230 0.219080
vt 0.855340 0.367380
vt 0.894860 0.374420
vt 0.897220 0.376920
vt 0.894250 0.379550
vt 0.874000 0.374410
vt 0.874600 0.379540
vt 0.825330 0.380490
vt 0.830820 0.382760
vt 0.634630 0.007750
vt 0.826270 0.378220
vt 0.829050 0.385100
vt 0.831760 0.380490
vt 0.828980 0.374250
vt 0.886760 0.377000
vt 0.059740 0.085610
vt 0.884500 0.376070
vt 0.884500 0.371550
vt 0.883560 0.373810
vt 0.855340 0.376910
vt 0.635210 0.009460
vt 0.633500 0.008200
vt 0.489000 0.088540
vt 0.490120 0.088990
vt 0.834460 0.383850
vt 0.830370 0.386430
vt 0.634380 0.021960
vt 0.991120 0.425820
vt 0.991120 0.422060
vt 0.965840 0.220300
vt 0.965640 0.223850
vt 0.967560 0.227160
vt 0.000370 0.541840
vt 0.003360 0.546060
vt 0.405130 0.355170
vt 0.014420 0.546060
vt 0.405130 0.364700
vt 0.337340 0.364690
vt 0.325730 0.355380
vt 0.003630 0.458020
vt 0.000480 0.462360
vt 0.014430 0.458020
vt 0.325730 0.364690
vt 0.006790 0.465380
vt 0.005120 0.462410
vt 0.020270 0.528810
vt 0.015720 0.528810
vt 0.017930 0.524370
vt 0.021360 0.525170
vt 0.014510 0.525170
vt 0.023930 0.474040
vt 0.004890 0.541800
vt 0.004910 0.529260
vt 0.392580 0.355170
vt 0.000270 0.529280
vt 0.337350 0.374190
vt 0.028560 0.474010
vt 0.014420 0.541810
vt 0.017940 0.539400
vt 0.014510 0.538610
vt 0.392580 0.374220
vt 0.028570 0.529280
vt 0.925720 0.142710
vt 0.985510 0.855320
vt 0.000240 0.504290
vt 0.367590 0.355160
vt 0.000270 0.474000
vt 0.337350 0.355180
vt 0.367590 0.364690
vt 0.394290 0.367870
vt 0.006030 0.475200
vt 0.004910 0.474030
vt 0.011760 0.530650
vt 0.011920 0.464760
vt 0.014430 0.462410
vt 0.017060 0.465380
vt 0.011920 0.485630
vt 0.017050 0.485020
vt 0.006790 0.485020
vt 0.017810 0.475200
vt 0.022610 0.530580
vt 0.023940 0.529260
vt 0.023960 0.541800
vt 0.025240 0.458030
vt 0.028380 0.462380
vt 0.325730 0.374000
vt 0.023740 0.462420
vt 0.025490 0.546050
vt 0.028480 0.541830
vt 0.405130 0.374220
vt 0.011320 0.469680
vt 0.009060 0.470610
vt 0.013570 0.470610
vt 0.023950 0.504290
vt 0.018000 0.534290
vt 0.021210 0.531080
vt 0.020270 0.533350
vt 0.015720 0.533350
vt 0.014780 0.531080
vt 0.014510 0.472870
vt 0.013570 0.475130
vt 0.008120 0.472870
vt 0.009060 0.475130
vt 0.014420 0.504290
vt 0.021360 0.538610
vt 0.367590 0.374220
vt 0.028590 0.504290
vt 0.923750 0.143200
vt 0.984740 0.855590
vt 0.925140 0.144420
vt 0.004890 0.504290
vt 0.586350 0.059050
vt 0.586350 0.071320
vt 0.974110 0.503540
vt 0.613930 0.059050
vt 0.648140 0.059050
vt 0.631040 0.071320
vt 0.957010 0.475940
vt 0.620560 0.059050
vt 0.565410 0.059050
vt 0.641500 0.059050
vt 0.641500 0.071320
vt 0.967480 0.475940
vt 0.008750 0.335450
vt 0.946830 0.230230
vt 0.942090 0.240220
vt 0.967210 0.481580
vt 0.976060 0.482560
vt 0.648130 0.071320
vt 0.014290 0.336720
vt 0.942090 0.230230
vt 0.946830 0.240220
vt 0.013020 0.330390
vt 0.946830 0.197260
vt 0.007960 0.326120
vt 0.558770 0.059050
vt 0.558780 0.071320
vt 0.984570 0.486420
vt 0.960420 0.500930
vt 0.942090 0.201590
vt 0.959650 0.498990
vt 0.946830 0.201590
vt 0.946830 0.205910
vt 0.002420 0.324850
vt 0.946830 0.215900
vt 0.003690 0.331180
vt 0.980000 0.500720
vt 0.575890 0.071320
vt 0.981510 0.498800
vt 0.942090 0.225900
vt 0.006180 0.338900
vt 0.946830 0.225900
vt 0.978950 0.486160
vt 0.946830 0.220230
vt 0.002420 0.336720
vt 0.967480 0.503540
vt 0.942090 0.205910
vt 0.592980 0.071320
vt 0.969810 0.498590
vt 0.942090 0.220230
vt 0.565410 0.071320
vt 0.979640 0.490710
vt 0.613930 0.071320
vt 0.957010 0.493050
vt 0.942090 0.197260
vt 0.942090 0.244540
vt 0.014290 0.324850
vt 0.962630 0.493320
vt 0.957010 0.486420
vt 0.963610 0.484470
vt 0.620560 0.071320
vt 0.603450 0.059050
vt 0.592990 0.059050
vt 0.575890 0.059050
vt 0.631040 0.059050
vt 0.942090 0.215900
vt 0.942090 0.211580
vt 0.974370 0.497890
vt 0.000240 0.328610
vt 0.977970 0.495010
vt 0.979790 0.478770
vt 0.658600 0.071320
vt 0.548290 0.071320
vt 0.981710 0.480280
vt 0.603450 0.071320
vt 0.957010 0.503540
vt 0.959370 0.479370
vt 0.961780 0.479720
vt 0.961330 0.478590
vt 0.979620 0.479980
vt 0.980570 0.480740
vt 0.586350 0.072240
vt 0.613930 0.072240
vt 0.960380 0.509230
vt 0.658600 0.084520
vt 0.548290 0.084520
vt 0.961890 0.507320
vt 0.648140 0.072240
vt 0.592990 0.072240
vt 0.620560 0.072240
vt 0.565410 0.072240
vt 0.518580 0.196320
vt 0.565410 0.084520
vt 0.972320 0.509380
vt 0.974660 0.504450
vt 0.641500 0.084520
vt 0.957550 0.521550
vt 0.290660 0.422080
vt 0.523310 0.206320
vt 0.518580 0.173360
vt 0.518580 0.220630
vt 0.296200 0.411480
vt 0.974920 0.526390
vt 0.966070 0.525410
vt 0.620560 0.084520
vt 0.558770 0.072240
vt 0.523310 0.216310
vt 0.294920 0.417030
vt 0.523310 0.192000
vt 0.285600 0.417820
vt 0.523310 0.177680
vt 0.523310 0.182000
vt 0.284320 0.411480
vt 0.518580 0.201990
vt 0.288090 0.425530
vt 0.523310 0.201990
vt 0.967760 0.510080
vt 0.523310 0.196320
vt 0.284320 0.423360
vt 0.586350 0.084520
vt 0.985140 0.514920
vt 0.518580 0.182000
vt 0.592980 0.084520
vt 0.980200 0.519210
vt 0.558780 0.084520
vt 0.968030 0.504450
vt 0.518580 0.216310
vt 0.963190 0.521810
vt 0.964160 0.512960
vt 0.648130 0.084520
vt 0.296200 0.423360
vt 0.518580 0.206320
vt 0.613930 0.084520
vt 0.974660 0.532010
vt 0.980600 0.529380
vt 0.603450 0.084520
vt 0.518580 0.177680
vt 0.523310 0.187670
vt 0.518580 0.187670
vt 0.282150 0.415250
vt 0.979500 0.514650
vt 0.518580 0.192000
vt 0.981190 0.509480
vt 0.980410 0.507510
vt 0.960190 0.527690
vt 0.961320 0.527240
vt 0.631040 0.084520
vt 0.575890 0.084520
vt 0.982320 0.509030
vt 0.981540 0.507060
vt 0.961590 0.509410
vt 0.962340 0.508450
vt 0.579800 0.045850
vt 0.607370 0.045850
vt 0.641590 0.045850
vt 0.586430 0.045850
vt 0.957010 0.457930
vt 0.586430 0.058130
vt 0.614010 0.045850
vt 0.558860 0.045850
vt 0.981180 0.449830
vt 0.980050 0.450280
vt 0.981960 0.451790
vt 0.634950 0.045850
vt 0.984760 0.316560
vt 0.106760 0.408550
vt 0.096540 0.400460
vt 0.980020 0.287950
vt 0.984760 0.292270
vt 0.967230 0.453090
vt 0.963630 0.455970
vt 0.980020 0.310900
vt 0.558860 0.058130
vt 0.969830 0.470100
vt 0.967490 0.475020
vt 0.110340 0.410030
vt 0.984760 0.320890
vt 0.980020 0.316560
vt 0.974390 0.469400
vt 0.981770 0.470240
vt 0.980020 0.282280
vt 0.104130 0.396880
vt 0.984760 0.282280
vt 0.974120 0.447460
vt 0.614010 0.058130
vt 0.971790 0.452390
vt 0.984760 0.277950
vt 0.106740 0.401930
vt 0.552220 0.045850
vt 0.552230 0.058130
vt 0.974120 0.475020
vt 0.984760 0.306580
vt 0.984760 0.310900
vt 0.100140 0.408560
vt 0.961550 0.450100
vt 0.596900 0.058130
vt 0.960070 0.451990
vt 0.984760 0.296590
vt 0.095070 0.404550
vt 0.579800 0.058130
vt 0.957010 0.464560
vt 0.634950 0.058130
vt 0.984610 0.457930
vt 0.641580 0.058130
vt 0.984610 0.464560
vt 0.607380 0.058130
vt 0.967490 0.447460
vt 0.984760 0.325210
vt 0.111810 0.405930
vt 0.596900 0.045850
vt 0.569340 0.045850
vt 0.652050 0.045850
vt 0.541740 0.045850
vt 0.984760 0.302250
vt 0.980020 0.296590
vt 0.095850 0.408830
vt 0.962650 0.464820
vt 0.961960 0.460270
vt 0.980020 0.306580
vt 0.960960 0.470000
vt 0.961750 0.471960
vt 0.980260 0.472160
vt 0.652050 0.058130
vt 0.541740 0.058130
vt 0.982230 0.471370
vt 0.980020 0.277950
vt 0.111030 0.401660
vt 0.979660 0.462220
vt 0.978970 0.457660
vt 0.980020 0.325210
vt 0.976080 0.454060
vt 0.569340 0.058130
vt 0.959830 0.470450
vt 0.960610 0.472410
vt 0.624490 0.058130
vt 0.984610 0.447460
vt 0.884200 0.031690
vt 0.889740 0.031700
vt 0.889810 0.029820
vt 0.188390 0.256370
vt 0.176990 0.256320
vt 0.176970 0.258100
vt 0.619920 0.022430
vt 0.621730 0.016810
vt 0.619950 0.016860
vt 0.599770 0.021350
vt 0.594150 0.021430
vt 0.594330 0.023190
vt 0.975600 0.700590
vt 0.977350 0.692860
vt 0.975530 0.692860
vt 0.994160 0.946670
vt 0.189920 0.133630
vt 0.189880 0.142790
vt 0.085780 0.018040
vt 0.085780 0.019600
vt 0.301650 0.360670
vt 0.301970 0.355660
vt 0.080180 0.019640
vt 0.299900 0.360750
vt 0.299970 0.369850
vt 0.301670 0.369860
vt 0.300260 0.378870
vt 0.209250 0.405520
vt 0.207600 0.405560
vt 0.207360 0.414500
vt 0.205240 0.419130
vt 0.203200 0.418890
vt 0.042350 0.450530
vt 0.043960 0.456200
vt 0.202580 0.423490
vt 0.044020 0.450580
vt 0.042540 0.436880
vt 0.040720 0.427840
vt 0.243620 0.410720
vt 0.042540 0.427590
vt 0.241820 0.410380
vt 0.239850 0.419650
vt 0.243140 0.415300
vt 0.239810 0.425970
vt 0.237690 0.425370
vt 0.402490 0.021480
vt 0.402000 0.026880
vt 0.987270 0.155010
vt 0.404090 0.026810
vt 0.985700 0.149850
vt 0.987330 0.149880
vt 0.991020 0.135490
vt 0.989270 0.126850
vt 0.704330 0.105290
vt 0.704260 0.109770
vt 0.707600 0.109840
vt 0.705940 0.109760
vt 0.707760 0.118760
vt 0.897040 0.348200
vt 0.898670 0.357530
vt 0.896950 0.357420
vt 0.900520 0.362090
vt 0.751810 0.157840
vt 0.750430 0.133030
vt 0.989250 0.135790
vt 0.077780 0.471120
vt 0.428640 0.414630
vt 0.076180 0.462940
vt 0.051510 0.471620
vt 0.932030 0.205020
vt 0.906410 0.194530
vt 0.905250 0.204910
vt 0.139810 0.161270
vt 0.805260 0.198080
vt 0.779200 0.195630
vt 0.411550 0.299780
vt 0.804260 0.216900
vt 0.854640 0.204520
vt 0.089400 0.161550
vt 0.414030 0.290720
vt 0.777740 0.204710
vt 0.440890 0.299580
vt 0.440620 0.291120
vt 0.906680 0.291190
vt 0.540540 0.290730
vt 0.806980 0.290900
vt 0.464400 0.306540
vt 0.806940 0.306370
vt 0.540600 0.306210
vt 0.153070 0.233670
vt 0.561010 0.250940
vt 0.566610 0.290500
vt 0.536400 0.238310
vt 0.028150 0.219790
vt 0.435690 0.264900
vt 0.636990 0.362270
vt 0.454750 0.365400
vt 0.128310 0.207330
vt 0.535950 0.277370
vt 0.128360 0.218240
vt 0.535990 0.266500
vt 0.536670 0.221820
vt 0.806940 0.318760
vt 0.540640 0.318600
vt 0.540670 0.335080
vt 0.806950 0.335260
vt 0.440490 0.319010
vt 0.440770 0.335710
vt 0.777750 0.160130
vt 0.414060 0.335660
vt 0.038940 0.205780
vt 0.804170 0.160140
vt 0.855660 0.188970
vt 0.804640 0.188970
vt 0.904780 0.180970
vt 0.905270 0.159430
vt 0.139790 0.206550
vt 0.078090 0.425610
vt 0.571620 0.435140
vt 0.220140 0.442490
vt 0.725730 0.362050
vt 0.544260 0.365480
vt 0.464430 0.318930
vt 0.883250 0.318940
vt 0.090200 0.189340
vt 0.855470 0.176560
vt 0.720000 0.289280
vt 0.204250 0.482910
vt 0.556210 0.394720
vt 0.566420 0.279600
vt 0.481190 0.431920
vt 0.128890 0.445610
vt 0.807060 0.278420
vt 0.540450 0.278290
vt 0.414020 0.319180
vt 0.777740 0.176560
vt 0.051530 0.451000
vt 0.404510 0.426390
vt 0.931760 0.184660
vt 0.050810 0.463430
vt 0.932700 0.196910
vt 0.570880 0.422710
vt 0.219380 0.454990
vt 0.557330 0.435090
vt 0.205460 0.442540
vt 0.219290 0.470520
vt 0.570820 0.407140
vt 0.039410 0.189320
vt 0.804640 0.176590
vt 0.726940 0.303950
vt 0.573380 0.261940
vt 0.164980 0.222960
vt 0.587800 0.295430
vt 0.569910 0.276190
vt 0.161540 0.208630
vt 0.589260 0.281120
vt 0.128840 0.458010
vt 0.481130 0.419550
vt 0.464350 0.290970
vt 0.883300 0.291050
vt 0.129760 0.234200
vt 0.537380 0.250420
vt 0.558860 0.242210
vt 0.150970 0.242190
vt 0.566640 0.302630
vt 0.780940 0.302880
vt 0.028300 0.235260
vt 0.435850 0.249410
vt 0.435970 0.236930
vt 0.028400 0.247670
vt 0.610580 0.380960
vt 0.791690 0.346550
vt 0.597040 0.365460
vt 0.778430 0.362110
vt 0.610730 0.365480
vt 0.791840 0.362110
vt 0.545590 0.353080
vt 0.727090 0.374450
vt 0.662360 0.346790
vt 0.467830 0.365410
vt 0.750480 0.307940
vt 0.649730 0.362210
vt 0.662300 0.363870
vt 0.724590 0.303840
vt 0.781500 0.248790
vt 0.443020 0.365090
vt 0.719190 0.303540
vt 0.625410 0.362600
vt 0.774260 0.249160
vt 0.453890 0.355830
vt 0.737210 0.300070
vt 0.636170 0.371830
vt 0.764060 0.245280
vt 0.751160 0.292850
vt 0.750180 0.238100
vt 0.649790 0.374630
vt 0.467830 0.380890
vt 0.748310 0.326890
vt 0.649720 0.346750
vt 0.662740 0.374560
vt 0.662590 0.391090
vt 0.544370 0.381020
vt 0.725810 0.346540
vt 0.804780 0.379770
vt 0.000250 0.253050
vt 0.792730 0.376950
vt 0.558720 0.261250
vt 0.150830 0.223610
vt 0.147830 0.261300
vt 0.555690 0.223200
vt 0.566760 0.318570
vt 0.780950 0.318700
vt 0.430490 0.426540
vt 0.078030 0.450860
vt 0.219250 0.426820
vt 0.179440 0.442630
vt 0.531690 0.434990
vt 0.596600 0.381050
vt 0.777960 0.346460
vt 0.854550 0.159980
vt 0.089270 0.205950
vt 0.481220 0.407160
vt 0.128920 0.470480
vt 0.623360 0.301710
vt 0.877400 0.246890
vt 0.584260 0.422600
vt 0.595850 0.300460
vt 0.233150 0.455090
vt 0.904710 0.245530
vt 0.878720 0.273100
vt 0.622540 0.317270
vt 0.878180 0.262470
vt 0.659040 0.303500
vt 0.841680 0.248800
vt 0.694000 0.320670
vt 0.806710 0.265860
vt 0.658270 0.318960
vt 0.842490 0.264160
vt 0.204300 0.470440
vt 0.556240 0.407180
vt 0.554870 0.275590
vt 0.147030 0.209180
vt 0.588060 0.315320
vt 0.573340 0.241800
vt 0.760060 0.315350
vt 0.164920 0.242600
vt 0.408740 0.274600
vt 0.803560 0.336050
vt 0.493300 0.380880
vt 0.674800 0.346760
vt 0.454300 0.380870
vt 0.636540 0.346790
vt 0.623960 0.289290
vt 0.876840 0.234430
vt 0.708280 0.304470
vt 0.792390 0.249730
vt 0.695310 0.292790
vt 0.805390 0.238050
vt 0.708850 0.293480
vt 0.791800 0.238730
vt 0.179460 0.455010
vt 0.531720 0.422630
vt 0.778000 0.387120
vt 0.726380 0.390200
vt 0.779680 0.374550
vt 0.204350 0.454930
vt 0.556250 0.422760
vt 0.793170 0.266490
vt 0.233010 0.470620
vt 0.595080 0.315900
vt 0.905400 0.261030
vt 0.584190 0.407030
vt 0.659640 0.290910
vt 0.841110 0.236170
vt 0.843000 0.273980
vt 0.694710 0.305210
vt 0.806000 0.250480
vt 0.179470 0.470410
vt 0.531730 0.407190
vt 0.718290 0.321790
vt 0.782440 0.266980
vt 0.442720 0.380590
vt 0.625050 0.347090
vt 0.723950 0.316370
vt 0.774990 0.261650
vt 0.726250 0.316490
vt 0.727790 0.289690
vt 0.773430 0.234910
vt 0.736890 0.314220
vt 0.764420 0.259360
vt 0.738300 0.288090
vt 0.762980 0.233350
vt 0.707020 0.331330
vt 0.793660 0.276440
vt 0.494070 0.352980
vt 0.675580 0.374550
vt 0.492930 0.365480
vt 0.674430 0.362060
vt 0.408950 0.249040
vt 0.623610 0.365620
vt 0.001780 0.235690
vt 0.804240 0.361940
vt 0.408360 0.264350
vt 0.623440 0.381090
vt 0.804100 0.346340
vt 0.179460 0.482850
vt 0.531740 0.394740
vt 0.128960 0.426110
vt 0.089350 0.149040
vt 0.854570 0.216930
vt 0.454940 0.393380
vt 0.735900 0.331980
vt 0.467840 0.393380
vt 0.649700 0.334300
vt 0.807230 0.275540
vt 0.696140 0.276310
vt 0.804570 0.221540
vt 0.624700 0.273980
vt 0.876080 0.219150
vt 0.204220 0.426170
vt 0.556130 0.451350
vt 0.179440 0.426180
vt 0.531690 0.451410
vt 0.481330 0.394650
vt 0.430850 0.394040
vt 0.078410 0.483590
vt 0.051530 0.425610
vt 0.404490 0.451960
vt 0.931690 0.159420
vt 0.052070 0.484050
vt 0.931610 0.217510
vt 0.777850 0.217130
vt 0.414200 0.278290
vt 0.440710 0.278650
vt 0.906650 0.278690
vt 0.464540 0.335400
vt 0.883170 0.335440
vt 0.464320 0.278600
vt 0.883320 0.278620
vt 0.566670 0.333980
vt 0.781120 0.334170
vt 0.436440 0.220400
vt 0.028870 0.264130
vt 0.803590 0.389300
vt 0.002580 0.262200
vt 0.777690 0.335440
vt 0.675600 0.391090
vt 0.675510 0.334300
vt 0.649790 0.391070
vt 0.751850 0.282580
vt 0.738660 0.276370
vt 0.637210 0.391010
vt 0.233050 0.427470
vt 0.903380 0.218320
vt 0.232920 0.483120
vt 0.906030 0.273450
vt 0.584140 0.394570
vt 0.709640 0.276990
vt 0.791010 0.222240
vt 0.840280 0.219640
vt 0.660470 0.274450
vt 0.443210 0.391230
vt 0.723200 0.333740
vt 0.725640 0.333900
vt 0.717810 0.332670
vt 0.625540 0.336560
vt 0.775520 0.234780
vt 0.725470 0.289570
vt 0.780670 0.234510
vt 0.625270 0.375020
vt 0.720590 0.277530
vt 0.780090 0.222730
vt 0.772800 0.223110
vt 0.726020 0.277800
vt 0.728460 0.277950
vt 0.626510 0.389530
vt 0.726070 0.334820
vt 0.662500 0.334280
vt 0.791090 0.335900
vt 0.791440 0.387680
vt 0.219200 0.483010
vt 0.570760 0.394660
vt 0.093480 0.309260
vt 0.383420 0.283410
vt 0.091880 0.301090
vt 0.513460 0.206280
vt 0.607860 0.202470
vt 0.067250 0.309650
vt 0.499870 0.147610
vt 0.228660 0.175670
vt 0.528250 0.613340
vt 0.202520 0.163770
vt 0.525860 0.135720
vt 0.515210 0.646940
vt 0.531810 0.592540
vt 0.505660 0.465640
vt 0.562380 0.621270
vt 0.505270 0.478610
vt 0.594510 0.231690
vt 0.503560 0.453190
vt 0.581850 0.229720
vt 0.646590 0.256980
vt 0.594760 0.247190
vt 0.320340 0.232860
vt 0.594940 0.259840
vt 0.710840 0.229450
vt 0.191860 0.218450
vt 0.723960 0.245390
vt 0.723730 0.229970
vt 0.178930 0.218480
vt 0.737180 0.245360
vt 0.178810 0.245760
vt 0.737300 0.272790
vt 0.198480 0.487970
vt 0.736670 0.217370
vt 0.195090 0.544270
vt 0.204640 0.230280
vt 0.710820 0.257320
vt 0.647170 0.228910
vt 0.697150 0.216790
vt 0.544600 0.466190
vt 0.535570 0.478730
vt 0.508890 0.613360
vt 0.566260 0.487090
vt 0.561010 0.507980
vt 0.503770 0.592230
vt 0.381670 0.271370
vt 0.093640 0.288860
vt 0.386710 0.461530
vt 0.059290 0.511640
vt 0.364210 0.478230
vt 0.081890 0.528260
vt 0.082730 0.512630
vt 0.363370 0.462610
vt 0.280560 0.262320
vt 0.194990 0.280010
vt 0.267830 0.217450
vt 0.647480 0.244440
vt 0.050120 0.526730
vt 0.362840 0.450220
vt 0.083280 0.500270
vt 0.083930 0.486550
vt 0.117680 0.530130
vt 0.293160 0.492500
vt 0.152870 0.542590
vt 0.292640 0.481760
vt 0.153390 0.531810
vt 0.276850 0.438870
vt 0.169110 0.488840
vt 0.726090 0.097090
vt 0.280320 0.290150
vt 0.195230 0.307860
vt 0.513060 0.220020
vt 0.608290 0.216400
vt 0.067790 0.323350
vt 0.202590 0.175900
vt 0.503080 0.646070
vt 0.492420 0.465410
vt 0.710470 0.217250
vt 0.698070 0.229290
vt 0.240450 0.262150
vt 0.403220 0.448400
vt 0.042230 0.498470
vt 0.235780 0.279850
vt 0.278290 0.465660
vt 0.167680 0.515610
vt 0.168330 0.504530
vt 0.280440 0.274740
vt 0.195120 0.292470
vt 0.320500 0.243400
vt 0.594780 0.270570
vt 0.204390 0.219520
vt 0.711120 0.246520
vt 0.578200 0.633830
vt 0.520990 0.465860
vt 0.518570 0.625350
vt 0.514270 0.198470
vt 0.607060 0.194910
vt 0.066560 0.301670
vt 0.254840 0.262190
vt 0.221060 0.279890
vt 0.119740 0.486770
vt 0.117080 0.540950
vt 0.184970 0.546060
vt 0.177260 0.544980
vt 0.748040 0.218880
vt 0.182890 0.537340
vt 0.261390 0.487350
vt 0.185180 0.537460
vt 0.178720 0.203020
vt 0.250700 0.481870
vt 0.737390 0.229940
vt 0.195960 0.531870
vt 0.220060 0.307740
vt 0.235380 0.307690
vt 0.040570 0.526300
vt 0.216680 0.217650
vt 0.698630 0.244680
vt 0.594530 0.218700
vt 0.581820 0.245190
vt 0.518940 0.453420
vt 0.049450 0.539980
vt 0.331020 0.278060
vt 0.144470 0.295750
vt 0.488060 0.195940
vt 0.632810 0.192380
vt 0.734040 0.195390
vt 0.734650 0.186320
vt 0.684380 0.202070
vt 0.684470 0.215860
vt 0.354080 0.175870
vt 0.375270 0.147550
vt 0.760580 0.202060
vt 0.400530 0.136070
vt 0.373200 0.138580
vt 0.759440 0.193040
vt 0.304860 0.175580
vt 0.423590 0.147410
vt 0.328630 0.175640
vt 0.400120 0.147400
vt 0.304810 0.159990
vt 0.423650 0.131890
vt 0.228610 0.160210
vt 0.499940 0.132190
vt 0.577000 0.507820
vt 0.519830 0.592390
vt 0.576630 0.484920
vt 0.519440 0.615590
vt 0.566010 0.476700
vt 0.508600 0.624170
vt 0.520140 0.543000
vt 0.577280 0.557190
vt 0.532320 0.542520
vt 0.589470 0.557670
vt 0.577920 0.621430
vt 0.520750 0.478470
vt 0.595130 0.634000
vt 0.538120 0.465710
vt 0.546170 0.491810
vt 0.545380 0.478830
vt 0.504970 0.492210
vt 0.562110 0.607890
vt 0.504430 0.542170
vt 0.561610 0.558010
vt 0.547220 0.592380
vt 0.525840 0.105500
vt 0.603560 0.454930
vt 0.228580 0.147780
vt 0.499970 0.119730
vt 0.202670 0.147750
vt 0.525710 0.119780
vt 0.531920 0.646320
vt 0.589070 0.455040
vt 0.400300 0.104180
vt 0.304830 0.147600
vt 0.423670 0.119490
vt 0.423780 0.104120
vt 0.400120 0.119460
vt 0.734930 0.159010
vt 0.375950 0.119240
vt 0.760580 0.173850
vt 0.683310 0.186590
vt 0.634420 0.179170
vt 0.067410 0.264530
vt 0.407410 0.246870
vt 0.608350 0.158230
vt 0.513330 0.186110
vt 0.067360 0.289040
vt 0.407450 0.271610
vt 0.608020 0.182800
vt 0.387400 0.477050
vt 0.058560 0.527130
vt 0.486870 0.206110
vt 0.633970 0.202400
vt 0.331050 0.246960
vt 0.144410 0.264630
vt 0.194930 0.264800
vt 0.683430 0.174240
vt 0.684280 0.159100
vt 0.330860 0.290530
vt 0.144620 0.308300
vt 0.394870 0.461080
vt 0.050830 0.511220
vt 0.059940 0.499230
vt 0.386070 0.449130
vt 0.154080 0.516310
vt 0.291940 0.466350
vt 0.118350 0.514610
vt 0.327710 0.464630
vt 0.266380 0.450300
vt 0.179650 0.500270
vt 0.265960 0.439180
vt 0.736820 0.098490
vt 0.328600 0.189310
vt 0.400110 0.161110
vt 0.304860 0.189440
vt 0.423580 0.161350
vt 0.493640 0.610730
vt 0.550810 0.489680
vt 0.585340 0.476760
vt 0.528330 0.624130
vt 0.393660 0.435060
vt 0.051990 0.485000
vt 0.042350 0.484230
vt 0.234740 0.265600
vt 0.154720 0.503890
vt 0.291290 0.453950
vt 0.178610 0.514720
vt 0.267400 0.464790
vt 0.331020 0.265730
vt 0.144440 0.283350
vt 0.228740 0.189100
vt 0.499770 0.161120
vt 0.534020 0.452360
vt 0.591100 0.646940
vt 0.333130 0.233390
vt 0.581790 0.260410
vt 0.734540 0.173880
vt 0.255880 0.274520
vt 0.219990 0.292260
vt 0.241080 0.274450
vt 0.041160 0.510770
vt 0.235140 0.292200
vt 0.166870 0.532330
vt 0.279130 0.482300
vt 0.081250 0.540400
vt 0.327110 0.451880
vt 0.118930 0.501850
vt 0.219740 0.265250
vt 0.051820 0.498880
vt 0.393860 0.448810
vt 0.186570 0.515050
vt 0.184030 0.515060
vt 0.262340 0.465150
vt 0.260020 0.465120
vt 0.185070 0.500570
vt 0.261330 0.450560
vt 0.259210 0.450700
vt 0.198070 0.499180
vt 0.248500 0.449250
vt 0.737920 0.255000
vt 0.196990 0.511240
vt 0.178200 0.228110
vt 0.249590 0.461310
vt 0.217480 0.230220
vt 0.697830 0.257260
vt 0.532870 0.492520
vt 0.590010 0.607610
vt 0.520480 0.491500
vt 0.577620 0.608600
vt 0.381780 0.246870
vt 0.093540 0.264530
vt 0.634100 0.216220
vt 0.723470 0.217470
vt 0.166410 0.543800
vt 0.279610 0.493700
vt 0.155500 0.488220
vt 0.220100 0.321160
vt 0.330650 0.303950
vt 0.144820 0.321660
vt 0.381110 0.304760
vt 0.094200 0.322500
vt 0.634400 0.158870
vt 0.735130 0.215890
vt 0.760040 0.158690
vt 0.375690 0.104000
vt 0.499980 0.104000
vt 0.491230 0.541510
vt 0.548420 0.558670
vt 0.491470 0.591860
vt 0.548650 0.508350
vt 0.546490 0.542100
vt 0.490860 0.491200
vt 0.548040 0.608890
vt 0.548610 0.621770
vt 0.491460 0.478110
vt 0.544240 0.453910
vt 0.582050 0.270790
vt 0.600990 0.645380
vt 0.646710 0.217090
vt 0.697950 0.273360
vt 0.711190 0.273100
vt 0.748020 0.240540
vt 0.168250 0.213580
vt 0.268430 0.482830
vt 0.748340 0.229720
vt 0.177600 0.532860
vt 0.167340 0.230900
vt 0.748960 0.257820
vt 0.180070 0.489260
vt 0.188210 0.490010
vt 0.260740 0.439620
vt 0.258350 0.439900
vt 0.747910 0.271070
vt 0.185640 0.489780
vt 0.736720 0.099760
vt 0.237100 0.477980
vt 0.209630 0.527960
vt 0.724180 0.273240
vt 0.191570 0.246240
vt 0.211740 0.493680
vt 0.211030 0.504010
vt 0.191850 0.230960
vt 0.235630 0.454130
vt 0.723920 0.257930
vt 0.209300 0.539890
vt 0.647300 0.273360
vt 0.493620 0.453280
vt 0.581840 0.219740
vt 0.234950 0.321090
vt 0.039780 0.539730
vt 0.550850 0.478310
vt 0.493660 0.622540
vt 0.545270 0.623400
vt 0.602460 0.477470
vt 0.545390 0.611380
vt 0.057880 0.540160
vt 0.060490 0.485480
vt 0.385500 0.435480
vt 0.768380 0.054130
vt 0.939710 0.871830
vt 0.760570 0.057580
vt 0.788980 0.017300
vt 0.787520 0.017380
vt 0.784360 0.017710
vt 0.938120 0.871910
vt 0.760660 0.059950
vt 0.790450 0.017350
vt 0.786010 0.017550
vt 0.921110 0.398840
vt 0.766870 0.054100
vt 0.935500 0.162020
vt 0.918050 0.400410
vt 0.935500 0.165460
vt 0.762260 0.057520
vt 0.766820 0.047110
vt 0.956070 0.707580
vt 0.924530 0.392010
vt 0.920640 0.392010
vt 0.956070 0.711480
vt 0.403490 0.311750
vt 0.401520 0.310160
vt 0.643430 0.700460
vt 0.643400 0.696350
vt 0.647320 0.700430
vt 0.647300 0.696350
vt 0.938950 0.158590
vt 0.952620 0.707580
vt 0.920610 0.396100
vt 0.952620 0.711480
vt 0.401780 0.311770
vt 0.280720 0.007460
vt 0.786950 0.007070
vt 0.783940 0.007020
vt 0.283050 0.006520
vt 0.785730 0.005410
vt 0.938090 0.856150
vt 0.834690 0.004340
vt 0.936650 0.552670
vt 0.646820 0.992920
vt 0.199570 0.327500
vt 0.242280 0.079280
vt 0.194050 0.325700
vt 0.924530 0.695420
vt 0.940100 0.549230
vt 0.952640 0.403290
vt 0.924500 0.691310
vt 0.560670 0.015590
vt 0.555870 0.015790
vt 0.244320 0.078230
vt 0.562060 0.022310
vt 0.554990 0.022560
vt 0.141840 0.013500
vt 0.560670 0.008820
vt 0.471320 0.012290
vt 0.836280 0.017730
vt 0.940100 0.556110
vt 0.918060 0.687010
vt 0.471310 0.010420
vt 0.940100 0.514840
vt 0.940100 0.552670
vt 0.921110 0.688580
vt 0.141800 0.012000
vt 0.474040 0.010590
vt 0.834690 0.017740
vt 0.562200 0.015580
vt 0.554340 0.015880
vt 0.183920 0.135740
vt 0.184010 0.140160
vt 0.184070 0.134220
vt 0.301790 0.428600
vt 0.231230 0.375850
vt 0.640650 0.400870
vt 0.941020 0.532030
vt 0.643540 0.399010
vt 0.941020 0.538910
vt 0.639080 0.403930
vt 0.305300 0.427900
vt 0.228130 0.374310
vt 0.231890 0.369730
vt 0.643590 0.396120
vt 0.228160 0.376020
vt 0.228130 0.371050
vt 0.956070 0.984660
vt 0.221860 0.374400
vt 0.221410 0.371310
vt 0.643560 0.392010
vt 0.647460 0.392010
vt 0.924380 0.696340
vt 0.171620 0.134470
vt 0.173390 0.140510
vt 0.173370 0.133880
vt 0.939690 0.986330
vt 0.214880 0.007380
vt 0.185670 0.007430
vt 0.140150 0.086900
vt 0.938130 0.999670
vt 0.214900 0.013520
vt 0.118060 0.013290
vt 0.117970 0.021610
vt 0.202720 0.014850
vt 0.111640 0.018320
vt 0.111640 0.013360
vt 0.111510 0.019810
vt 0.952640 0.680360
vt 0.643560 0.695420
vt 0.647480 0.691330
vt 0.647460 0.695420
vt 0.643590 0.691310
vt 0.952640 0.684260
vt 0.020990 0.085970
vt 0.191630 0.007200
vt 0.924380 0.999750
vt 0.956090 0.684260
vt 0.198120 0.007390
vt 0.214900 0.008890
vt 0.214930 0.011920
vt 0.141760 0.089520
vt 0.939720 0.999720
vt 0.214930 0.010400
vt 0.191600 0.005590
vt 0.231500 0.377310
vt 0.304750 0.429290
vt 0.228150 0.369490
vt 0.858740 0.022860
vt 0.858760 0.016400
vt 0.498450 0.074830
vt 0.497200 0.063190
vt 0.497150 0.074860
vt 0.165450 0.014210
vt 0.165580 0.013010
vt 0.171460 0.014240
vt 0.980170 0.413820
vt 0.978850 0.407840
vt 0.978840 0.413840
vt 0.985660 0.243380
vt 0.986930 0.243330
vt 0.984400 0.243280
vt 0.984250 0.249100
vt 0.986890 0.249110
vt 0.985540 0.249110
vt 0.640710 0.020460
vt 0.639110 0.014480
vt 0.985730 0.382820
vt 0.987040 0.382780
vt 0.985730 0.377020
vt 0.801010 0.027390
vt 0.806630 0.025900
vt 0.459260 0.098070
vt 0.453260 0.099380
vt 0.459260 0.099420
vt 0.730360 0.031600
vt 0.736430 0.030240
vt 0.366730 0.023050
vt 0.736440 0.031590
vt 0.372760 0.021740
vt 0.366700 0.024340
vt 0.378860 0.021790
vt 0.372770 0.023110
vt 0.378870 0.023160
vt 0.976060 0.841370
vt 0.977420 0.841370
vt 0.977490 0.835060
vt 0.773920 0.203540
vt 0.775260 0.203520
vt 0.775230 0.209330
vt 0.128780 0.016400
vt 0.128760 0.017730
vt 0.134750 0.016480
vt 0.751760 0.024730
vt 0.751750 0.027380
vt 0.751770 0.026080
vt 0.757790 0.027430
vt 0.757780 0.024770
vt 0.769860 0.026100
vt 0.757790 0.026130
vt 0.769900 0.027380
vt 0.775550 0.025890
vt 0.715210 0.020480
vt 0.720740 0.019260
vt 0.720740 0.020610
vt 0.483970 0.022820
vt 0.478310 0.024140
vt 0.478290 0.022810
vt 0.975640 0.767610
vt 0.976850 0.767570
vt 0.975660 0.762430
vt 0.472520 0.068300
vt 0.473100 0.074530
vt 0.472800 0.065730
vt 0.465020 0.070800
vt 0.464830 0.073350
vt 0.465180 0.069530
vt 0.001180 0.713840
vt 0.060920 0.113440
vt 0.631190 0.724840
vt 0.253040 0.094730
vt 0.001000 0.768820
vt 0.111480 0.113440
vt 0.630900 0.812810
vt 0.172150 0.094730
vt 0.000680 0.867790
vt 0.202480 0.113440
vt 0.000640 0.878790
vt 0.212590 0.113440
vt 0.000570 0.900780
vt 0.232820 0.113440
vt 0.630570 0.911780
vt 0.081140 0.094730
vt 0.000500 0.922780
vt 0.253040 0.113440
vt 0.000430 0.944770
vt 0.273260 0.113440
vt 0.630390 0.966770
vt 0.030580 0.094730
vt 0.630360 0.977760
vt 0.020470 0.094730
vt 0.001360 0.658860
vt 0.010360 0.113440
vt 0.631370 0.669850
vt 0.303600 0.094730
vt 0.631330 0.680850
vt 0.293490 0.094730
vt 0.631040 0.768820
vt 0.212590 0.094730
vt 0.631290 0.691850
vt 0.283380 0.094730
vt 0.001250 0.691850
vt 0.040690 0.113440
vt 0.000350 0.966770
vt 0.293490 0.113440
vt 0.000390 0.955770
vt 0.283380 0.113440
vt 0.630720 0.867790
vt 0.121590 0.094730
vt 0.000970 0.779820
vt 0.121590 0.113440
vt 0.000320 0.977760
vt 0.303600 0.113440
vt 0.630320 0.988760
vt 0.010360 0.094730
vt 0.000610 0.889790
vt 0.222710 0.113440
vt 0.000280 0.988760
vt 0.313710 0.113440
vt 0.630970 0.790820
vt 0.192370 0.094730
vt 0.000890 0.801810
vt 0.141810 0.113440
vt 0.631260 0.702840
vt 0.273260 0.094730
vt 0.630290 0.999760
vt 0.631440 0.647860
vt 0.000240 0.094730
vt 0.323820 0.094730
vt 0.630610 0.900780
vt 0.091250 0.094730
vt 0.000530 0.911780
vt 0.242930 0.113440
vt 0.631220 0.713840
vt 0.263150 0.094730
vt 0.630860 0.823810
vt 0.162030 0.094730
vt 0.001150 0.724840
vt 0.071030 0.113440
vt 0.000820 0.823810
vt 0.162030 0.113440
vt 0.631400 0.658860
vt 0.313710 0.094730
vt 0.001330 0.669850
vt 0.020470 0.113440
vt 0.630830 0.834800
vt 0.151920 0.094730
vt 0.001110 0.735830
vt 0.081140 0.113440
vt 0.630500 0.933780
vt 0.060920 0.094730
vt 0.000790 0.834800
vt 0.172150 0.113440
vt 0.000460 0.933780
vt 0.263150 0.113440
vt 0.631150 0.735830
vt 0.242930 0.094730
vt 0.001290 0.680850
vt 0.030580 0.113440
vt 0.001070 0.746830
vt 0.091250 0.113440
vt 0.000750 0.845800
vt 0.182260 0.113440
vt 0.630750 0.856800
vt 0.131700 0.094730
vt 0.001040 0.757830
vt 0.101360 0.113440
vt 0.000710 0.856800
vt 0.192370 0.113440
vt 0.631080 0.757830
vt 0.222710 0.094730
vt 0.001220 0.702840
vt 0.050800 0.113440
vt 0.630430 0.955770
vt 0.040690 0.094730
vt 0.630540 0.922780
vt 0.071030 0.094730
vt 0.631010 0.779820
vt 0.202480 0.094730
vt 0.056630 0.322020
vt 0.212590 0.112520
vt 0.027260 0.418850
vt 0.071030 0.112520
vt 0.144040 0.423240
vt 0.263150 0.131240
vt 0.198890 0.341160
vt 0.131700 0.131240
vt 0.000930 0.790820
vt 0.131700 0.113440
vt 0.630470 0.944770
vt 0.050800 0.094730
vt 0.630930 0.801810
vt 0.182260 0.094730
vt 0.204500 0.349560
vt 0.141810 0.131240
vt 0.046520 0.424690
vt 0.050800 0.112520
vt 0.027260 0.327860
vt 0.182260 0.112520
vt 0.208370 0.358910
vt 0.151920 0.131240
vt 0.000860 0.812810
vt 0.151920 0.113440
vt 0.011700 0.340630
vt 0.162030 0.112520
vt 0.018850 0.333480
vt 0.172150 0.112520
vt 0.066550 0.422720
vt 0.030580 0.112520
vt 0.113520 0.398190
vt 0.303600 0.131240
vt 0.210350 0.378930
vt 0.172150 0.131240
vt 0.075890 0.418850
vt 0.020470 0.112520
vt 0.084300 0.413230
vt 0.010360 0.112520
vt 0.630790 0.845800
vt 0.141810 0.094730
vt 0.100940 0.358380
vt 0.273260 0.112520
vt 0.097070 0.349040
vt 0.263150 0.112520
vt 0.107680 0.378930
vt 0.323820 0.131240
vt 0.000240 0.131240
vt 0.107680 0.368820
vt 0.010360 0.131240
vt 0.630680 0.878790
vt 0.111470 0.094730
vt 0.000240 0.378410
vt 0.121590 0.112520
vt 0.100940 0.388330
vt 0.303600 0.112520
vt 0.630650 0.889790
vt 0.101360 0.094730
vt 0.002220 0.388330
vt 0.111470 0.112520
vt 0.183330 0.419370
vt 0.222710 0.131240
vt 0.164070 0.322540
vt 0.091250 0.131240
vt 0.006090 0.397670
vt 0.101360 0.112520
vt 0.631110 0.746830
vt 0.232820 0.094730
vt 0.119140 0.341160
vt 0.040690 0.131240
vt 0.011700 0.406080
vt 0.091250 0.112520
vt 0.126290 0.334010
vt 0.050800 0.131240
vt 0.066550 0.324000
vt 0.222710 0.112520
vt 0.159010 0.373880
vt 0.164070 0.425210
vt 0.242930 0.131240
vt 0.173990 0.423240
vt 0.232820 0.131240
vt 0.183330 0.328390
vt 0.111480 0.131240
vt 0.173990 0.324520
vt 0.101360 0.131240
vt 0.018850 0.413230
vt 0.081140 0.112520
vt 0.046520 0.322020
vt 0.202480 0.112520
vt 0.153960 0.425210
vt 0.253040 0.131240
vt 0.191740 0.334010
vt 0.121590 0.131240
vt 0.036600 0.422720
vt 0.060920 0.112520
vt 0.036600 0.324000
vt 0.192370 0.112520
vt 0.134700 0.419370
vt 0.273260 0.131240
vt 0.056630 0.424690
vt 0.040690 0.112520
vt 0.126290 0.413750
vt 0.283380 0.131240
vt 0.119140 0.406600
vt 0.293490 0.131240
vt 0.210350 0.368820
vt 0.162030 0.131240
vt 0.006090 0.349040
vt 0.151920 0.112520
vt 0.109650 0.388850
vt 0.313710 0.131240
vt 0.134700 0.328390
vt 0.060920 0.131240
vt 0.097070 0.397670
vt 0.313710 0.112520
vt 0.091450 0.340630
vt 0.253040 0.112520
vt 0.198890 0.406600
vt 0.202480 0.131240
vt 0.144040 0.324520
vt 0.071030 0.131240
vt 0.084300 0.333480
vt 0.242930 0.112520
vt 0.109650 0.358910
vt 0.020470 0.131240
vt 0.191740 0.413750
vt 0.212590 0.131240
vt 0.153960 0.322540
vt 0.081140 0.131240
vt 0.102910 0.378410
vt 0.293490 0.112520
vt 0.075890 0.327860
vt 0.232820 0.112520
vt 0.113520 0.349560
vt 0.030580 0.131240
vt 0.102910 0.368300
vt 0.283380 0.112520
vt 0.001110 0.735830
vt 0.081140 0.113440
vt 0.631150 0.735830
vt 0.371020 0.307220
vt 0.631040 0.768820
vt 0.212590 0.094730
vt 0.341810 0.311360
vt 0.273260 0.094730
vt 0.630970 0.790820
vt 0.192370 0.094730
vt 0.630930 0.801810
vt 0.182260 0.094730
vt 0.000820 0.823810
vt 0.162030 0.113440
vt 0.630830 0.834800
vt 0.151920 0.094730
vt 0.000750 0.845800
vt 0.182260 0.113440
vt 0.630790 0.845800
vt 0.141810 0.094730
vt 0.000710 0.856800
vt 0.192370 0.113440
vt 0.000680 0.867790
vt 0.202480 0.113440
vt 0.630650 0.889790
vt 0.101360 0.094730
vt 0.630610 0.900780
vt 0.091250 0.094730
vt 0.000430 0.944770
vt 0.273260 0.113440
vt 0.000320 0.977760
vt 0.303600 0.113440
vt 0.000390 0.955770
vt 0.283380 0.113440
vt 0.630720 0.867790
vt 0.121590 0.094730
vt 0.000970 0.779820
vt 0.121590 0.113440
vt 0.630390 0.966770
vt 0.030580 0.094730
vt 0.000640 0.878790
vt 0.212590 0.113440
vt 0.631010 0.779820
vt 0.202480 0.094730
vt 0.630680 0.878790
vt 0.111470 0.094730
vt 0.630320 0.988760
vt 0.010360 0.094730
vt 0.000610 0.889790
vt 0.222710 0.113440
vt 0.000890 0.801810
vt 0.141810 0.113440
vt 0.631260 0.702840
vt 0.273260 0.094730
vt 0.323820 0.113440
vt 0.000250 0.999760
vt 0.001400 0.647860
vt 0.000240 0.113440
vt 0.630570 0.911780
vt 0.081140 0.094730
vt 0.000860 0.812810
vt 0.151920 0.113440
vt 0.630290 0.999760
vt 0.631440 0.647860
vt 0.000240 0.094730
vt 0.323820 0.094730
vt 0.000530 0.911780
vt 0.242930 0.113440
vt 0.631220 0.713840
vt 0.351650 0.309120
vt 0.263150 0.094730
vt 0.001360 0.658860
vt 0.010360 0.113440
vt 0.630860 0.823810
vt 0.162030 0.094730
vt 0.630900 0.812810
vt 0.172150 0.094730
vt 0.001150 0.724840
vt 0.071030 0.113440
vt 0.631370 0.669850
vt 0.303600 0.094730
vt 0.631190 0.724840
vt 0.361240 0.307220
vt 0.630540 0.922780
vt 0.071030 0.094730
vt 0.000460 0.933780
vt 0.263150 0.113440
vt 0.380610 0.309120
vt 0.631110 0.746830
vt 0.232820 0.094730
vt 0.001290 0.680850
vt 0.030580 0.113440
vt 0.001070 0.746830
vt 0.091250 0.113440
vt 0.630500 0.933780
vt 0.060920 0.094730
vt 0.631290 0.691850
vt 0.283380 0.094730
vt 0.631330 0.680850
vt 0.293490 0.094730
vt 0.631080 0.757830
vt 0.222710 0.094730
vt 0.001250 0.691850
vt 0.040690 0.113440
vt 0.630750 0.856800
vt 0.131700 0.094730
vt 0.001040 0.757830
vt 0.101360 0.113440
vt 0.001220 0.702840
vt 0.050800 0.113440
vt 0.630430 0.955770
vt 0.040690 0.094730
vt 0.001000 0.768820
vt 0.111480 0.113440
vt 0.018850 0.413230
vt 0.081140 0.112520
vt 0.153960 0.425210
vt 0.253040 0.131240
vt 0.000500 0.922780
vt 0.253040 0.113440
vt 0.191740 0.334010
vt 0.121590 0.131240
vt 0.630470 0.944770
vt 0.050800 0.094730
vt 0.134700 0.419370
vt 0.273260 0.131240
vt 0.204500 0.349560
vt 0.141810 0.131240
vt 0.046520 0.424690
vt 0.050800 0.112520
vt 0.027260 0.327860
vt 0.182260 0.112520
vt 0.018850 0.333480
vt 0.172150 0.112520
vt 0.000350 0.966770
vt 0.293490 0.113440
vt 0.630360 0.977760
vt 0.020470 0.094730
vt 0.084300 0.413230
vt 0.010360 0.112520
vt 0.075890 0.418850
vt 0.020470 0.112520
vt 0.006090 0.349040
vt 0.151920 0.112520
vt 0.000280 0.988760
vt 0.313710 0.113440
vt 0.204500 0.398190
vt 0.208370 0.388850
vt 0.192370 0.131240
vt 0.182260 0.131240
vt 0.001180 0.713840
vt 0.060920 0.113440
vt 0.097070 0.349040
vt 0.263150 0.112520
vt 0.107680 0.378930
vt 0.323820 0.131240
vt 0.000240 0.131240
vt 0.107680 0.368820
vt 0.010360 0.131240
vt 0.631400 0.658860
vt 0.313710 0.094730
vt 0.000240 0.378410
vt 0.121590 0.112520
vt 0.109650 0.358910
vt 0.020470 0.131240
vt 0.191740 0.413750
vt 0.212590 0.131240
vt 0.100940 0.388330
vt 0.303600 0.112520
vt 0.183330 0.419370
vt 0.222710 0.131240
vt 0.006090 0.397670
vt 0.101360 0.112520
vt 0.000570 0.900780
vt 0.232820 0.113440
vt 0.102910 0.368300
vt 0.283380 0.112520
vt 0.011700 0.406080
vt 0.091250 0.112520
vt 0.066550 0.324000
vt 0.222710 0.112520
vt 0.056630 0.322020
vt 0.212590 0.112520
vt 0.051580 0.373360
vt 0.126290 0.334010
vt 0.050800 0.131240
vt 0.119140 0.341160
vt 0.040690 0.131240
vt 0.164070 0.425210
vt 0.242930 0.131240
vt 0.173990 0.423240
vt 0.232820 0.131240
vt 0.183330 0.328390
vt 0.111480 0.131240
vt 0.173990 0.324520
vt 0.101360 0.131240
vt 0.027260 0.418850
vt 0.071030 0.112520
vt 0.046520 0.322020
vt 0.202480 0.112520
vt 0.036600 0.422720
vt 0.060920 0.112520
vt 0.100940 0.358380
vt 0.036600 0.324000
vt 0.273260 0.112520
vt 0.192370 0.112520
vt 0.144040 0.423240
vt 0.263150 0.131240
vt 0.126290 0.334010
vt 0.198890 0.341160
vt 0.050800 0.131240
vt 0.131700 0.131240
vt 0.056630 0.424690
vt 0.040690 0.112520
vt 0.126290 0.413750
vt 0.283380 0.131240
vt 0.208370 0.358910
vt 0.151920 0.131240
vt 0.066550 0.422720
vt 0.030580 0.112520
vt 0.011700 0.340630
vt 0.162030 0.112520
vt 0.119140 0.406600
vt 0.293490 0.131240
vt 0.210350 0.368820
vt 0.162030 0.131240
vt 0.113520 0.398190
vt 0.303600 0.131240
vt 0.210350 0.378930
vt 0.172150 0.131240
vt 0.000240 0.368300
vt 0.002220 0.358380
vt 0.131700 0.112520
vt 0.141810 0.112520
vt 0.109650 0.388850
vt 0.313710 0.131240
vt 0.323820 0.112520
vt 0.091450 0.406080
vt 0.000240 0.112520
vt 0.002220 0.358380
vt 0.000240 0.368300
vt 0.141810 0.112520
vt 0.131700 0.112520
vt 0.100940 0.358380
vt 0.273260 0.112520
vt 0.208370 0.388850
vt 0.204500 0.398190
vt 0.182260 0.131240
vt 0.192370 0.131240
vt 0.134700 0.328390
vt 0.060920 0.131240
vt 0.097070 0.397670
vt 0.313710 0.112520
vt 0.198890 0.406600
vt 0.202480 0.131240
vt 0.144040 0.324520
vt 0.183330 0.328390
vt 0.071030 0.131240
vt 0.111480 0.131240
vt 0.002220 0.388330
vt 0.111470 0.112520
vt 0.102910 0.378410
vt 0.293490 0.112520
vt 0.075890 0.327860
vt 0.232820 0.112520
vt 0.113520 0.349560
vt 0.030580 0.131240
vt 0.164070 0.322540
vt 0.091250 0.131240
vt 0.001180 0.713840
vt 0.060920 0.113440
vt 0.631150 0.735830
vt 0.242930 0.094730
vt 0.631110 0.746830
vt 0.232820 0.094730
vt 0.631080 0.757830
vt 0.222710 0.094730
vt 0.631040 0.768820
vt 0.212590 0.094730
vt 0.630970 0.790820
vt 0.192370 0.094730
vt 0.000930 0.790820
vt 0.131700 0.113440
vt 0.630930 0.801810
vt 0.182260 0.094730
vt 0.630900 0.812810
vt 0.172150 0.094730
vt 0.000860 0.812810
vt 0.151920 0.113440
vt 0.630860 0.823810
vt 0.162030 0.094730
vt 0.000820 0.823810
vt 0.162030 0.113440
vt 0.000680 0.867790
vt 0.202480 0.113440
vt 0.000610 0.889790
vt 0.222710 0.113440
vt 0.630570 0.911780
vt 0.361240 0.406480
vt 0.000460 0.933780
vt 0.263150 0.113440
vt 0.000430 0.944770
vt 0.273260 0.113440
vt 0.000320 0.977760
vt 0.303600 0.113440
vt 0.631440 0.647860
vt 0.630290 0.999760
vt 0.000240 0.094730
vt 0.323820 0.094730
vt 0.001360 0.658860
vt 0.010360 0.113440
vt 0.631370 0.669850
vt 0.303600 0.094730
vt 0.001330 0.669850
vt 0.020470 0.113440
vt 0.631010 0.779820
vt 0.202480 0.094730
vt 0.631290 0.691850
vt 0.283380 0.094730
vt 0.001250 0.691850
vt 0.040690 0.113440
vt 0.000350 0.966770
vt 0.293490 0.113440
vt 0.630720 0.867790
vt 0.121590 0.094730
vt 0.000970 0.779820
vt 0.121590 0.113440
vt 0.630390 0.966770
vt 0.030580 0.094730
vt 0.000640 0.878790
vt 0.212590 0.113440
vt 0.630680 0.878790
vt 0.111470 0.094730
vt 0.630360 0.977760
vt 0.020470 0.094730
vt 0.000890 0.801810
vt 0.141810 0.113440
vt 0.631220 0.713840
vt 0.263150 0.094730
vt 0.631260 0.702840
vt 0.273260 0.094730
vt 0.323820 0.113440
vt 0.000250 0.999760
vt 0.001400 0.647860
vt 0.000240 0.113440
vt 0.000530 0.911780
vt 0.242930 0.113440
vt 0.001150 0.724840
vt 0.071030 0.113440
vt 0.001110 0.735830
vt 0.081140 0.113440
vt 0.000790 0.834800
vt 0.172150 0.113440
vt 0.417460 0.361910
vt 0.162030 0.094730
vt 0.630790 0.845800
vt 0.141810 0.094730
vt 0.001040 0.757830
vt 0.101360 0.113440
vt 0.630430 0.955770
vt 0.040690 0.094730
vt 0.630470 0.944770
vt 0.050800 0.094730
vt 0.000710 0.856800
vt 0.192370 0.113440
vt 0.417460 0.351800
vt 0.172150 0.094730
vt 0.630750 0.856800
vt 0.131700 0.094730
vt 0.001000 0.768820
vt 0.111480 0.113440
vt 0.173990 0.324520
vt 0.101360 0.131240
vt 0.183330 0.328390
vt 0.111480 0.131240
vt 0.351150 0.406210
vt 0.630540 0.922780
vt 0.071030 0.094730
vt 0.046520 0.322020
vt 0.202480 0.112520
vt 0.056630 0.322020
vt 0.212590 0.112520
vt 0.153960 0.425210
vt 0.253040 0.131240
vt 0.000500 0.922780
vt 0.253040 0.113440
vt 0.630500 0.933780
vt 0.060920 0.094730
vt 0.027260 0.418850
vt 0.071030 0.112520
vt 0.144040 0.423240
vt 0.263150 0.131240
vt 0.036600 0.422720
vt 0.060920 0.112520
vt 0.027260 0.327860
vt 0.182260 0.112520
vt 0.134700 0.419370
vt 0.273260 0.131240
vt 0.204500 0.349560
vt 0.141810 0.131240
vt 0.046520 0.424690
vt 0.050800 0.112520
vt 0.000390 0.955770
vt 0.283380 0.113440
vt 0.018850 0.333480
vt 0.172150 0.112520
vt 0.210350 0.368820
vt 0.162030 0.131240
vt 0.630830 0.834800
vt 0.151920 0.094730
vt 0.109650 0.388850
vt 0.313710 0.131240
vt 0.000280 0.988760
vt 0.313710 0.113440
vt 0.217100 0.371790
vt 0.162030 0.113440
vt 0.000750 0.845800
vt 0.182260 0.113440
vt 0.630320 0.988760
vt 0.010360 0.094730
vt 0.018850 0.333480
vt 0.000240 0.368300
vt 0.172150 0.112520
vt 0.131700 0.112520
vt 0.001220 0.702840
vt 0.050800 0.113440
vt 0.134700 0.328390
vt 0.060920 0.131240
vt 0.097070 0.397670
vt 0.313710 0.112520
vt 0.323820 0.112520
vt 0.091450 0.406080
vt 0.000240 0.112520
vt 0.631190 0.724840
vt 0.253040 0.094730
vt 0.107680 0.378930
vt 0.323820 0.131240
vt 0.000240 0.131240
vt 0.144040 0.324520
vt 0.071030 0.131240
vt 0.631400 0.658860
vt 0.313710 0.094730
vt 0.109650 0.358910
vt 0.020470 0.131240
vt 0.191740 0.413750
vt 0.212590 0.131240
vt 0.631330 0.680850
vt 0.293490 0.094730
vt 0.630650 0.889790
vt 0.101360 0.094730
vt 0.084300 0.333480
vt 0.242930 0.112520
vt 0.113520 0.349560
vt 0.030580 0.131240
vt 0.001290 0.680850
vt 0.030580 0.113440
vt 0.183330 0.419370
vt 0.222710 0.131240
vt 0.001070 0.746830
vt 0.091250 0.113440
vt 0.630610 0.900780
vt 0.371020 0.406480
vt 0.091250 0.094730
vt 0.066550 0.324000
vt 0.222710 0.112520
vt 0.075890 0.327860
vt 0.232820 0.112520
vt 0.000570 0.900780
vt 0.232820 0.113440
vt 0.173990 0.423240
vt 0.232820 0.131240
vt 0.011700 0.406080
vt 0.091250 0.112520
vt 0.126290 0.334010
vt 0.050800 0.131240
vt 0.051580 0.373360
vt 0.119140 0.341160
vt 0.040690 0.131240
vt 0.159010 0.373880
vt 0.191740 0.334010
vt 0.121590 0.131240
vt 0.198890 0.341160
vt 0.113520 0.349560
vt 0.131700 0.131240
vt 0.030580 0.131240
vt 0.056630 0.424690
vt 0.040690 0.112520
vt 0.126290 0.413750
vt 0.283380 0.131240
vt 0.208370 0.358910
vt 0.151920 0.131240
vt 0.066550 0.422720
vt 0.030580 0.112520
vt 0.011700 0.340630
vt 0.162030 0.112520
vt 0.119140 0.406600
vt 0.293490 0.131240
vt 0.075890 0.418850
vt 0.020470 0.112520
vt 0.006090 0.349040
vt 0.151920 0.112520
vt 0.113520 0.398190
vt 0.303600 0.131240
vt 0.210350 0.378930
vt 0.172150 0.131240
vt 0.084300 0.413230
vt 0.010360 0.112520
vt 0.011700 0.340630
vt 0.002220 0.358380
vt 0.162030 0.112520
vt 0.141810 0.112520
vt 0.210350 0.368820
vt 0.208370 0.388850
vt 0.162030 0.131240
vt 0.182260 0.131240
vt 0.100940 0.358380
vt 0.273260 0.112520
vt 0.097070 0.349040
vt 0.263150 0.112520
vt 0.000240 0.378410
vt 0.121590 0.112520
vt 0.091450 0.340630
vt 0.253040 0.112520
vt 0.107680 0.368820
vt 0.010360 0.131240
vt 0.198890 0.406600
vt 0.202480 0.131240
vt 0.100940 0.388330
vt 0.303600 0.112520
vt 0.002220 0.388330
vt 0.111470 0.112520
vt 0.153960 0.322540
vt 0.081140 0.131240
vt 0.102910 0.378410
vt 0.293490 0.112520
vt 0.006090 0.397670
vt 0.101360 0.112520
vt 0.164070 0.322540
vt 0.091250 0.131240
vt 0.102910 0.368300
vt 0.283380 0.112520
vt 0.631220 0.713840
vt 0.263150 0.094730
vt 0.001110 0.735830
vt 0.081140 0.113440
vt 0.001040 0.757830
vt 0.101360 0.113440
vt 0.001000 0.768820
vt 0.111480 0.113440
vt 0.630970 0.790820
vt 0.192370 0.094730
vt 0.630860 0.823810
vt 0.162030 0.094730
vt 0.630830 0.834800
vt 0.151920 0.094730
vt 0.000790 0.834800
vt 0.172150 0.113440
vt 0.630790 0.845800
vt 0.141810 0.094730
vt 0.000710 0.856800
vt 0.192370 0.113440
vt 0.000460 0.933780
vt 0.263150 0.113440
vt 0.630470 0.944770
vt 0.050800 0.094730
vt 0.000430 0.944770
vt 0.273260 0.113440
vt 0.630360 0.977760
vt 0.020470 0.094730
vt 0.000320 0.977760
vt 0.303600 0.113440
vt 0.630320 0.988760
vt 0.010360 0.094730
vt 0.000280 0.988760
vt 0.313710 0.113440
vt 0.323820 0.113440
vt 0.000250 0.999760
vt 0.001400 0.647860
vt 0.000240 0.113440
vt 0.631400 0.658860
vt 0.313710 0.094730
vt 0.001360 0.658860
vt 0.010360 0.113440
vt 0.631330 0.680850
vt 0.293490 0.094730
vt 0.000350 0.966770
vt 0.293490 0.113440
vt 0.630720 0.867790
vt 0.121590 0.094730
vt 0.000970 0.779820
vt 0.121590 0.113440
vt 0.630390 0.966770
vt 0.030580 0.094730
vt 0.631010 0.779820
vt 0.202480 0.094730
vt 0.630680 0.878790
vt 0.111470 0.094730
vt 0.000930 0.790820
vt 0.131700 0.113440
vt 0.630650 0.889790
vt 0.101360 0.094730
vt 0.000890 0.801810
vt 0.141810 0.113440
vt 0.000570 0.900780
vt 0.232820 0.113440
vt 0.001180 0.713840
vt 0.060920 0.113440
vt 0.630610 0.900780
vt 0.091250 0.094730
vt 0.000860 0.812810
vt 0.151920 0.113440
vt 0.000530 0.911780
vt 0.242930 0.113440
vt 0.630570 0.911780
vt 0.081140 0.094730
vt 0.630540 0.922780
vt 0.071030 0.094730
vt 0.000820 0.823810
vt 0.162030 0.113440
vt 0.000500 0.922780
vt 0.253040 0.113440
vt 0.631190 0.724840
vt 0.253040 0.094730
vt 0.001330 0.669850
vt 0.020470 0.113440
vt 0.630500 0.933780
vt 0.060920 0.094730
vt 0.631370 0.669850
vt 0.303600 0.094730
vt 0.631150 0.735830
vt 0.242930 0.094730
vt 0.631110 0.746830
vt 0.232820 0.094730
vt 0.001290 0.680850
vt 0.030580 0.113440
vt 0.631290 0.691850
vt 0.283380 0.094730
vt 0.001250 0.691850
vt 0.040690 0.113440
vt 0.371180 0.305520
vt 0.242930 0.094730
vt 0.631080 0.757830
vt 0.222710 0.094730
vt 0.001220 0.702840
vt 0.050800 0.113440
vt 0.630430 0.955770
vt 0.040690 0.094730
vt 0.153960 0.322540
vt 0.173990 0.324520
vt 0.081140 0.131240
vt 0.101360 0.131240
vt 0.091450 0.340630
vt 0.056630 0.322020
vt 0.253040 0.112520
vt 0.212590 0.112520
vt 0.361070 0.305520
vt 0.253040 0.094730
vt 0.631040 0.768820
vt 0.212590 0.094730
vt 0.027260 0.418850
vt 0.071030 0.112520
vt 0.046520 0.322020
vt 0.202480 0.112520
vt 0.630930 0.801810
vt 0.182260 0.094730
vt 0.134700 0.419370
vt 0.273260 0.131240
vt 0.630900 0.812810
vt 0.172150 0.094730
vt 0.027260 0.327860
vt 0.182260 0.112520
vt 0.000390 0.955770
vt 0.283380 0.113440
vt 0.056630 0.424690
vt 0.040690 0.112520
vt 0.011700 0.340630
vt 0.162030 0.112520
vt 0.018850 0.333480
vt 0.172150 0.112520
vt 0.084300 0.413230
vt 0.010360 0.112520
vt 0.006090 0.349040
vt 0.151920 0.112520
vt 0.109650 0.388850
vt 0.313710 0.131240
vt 0.208370 0.388850
vt 0.182260 0.131240
vt 0.000750 0.845800
vt 0.182260 0.113440
vt 0.631440 0.647860
vt 0.361070 0.408180
vt 0.081140 0.094730
vt 0.630290 0.999760
vt 0.000240 0.094730
vt 0.323820 0.094730
vt 0.002220 0.358380
vt 0.141810 0.112520
vt 0.100940 0.358380
vt 0.273260 0.112520
vt 0.631260 0.702840
vt 0.273260 0.094730
vt 0.164070 0.425210
vt 0.107680 0.378930
vt 0.242930 0.131240
vt 0.323820 0.131240
vt 0.000240 0.131240
vt 0.018850 0.413230
vt 0.323820 0.112520
vt 0.091450 0.406080
vt 0.081140 0.112520
vt 0.000240 0.112520
vt 0.630750 0.856800
vt 0.131700 0.094730
vt 0.000240 0.378410
vt 0.121590 0.112520
vt 0.198890 0.406600
vt 0.202480 0.131240
vt 0.000680 0.867790
vt 0.202480 0.113440
vt 0.001150 0.724840
vt 0.071030 0.113440
vt 0.109650 0.358910
vt 0.020470 0.131240
vt 0.191740 0.413750
vt 0.212590 0.131240
vt 0.000640 0.878790
vt 0.212590 0.113440
vt 0.153960 0.322540
vt 0.081140 0.131240
vt 0.100940 0.388330
vt 0.303600 0.112520
vt 0.002220 0.388330
vt 0.111470 0.112520
vt 0.084300 0.333480
vt 0.242930 0.112520
vt 0.113520 0.349560
vt 0.030580 0.131240
vt 0.000610 0.889790
vt 0.222710 0.113440
vt 0.001070 0.746830
vt 0.091250 0.113440
vt 0.075890 0.327860
vt 0.232820 0.112520
vt 0.119140 0.341160
vt 0.040690 0.131240
vt 0.173990 0.423240
vt 0.232820 0.131240
vt 0.011700 0.406080
vt 0.091250 0.112520
vt 0.084300 0.333480
vt 0.066550 0.324000
vt 0.242930 0.112520
vt 0.222710 0.112520
vt 0.051580 0.373360
vt 0.126290 0.334010
vt 0.050800 0.131240
vt 0.159010 0.373880
vt 0.164070 0.425210
vt 0.242930 0.131240
vt 0.018850 0.413230
vt 0.081140 0.112520
vt 0.153960 0.425210
vt 0.253040 0.131240
vt 0.191740 0.334010
vt 0.121590 0.131240
vt 0.036600 0.422720
vt 0.060920 0.112520
vt 0.036600 0.324000
vt 0.192370 0.112520
vt 0.144040 0.423240
vt 0.263150 0.131240
vt 0.198890 0.341160
vt 0.131700 0.131240
vt 0.046520 0.424690
vt 0.050800 0.112520
vt 0.204500 0.349560
vt 0.141810 0.131240
vt 0.126290 0.413750
vt 0.283380 0.131240
vt 0.208370 0.358910
vt 0.151920 0.131240
vt 0.066550 0.422720
vt 0.030580 0.112520
vt 0.119140 0.406600
vt 0.293490 0.131240
vt 0.210350 0.368820
vt 0.162030 0.131240
vt 0.075890 0.418850
vt 0.020470 0.112520
vt 0.113520 0.398190
vt 0.303600 0.131240
vt 0.210350 0.378930
vt 0.172150 0.131240
vt 0.000240 0.368300
vt 0.131700 0.112520
vt 0.097070 0.349040
vt 0.263150 0.112520
vt 0.204500 0.398190
vt 0.192370 0.131240
vt 0.134700 0.328390
vt 0.060920 0.131240
vt 0.097070 0.397670
vt 0.313710 0.112520
vt 0.091450 0.340630
vt 0.253040 0.112520
vt 0.107680 0.368820
vt 0.010360 0.131240
vt 0.144040 0.324520
vt 0.071030 0.131240
vt 0.102910 0.378410
vt 0.293490 0.112520
vt 0.006090 0.397670
vt 0.101360 0.112520
vt 0.183330 0.419370
vt 0.222710 0.131240
vt 0.164070 0.322540
vt 0.091250 0.131240
vt 0.102910 0.368300
vt 0.283380 0.112520
vt 0.001220 0.702840
vt 0.050800 0.113440
vt 0.001150 0.724840
vt 0.071030 0.113440
vt 0.631150 0.735830
vt 0.242930 0.094730
vt 0.631010 0.779820
vt 0.202480 0.094730
vt 0.630930 0.801810
vt 0.182260 0.094730
vt 0.000890 0.801810
vt 0.141810 0.113440
vt 0.630830 0.834800
vt 0.151920 0.094730
vt 0.000790 0.834800
vt 0.172150 0.113440
vt 0.630790 0.845800
vt 0.141810 0.094730
vt 0.630750 0.856800
vt 0.131700 0.094730
vt 0.000680 0.867790
vt 0.202480 0.113440
vt 0.630680 0.878790
vt 0.111470 0.094730
vt 0.000640 0.878790
vt 0.212590 0.113440
vt 0.630610 0.900780
vt 0.091250 0.094730
vt 0.000500 0.922780
vt 0.253040 0.113440
vt 0.000390 0.955770
vt 0.283380 0.113440
vt 0.630360 0.977760
vt 0.318400 0.371330
vt 0.001330 0.669850
vt 0.020470 0.113440
vt 0.631040 0.768820
vt 0.212590 0.094730
vt 0.001290 0.680850
vt 0.030580 0.113440
vt 0.630720 0.867790
vt 0.121590 0.094730
vt 0.000970 0.779820
vt 0.121590 0.113440
vt 0.000320 0.977760
vt 0.303600 0.113440
vt 0.000930 0.790820
vt 0.131700 0.113440
vt 0.000610 0.889790
vt 0.222710 0.113440
vt 0.000280 0.988760
vt 0.313710 0.113440
vt 0.630970 0.790820
vt 0.192370 0.094730
vt 0.630650 0.889790
vt 0.101360 0.094730
vt 0.631260 0.702840
vt 0.273260 0.094730
vt 0.631440 0.647860
vt 0.630290 0.999760
vt 0.000240 0.094730
vt 0.323820 0.094730
vt 0.316490 0.361740
vt 0.630320 0.988760
vt 0.010360 0.094730
vt 0.001180 0.713840
vt 0.060920 0.113440
vt 0.000860 0.812810
vt 0.151920 0.113440
vt 0.631220 0.713840
vt 0.263150 0.094730
vt 0.631190 0.724840
vt 0.253040 0.094730
vt 0.630860 0.823810
vt 0.162030 0.094730
vt 0.630900 0.812810
vt 0.172150 0.094730
vt 0.630570 0.911780
vt 0.081140 0.094730
vt 0.000820 0.823810
vt 0.162030 0.113440
vt 0.631400 0.658860
vt 0.313710 0.094730
vt 0.001110 0.735830
vt 0.081140 0.113440
vt 0.071030 0.094730
vt 0.630540 0.922780
vt 0.406000 0.324130
vt 0.202480 0.094730
vt 0.631370 0.669850
vt 0.303600 0.094730
vt 0.000460 0.933780
vt 0.263150 0.113440
vt 0.631110 0.746830
vt 0.232820 0.094730
vt 0.001070 0.746830
vt 0.091250 0.113440
vt 0.000750 0.845800
vt 0.182260 0.113440
vt 0.631290 0.691850
vt 0.283380 0.094730
vt 0.631330 0.680850
vt 0.293490 0.094730
vt 0.000430 0.944770
vt 0.273260 0.113440
vt 0.001040 0.757830
vt 0.101360 0.113440
vt 0.000710 0.856800
vt 0.192370 0.113440
vt 0.631080 0.757830
vt 0.222710 0.094730
vt 0.001000 0.768820
vt 0.111480 0.113440
vt 0.173990 0.324520
vt 0.101360 0.131240
vt 0.183330 0.328390
vt 0.111480 0.131240
vt 0.000530 0.911780
vt 0.242930 0.113440
vt 0.153960 0.425210
vt 0.191740 0.334010
vt 0.253040 0.131240
vt 0.121590 0.131240
vt 0.191740 0.334010
vt 0.121590 0.131240
vt 0.630500 0.933780
vt 0.060920 0.094730
vt 0.144040 0.423240
vt 0.263150 0.131240
vt 0.198890 0.341160
vt 0.131700 0.131240
vt 0.630470 0.944770
vt 0.050800 0.094730
vt 0.204500 0.349560
vt 0.141810 0.131240
vt 0.630430 0.955770
vt 0.040690 0.094730
vt 0.046520 0.424690
vt 0.050800 0.112520
vt 0.208370 0.358910
vt 0.151920 0.131240
vt 0.630390 0.966770
vt 0.320640 0.381170
vt 0.030580 0.094730
vt 0.018850 0.333480
vt 0.172150 0.112520
vt 0.000350 0.966770
vt 0.293490 0.113440
vt 0.210350 0.368820
vt 0.162030 0.131240
vt 0.210350 0.378930
vt 0.172150 0.131240
vt 0.084300 0.413230
vt 0.010360 0.112520
vt 0.002220 0.358380
vt 0.141810 0.112520
vt 0.109650 0.388850
vt 0.313710 0.131240
vt 0.208370 0.388850
vt 0.182260 0.131240
vt 0.100940 0.358380
vt 0.273260 0.112520
vt 0.107680 0.378930
vt 0.323820 0.131240
vt 0.000240 0.131240
vt 0.097070 0.397670
vt 0.313710 0.112520
vt 0.000240 0.378410
vt 0.121590 0.112520
vt 0.097070 0.349040
vt 0.263150 0.112520
vt 0.001360 0.658860
vt 0.010360 0.113440
vt 0.107680 0.368820
vt 0.010360 0.131240
vt 0.198890 0.406600
vt 0.202480 0.131240
vt 0.091450 0.340630
vt 0.253040 0.112520
vt 0.153960 0.322540
vt 0.081140 0.131240
vt 0.075890 0.327860
vt 0.232820 0.112520
vt 0.164070 0.322540
vt 0.091250 0.131240
vt 0.006090 0.397670
vt 0.101360 0.112520
vt 0.001250 0.691850
vt 0.040690 0.113440
vt 0.173990 0.423240
vt 0.232820 0.131240
vt 0.000570 0.900780
vt 0.232820 0.113440
vt 0.102910 0.368300
vt 0.283380 0.112520
vt 0.126290 0.334010
vt 0.050800 0.131240
vt 0.164070 0.425210
vt 0.198890 0.341160
vt 0.242930 0.131240
vt 0.131700 0.131240
vt 0.066550 0.324000
vt 0.222710 0.112520
vt 0.056630 0.322020
vt 0.212590 0.112520
vt 0.051580 0.373360
vt 0.119140 0.341160
vt 0.040690 0.131240
vt 0.159010 0.373880
vt 0.018850 0.413230
vt 0.036600 0.324000
vt 0.081140 0.112520
vt 0.192370 0.112520
vt 0.027260 0.418850
vt 0.046520 0.322020
vt 0.071030 0.112520
vt 0.202480 0.112520
vt 0.046520 0.322020
vt 0.202480 0.112520
vt 0.036600 0.422720
vt 0.060920 0.112520
vt 0.036600 0.324000
vt 0.192370 0.112520
vt 0.027260 0.327860
vt 0.182260 0.112520
vt 0.134700 0.419370
vt 0.273260 0.131240
vt 0.056630 0.424690
vt 0.040690 0.112520
vt 0.126290 0.413750
vt 0.283380 0.131240
vt 0.066550 0.422720
vt 0.030580 0.112520
vt 0.011700 0.340630
vt 0.162030 0.112520
vt 0.119140 0.406600
vt 0.293490 0.131240
vt 0.006090 0.349040
vt 0.151920 0.112520
vt 0.191740 0.413750
vt 0.113520 0.398190
vt 0.212590 0.131240
vt 0.303600 0.131240
vt 0.000240 0.368300
vt 0.131700 0.112520
vt 0.204500 0.398190
vt 0.192370 0.131240
vt 0.134700 0.328390
vt 0.060920 0.131240
vt 0.144040 0.324520
vt 0.071030 0.131240
vt 0.100940 0.388330
vt 0.303600 0.112520
vt 0.002220 0.388330
vt 0.111470 0.112520
vt 0.084300 0.333480
vt 0.242930 0.112520
vt 0.109650 0.358910
vt 0.020470 0.131240
vt 0.191740 0.413750
vt 0.212590 0.131240
vt 0.036600 0.324000
vt 0.102910 0.378410
vt 0.192370 0.112520
vt 0.293490 0.112520
vt 0.183330 0.419370
vt 0.222710 0.131240
vt 0.011700 0.406080
vt 0.091250 0.112520
vt 0.631220 0.713840
vt 0.351650 0.309120
vt 0.001000 0.768820
vt 0.111480 0.113440
vt 0.631010 0.779820
vt 0.404680 0.325210
vt 0.000970 0.779820
vt 0.121590 0.113440
vt 0.630830 0.834800
vt 0.151920 0.094730
vt 0.000750 0.845800
vt 0.182260 0.113440
vt 0.000710 0.856800
vt 0.192370 0.113440
vt 0.000680 0.867790
vt 0.202480 0.113440
vt 0.000640 0.878790
vt 0.212590 0.113440
vt 0.000610 0.889790
vt 0.222710 0.113440
vt 0.630500 0.933780
vt 0.060920 0.094730
vt 0.630430 0.955770
vt 0.040690 0.094730
vt 0.000390 0.955770
vt 0.283380 0.113440
vt 0.631400 0.658860
vt 0.313710 0.094730
vt 0.001360 0.658860
vt 0.010360 0.113440
vt 0.001330 0.669850
vt 0.020470 0.113440
vt 0.631040 0.768820
vt 0.398850 0.316980
vt 0.212590 0.094730
vt 0.630720 0.867790
vt 0.121590 0.094730
vt 0.630360 0.977760
vt 0.020470 0.094730
vt 0.630650 0.889790
vt 0.101360 0.094730
vt 0.630680 0.878790
vt 0.111470 0.094730
vt 0.000930 0.790820
vt 0.131700 0.113440
vt 0.000280 0.988760
vt 0.313710 0.113440
vt 0.000890 0.801810
vt 0.141810 0.113440
vt 0.630320 0.988760
vt 0.010360 0.094730
vt 0.000570 0.900780
vt 0.232820 0.113440
vt 0.001220 0.702840
vt 0.050800 0.113440
vt 0.298100 0.348210
vt 0.001180 0.713840
vt 0.060920 0.113440
vt 0.323820 0.113440
vt 0.000250 0.999760
vt 0.001400 0.647860
vt 0.000240 0.113440
vt 0.630570 0.911780
vt 0.081140 0.094730
vt 0.630610 0.900780
vt 0.091250 0.094730
vt 0.000860 0.812810
vt 0.151920 0.113440
vt 0.000530 0.911780
vt 0.242930 0.113440
vt 0.631190 0.724840
vt 0.361240 0.307220
vt 0.630860 0.823810
vt 0.162030 0.094730
vt 0.630900 0.812810
vt 0.172150 0.094730
vt 0.001150 0.724840
vt 0.289970 0.342780
vt 0.000500 0.922780
vt 0.253040 0.113440
vt 0.630540 0.922780
vt 0.071030 0.094730
vt 0.000790 0.834800
vt 0.172150 0.113440
vt 0.631330 0.680850
vt 0.293490 0.094730
vt 0.000460 0.933780
vt 0.263150 0.113440
vt 0.371180 0.305520
vt 0.631150 0.735830
vt 0.242930 0.094730
vt 0.630790 0.845800
vt 0.141810 0.094730
vt 0.001070 0.746830
vt 0.091250 0.113440
vt 0.000430 0.944770
vt 0.273260 0.113440
vt 0.631110 0.746830
vt 0.232820 0.094730
vt 0.001250 0.691850
vt 0.040690 0.113440
vt 0.630750 0.856800
vt 0.131700 0.094730
vt 0.630470 0.944770
vt 0.050800 0.094730
vt 0.631080 0.757830
vt 0.222710 0.094730
vt 0.173990 0.324520
vt 0.101360 0.131240
vt 0.183330 0.328390
vt 0.111480 0.131240
vt 0.018850 0.413230
vt 0.081140 0.112520
vt 0.036600 0.422720
vt 0.060920 0.112520
vt 0.630930 0.801810
vt 0.182260 0.094730
vt 0.411620 0.332540
vt 0.630970 0.790820
vt 0.192370 0.094730
vt 0.134700 0.419370
vt 0.273260 0.131240
vt 0.204500 0.349560
vt 0.141810 0.131240
vt 0.056630 0.424690
vt 0.040690 0.112520
vt 0.027260 0.327860
vt 0.182260 0.112520
vt 0.126290 0.413750
vt 0.283380 0.131240
vt 0.119140 0.406600
vt 0.293490 0.131240
vt 0.000350 0.966770
vt 0.293490 0.113440
vt 0.000820 0.823810
vt 0.162030 0.113440
vt 0.630390 0.966770
vt 0.030580 0.094730
vt 0.113520 0.398190
vt 0.303600 0.131240
vt 0.000320 0.977760
vt 0.303600 0.113440
vt 0.210350 0.378930
vt 0.172150 0.131240
vt 0.002220 0.358380
vt 0.141810 0.112520
vt 0.109650 0.388850
vt 0.313710 0.131240
vt 0.208370 0.388850
vt 0.182260 0.131240
vt 0.631440 0.647860
vt 0.630290 0.999760
vt 0.000240 0.094730
vt 0.323820 0.094730
vt 0.000240 0.368300
vt 0.131700 0.112520
vt 0.631260 0.702840
vt 0.341810 0.311360
vt 0.273260 0.094730
vt 0.204500 0.398190
vt 0.192370 0.131240
vt 0.097070 0.397670
vt 0.313710 0.112520
vt 0.107680 0.378930
vt 0.323820 0.131240
vt 0.000240 0.131240
vt 0.631370 0.669850
vt 0.303600 0.094730
vt 0.000240 0.378410
vt 0.121590 0.112520
vt 0.001110 0.735830
vt 0.281440 0.337410
vt 0.081140 0.113440
vt 0.075890 0.327860
vt 0.232820 0.112520
vt 0.001290 0.680850
vt 0.030580 0.113440
vt 0.183330 0.419370
vt 0.222710 0.131240
vt 0.631290 0.691850
vt 0.283380 0.094730
vt 0.102910 0.378410
vt 0.293490 0.112520
vt 0.006090 0.397670
vt 0.101360 0.112520
vt 0.066550 0.324000
vt 0.222710 0.112520
vt 0.119140 0.341160
vt 0.040690 0.131240
vt 0.173990 0.423240
vt 0.232820 0.131240
vt 0.001040 0.757830
vt 0.101360 0.113440
vt 0.011700 0.406080
vt 0.091250 0.112520
vt 0.126290 0.334010
vt 0.050800 0.131240
vt 0.164070 0.425210
vt 0.242930 0.131240
vt 0.056630 0.322020
vt 0.212590 0.112520
vt 0.051580 0.373360
vt 0.159010 0.373880
vt 0.027260 0.418850
vt 0.071030 0.112520
vt 0.153960 0.425210
vt 0.253040 0.131240
vt 0.144040 0.423240
vt 0.263150 0.131240
vt 0.046520 0.424690
vt 0.050800 0.112520
vt 0.018850 0.333480
vt 0.172150 0.112520
vt 0.208370 0.358910
vt 0.151920 0.131240
vt 0.066550 0.422720
vt 0.030580 0.112520
vt 0.011700 0.340630
vt 0.162030 0.112520
vt 0.210350 0.368820
vt 0.162030 0.131240
vt 0.075890 0.418850
vt 0.020470 0.112520
vt 0.006090 0.349040
vt 0.151920 0.112520
vt 0.084300 0.413230
vt 0.010360 0.112520
vt 0.100940 0.358380
vt 0.273260 0.112520
vt 0.107680 0.368820
vt 0.010360 0.131240
vt 0.198890 0.406600
vt 0.202480 0.131240
vt 0.100940 0.388330
vt 0.303600 0.112520
vt 0.002220 0.388330
vt 0.111470 0.112520
vt 0.084300 0.333480
vt 0.242930 0.112520
vt 0.109650 0.358910
vt 0.020470 0.131240
vt 0.191740 0.413750
vt 0.212590 0.131240
vt 0.153960 0.322540
vt 0.081140 0.131240
vt 0.113520 0.349560
vt 0.030580 0.131240
vt 0.164070 0.322540
vt 0.091250 0.131240
vt 0.102910 0.368300
vt 0.283380 0.112520
vt 0.309550 0.082220
vt 0.289690 0.357160
vt 0.289490 0.360710
vt 0.309650 0.085930
vt 0.895100 0.158560
vt 0.250340 0.086120
vt 0.250190 0.082230
vt 0.898700 0.158530
vt 0.469290 0.484260
vt 0.891640 0.111920
vt 0.895250 0.112390
vt 0.469780 0.487880
vt 0.007400 0.065130
vt 0.007870 0.072420
vt 0.418190 0.480770
vt 0.007730 0.068800
vt 0.418660 0.473830
vt 0.236840 0.333790
vt 0.236740 0.304760
vt 0.574900 0.217060
vt 0.604560 0.217070
vt 0.911450 0.340990
vt 0.300710 0.326750
vt 0.301170 0.323170
vt 0.915200 0.340500
vt 0.485840 0.481820
vt 0.393460 0.345100
vt 0.484880 0.456690
vt 0.783890 0.696340
vt 0.926830 0.714590
vt 0.641110 0.410250
vt 0.928860 0.708260
vt 0.944470 0.538910
vt 0.639240 0.407360
vt 0.632200 0.848050
vt 0.935730 0.543710
vt 0.920640 0.695420
vt 0.242970 0.078000
vt 0.244110 0.076230
vt 0.647300 0.999750
vt 0.643400 0.999750
vt 0.956090 0.403290
vt 0.643430 0.995640
vt 0.194040 0.327340
vt 0.556370 0.021970
vt 0.638920 0.987840
vt 0.936650 0.542350
vt 0.640950 0.981510
vt 0.926990 0.677170
vt 0.929010 0.683500
vt 0.743950 0.157240
vt 0.338470 0.547090
vt 0.379520 0.222090
vt 0.312870 0.411630
vt 0.579380 0.157300
vt 0.009330 0.546980
vt 0.000350 0.547090
vt 0.338440 0.245950
vt 0.574890 0.133490
vt 0.312870 0.435380
vt 0.317270 0.435440
vt 0.000960 0.412830
vt 0.000960 0.416100
vt 0.906980 0.261610
vt 0.906980 0.264920
vt 0.859020 0.070010
vt 0.859020 0.067240
vt 0.990920 0.188170
vt 0.859020 0.063930
vt 0.990040 0.184910
vt 0.947050 0.822170
vt 0.628430 0.600540
vt 0.681470 0.090980
vt 0.627900 0.600540
vt 0.449630 0.088780
vt 0.101990 0.074370
vt 0.457170 0.010640
vt 0.339620 0.396190
vt 0.380320 0.396190
vt 0.378760 0.396190
vt 0.345440 0.027640
vt 0.861580 0.350340
vt 0.856780 0.355440
vt 0.333650 0.005560
vt 0.856780 0.352750
vt 0.127890 0.327330
vt 0.743570 0.124030
vt 0.811370 0.010790
vt 0.935910 0.051770
vt 0.275970 0.409290
vt 0.293830 0.027640
vt 0.275770 0.027640
vt 0.169720 0.138120
vt 0.496190 0.008030
vt 0.493850 0.096290
vt 0.853740 0.006450
vt 0.303660 0.378520
vt 0.942500 0.179740
vt 0.115010 0.007290
vt 0.225250 0.082330
vt 0.220450 0.087430
vt 0.369640 0.070470
vt 0.220450 0.084740
vt 0.292910 0.027640
vt 0.167650 0.184370
vt 0.101360 0.005910
vt 0.656390 0.052150
vt 0.839350 0.007330
vt 0.964640 0.516820
vt 0.979390 0.356000
vt 0.430430 0.102090
vt 0.954840 0.356170
vt 0.979600 0.540020
vt 0.977480 0.539900
vt 0.957120 0.540300
vt 0.635500 0.021520
vt 0.855340 0.386440
vt 0.225830 0.380190
vt 0.901610 0.366120
vt 0.221490 0.383340
vt 0.897270 0.362970
vt 0.986670 0.858900
vt 0.658600 0.059050
vt 0.548290 0.059050
vt 0.575890 0.072240
vt 0.603450 0.072240
vt 0.658600 0.072240
vt 0.548290 0.072240
vt 0.523310 0.173360
vt 0.289870 0.412760
vt 0.631040 0.072240
vt 0.641500 0.072240
vt 0.624490 0.045850
vt 0.984760 0.287950
vt 0.100120 0.401940
vt 0.994160 0.969100
vt 0.904320 0.233040
vt 0.584850 0.435180
vt 0.233760 0.442460
vt 0.905180 0.217400
vt 0.139750 0.148650
vt 0.587840 0.305270
vt 0.575010 0.252020
vt 0.760100 0.305440
vt 0.435550 0.277370
vt 0.752490 0.273090
vt 0.759280 0.334080
vt 0.162180 0.261320
vt 0.212440 0.484230
vt 0.195310 0.321280
vt 0.202690 0.187970
vt 0.490860 0.646160
vt 0.353570 0.189830
vt 0.760520 0.216150
vt 0.375760 0.161510
vt 0.141740 0.086430
vt 0.640650 0.686560
vt 0.027870 0.085970
vt 0.640400 0.014230
vt 0.806860 0.027070
vt 0.323820 0.112520
vt 0.091450 0.406080
vt 0.000240 0.112520
vt 0.323820 0.113440
vt 0.000250 0.999760
vt 0.001400 0.647860
vt 0.000240 0.113440
vt 0.000790 0.834800
vt 0.172150 0.113440
vt 0.001330 0.669850
vt 0.020470 0.113440
vt 0.323820 0.112520
vt 0.091450 0.406080
vt 0.000240 0.112520
vt 0.323820 0.113440
vt 0.000250 0.999760
vt 0.001400 0.647860
vt 0.000240 0.113440
vt 0.323820 0.112520
vt 0.091450 0.406080
vt 0.000240 0.112520
s 0
usemtl mat0
f 47/105/1 1/2/1 29/63/1
f 32/69/2 2/4/2 1/2/2
f 2/4/3 41/90/3 3/6/3
f 3/6/4 89/206/4 4/8/4
f 4/8/5 93/214/5 5/10/5
f 93/214/6 53/119/6 5/10/6
f 50/113/7 24/51/7 53/119/7
f 6/12/8 23/49/8 24/51/8
f 59/131/9 62/141/9 23/49/9
f 65/150/10 7/14/10 62/141/10
f 34/76/11 40/88/11 7/14/11
f 37/82/12 70/163/12 40/88/12
f 70/163/13 45/101/13 75/173/13
f 45/101/14 8/16/14 75/173/14
f 46/103/15 85/196/15 8/16/15
f 49/111/16 25/53/16 85/196/16
f 9/18/17 27/59/17 25/53/17
f 10/20/18 28/61/18 27/59/18
f 31/67/19 11/22/19 28/61/19
f 55/123/20 12/24/20 11/22/20
f 13/26/21 44/97/21 12/24/21
f 14/28/22 60/133/22 44/97/22
f 15/32/23 48/109/23 60/133/23
f 68/158/24 16/34/24 48/109/24
f 21/45/25 17/36/25 16/34/25
f 22/47/26 30/65/26 17/36/26
f 26/57/27 78/179/27 30/65/27
f 78/180/28 35/78/28 38/84/28
f 35/78/29 18/38/29 38/84/29
f 18/38/30 43/95/30 19/40/30
f 43/95/31 20/42/31 19/40/31
f 92/212/32 29/63/32 20/42/32
f 29/64/33 1/1/33 2200/4657/33
f 7/15/33 2360/5004/33 2365/5016/33
f 34/75/34 2388/5065/34 37/83/34
f 40/89/33 70/162/33 2360/5004/33
f 50/114/35 102/231/35 51/116/35
f 12/25/36 52/118/36 11/23/36
f 53/120/7 103/233/7 54/122/7
f 55/124/37 56/126/37 13/27/37
f 50/114/38 57/128/38 6/13/38
f 44/98/39 58/130/39 12/25/39
f 23/50/40 103/233/40 24/52/40
f 13/27/41 104/236/41 14/29/41
f 59/132/42 57/128/42 105/239/42
f 60/134/43 61/139/43 44/98/43
f 62/143/44 63/145/44 23/50/44
f 14/29/45 64/148/45 15/33/45
f 59/132/46 106/241/46 65/151/46
f 48/110/47 66/154/47 60/134/47
f 2365/5017/48 67/157/48 62/143/48
f 15/33/49 108/245/49 68/159/49
f 65/151/50 109/248/50 34/77/50
f 16/35/51 107/243/51 48/110/51
f 2365/5017/52 2431/5160/52 2390/5073/52
f 68/159/53 69/161/53 21/46/53
f 2388/5066/54 109/248/54 2432/5164/54
f 17/37/55 110/251/55 16/35/55
f 70/164/56 2431/5160/56 2360/5005/56
f 21/46/57 71/166/57 22/48/57
f 2388/5066/56 72/168/56 42/94/56
f 17/37/58 113/257/58 111/253/58
f 70/164/59 73/170/59 112/255/59
f 22/48/60 114/259/60 26/58/60
f 45/102/61 72/168/61 74/172/61
f 78/181/27 113/257/27 30/66/27
f 75/174/62 76/176/62 73/170/62
f 1/3/63 2293/4855/63 2200/4658/63
f 26/58/27 82/190/27 33/71/27
f 46/104/64 74/172/64 77/178/64
f 47/106/65 116/264/65 32/70/65
f 78/182/28 79/184/28 115/260/28
f 8/17/66 80/186/66 76/176/66
f 2/5/67 81/188/67 1/3/67
f 35/79/28 82/191/28 83/193/28
f 49/112/68 77/178/68 117/266/68
f 32/70/69 84/195/69 36/81/69
f 18/39/29 79/184/29 38/85/29
f 25/54/16 80/186/16 85/197/16
f 2/5/70 86/199/70 87/201/70
f 35/79/71 119/270/71 39/87/71
f 49/112/72 2688/5711/72 9/19/72
f 41/91/73 84/195/73 120/272/73
f 19/41/74 118/268/74 18/39/74
f 27/60/75 88/204/75 25/54/75
f 3/7/76 122/276/76 86/199/76
f 39/87/77 123/278/77 43/96/77
f 9/19/78 124/280/78 10/21/78
f 89/207/79 120/272/79 90/209/79
f 20/44/80 91/211/80 19/41/80
f 28/62/81 121/274/81 27/60/81
f 4/9/82 96/221/82 122/276/82
f 43/96/83 98/224/83 92/213/83
f 31/68/84 124/280/84 101/229/84
f 93/215/85 90/209/85 102/231/85
f 2200/4658/86 94/217/86 20/44/86
f 11/23/19 95/219/19 28/62/19
f 5/11/87 54/122/87 96/221/87
f 92/213/88 2295/4861/88 47/106/88
f 31/68/89 100/227/89 55/124/89
f 96/220/34 54/121/34 97/222/34
f 2295/4859/33 98/223/33 99/225/33
f 100/226/33 101/228/33 99/225/33
f 51/115/33 102/230/33 99/225/33
f 52/117/34 58/129/34 97/222/34
f 54/121/34 103/232/34 97/222/34
f 56/125/33 100/226/33 99/225/33
f 57/127/33 51/115/33 99/225/33
f 58/129/34 61/137/34 97/222/34
f 103/232/34 63/144/34 97/222/34
f 104/234/33 56/125/33 99/225/33
f 105/238/33 57/127/33 99/225/33
f 61/137/34 66/152/34 97/222/34
f 63/144/34 67/156/34 97/222/34
f 64/146/33 104/234/33 99/225/33
f 106/240/33 105/238/33 99/225/33
f 66/152/34 107/242/34 97/222/34
f 67/156/34 2390/5071/34 97/222/34
f 108/244/33 64/146/33 99/225/33
f 109/246/33 106/240/33 99/225/33
f 107/242/34 110/250/34 97/222/34
f 2390/5071/34 2431/5158/34 97/222/34
f 69/160/33 108/244/33 99/225/33
f 2432/5162/33 109/246/33 99/225/33
f 110/250/34 111/252/34 97/222/34
f 2431/5158/34 112/254/34 97/222/34
f 71/165/33 69/160/33 99/225/33
f 72/167/33 2432/5162/33 99/225/33
f 111/252/34 113/256/34 97/222/34
f 112/254/34 73/169/34 97/222/34
f 114/258/33 71/165/33 99/225/33
f 74/171/33 72/167/33 99/225/33
f 113/256/34 115/261/34 97/222/34
f 73/169/34 76/175/34 97/222/34
f 2293/4853/34 81/187/34 97/222/34
f 82/189/33 114/258/33 99/225/33
f 77/177/33 74/171/33 99/225/33
f 116/263/33 2295/4859/33 99/225/33
f 115/261/34 79/183/34 97/222/34
f 76/175/34 80/185/34 97/222/34
f 81/187/34 87/200/34 97/222/34
f 83/192/33 82/189/33 99/225/33
f 117/265/33 77/177/33 99/225/33
f 84/194/33 116/263/33 99/225/33
f 79/183/34 118/267/34 97/222/34
f 80/185/34 88/202/34 97/222/34
f 87/200/34 86/198/34 97/222/34
f 119/269/33 83/192/33 99/225/33
f 2688/5709/33 117/265/33 99/225/33
f 120/271/33 84/194/33 99/225/33
f 118/267/34 91/210/34 97/222/34
f 88/202/34 121/273/34 97/222/34
f 86/198/34 122/275/34 97/222/34
f 123/277/33 119/269/33 99/225/33
f 124/279/33 2688/5709/33 99/225/33
f 90/208/33 120/271/33 99/225/33
f 91/210/34 94/216/34 97/222/34
f 121/273/34 95/218/34 97/222/34
f 122/275/34 96/220/34 97/222/34
f 98/223/33 123/277/33 99/225/33
f 101/228/33 124/279/33 99/225/33
f 102/230/33 90/208/33 99/225/33
f 94/216/34 2293/4853/34 97/222/34
f 95/218/34 52/117/34 97/222/34
f 125/283/90 132/306/90 127/287/90
f 126/285/91 130/300/91 128/291/91
f 125/281/92 127/288/92 131/302/92
f 126/286/93 131/304/93 129/294/93
f 128/292/94 130/298/94 132/308/94
f 130/301/95 133/312/95 132/307/95
f 131/305/96 137/329/96 129/295/96
f 132/309/97 134/315/97 127/289/97
f 129/297/98 135/321/98 130/299/98
f 127/290/99 136/326/99 131/303/99
f 133/310/100 143/352/100 139/338/100
f 133/310/101 139/339/101 134/314/101
f 135/318/102 138/333/102 144/356/102
f 134/317/103 139/339/103 140/342/103
f 136/327/104 140/342/104 142/348/104
f 135/323/105 143/354/105 133/311/105
f 136/324/106 145/362/106 137/332/106
f 144/357/107 141/344/107 135/319/107
f 144/359/108 152/394/108 141/345/108
f 142/351/109 148/374/109 145/360/109
f 141/346/110 152/395/110 143/355/110
f 145/363/111 147/370/111 138/334/111
f 143/353/112 149/380/112 139/341/112
f 138/337/113 146/366/113 144/358/113
f 139/340/114 150/383/114 140/343/114
f 140/343/115 151/387/115 142/349/115
f 147/368/116 506/1409/116 146/364/116
f 149/378/117 511/1446/117 150/384/117
f 147/369/118 153/401/118 506/1410/118
f 155/423/119 153/402/119 510/1433/119
f 506/1411/120 154/413/120 152/391/120
f 152/398/121 519/1471/121 511/1441/121
f 153/403/122 154/414/122 506/1412/122
f 154/415/123 155/424/123 519/1468/123
f 155/425/124 508/1421/124 153/404/124
f 154/416/125 509/1428/125 155/426/125
f 153/405/126 517/1461/126 154/417/126
f 508/1422/127 156/433/127 153/406/127
f 154/418/128 156/434/128 155/427/128
f 153/406/129 156/435/129 517/1462/129
f 517/1462/130 156/436/130 154/419/130
f 155/428/131 156/437/131 508/1423/131
f 165/459/132 158/438/132 159/440/132
f 165/457/133 159/440/133 160/442/133
f 161/443/134 160/441/134 162/448/134
f 163/450/135 162/449/135 158/439/135
f 164/455/136 163/454/136 165/458/136
f 161/445/137 166/462/137 165/461/137
f 167/464/138 161/446/138 163/451/138
f 168/465/139 167/463/139 164/455/139
f 166/462/140 168/466/140 164/456/140
f 170/469/141 169/467/141 166/462/141
f 173/477/142 170/468/142 167/464/142
f 172/474/143 171/471/143 168/465/143
f 169/467/144 172/472/144 168/466/144
f 173/478/145 172/475/145 169/467/145
f 174/480/146 173/477/146 171/470/146
f 175/485/147 174/483/147 172/473/147
f 2822/5993/148 176/488/148 172/476/148
f 180/496/149 2822/5990/149 174/484/149
f 178/491/150 177/490/150 175/485/150
f 176/488/151 179/492/151 175/486/151
f 180/495/152 179/494/152 176/488/152
f 181/497/153 180/496/153 177/489/153
f 182/500/154 181/498/154 178/491/154
f 179/493/155 182/500/155 178/491/155
f 183/504/156 186/513/156 179/494/156
f 184/506/157 183/503/157 181/497/157
f 182/502/158 188/518/158 184/507/158
f 185/512/159 182/499/159 186/514/159
f 187/516/160 186/514/160 2823/5994/160
f 188/517/161 2823/5997/161 184/508/161
f 189/519/162 190/520/162 188/518/162
f 185/511/163 190/521/163 189/519/163
f 191/523/164 185/512/164 187/516/164
f 192/524/165 187/515/165 188/517/165
f 196/536/166 192/526/166 190/520/166
f 193/528/167 196/537/167 190/521/167
f 191/522/168 198/544/168 193/527/168
f 194/530/169 191/523/169 192/525/169
f 195/533/170 194/531/170 196/535/170
f 197/539/171 196/538/171 198/541/171
f 2824/6001/172 197/540/172 198/542/172
f 194/532/173 199/546/173 2824/5998/173
f 201/549/174 195/534/174 197/539/174
f 199/545/175 201/548/175 197/540/175
f 202/552/176 203/554/176 199/546/176
f 210/572/177 204/557/177 200/547/177
f 205/561/178 200/547/178 201/549/178
f 203/554/179 205/559/179 201/550/179
f 2825/6006/180 203/555/180 204/558/180
f 204/557/181 202/551/181 195/533/181
f 207/565/182 210/574/182 205/560/182
f 2825/6002/183 208/568/183 205/563/183
f 211/576/184 209/570/184 206/564/184
f 212/577/185 206/564/185 207/565/185
f 208/568/186 212/578/186 207/566/186
f 209/569/187 213/579/187 208/567/187
f 209/570/188 2825/6003/188 210/573/188
f 217/592/189 215/587/189 211/576/189
f 217/590/190 211/576/190 212/577/190
f 213/580/191 217/593/191 212/578/191
f 215/586/192 219/602/192 213/581/192
f 217/591/193 216/589/193 219/599/193
f 214/585/194 222/607/194 217/595/194
f 218/596/195 214/582/195 219/600/195
f 220/605/196 221/606/196 216/588/196
f 222/607/197 223/609/197 220/604/197
f 224/612/198 222/608/198 218/597/198
f 221/606/199 226/619/199 225/615/199
f 223/610/200 226/617/200 221/606/200
f 228/625/201 223/611/201 224/613/201
f 230/629/202 224/612/202 225/614/202
f 225/615/203 218/598/203 216/589/203
f 2826/6007/204 227/622/204 226/618/204
f 228/626/205 227/620/205 2826/6008/205
f 229/627/206 228/623/206 230/632/206
f 232/637/207 231/635/207 227/622/207
f 229/628/208 233/639/208 227/621/208
f 231/634/209 234/640/209 229/627/209
f 226/616/210 231/636/210 230/630/210
f 237/649/211 236/647/211 232/637/211
f 240/654/212 232/637/212 233/638/212
f 234/642/213 240/655/213 233/639/213
f 236/648/214 235/646/214 234/641/214
f 237/650/215 243/662/215 2827/6011/215
f 240/656/216 238/651/216 237/650/216
f 241/658/217 240/657/217 235/643/217
f 2827/6014/218 241/659/218 235/644/218
f 238/651/219 248/677/219 243/662/219
f 239/652/220 244/664/220 238/651/220
f 242/660/221 239/653/221 241/658/221
f 243/663/222 242/661/222 241/659/222
f 244/664/223 252/686/223 248/677/223
f 247/675/224 244/666/224 242/660/224
f 248/678/225 247/676/225 242/661/225
f 245/668/226 254/694/226 252/685/226
f 246/671/227 249/679/227 245/668/227
f 251/682/228 246/672/228 247/673/228
f 252/688/229 251/683/229 247/674/229
f 249/679/230 260/710/230 254/694/230
f 250/680/231 255/695/231 249/679/231
f 253/690/232 250/681/232 251/682/232
f 254/693/233 259/705/233 251/683/233
f 257/702/234 255/696/234 256/697/234
f 253/689/235 258/704/235 256/700/235
f 259/706/236 261/713/236 253/692/236
f 258/704/237 262/718/237 257/701/237
f 262/720/238 2828/6016/238 260/712/238
f 263/722/239 266/729/239 2828/6017/239
f 264/725/240 2828/6015/240 262/719/240
f 261/716/241 264/725/241 262/719/241
f 266/730/242 297/806/242 261/717/242
f 298/812/243 266/733/243 263/722/243
f 298/809/244 263/722/244 264/724/244
f 295/788/245 267/735/245 298/812/245
f 264/723/246 296/792/246 298/810/246
f 265/726/247 296/793/247 264/723/247
f 297/803/248 296/794/248 265/726/248
f 162/447/249 126/285/249 128/291/249
f 160/441/250 125/282/250 126/286/250
f 158/438/251 125/283/251 159/440/251
f 295/789/252 297/808/252 267/735/252
f 268/737/253 269/738/253 270/740/253
f 271/741/254 272/743/254 273/744/254
f 288/767/255 274/745/255 275/746/255
f 285/760/256 276/747/256 277/748/256
f 289/768/257 270/740/257 278/749/257
f 279/752/258 273/744/258 274/745/258
f 280/754/259 275/746/259 281/755/259
f 284/759/260 277/748/260 282/756/260
f 290/772/261 278/750/261 283/757/261
f 286/762/262 281/755/262 269/738/262
f 287/765/263 282/756/263 272/743/263
f 296/801/264 271/742/264 279/751/264
f 296/802/265 288/766/265 280/753/265
f 292/780/266 285/761/266 284/758/266
f 290/771/267 295/791/267 289/770/267
f 286/763/268 296/802/268 280/753/268
f 287/764/269 292/780/269 284/758/269
f 294/784/270 295/790/270 290/771/270
f 291/775/271 286/763/271 268/736/271
f 271/742/272 292/776/272 287/764/272
f 296/795/273 279/751/273 288/766/273
f 293/782/274 294/784/274 285/761/274
f 289/770/275 291/775/275 268/736/275
f 294/785/276 283/757/276 276/747/276
f 291/775/33 295/786/33 296/796/33
f 296/797/277 297/804/277 292/777/277
f 291/773/278 296/798/278 298/811/278
f 296/799/279 295/787/279 297/805/279
f 299/814/280 319/845/280 300/815/280
f 301/817/254 315/835/254 302/818/254
f 303/819/281 320/849/281 304/820/281
f 305/821/282 321/851/282 306/822/282
f 300/816/283 316/837/283 307/823/283
f 302/818/284 322/853/284 303/819/284
f 304/820/259 308/824/259 309/826/259
f 306/822/285 317/841/285 310/827/285
f 307/823/286 318/844/286 311/828/286
f 309/826/287 312/829/287 299/814/287
f 310/827/263 313/831/263 301/817/263
f 317/839/288 325/863/288 313/832/288
f 316/838/289 319/847/289 323/856/289
f 320/848/290 326/868/290 308/825/290
f 321/852/291 325/865/291 317/840/291
f 318/843/292 323/857/292 329/885/292
f 312/830/293 326/868/293 324/858/293
f 314/833/294 329/885/294 327/875/294
f 312/830/295 324/859/295 319/847/295
f 311/828/276 314/834/276 305/821/276
f 326/869/296 322/855/296 328/881/296
f 326/870/34 323/857/34 324/859/34
f 327/876/297 329/885/297 323/857/297
f 329/884/298 327/872/298 326/866/298
f 328/878/299 325/860/299 327/873/299
f 342/920/300 343/922/300 331/889/300
f 1808/4293/301 334/900/301 332/890/301
f 338/909/302 352/954/302 347/938/302
f 340/913/302 346/936/302 349/946/302
f 343/922/303 1808/4298/303 333/898/303
f 331/889/304 333/897/304 2830/6021/304
f 346/935/302 338/909/302 349/947/302
f 334/901/302 345/933/302 346/936/302
f 348/944/302 352/954/302 339/911/302
f 352/953/302 341/915/302 347/939/302
f 347/939/305 2830/6019/305 336/905/305
f 349/948/306 337/907/306 338/910/306
f 338/910/306 347/943/306 339/912/306
f 340/914/306 349/950/306 334/902/306
f 341/916/306 342/917/306 330/888/306
f 343/923/307 1808/4296/307 335/903/307
f 347/940/306 2830/6020/306 341/916/306
f 340/914/308 1808/4297/308 344/927/308
f 339/912/306 345/934/306 346/937/306
f 342/918/309 1806/4282/309 343/923/309
f 1806/4282/310 1807/4290/310 343/923/310
f 337/907/306 347/941/306 338/910/306
f 2830/6020/306 342/921/306 341/916/306
f 345/932/306 334/902/306 349/950/306
f 347/943/306 348/945/306 339/912/306
f 344/924/306 349/949/306 340/914/306
f 339/912/306 350/951/306 351/952/306
f 330/888/306 353/959/306 352/955/306
f 337/908/311 336/906/311 347/942/311
f 2830/6021/312 342/919/312 331/889/312
f 333/893/313 344/925/313 1806/4283/313
f 344/926/314 1807/4290/314 1806/4284/314
f 1808/4297/315 1807/4290/315 344/927/315
f 352/955/306 353/957/306 347/943/306
f 354/960/316 373/1013/316 363/987/316
f 369/1002/302 366/993/302 362/984/302
f 361/979/302 369/1002/302 362/984/302
f 357/966/317 1761/4232/317 355/962/317
f 364/989/318 356/963/318 370/1003/318
f 365/991/319 371/1008/319 354/960/319
f 355/962/320 1761/4233/320 358/973/320
f 368/1000/321 345/931/321 356/965/321
f 371/1006/322 357/966/322 355/962/322
f 362/984/323 356/965/323 361/979/323
f 345/933/324 370/1003/324 356/963/324
f 374/1017/325 361/980/325 364/989/325
f 1761/4234/326 374/1017/326 364/989/326
f 365/991/302 363/987/302 366/994/302
f 367/998/327 360/978/327 365/991/327
f 362/985/306 363/988/306 366/995/306
f 364/990/328 356/964/328 361/982/328
f 1759/4228/329 364/990/329 1761/4238/329
f 368/1001/306 345/934/306 351/952/306
f 367/999/330 371/1009/330 360/977/330
f 372/1012/306 363/988/306 368/1001/306
f 350/951/306 368/1001/306 351/952/306
f 373/1016/331 354/961/331 366/997/331
f 1758/4219/332 357/968/332 1761/4238/332
f 371/1009/333 357/967/333 360/977/333
f 357/968/334 1759/4228/334 1761/4238/334
f 345/932/335 361/981/335 356/964/335
f 397/1100/302 353/956/302 383/1046/302
f 386/1055/302 375/1021/302 392/1075/302
f 394/1089/302 388/1065/302 382/1043/302
f 378/1033/302 394/1089/302 382/1043/302
f 384/1051/302 395/1094/302 396/1098/302
f 386/1055/336 1850/4322/336 380/1039/336
f 390/1071/337 379/1035/337 395/1092/337
f 392/1075/302 393/1080/302 386/1055/302
f 382/1043/302 395/1092/302 378/1033/302
f 379/1037/337 396/1098/337 395/1094/337
f 387/1057/338 381/1042/338 384/1051/338
f 376/1024/339 387/1057/339 384/1051/339
f 385/1053/302 383/1046/302 388/1064/302
f 389/1068/302 375/1023/302 385/1053/302
f 395/1095/306 394/1090/306 378/1031/306
f 384/1052/306 395/1093/306 378/1034/306
f 385/1054/306 375/1022/306 392/1077/306
f 390/1072/340 379/1036/340 391/1074/340
f 2897/6146/341 1849/4318/341 393/1081/341
f 348/945/306 383/1047/306 390/1072/306
f 350/951/306 390/1072/306 391/1074/306
f 378/1032/342 381/1042/342 387/1058/342
f 393/1084/343 376/1027/343 1850/4322/343
f 376/1028/344 396/1097/344 1849/4314/344
f 378/1033/345 395/1094/345 381/1042/345
f 2832/6029/346 407/1124/346 411/1132/346
f 398/1105/347 399/1110/347 400/1111/347
f 399/1107/348 2832/6032/348 413/1138/348
f 405/1119/302 416/1155/302 414/1143/302
f 407/1124/302 412/1136/302 415/1151/302
f 1803/4266/349 1798/4248/349 402/1114/349
f 406/1121/350 379/1035/350 391/1073/350
f 400/1111/351 399/1107/351 2833/6035/351
f 1800/4254/352 399/1109/352 413/1142/352
f 412/1135/302 405/1119/302 415/1147/302
f 401/1113/353 379/1037/353 412/1136/353
f 372/1011/302 416/1155/302 406/1121/302
f 411/1132/354 402/1116/354 1798/4249/354
f 416/1153/302 408/1125/302 414/1145/302
f 414/1145/355 2833/6037/355 403/1117/355
f 415/1148/306 404/1118/306 405/1120/306
f 405/1120/306 416/1154/306 406/1122/306
f 407/1123/306 415/1152/306 401/1112/306
f 408/1126/306 398/1102/306 409/1127/306
f 399/1108/356 1800/4253/356 410/1128/356
f 411/1133/357 1803/4267/357 407/1123/357
f 416/1156/306 2833/6038/306 408/1126/306
f 406/1122/358 379/1036/358 412/1137/358
f 398/1106/359 413/1141/359 399/1108/359
f 404/1118/306 414/1144/306 405/1120/306
f 2833/6038/306 398/1103/306 408/1126/306
f 379/1038/360 401/1112/360 415/1152/360
f 1803/4267/361 415/1149/361 407/1123/361
f 406/1122/306 350/951/306 391/1074/306
f 409/1127/306 373/1016/306 416/1157/306
f 413/1142/362 1803/4270/362 1800/4254/362
f 2832/6032/363 1798/4249/363 413/1138/363
f 2833/6035/364 398/1104/364 400/1111/364
f 413/1139/365 2833/6036/365 399/1109/365
f 2832/6026/366 1800/4256/366 411/1133/366
f 2837/6048/367 2835/6044/367 422/1175/367
f 424/1181/368 425/1184/368 423/1177/368
f 2837/6049/369 432/1200/369 2835/6043/369
f 421/1172/370 423/1179/370 426/1185/370
f 434/1207/34 428/1193/34 429/1194/34
f 425/1184/371 430/1197/371 426/1187/371
f 424/1182/372 419/1165/372 438/1214/372
f 437/1212/373 418/1162/373 422/1176/373
f 433/1204/374 421/1173/374 434/1206/374
f 2834/6042/375 435/1210/375 436/1211/375
f 431/1198/34 434/1208/34 432/1199/34
f 435/1210/376 426/1187/376 430/1197/376
f 417/1159/377 434/1209/377 421/1174/377
f 417/1158/378 427/1192/378 437/1213/378
f 419/1167/379 429/1196/379 438/1215/379
f 417/1159/302 426/1188/302 420/1168/302
f 446/1231/380 443/1222/380 440/1217/380
f 445/1228/381 450/1250/381 444/1225/381
f 447/1235/382 451/1251/382 443/1223/382
f 442/1221/383 446/1233/383 440/1218/383
f 444/1227/384 450/1248/384 448/1240/384
f 445/1230/385 444/1226/385 449/1247/385
f 445/1230/386 447/1239/386 446/1232/386
f 448/1240/387 449/1245/387 444/1227/387
f 458/1273/388 452/1254/388 457/1271/388
f 452/1256/389 453/1261/389 460/1279/389
f 464/1289/390 459/1276/390 455/1265/390
f 459/1277/391 462/1285/391 455/1266/391
f 454/1264/392 461/1281/392 463/1288/392
f 461/1283/393 456/1269/393 459/1275/393
f 453/1258/394 461/1281/394 454/1262/394
f 461/1282/395 453/1259/395 458/1272/395
f 462/1284/396 456/1267/396 452/1255/396
f 477/1325/397 474/1318/397 465/1291/397
f 466/1295/306 467/1297/306 476/1322/306
f 498/1388/398 482/1343/398 468/1299/398
f 478/1329/302 469/1303/302 471/1306/302
f 469/1304/34 470/1305/34 471/1307/34
f 473/1315/399 472/1309/399 474/1316/399
f 498/1389/400 493/1368/400 495/1378/400
f 479/1331/401 495/1377/401 491/1365/401
f 475/1320/33 472/1311/33 476/1323/33
f 478/1328/33 465/1293/33 485/1352/33
f 480/1335/33 493/1370/33 481/1338/33
f 503/1403/34 483/1348/34 526/1488/34
f 473/1312/402 501/1398/402 496/1383/402
f 477/1326/403 501/1399/403 473/1313/403
f 477/1326/404 468/1300/404 484/1350/404
f 485/1351/373 486/1354/373 469/1303/373
f 481/1340/302 500/1395/302 503/1402/302
f 467/1298/34 487/1355/34 488/1356/34
f 497/1386/33 465/1293/33 474/1317/33
f 489/1360/306 490/1363/306 491/1366/306
f 494/1374/34 492/1367/34 490/1362/34
f 481/1339/405 526/1489/405 480/1334/405
f 489/1360/406 524/1482/406 494/1373/406
f 488/1357/373 476/1322/373 467/1297/373
f 491/1364/33 495/1381/33 489/1359/33
f 483/1348/34 487/1355/34 492/1367/34
f 474/1317/33 475/1320/33 497/1386/33
f 493/1369/33 465/1292/33 478/1328/33
f 492/1367/34 526/1488/34 483/1348/34
f 495/1378/407 479/1330/407 498/1389/407
f 491/1365/408 496/1384/408 479/1331/408
f 488/1356/34 470/1305/34 486/1353/34
f 495/1379/33 480/1335/33 528/1495/33
f 526/1489/409 528/1496/409 480/1334/409
f 488/1357/373 497/1387/373 475/1321/373
f 468/1301/410 477/1324/410 498/1390/410
f 482/1344/411 498/1391/411 479/1332/411
f 490/1362/34 487/1355/34 499/1393/34
f 471/1306/412 493/1372/412 478/1329/412
f 500/1396/34 470/1305/34 483/1348/34
f 491/1366/306 499/1394/306 466/1295/306
f 484/1349/413 468/1302/413 482/1345/413
f 501/1397/413 484/1349/413 482/1345/413
f 472/1308/33 491/1364/33 466/1296/33
f 529/1498/306 494/1375/306 489/1358/306
f 502/1400/302 503/1404/302 505/1407/302
f 503/1405/34 504/1406/34 505/1408/34
f 152/392/414 154/422/414 509/1429/414
f 511/1442/415 519/1469/415 155/432/415
f 510/1434/416 508/1424/416 153/407/416
f 506/1413/417 517/1463/417 525/1486/417
f 528/1497/33 509/1432/33 489/1361/33
f 502/1401/33 519/1472/33 481/1342/33
f 512/1451/33 508/1425/33 513/1452/33
f 151/385/418 510/1435/418 155/429/418
f 152/393/419 532/1504/419 506/1414/419
f 516/1459/34 514/1455/34 515/1456/34
f 153/410/420 532/1506/420 533/1508/420
f 481/1341/421 526/1491/421 503/1404/421
f 513/1453/302 531/1502/302 516/1458/302
f 494/1376/34 518/1467/34 524/1483/34
f 383/1050/422 520/1475/422 525/1487/422
f 521/1477/34 522/1478/34 520/1474/34
f 513/1454/372 515/1457/372 512/1450/372
f 383/1050/423 523/1480/423 521/1476/423
f 155/430/424 533/1511/424 535/1514/424
f 525/1485/425 517/1464/425 383/1049/425
f 504/1406/34 522/1478/34 514/1455/34
f 519/1473/33 528/1497/33 480/1336/33
f 507/1419/426 155/431/426 502/1401/426
f 155/429/427 511/1443/427 151/385/427
f 522/1478/34 515/1456/34 514/1455/34
f 511/1448/428 509/1431/428 519/1470/428
f 524/1483/34 504/1406/34 526/1490/34
f 517/1466/33 512/1451/33 527/1492/33
f 515/1457/372 527/1493/372 512/1450/372
f 524/1484/429 480/1337/429 528/1494/429
f 529/1499/430 509/1432/430 154/420/430
f 535/1514/431 511/1444/431 155/430/431
f 532/1507/432 511/1449/432 534/1513/432
f 520/1474/34 518/1467/34 530/1500/34
f 505/1407/302 507/1420/302 502/1400/302
f 531/1503/34 504/1406/34 514/1455/34
f 525/1487/306 530/1501/306 529/1498/306
f 534/1512/413 535/1515/413 532/1505/413
f 535/1516/413 533/1509/413 532/1505/413
f 154/420/433 525/1485/433 529/1499/433
f 544/1550/434 542/1540/434 539/1527/434
f 536/1520/435 541/1536/435 546/1555/435
f 536/1521/436 539/1529/436 538/1523/436
f 2838/6054/437 540/1533/437 542/1539/437
f 539/1528/438 543/1543/438 538/1524/438
f 541/1535/439 543/1544/439 540/1531/439
f 2838/6051/440 546/1556/440 545/1552/440
f 536/1518/306 546/1556/306 544/1548/306
f 546/1556/441 2838/6052/441 544/1549/441
f 550/1564/442 554/1578/442 2839/6055/442
f 549/1560/443 553/1573/443 554/1577/443
f 559/1598/444 552/1571/444 557/1590/444
f 549/1560/445 554/1578/445 550/1563/445
f 558/1593/446 552/1572/446 555/1581/446
f 549/1562/447 555/1584/447 553/1574/447
f 550/1564/448 2839/6056/448 559/1596/448
f 557/1590/449 552/1572/449 551/1568/449
f 553/1575/450 556/1585/450 554/1579/450
f 2839/6057/451 556/1586/451 552/1569/451
f 552/1570/452 556/1587/452 555/1582/452
f 555/1583/453 556/1588/453 553/1576/453
f 551/1567/454 558/1592/454 557/1591/454
f 557/1591/306 558/1592/306 559/1597/306
f 550/1565/306 558/1592/306 549/1561/306
f 563/1604/443 566/1616/443 564/1608/443
f 563/1604/455 564/1611/455 571/1639/455
f 574/1648/456 567/1622/456 573/1643/456
f 562/1603/457 569/1630/457 565/1612/457
f 562/1602/458 566/1617/458 563/1605/458
f 564/1609/459 570/1632/459 568/1625/459
f 566/1618/460 570/1633/460 564/1610/460
f 568/1626/461 570/1634/461 567/1621/461
f 569/1631/462 570/1635/462 565/1613/462
f 562/1600/306 572/1642/306 573/1644/306
f 563/1606/306 572/1642/306 562/1601/306
f 571/1638/306 572/1642/306 563/1607/306
f 573/1645/306 572/1642/306 574/1649/306
f 562/1602/463 565/1614/463 566/1619/463
f 579/1661/464 583/1676/464 586/1688/464
f 577/1650/465 582/1670/465 579/1659/465
f 586/1689/466 581/1667/466 585/1684/466
f 578/1654/467 580/1662/467 589/1692/467
f 577/1650/468 589/1693/468 582/1671/468
f 586/1689/469 583/1675/469 581/1666/469
f 585/1685/470 580/1662/470 578/1655/470
f 578/1656/471 589/1693/471 577/1651/471
f 585/1685/472 581/1667/472 580/1663/472
f 581/1668/473 584/1679/473 580/1664/473
f 589/1694/474 584/1680/474 582/1672/474
f 578/1657/475 586/1690/475 585/1686/475
f 577/1652/306 586/1690/306 578/1658/306
f 579/1660/476 586/1690/476 577/1653/476
f 647/1835/477 630/1798/477 590/1696/477
f 651/1843/478 628/1793/478 633/1804/478
f 648/1837/479 590/1697/479 603/1738/479
f 651/1843/480 643/1826/480 638/1815/480
f 591/1700/481 603/1738/481 644/1828/481
f 639/1817/482 643/1826/482 605/1744/482
f 649/1840/483 644/1828/483 592/1701/483
f 652/1845/484 605/1744/484 631/1800/484
f 642/1825/485 592/1701/485 593/1703/485
f 652/1845/486 632/1802/486 594/1706/486
f 636/1810/487 593/1703/487 629/1796/487
f 646/1833/488 627/1790/488 595/1708/488
f 637/1813/489 629/1796/489 596/1709/489
f 595/1708/490 630/1798/490 597/1711/490
f 640/1818/491 635/1808/491 646/1833/491
f 650/1842/492 596/1709/492 628/1793/492
f 600/1723/493 602/1731/493 599/1717/493
f 601/1726/302 599/1718/302 602/1732/302
f 627/1791/494 615/1767/494 610/1756/494
f 630/1799/495 610/1756/495 620/1780/495
f 628/1794/496 611/1757/496 617/1774/496
f 590/1698/497 620/1780/497 618/1776/497
f 628/1794/498 621/1782/498 633/1805/498
f 590/1698/499 619/1778/499 603/1739/499
f 643/1827/500 621/1782/500 609/1754/500
f 643/1827/501 607/1749/501 605/1745/501
f 2841/6062/502 612/1760/502 623/1785/502
f 616/1771/503 624/1789/503 613/1762/503
f 612/1760/504 614/1764/504 623/1784/504
f 608/1750/505 624/1787/505 616/1771/505
f 610/1755/506 622/1783/506 620/1779/506
f 622/1783/507 611/1758/507 624/1789/507
f 615/1768/508 622/1783/508 610/1755/508
f 604/1740/509 622/1783/509 608/1751/509
f 622/1783/510 615/1768/510 623/1786/510
f 607/1748/511 622/1783/511 614/1764/511
f 609/1753/512 622/1783/512 607/1748/512
f 619/1777/513 622/1783/513 604/1740/513
f 621/1781/514 622/1783/514 609/1753/514
f 618/1775/515 622/1783/515 619/1777/515
f 617/1773/516 622/1783/516 621/1781/516
f 620/1779/517 622/1783/517 618/1775/517
f 611/1758/518 622/1783/518 617/1773/518
f 614/1764/519 622/1783/519 623/1784/519
f 624/1788/520 608/1751/520 622/1783/520
f 594/1706/521 2841/6064/521 645/1831/521
f 629/1797/522 616/1772/522 613/1763/522
f 631/1801/523 612/1761/523 632/1803/523
f 596/1710/524 613/1763/524 611/1759/524
f 634/1806/525 615/1770/525 635/1809/525
f 600/1724/526 646/1832/526 595/1707/526
f 599/1719/527 594/1705/527 645/1830/527
f 601/1729/528 636/1811/528 637/1812/528
f 597/1712/529 600/1724/529 595/1707/529
f 650/1841/530 601/1729/530 637/1812/530
f 602/1733/531 597/1712/531 647/1834/531
f 601/1730/532 650/1841/532 651/1844/532
f 602/1736/533 647/1834/533 648/1838/533
f 641/1822/534 651/1844/534 638/1814/534
f 598/1716/535 648/1838/535 591/1699/535
f 641/1820/536 638/1814/536 639/1816/536
f 649/1839/537 598/1716/537 591/1699/537
f 640/1819/538 599/1719/538 645/1830/538
f 641/1823/539 639/1816/539 652/1846/539
f 598/1713/540 649/1839/540 642/1824/540
f 600/1725/541 640/1819/541 646/1832/541
f 599/1722/542 652/1846/542 594/1705/542
f 644/1829/543 603/1737/543 604/1742/543
f 592/1702/544 604/1742/544 608/1752/544
f 2841/6061/545 606/1747/545 634/1806/545
f 631/1801/546 605/1743/546 614/1766/546
f 593/1704/547 608/1752/547 616/1772/547
f 598/1715/548 642/1824/548 636/1811/548
f 645/1831/549 634/1807/549 640/1818/549
f 664/1893/550 660/1873/550 654/1851/550
f 658/1864/551 655/1852/551 654/1851/551
f 653/1847/552 656/1856/552 654/1851/552
f 660/1874/553 653/1848/553 654/1851/553
f 655/1853/554 661/1878/554 654/1851/554
f 656/1857/555 657/1860/555 654/1851/555
f 657/1861/556 658/1865/556 654/1851/556
f 661/1879/557 664/1894/557 654/1851/557
f 664/1896/558 665/1898/558 660/1875/558
f 655/1854/559 669/1914/559 659/1869/559
f 661/1881/560 659/1871/560 666/1900/560
f 656/1859/561 662/1884/561 657/1862/561
f 661/1880/562 666/1901/562 663/1887/562
f 657/1863/563 662/1882/563 658/1866/563
f 661/1880/564 663/1888/564 664/1895/564
f 658/1867/563 662/1882/563 669/1912/563
f 670/1916/565 663/1889/565 671/1917/565
f 667/1904/566 673/1924/566 668/1908/566
f 663/1890/306 671/1918/306 665/1897/306
f 669/1915/567 672/1922/567 659/1870/567
f 665/1897/306 671/1920/306 667/1907/306
f 666/1902/568 672/1923/568 671/1919/568
f 662/1883/569 673/1925/569 669/1913/569
f 671/1919/570 672/1923/570 673/1926/570
f 679/1947/571 681/1955/571 674/1931/571
f 684/1970/572 680/1951/572 674/1931/572
f 675/1932/573 679/1948/573 674/1931/573
f 680/1952/554 676/1936/554 674/1931/554
f 681/1956/574 677/1941/574 674/1931/574
f 677/1942/556 684/1971/556 674/1931/556
f 676/1937/557 678/1945/557 674/1931/557
f 678/1945/575 675/1933/575 674/1931/575
f 679/1949/576 687/1985/576 681/1957/576
f 679/1950/577 685/1976/577 686/1980/577
f 680/1953/578 688/1988/578 676/1938/578
f 681/1958/579 682/1960/579 677/1943/579
f 676/1939/580 688/1988/580 690/1996/580
f 677/1944/581 683/1964/581 684/1972/581
f 676/1940/582 690/1999/582 678/1946/582
f 675/1935/583 690/1999/583 685/1975/583
f 692/2004/584 690/1997/584 696/2021/584
f 693/2007/585 695/2013/585 691/2002/585
f 693/2006/586 683/1966/586 682/1959/586
f 686/1981/587 695/2014/587 687/1984/587
f 689/1992/588 694/2009/588 688/1989/588
f 696/2020/306 694/2010/306 695/2015/306
f 690/1998/589 694/2010/589 696/2020/589
f 698/2025/302 701/2038/302 704/2046/302
f 698/2026/302 705/2051/302 697/2023/302
f 702/2040/302 705/2052/302 698/2029/302
f 705/2053/590 709/2064/590 697/2024/590
f 701/2039/591 708/2063/591 703/2043/591
f 697/2024/592 709/2065/592 698/2027/592
f 699/2031/372 700/2035/372 702/2041/372
f 702/2041/593 706/2057/593 705/2054/593
f 705/2055/594 706/2056/594 709/2066/594
f 704/2047/595 707/2060/595 699/2033/595
f 698/2030/596 709/2067/596 708/2063/596
f 703/2045/306 700/2037/306 707/2059/306
f 708/2062/597 709/2068/597 703/2042/597
f 709/2069/598 710/2072/598 711/2073/598
f 713/2078/302 715/2083/302 712/2074/302
f 714/2081/302 712/2076/302 720/2101/302
f 714/2081/302 715/2084/302 713/2078/302
f 714/2079/302 718/2095/302 715/2084/302
f 720/2102/372 722/2109/372 714/2082/372
f 715/2086/599 725/2116/599 712/2075/599
f 714/2080/372 717/2090/372 718/2096/372
f 720/2103/600 725/2117/600 719/2098/600
f 715/2087/601 717/2093/601 721/2104/601
f 717/2091/602 722/2108/602 725/2112/602
f 725/2113/602 722/2108/602 719/2099/602
f 721/2105/603 725/2114/603 716/2088/603
f 725/2115/604 723/2110/604 724/2111/604
f 729/2131/302 726/2119/302 728/2127/302
f 729/2131/302 727/2124/302 726/2120/302
f 729/2132/302 2843/6066/302 727/2124/302
f 728/2130/372 730/2139/372 729/2133/372
f 727/2126/605 733/2147/605 726/2122/605
f 729/2134/372 730/2135/372 2843/6067/372
f 731/2141/606 735/2158/606 732/2142/606
f 731/2141/607 732/2143/607 728/2128/607
f 2843/6068/608 730/2136/608 734/2148/608
f 2843/6069/609 734/2149/609 727/2125/609
f 735/2153/602 730/2137/602 732/2144/602
f 730/2138/610 735/2154/610 734/2150/610
f 734/2151/603 735/2155/603 733/2146/603
f 735/2156/611 736/2159/611 737/2160/611
f 739/2166/302 744/2184/302 738/2161/302
f 739/2167/302 747/2195/302 742/2178/302
f 741/2175/302 747/2196/302 739/2169/302
f 747/2197/612 745/2186/612 742/2179/612
f 742/2179/613 745/2187/613 739/2171/613
f 740/2172/372 743/2182/372 741/2176/372
f 738/2162/614 749/2203/614 748/2200/614
f 738/2163/615 748/2201/615 740/2174/615
f 743/2180/602 749/2204/602 746/2190/602
f 749/2205/616 750/2211/616 751/2212/616
f 752/2213/617 753/2215/617 763/2236/617
f 767/2254/618 768/2257/618 753/2216/618
f 767/2253/619 770/2266/619 768/2256/619
f 756/2219/620 755/2218/620 757/2222/620
f 758/2223/621 757/2221/621 764/2238/621
f 796/2359/622 795/2353/622 791/2343/622
f 807/2404/302 795/2354/302 793/2347/302
f 752/2214/623 762/2233/623 765/2242/623
f 2845/6072/624 761/2230/624 763/2237/624
f 759/2225/625 765/2240/625 764/2239/625
f 765/2241/302 762/2234/302 761/2229/302
f 768/2258/626 770/2264/626 771/2269/626
f 811/2415/627 769/2260/627 767/2250/627
f 769/2261/373 771/2267/373 770/2265/373
f 758/2224/628 2845/6071/628 774/2278/628
f 753/2215/617 773/2275/617 763/2236/617
f 768/2257/629 779/2301/629 753/2216/629
f 781/2311/619 779/2298/619 777/2291/619
f 786/2327/630 756/2219/630 772/2271/630
f 772/2272/631 758/2223/631 775/2283/631
f 773/2277/302 816/2435/302 776/2286/302
f 776/2287/632 2845/6072/632 763/2237/632
f 777/2293/633 779/2299/633 768/2259/633
f 778/2294/634 780/2305/634 766/2245/634
f 766/2244/635 782/2317/635 777/2292/635
f 781/2312/636 777/2292/636 782/2317/636
f 766/2245/637 784/2322/637 778/2294/637
f 784/2323/638 779/2302/638 778/2295/638
f 780/2309/639 778/2295/639 779/2302/639
f 773/2276/34 783/2321/34 816/2436/34
f 784/2324/640 783/2320/640 779/2300/640
f 779/2300/641 783/2321/641 785/2326/641
f 787/2329/617 788/2336/617 789/2338/617
f 803/2384/642 805/2395/642 788/2333/642
f 803/2389/643 801/2380/643 799/2373/643
f 790/2339/644 2847/6080/644 804/2391/644
f 760/2227/645 804/2393/645 791/2341/645
f 794/2351/33 791/2342/33 804/2392/33
f 793/2348/302 795/2355/302 792/2345/302
f 799/2372/626 801/2378/626 2846/6077/626
f 799/2372/646 797/2360/646 788/2332/646
f 803/2385/647 802/2381/647 798/2367/647
f 798/2367/648 800/2374/648 803/2385/648
f 800/2375/373 2846/6075/373 801/2379/373
f 787/2330/33 794/2351/33 803/2386/33
f 794/2352/33 802/2383/33 803/2387/33
f 760/2228/649 809/2409/649 764/2239/649
f 767/2251/650 788/2333/650 805/2395/650
f 757/2221/651 760/2227/651 764/2238/651
f 813/2425/652 812/2421/652 805/2396/652
f 752/2214/653 806/2400/653 789/2337/653
f 808/2407/654 793/2350/654 789/2337/654
f 811/2416/655 767/2252/655 812/2422/655
f 757/2222/656 810/2414/656 790/2339/656
f 811/2417/657 814/2428/657 797/2361/657
f 797/2362/658 813/2424/658 805/2397/658
f 814/2430/659 811/2418/659 812/2423/659
f 759/2226/660 806/2402/660 752/2214/660
f 754/2217/617 789/2338/617 788/2336/617
f 809/2410/661 760/2228/661 807/2403/661
f 783/2321/662 775/2284/662 774/2279/662
f 817/2438/34 772/2274/34 783/2320/34
f 816/2436/663 783/2321/663 774/2279/663
f 792/2344/664 789/2337/664 793/2349/664
f 818/2439/33 804/2394/33 2847/6079/33
f 789/2337/665 806/2400/665 808/2407/665
f 762/2235/664 763/2237/664 761/2230/664
f 758/2224/666 765/2243/666 761/2231/666
f 819/2440/667 822/2445/667 820/2442/667
f 837/2492/668 845/2524/668 822/2446/668
f 837/2491/669 823/2449/669 838/2495/669
f 825/2451/620 824/2450/620 826/2454/620
f 827/2455/651 826/2453/651 832/2470/651
f 828/2458/625 860/2570/625 829/2461/625
f 2851/6090/670 834/2474/670 820/2443/670
f 845/2527/671 837/2488/671 838/2496/671
f 845/2527/672 835/2479/672 843/2516/672
f 838/2497/626 823/2447/626 2849/6084/626
f 836/2482/673 839/2498/673 837/2489/673
f 839/2499/373 2849/6082/373 823/2448/373
f 827/2456/674 2851/6089/674 841/2505/674
f 822/2445/667 840/2502/667 820/2442/667
f 845/2524/675 844/2521/675 822/2446/675
f 847/2533/652 844/2522/652 845/2525/652
f 2852/6093/620 825/2451/620 852/2548/620
f 852/2549/651 827/2455/651 882/2642/651
f 842/2509/676 2851/6090/676 820/2443/676
f 841/2506/677 848/2536/677 882/2644/677
f 851/2545/678 846/2528/678 843/2514/678
f 843/2515/679 847/2532/679 845/2526/679
f 846/2530/659 851/2546/659 844/2523/659
f 840/2503/34 849/2542/34 848/2537/34
f 851/2547/680 849/2541/680 844/2518/680
f 844/2518/681 849/2542/681 850/2544/681
f 855/2557/682 857/2560/682 861/2574/682
f 868/2600/617 853/2553/617 856/2559/617
f 864/2587/618 865/2590/618 853/2552/618
f 864/2588/619 867/2599/619 865/2589/619
f 854/2554/372 871/2609/372 859/2565/372
f 855/2556/621 859/2567/621 829/2459/621
f 2851/6090/683 831/2466/683 834/2475/683
f 868/2602/684 861/2575/684 860/2569/684
f 875/2622/685 861/2573/685 856/2558/685
f 858/2563/33 829/2460/33 859/2566/33
f 865/2591/626 867/2597/626 2853/6097/626
f 864/2585/686 870/2605/686 863/2582/686
f 863/2582/687 866/2593/687 864/2585/687
f 866/2594/373 2853/6095/373 867/2598/373
f 868/2601/33 858/2563/33 869/2603/33
f 858/2564/688 870/2607/688 864/2586/688
f 858/2563/689 864/2586/689 869/2603/689
f 855/2557/690 872/2612/690 832/2471/690
f 837/2490/691 853/2552/691 865/2590/691
f 826/2453/651 855/2556/651 832/2470/651
f 880/2638/619 878/2630/619 877/2626/619
f 819/2441/692 874/2616/692 856/2558/692
f 875/2621/302 874/2617/302 872/2610/302
f 874/2618/693 875/2622/693 856/2558/693
f 873/2614/694 837/2493/694 878/2631/694
f 877/2628/695 837/2494/695 865/2592/695
f 826/2454/620 876/2625/620 854/2554/620
f 873/2615/696 881/2641/696 862/2577/696
f 862/2578/697 881/2639/697 877/2627/697
f 880/2636/698 877/2627/698 881/2639/698
f 879/2632/699 873/2613/699 878/2629/699
f 881/2640/373 879/2633/373 880/2637/373
f 830/2463/700 874/2619/700 819/2441/700
f 821/2444/617 856/2559/617 853/2553/617
f 872/2611/701 855/2557/701 875/2623/701
f 849/2542/34 882/2643/34 848/2538/34
f 883/2645/34 852/2551/34 849/2541/34
f 848/2539/702 842/2510/702 840/2504/702
f 884/2646/33 859/2568/33 871/2608/33
f 857/2562/703 829/2461/703 860/2570/703
f 832/2471/704 872/2612/704 874/2620/704
f 833/2473/622 832/2471/622 830/2462/622
f 827/2456/705 833/2473/705 831/2467/705
f 888/2663/706 886/2652/706 885/2648/706
f 890/2671/707 889/2669/707 887/2655/707
f 891/2673/708 888/2661/708 889/2666/708
f 892/2678/709 887/2656/709 888/2662/709
f 894/2683/710 891/2674/710 893/2682/710
f 886/2651/711 895/2684/711 897/2691/711
f 886/2654/712 896/2689/712 895/2685/712
f 886/2652/713 897/2692/713 885/2648/713
f 887/2660/714 898/2699/714 896/2689/714
f 895/2686/715 900/2705/715 902/2715/715
f 898/2700/716 901/2710/716 900/2708/716
f 895/2687/717 902/2715/717 899/2703/717
f 897/2693/718 901/2711/718 898/2697/718
f 902/2716/719 900/2706/719 903/2717/719
f 901/2712/720 903/2718/720 900/2707/720
f 902/2716/721 903/2719/721 899/2701/721
f 908/2738/722 905/2720/722 906/2726/722
f 909/2741/723 908/2738/723 907/2733/723
f 914/2756/724 908/2737/724 909/2741/724
f 910/2745/725 913/2751/725 907/2730/725
f 907/2735/726 914/2759/726 909/2742/726
f 914/2760/727 915/2761/727 911/2748/727
f 913/2755/728 914/2757/728 912/2750/728
f 915/2762/729 914/2758/729 913/2752/729
f 911/2746/730 915/2763/730 913/2753/730
f 911/2748/731 910/2744/731 908/2739/731
f 905/2721/732 918/2766/732 920/2773/732
f 906/2728/733 918/2767/733 907/2731/733
f 907/2732/734 918/2766/734 905/2722/734
f 920/2776/735 919/2771/735 906/2727/735
f 920/2774/736 921/2780/736 922/2781/736
f 920/2775/737 922/2783/737 919/2771/737
f 930/2811/738 925/2792/738 927/2804/738
f 926/2795/739 927/2801/739 929/2810/739
f 925/2793/740 926/2795/740 929/2810/740
f 926/2796/741 931/2816/741 930/2812/741
f 932/2819/742 928/2808/742 930/2814/742
f 928/2806/743 933/2823/743 926/2797/743
f 933/2826/744 934/2827/744 932/2822/744
f 927/2801/745 935/2831/745 929/2810/745
f 925/2793/746 935/2831/746 937/2838/746
f 936/2833/747 938/2841/747 927/2802/747
f 937/2840/748 942/2854/748 940/2845/748
f 937/2840/749 940/2846/749 936/2835/749
f 937/2839/750 935/2830/750 942/2855/750
f 938/2842/751 941/2850/751 935/2828/751
f 935/2829/752 941/2850/752 939/2844/752
f 939/2844/753 942/2856/753 935/2830/753
f 939/2844/754 941/2851/754 942/2857/754
f 940/2847/755 943/2860/755 942/2858/755
f 945/2863/756 947/2869/756 946/2865/756
f 948/2873/757 945/2864/757 947/2868/757
f 948/2875/758 952/2886/758 949/2877/758
f 953/2894/759 947/2871/759 951/2885/759
f 947/2867/760 950/2884/760 948/2874/760
f 953/2891/761 951/2885/761 949/2879/761
f 954/2896/762 955/2898/762 950/2881/762
f 955/2899/763 952/2887/763 950/2882/763
f 955/2900/764 954/2896/764 953/2892/764
f 946/2866/765 960/2913/765 957/2901/765
f 945/2864/766 960/2914/766 947/2868/766
f 957/2901/767 960/2915/767 958/2906/767
f 957/2902/768 959/2908/768 945/2861/768
f 957/2903/769 962/2921/769 963/2925/769
f 958/2906/770 2854/6101/770 962/2923/770
f 959/2907/771 961/2916/771 960/2911/771
f 957/2903/772 963/2926/772 959/2908/772
f 960/2912/773 961/2917/773 2854/6099/773
f 961/2918/774 964/2930/774 2854/6100/774
f 962/2922/775 2854/6100/775 964/2930/775
f 967/2939/776 973/2959/776 966/2936/776
f 969/2947/777 968/2941/777 967/2937/777
f 966/2933/778 968/2942/778 969/2947/778
f 972/2956/779 970/2952/779 968/2944/779
f 970/2950/718 974/2962/718 973/2958/718
f 975/2968/780 968/2943/780 973/2961/780
f 971/2955/781 972/2957/781 968/2946/781
f 976/2972/782 970/2951/782 972/2956/782
f 977/2978/783 974/2963/783 976/2973/783
f 977/2979/784 976/2974/784 975/2967/784
f 966/2934/785 969/2949/785 979/2980/785
f 967/2938/786 981/2986/786 969/2948/786
f 966/2935/787 979/2980/787 980/2982/787
f 981/2986/788 2855/6104/788 969/2948/788
f 967/2940/789 980/2983/789 981/2987/789
f 980/2983/790 984/2995/790 981/2987/790
f 979/2981/791 985/3000/791 980/2985/791
f 2855/6102/792 983/2991/792 982/2990/792
f 981/2988/793 984/2995/793 983/2992/793
f 2855/6103/794 982/2990/794 985/3001/794
f 983/2991/795 985/2998/795 982/2990/795
f 984/2995/796 986/3003/796 983/2992/796
f 985/2999/797 983/2993/797 986/3004/797
f 990/3014/798 992/3017/798 991/3015/798
f 1012/3050/799 1007/3042/799 1060/3080/799
f 988/3006/800 1037/3078/800 994/3022/800
f 996/3026/34 989/3009/34 997/3027/34
f 1000/3032/800 1062/3082/800 990/3013/800
f 998/3028/801 1032/3075/801 999/3031/801
f 994/3021/306 1001/3034/306 1002/3035/306
f 1005/3039/802 1021/3068/802 1010/3046/802
f 1006/3040/803 1019/3060/803 1008/3043/803
f 1002/3035/306 998/3029/306 999/3030/306
f 1011/3048/34 989/3009/34 1014/3053/34
f 992/3016/33 1013/3052/33 1012/3049/33
f 991/3015/804 1012/3051/804 1060/3079/804
f 989/3010/306 999/3030/306 1014/3054/306
f 1009/3045/805 1021/3070/805 1005/3039/805
f 988/3008/306 1002/3035/306 989/3010/306
f 999/3031/372 1011/3048/372 1014/3055/372
f 994/3022/373 1016/3057/373 1000/3032/373
f 1001/3034/806 1060/3079/806 998/3029/806
f 1007/3041/807 1019/3062/807 1006/3040/807
f 995/3025/808 1062/3082/808 993/3019/808
f 1060/3080/809 1018/3059/809 998/3028/809
f 1000/3033/306 991/3015/306 1001/3034/306
f 1035/3076/810 1037/3077/810 994/3020/810
f 1063/3083/811 990/3011/811 1062/3081/811
f 1064/3085/812 990/3012/812 1063/3084/812
f 1037/3078/813 1004/3038/813 1016/3057/813
f 1032/3075/814 1005/3039/814 1011/3048/814
f 1076/3086/302 1015/3056/302 1018/3059/302
f 997/3027/302 1010/3047/302 996/3026/302
f 1032/3075/815 1015/3056/815 1009/3045/815
f 997/3027/302 1005/3039/302 1010/3046/302
f 1037/3078/816 1010/3047/816 1021/3071/816
f 1076/3086/817 1004/3038/817 1020/3067/817
f 1007/3042/302 1006/3040/302 1018/3059/302
f 992/3018/818 1017/3058/818 1013/3052/818
f 1076/3086/302 1008/3044/302 1016/3057/302
f 1076/3086/302 1006/3040/302 1008/3043/302
f 1062/3082/819 1008/3044/819 1019/3063/819
f 1062/3082/820 1003/3037/820 993/3019/820
f 1079/3092/306 1080/3093/306 1081/3096/306
f 1081/3095/821 1095/3126/821 1105/3147/821
f 1100/3135/822 1082/3097/822 1086/3103/822
f 1085/3101/373 1083/3098/373 1084/3099/373
f 1083/3098/34 1078/3090/34 1087/3105/34
f 1090/3116/823 1094/3125/823 1091/3118/823
f 1088/3109/801 1118/3169/801 1089/3113/801
f 1085/3100/306 1092/3120/306 1093/3121/306
f 1099/3133/824 1107/3151/824 1087/3104/824
f 1095/3127/825 1103/3142/825 1105/3146/825
f 1097/3130/826 1103/3143/826 1109/3158/826
f 1089/3112/306 1092/3120/306 1088/3107/306
f 1099/3132/34 1078/3090/34 1102/3138/34
f 1081/3095/33 1101/3137/33 1100/3134/33
f 1079/3092/306 1100/3136/306 1086/3102/306
f 1102/3140/306 1093/3121/306 1089/3112/306
f 1118/3168/827 1108/3156/827 1107/3152/827
f 1078/3091/306 1085/3100/306 1093/3121/306
f 1089/3113/372 1099/3132/372 1102/3139/372
f 1085/3101/373 1104/3145/373 1090/3116/373
f 1109/3159/828 1103/3141/828 1094/3122/828
f 1092/3120/306 1086/3102/306 1088/3107/306
f 1097/3130/829 1109/3160/829 1106/3150/829
f 2865/6110/830 1094/3125/830 1095/3126/830
f 1091/3119/831 2865/6107/831 1080/3093/831
f 1086/3103/801 2862/6106/801 1088/3109/801
f 1090/3117/306 1079/3092/306 1092/3120/306
f 1084/3099/302 1096/3129/302 1104/3145/302
f 2862/6106/832 1096/3128/832 1118/3168/832
f 1083/3098/833 1108/3157/833 1084/3099/833
f 1082/3097/834 1106/3150/834 2862/6106/834
f 1104/3145/302 1106/3149/302 1098/3131/302
f 1082/3097/302 1105/3148/302 1097/3130/302
f 1113/3165/835 1111/3164/835 1107/3153/835
f 1089/3111/836 1116/3166/836 1118/3167/836
f 1124/3170/837 1088/3108/837 2862/6105/837
f 1126/3173/838 1090/3114/838 1104/3144/838
f 1126/3174/839 1127/3175/839 1090/3115/839
f 1142/3181/306 1143/3182/306 1144/3186/306
f 1144/3185/840 1145/3188/840 1160/3218/840
f 1165/3228/822 1147/3194/822 1151/3200/822
f 1150/3198/373 1148/3195/373 1149/3196/373
f 1148/3195/34 1141/3179/34 1152/3201/34
f 1154/3208/823 1158/3215/823 1155/3210/823
f 1184/3250/841 1163/3225/841 1153/3205/841
f 1150/3197/306 1156/3212/306 1157/3213/306
f 1158/3214/842 1168/3235/842 1145/3187/842
f 1174/3248/843 1170/3238/843 1152/3202/843
f 1145/3187/844 1168/3234/844 1160/3217/844
f 1162/3223/845 1168/3236/845 1171/3243/845
f 1163/3224/846 1146/3189/846 1170/3239/846
f 1153/3204/847 1156/3212/847 1184/3249/847
f 1164/3226/34 1141/3179/34 1167/3231/34
f 1144/3185/33 1166/3230/33 1165/3227/33
f 1142/3181/306 1165/3229/306 1151/3199/306
f 1167/3233/306 1157/3213/306 1153/3204/306
f 1163/3224/848 1170/3240/848 1174/3248/848
f 1141/3180/306 1150/3197/306 1157/3213/306
f 1153/3205/372 1164/3226/372 1167/3232/372
f 1150/3198/800 1186/3254/800 1154/3208/800
f 1156/3212/849 1151/3199/849 1184/3249/849
f 1162/3223/850 1171/3244/850 1161/3221/850
f 1143/3184/851 1158/3215/851 1145/3188/851
f 1151/3200/852 1169/3237/852 1184/3250/852
f 1154/3209/306 1142/3181/306 1156/3212/306
f 1149/3196/853 1146/3193/853 1186/3254/853
f 1163/3225/854 1174/3248/854 1164/3226/854
f 1148/3195/855 1159/3216/855 1149/3196/855
f 1147/3194/302 1161/3221/302 1169/3237/302
f 1147/3194/302 1160/3219/302 1162/3223/302
f 1154/3206/856 1185/3251/856 1186/3253/856
f 1185/3252/857 2871/6111/857 1154/3207/857
f 1199/3255/858 1217/3291/858 1200/3256/858
f 1201/3258/373 1230/3328/373 1222/3306/373
f 1229/3325/859 1202/3259/859 1209/3272/859
f 1230/3328/860 1224/3316/860 1220/3301/860
f 1203/3260/861 1204/3262/861 1223/3314/861
f 1217/3291/862 1205/3263/862 1221/3304/862
f 1206/3264/33 1203/3260/33 1207/3265/33
f 1220/3300/863 1215/3285/863 1214/3283/863
f 1221/3303/864 1216/3288/864 1228/3319/864
f 1214/3283/865 1211/3277/865 1223/3308/865
f 1212/3279/372 1229/3326/372 1213/3280/372
f 1223/3309/866 1210/3275/866 1209/3269/866
f 1210/3276/867 1216/3289/867 1208/3267/867
f 1221/3304/372 1212/3279/372 1213/3280/372
f 1223/3314/868 1201/3258/868 1222/3306/868
f 1200/3256/869 1224/3316/869 1199/3255/869
f 1209/3272/870 1206/3264/870 1207/3265/870
f 1218/3293/871 1219/3297/871 1221/3303/871
f 1208/3267/872 1219/3298/872 1218/3294/872
f 1223/3310/873 1211/3278/873 1210/3276/873
f 1215/3287/874 1216/3289/874 1211/3278/874
f 1217/3290/302 1228/3321/302 1200/3257/302
f 1229/3327/302 1218/3296/302 1213/3281/302
f 1231/3332/302 1209/3270/302 1207/3266/302
f 1214/3284/302 1223/3311/302 1222/3307/302
f 1232/3334/302 1209/3271/302 1218/3296/302
f 1231/3330/302 1203/3261/302 1223/3312/302
f 1214/3282/302 1230/3329/302 1220/3299/302
f 1231/3331/302 1223/3313/302 1209/3270/302
f 1229/3324/302 1209/3271/302 1232/3333/302
f 1233/3335/34 1262/3401/34 1250/3373/34
f 1234/3336/875 1258/3389/875 1254/3386/875
f 1235/3338/859 1236/3341/859 1253/3383/859
f 1258/3389/876 1237/3342/876 1251/3376/876
f 1261/3400/877 1238/3343/877 1243/3358/877
f 1262/3401/372 1239/3344/372 1240/3346/372
f 2880/6121/878 1261/3400/878 1241/3349/878
f 1251/3375/879 1247/3364/879 1258/3390/879
f 1240/3345/880 1246/3362/880 1260/3395/880
f 1258/3390/881 2879/6118/881 1243/3353/881
f 1244/3359/372 1235/3339/372 1252/3378/372
f 1243/3354/866 1245/3360/866 1253/3380/866
f 1245/3361/867 1246/3363/867 1242/3351/867
f 1240/3346/372 1244/3359/372 1252/3378/372
f 1243/3358/868 1234/3336/868 1254/3386/868
f 1250/3373/34 1237/3342/34 1233/3335/34
f 1253/3383/882 2880/6121/882 1241/3349/882
f 1248/3367/871 1249/3371/871 1240/3345/871
f 1242/3351/872 1249/3372/872 1248/3368/872
f 1243/3355/873 2879/6119/873 1245/3361/873
f 1247/3366/874 1246/3363/874 2879/6119/874
f 1262/3402/302 1259/3394/302 1250/3374/302
f 1235/3340/302 1248/3370/302 1252/3379/302
f 1261/3398/302 1253/3381/302 1241/3350/302
f 1258/3388/302 1243/3356/302 1254/3387/302
f 1263/3405/302 1253/3382/302 1248/3370/302
f 1261/3399/302 1243/3357/302 1253/3381/302
f 1235/3337/302 1253/3382/302 1263/3404/302
f 1264/3406/34 1297/3485/34 1284/3453/34
f 1265/3407/883 1282/3449/883 1287/3459/883
f 1295/3476/884 1266/3408/884 1286/3457/884
f 1282/3449/885 1267/3409/885 1268/3411/885
f 1298/3488/861 1269/3412/861 1277/3438/861
f 1297/3485/886 1270/3413/886 1275/3426/886
f 1272/3417/33 1298/3488/33 1285/3455/33
f 1275/3425/887 1281/3445/887 1294/3472/887
f 1277/3434/888 1278/3440/888 1296/3479/888
f 1279/3442/889 1295/3477/889 1280/3443/889
f 2882/6124/890 1274/3420/890 1283/3452/890
f 1278/3441/891 1281/3447/891 1273/3419/891
f 1275/3426/892 1279/3442/892 1280/3443/892
f 1277/3438/868 1265/3407/868 1287/3459/868
f 1268/3411/34 1264/3406/34 1284/3453/34
f 1285/3455/33 1266/3408/33 1272/3417/33
f 1276/3431/893 1281/3446/893 1275/3425/893
f 1284/3454/302 1293/3471/302 1268/3410/302
f 1285/3456/302 1296/3481/302 1286/3458/302
f 1277/3435/873 2882/6124/873 1278/3441/873
f 1283/3452/302 1281/3447/302 2882/6124/302
f 1278/3441/894 1288/3462/894 1296/3480/894
f 1277/3436/895 1274/3421/895 2882/6123/895
f 1282/3450/302 1268/3410/302 1293/3471/302
f 1297/3486/302 1293/3470/302 1284/3454/302
f 1295/3475/302 1276/3432/302 1280/3444/302
f 1276/3433/302 1286/3458/302 1296/3481/302
f 1271/3416/302 1296/3482/302 1285/3456/302
f 1282/3448/302 1274/3423/302 1287/3460/302
f 1271/3414/302 1298/3489/302 1277/3437/302
f 798/2368/896 2885/6125/896 1366/3505/896
f 1367/3507/897 798/2369/897 1366/3506/897
f 1376/3511/898 1377/3513/898 1375/3510/898
f 1383/3522/899 1384/3523/899 1385/3525/899
f 1387/3527/900 1386/3526/900 1388/3529/900
f 1389/3531/901 1391/3534/901 1390/3533/901
f 1397/3538/902 1395/3535/902 1396/3536/902
f 1397/3539/903 1396/3537/903 1398/3540/903
f 1407/3546/904 1405/3543/904 1406/3544/904
f 1410/3549/905 1409/3548/905 1411/3550/905
f 1411/3551/906 1410/3549/906 844/2519/906
f 1411/3552/907 1412/3553/907 844/2520/907
f 1414/3555/908 1467/3646/908 1415/3557/908
f 1415/3557/909 1416/3558/909 1414/3555/909
f 1416/3559/910 1417/3560/910 1418/3561/910
f 1419/3563/911 1420/3564/911 1423/3570/911
f 1421/3566/912 1422/3567/912 1419/3563/912
f 1423/3569/913 1424/3571/913 1425/3572/913
f 1424/3571/914 1468/3648/914 1425/3572/914
f 1426/3574/915 1427/3576/915 1428/3578/915
f 1470/3652/916 1469/3651/916 1429/3580/916
f 1471/3654/917 1465/3642/917 1430/3581/917
f 1472/3657/918 1431/3582/918 1473/3658/918
f 1432/3584/919 1535/3788/919 1536/3792/919
f 1482/3679/920 1481/3675/920 1433/3586/920
f 1484/3686/921 1540/3800/921 1541/3802/921
f 1434/3588/922 1432/3584/922 2889/6134/922
f 1490/3696/923 1469/3651/923 1435/3590/923
f 1431/3582/924 1491/3699/924 1436/3591/924
f 1555/3829/925 1437/3593/925 1438/3594/925
f 1553/3825/926 1439/3596/926 1440/3597/926
f 1439/3596/927 1441/3599/927 1440/3597/927
f 1457/3625/928 1442/3601/928 1441/3598/928
f 1419/3563/929 1443/3602/929 1444/3603/929
f 1445/3604/930 1549/3818/930 1446/3605/930
f 1549/3816/931 1493/3703/931 1447/3607/931
f 1448/3609/932 1563/3842/932 1494/3704/932
f 1443/3602/933 1418/3561/933 1417/3560/933
f 1538/3797/934 1495/3705/934 1546/3811/934
f 1496/3707/935 1449/3611/935 1487/3691/935
f 1435/3590/936 1472/3657/936 1432/3584/936
f 1450/3612/915 1428/3578/915 1427/3576/915
f 1446/3605/937 1451/3615/937 1445/3604/937
f 1548/3815/938 1498/3712/938 1414/3555/938
f 1437/3593/915 1553/3825/915 1438/3594/915
f 1500/3716/939 1502/3720/939 1499/3713/939
f 1505/3726/940 1525/3765/940 1503/3722/940
f 1565/3847/941 1452/3616/941 1569/3860/941
f 1506/3728/942 1537/3795/942 1453/3617/942
f 1550/3819/943 1414/3555/943 1416/3558/943
f 1418/3561/944 1550/3820/944 1416/3559/944
f 1423/3570/945 1421/3566/945 1419/3563/945
f 1425/3572/946 1551/3822/946 1423/3569/946
f 1554/3827/947 1425/3572/947 1468/3648/947
f 1454/3619/948 1426/3574/948 1430/3581/948
f 1435/3590/949 1507/3730/949 1490/3696/949
f 1509/3736/950 1432/3584/950 1536/3792/950
f 1511/3740/951 1567/3851/951 1540/3800/951
f 1473/3658/952 1436/3591/952 1556/3831/952
f 1481/3676/953 1568/3857/953 1452/3616/953
f 1455/3621/934 1516/3750/934 1495/3705/934
f 1467/3646/954 1493/3703/954 1415/3557/954
f 1456/3623/955 1468/3648/955 1426/3574/955
f 1426/3574/956 1471/3654/956 1430/3581/956
f 1443/3602/957 1445/3604/957 1451/3615/957
f 1451/3615/958 1444/3603/958 1443/3602/958
f 1484/3686/959 1433/3586/959 1511/3740/959
f 1479/3669/960 1482/3679/960 1433/3586/960
f 1492/3700/961 2888/6131/961 1471/3654/961
f 1428/3578/962 1492/3700/962 1471/3654/962
f 1439/3596/963 1427/3576/963 1424/3571/963
f 1457/3624/964 1424/3571/964 1420/3565/964
f 1444/3603/965 1457/3625/965 1420/3564/965
f 1458/3628/966 1417/3560/966 1459/3630/966
f 1415/3557/967 1458/3626/967 1459/3629/967
f 1460/3632/968 1461/3634/968 1520/3755/968
f 1513/3744/969 1527/3769/969 1481/3676/969
f 1462/3635/970 1564/3844/970 1522/3758/970
f 1512/3742/971 1503/3722/971 1523/3762/971
f 1544/3807/972 1523/3762/972 1566/3850/972
f 1497/3709/973 1463/3638/973 1451/3615/973
f 1545/3809/974 1495/3705/974 1461/3634/974
f 1447/3607/975 1455/3621/975 1538/3797/975
f 1433/3586/976 1527/3771/976 1511/3740/976
f 1539/3799/977 1418/3561/977 1422/3567/977
f 1527/3769/978 1567/3852/978 1528/3773/978
f 1528/3773/979 1481/3676/979 1527/3769/979
f 1464/3639/980 1568/3857/980 1481/3673/980
f 1481/3673/981 1528/3775/981 1464/3639/981
f 1464/3639/982 1530/3778/982 1482/3680/982
f 1569/3864/983 1531/3780/983 1562/3840/983
f 1482/3680/984 1529/3776/984 1464/3639/984
f 1540/3801/985 1528/3775/985 1567/3853/985
f 1484/3687/986 1530/3778/986 1540/3801/986
f 1479/3670/987 1482/3680/987 1530/3778/987
f 1561/3839/988 1562/3840/988 1531/3780/988
f 1531/3780/989 1483/3683/989 1561/3839/989
f 1566/3850/990 1514/3746/990 1543/3805/990
f 1515/3748/991 1481/3676/991 1452/3616/991
f 1520/3755/992 1526/3767/992 1506/3728/992
f 1527/3769/993 1532/3782/993 1567/3854/993
f 1460/3632/994 1506/3728/994 1462/3635/994
f 1510/3738/995 1449/3611/995 1534/3786/995
f 1533/3784/996 1449/3611/996 1477/3666/996
f 1536/3793/997 1476/3664/997 1474/3660/997
f 1500/3717/998 1462/3635/998 1522/3758/998
f 1506/3728/999 1574/3870/999 1462/3635/999
f 1500/3717/1000 1448/3609/1000 1460/3632/1000
f 1461/3634/1001 1494/3704/1001 1545/3809/1001
f 1490/3696/1002 1466/3643/1002 1465/3640/1002
f 1429/3580/1003 1465/3640/1003 2888/6132/1003
f 1429/3580/1004 1508/3733/1004 1470/3652/1004
f 1466/3645/1005 1430/3581/1005 1465/3642/1005
f 1432/3583/1006 1535/3790/1006 1472/3656/1006
f 1474/3661/1007 1475/3663/1007 1476/3665/1007
f 1477/3667/1008 1475/3663/1008 1449/3610/1008
f 1478/3668/1009 1479/3671/1009 1480/3672/1009
f 1483/3685/1010 1562/3841/1010 1561/3838/1010
f 1559/3836/1011 1485/3689/1011 1486/3690/1011
f 1560/3837/1012 1487/3692/1012 1570/3866/1012
f 1573/3869/1013 1488/3693/1013 1489/3695/1013
f 1557/3834/1014 1473/3659/1014 1488/3694/1014
f 1490/3697/1015 1469/3650/1015 1429/3579/1015
f 1555/3830/1016 1437/3592/1016 1492/3701/1016
f 1549/3817/1017 1493/3702/1017 1458/3627/1017
f 1446/3606/1018 1451/3614/1018 1497/3710/1018
f 1548/3814/1019 1498/3711/1019 1547/3813/1019
f 1438/3595/1020 1450/3613/1020 1437/3592/1020
f 1499/3714/1021 1522/3760/1021 1500/3718/1021
f 1501/3719/1022 1522/3760/1022 1502/3721/1022
f 1503/3723/1023 1504/3725/1023 1505/3727/1023
f 1542/3804/1024 1505/3727/1024 1504/3725/1024
f 1568/3858/1025 1565/3848/1025 1569/3861/1025
f 1468/3649/1026 1552/3824/1026 1554/3828/1026
f 1435/3589/1027 1507/3731/1027 1434/3587/1027
f 2891/6136/1028 1492/3701/1028 1508/3734/1028
f 1474/3661/1029 1509/3737/1029 1572/3868/1029
f 1510/3739/1030 1571/3867/1030 1478/3668/1030
f 1563/3843/1031 1512/3743/1031 2886/6126/1031
f 1513/3745/1032 1514/3747/1032 1515/3749/1032
f 1455/3620/1033 1516/3751/1033 1467/3647/1033
f 1467/3647/1034 1493/3702/1034 1455/3620/1034
f 1517/3752/1035 1477/3667/1035 1518/3753/1035
f 1426/3575/1036 1554/3828/1036 1456/3622/1036
f 1568/3859/1037 1562/3841/1037 1482/3681/1037
f 1426/3575/1038 1471/3655/1038 1428/3577/1038
f 1484/3688/1039 1433/3585/1039 1479/3671/1039
f 1480/3672/1040 1483/3685/1040 1485/3689/1040
f 1479/3671/1041 1482/3681/1041 1483/3685/1041
f 1476/3665/1042 1519/3754/1042 1489/3695/1042
f 1535/3790/1043 1473/3659/1043 1472/3656/1043
f 1471/3655/1044 1508/3734/1044 1492/3701/1044
f 1428/3577/1016 1492/3701/1016 1437/3592/1016
f 1415/3556/1045 1458/3627/1045 1493/3702/1045
f 1520/3756/1046 1495/3706/1046 1461/3633/1046
f 1513/3745/1047 1527/3770/1047 1521/3757/1047
f 1522/3761/1048 1574/3871/1048 1462/3636/1048
f 1514/3747/1049 1503/3723/1049 1523/3763/1049
f 1523/3763/1050 1499/3714/1050 1512/3743/1050
f 1521/3757/1051 1542/3804/1051 1504/3725/1051
f 1524/3764/1052 1502/3721/1052 1505/3727/1052
f 1525/3766/1053 1521/3757/1053 1504/3725/1053
f 1499/3714/1054 1505/3727/1054 1502/3721/1054
f 1565/3848/1055 1514/3747/1055 1543/3806/1055
f 1526/3768/1056 1547/3813/1056 1498/3711/1056
f 1497/3710/1057 1463/3637/1057 1442/3600/1057
f 1467/3647/1058 1526/3768/1058 1498/3711/1058
f 1422/3568/1059 2887/6130/1059 1539/3798/1059
f 1512/3743/1060 1500/3718/1060 2886/6126/1060
f 1481/3678/1061 1568/3856/1061 1529/3777/1061
f 1481/3678/1062 1530/3779/1062 1528/3774/1062
f 1569/3862/1063 1531/3781/1063 1529/3777/1063
f 1482/3682/1064 1529/3777/1064 1531/3781/1064
f 1531/3781/1065 1483/3684/1065 1482/3682/1065
f 1543/3806/1066 1523/3763/1066 1566/3849/1066
f 1481/3674/1067 1515/3749/1067 1568/3858/1067
f 1506/3729/1068 1516/3751/1068 1520/3756/1068
f 1527/3770/1069 1532/3783/1069 1521/3757/1069
f 1462/3636/1070 1520/3756/1070 1460/3631/1070
f 1518/3753/1071 1533/3785/1071 1559/3836/1071
f 1510/3739/1072 1449/3610/1072 1487/3692/1072
f 1558/3835/1073 1487/3692/1073 1496/3708/1073
f 1533/3785/1074 1449/3610/1074 1534/3787/1074
f 1480/3672/1075 1533/3785/1075 1534/3787/1075
f 1478/3668/1076 1541/3803/1076 1484/3688/1076
f 1486/3690/1077 1483/3685/1077 1561/3838/1077
f 1478/3668/1078 1534/3787/1078 1510/3739/1078
f 1535/3791/1079 1489/3695/1079 1488/3693/1079
f 1496/3708/1080 1572/3868/1080 1558/3835/1080
f 1573/3869/1081 1519/3754/1081 1517/3752/1081
f 1474/3661/1082 1535/3791/1082 1536/3794/1082
f 1506/3729/1083 1574/3871/1083 1453/3618/1083
f 1500/3715/1084 1448/3608/1084 2886/6127/1084
f 1490/3697/1085 1466/3644/1085 1507/3731/1085
f 1429/3579/1086 1465/3641/1086 1490/3697/1086
f 2891/6137/1087 1470/3653/1087 1491/3698/1087
f 1575/3872/1088 1642/3993/1088 1576/3874/1088
f 1576/3874/1089 1577/3877/1089 1575/3872/1089
f 1577/3875/1090 1643/3994/1090 1681/4062/1090
f 1578/3879/1091 1653/4010/1091 1654/4012/1091
f 1579/3880/1092 1655/4015/1092 1656/4017/1092
f 1580/3883/1093 1657/4019/1093 1617/3946/1093
f 1658/4020/1094 1581/3884/1094 1659/4022/1094
f 1660/4025/1095 1582/3885/1095 1583/3887/1095
f 1640/3989/1096 1584/3888/1096 1585/3890/1096
f 1586/3891/1097 1587/3892/1097 1588/3894/1097
f 1589/3895/1098 1590/3897/1098 1591/3898/1098
f 1592/3900/1099 1742/4178/1099 1740/4172/1099
f 1746/4194/1100 1593/3902/1100 1715/4130/1100
f 1591/3898/1101 1594/3904/1101 1721/4143/1101
f 1595/3907/1102 1738/4170/1102 1739/4171/1102
f 1596/3908/1103 1597/3909/1103 1737/4169/1103
f 1736/4166/1104 1661/4027/1104 1598/3910/1104
f 1599/3911/1105 1662/4028/1105 1663/4029/1105
f 1731/4157/1106 1664/4030/1106 1734/4162/1106
f 1600/3912/1107 1655/4015/1107 1601/3915/1107
f 1581/3884/1108 1753/4205/1108 1666/4034/1108
f 1678/4053/1109 1602/3917/1109 1719/4141/1109
f 1603/3919/1110 1604/3921/1110 1605/3922/1110
f 1682/4065/1111 1606/3925/1111 1683/4066/1111
f 1584/3888/1112 1607/3927/1112 1596/3908/1112
f 1601/3915/1113 1658/4020/1113 1665/4032/1113
f 1653/4010/1114 1668/4037/1114 1654/4012/1114
f 1726/4151/1115 1686/4070/1115 1575/3872/1115
f 1687/4072/1116 1637/3985/1116 1608/3928/1116
f 1755/4207/1117 1609/3930/1117 1610/3931/1117
f 1611/3932/1118 1689/4075/1118 1690/4077/1118
f 1611/3932/1119 1612/3934/1119 1613/3936/1119
f 1614/3938/1120 1691/4080/1120 1743/4179/1120
f 1724/4147/1121 1615/3941/1121 2893/6139/1121
f 1616/3944/1122 1575/3872/1122 1577/3877/1122
f 1681/4062/1123 1616/3942/1123 1577/3875/1123
f 1652/4008/1124 2895/6142/1124 1648/4000/1124
f 1694/4085/1125 1652/4008/1125 1651/4006/1125
f 2894/6140/1126 1578/3879/1126 1617/3945/1126
f 1601/3915/1127 1695/4087/1127 1600/3912/1127
f 1583/3887/1128 1734/4162/1128 1664/4030/1128
f 1585/3889/1129 1618/3947/1129 1582/3885/1129
f 1619/3948/1130 1620/3949/1130 1589/3895/1130
f 1635/3981/1131 1633/3975/1131 1594/3904/1131
f 1621/3952/1132 1697/4092/1132 1698/4093/1132
f 1659/4022/1133 1666/4034/1133 1733/4161/1133
f 1699/4095/1134 1622/3955/1134 1623/3956/1134
f 1691/4080/1135 1712/4122/1135 1713/4125/1135
f 1701/4100/1136 1624/3958/1136 1606/3925/1136
f 1642/3993/1137 1602/3917/1137 1576/3874/1137
f 1586/3891/1138 1625/3960/1138 1748/4196/1138
f 1702/4101/1139 1651/4006/1139 1578/3879/1139
f 1593/3902/1140 1742/4178/1140 1715/4130/1140
f 1578/3879/1141 1580/3881/1141 1617/3945/1141
f 1591/3898/1142 1592/3900/1142 1635/3981/1142
f 1626/3962/1143 1746/4194/1143 1590/3897/1143
f 1590/3897/1144 1715/4130/1144 1592/3900/1144
f 1703/4106/1145 1587/3892/1145 1640/3989/1145
f 1599/3911/1146 1627/3964/1146 1660/4025/1146
f 1669/4041/1147 1628/3965/1147 1580/3883/1147
f 1654/4012/1148 1669/4039/1148 1580/3881/1148
f 1679/4056/1149 1643/3994/1149 1629/3966/1149
f 1576/3874/1150 1679/4057/1150 1629/3968/1150
f 1705/4109/1151 1606/3925/1151 1624/3958/1151
f 1706/4112/1152 1630/3970/1152 1705/4109/1152
f 1622/3955/1153 1741/4176/1153 1700/4097/1153
f 1680/4061/1154 1708/4115/1154 1604/3921/1154
f 1709/4117/1155 1605/3922/1155 1690/4077/1155
f 1610/3931/1156 1709/4117/1156 1631/3971/1156
f 1707/4113/1157 1612/3934/1157 1722/4144/1157
f 1604/3921/1158 1632/3972/1158 1611/3932/1158
f 1689/4075/1159 1707/4113/1159 1622/3955/1159
f 1604/3921/1160 1690/4077/1160 1605/3922/1160
f 1723/4146/1161 1623/3956/1161 1614/3938/1161
f 1725/4149/1162 1615/3941/1162 1686/4070/1162
f 1710/4118/1163 1606/3925/1163 1630/3970/1163
f 1642/3993/1164 1615/3941/1164 1624/3958/1164
f 1635/3981/1165 1740/4172/1165 1741/4175/1165
f 1633/3974/1166 1634/3976/1166 1741/4176/1166
f 1687/4072/1167 1621/3952/1167 1706/4111/1167
f 1712/4122/1168 1741/4176/1168 1634/3976/1168
f 1712/4121/1169 1635/3982/1169 1715/4131/1169
f 1743/4180/1170 1714/4128/1170 1593/3903/1170
f 1594/3905/1171 1634/3978/1171 1633/3973/1171
f 1747/4195/1172 1635/3982/1172 1594/3905/1172
f 1744/4187/1173 1715/4131/1173 1635/3982/1173
f 1745/4190/1174 1593/3903/1174 1714/4128/1174
f 1714/4128/1175 1746/4191/1175 1745/4190/1175
f 1631/3971/1176 1699/4095/1176 1723/4146/1176
f 1623/3956/1177 1700/4097/1177 1691/4080/1177
f 1705/4109/1178 1615/3941/1178 1636/3983/1178
f 1741/4176/1179 1722/4144/1179 1633/3974/1179
f 1706/4112/1180 1636/3983/1180 1637/3984/1180
f 1716/4135/1181 1748/4196/1181 1738/4170/1181
f 1620/3949/1182 1607/3927/1182 1638/3987/1182
f 1639/3988/1183 1596/3908/1183 1737/4169/1183
f 1716/4135/1184 1607/3927/1184 1586/3891/1184
f 1716/4135/1185 1626/3962/1185 1638/3987/1185
f 1721/4143/1186 1589/3895/1186 1591/3898/1186
f 1746/4194/1187 1739/4171/1187 1745/4188/1187
f 1638/3987/1188 1589/3895/1188 1620/3949/1188
f 1627/3964/1189 1703/4103/1189 1640/3990/1189
f 1639/3988/1190 1585/3890/1190 1584/3888/1190
f 1625/3960/1191 1703/4106/1191 1736/4167/1191
f 1582/3885/1192 1640/3990/1192 1585/3889/1192
f 1609/3930/1193 1603/3919/1193 1605/3922/1193
f 1636/3983/1194 1750/4199/1194 1637/3984/1194
f 1630/3970/1195 1698/4094/1195 1710/4118/1195
f 1600/3912/1196 1751/4202/1196 1657/4019/1196
f 1656/4017/1197 1657/4019/1197 1628/3965/1197
f 1579/3880/1198 1752/4203/1198 1753/4205/1198
f 1656/4017/1199 1696/4090/1199 1579/3880/1199
f 1751/4202/1200 1617/3946/1200 1657/4019/1200
f 1618/3947/1201 1583/3887/1201 1582/3885/1201
f 1661/4027/1202 1663/4029/1202 1598/3910/1202
f 1718/4138/1203 1583/3887/1203 1664/4030/1203
f 1608/3928/1204 1754/4206/1204 1680/4061/1204
f 1608/3928/1205 1603/3919/1205 1687/4072/1205
f 1711/4119/1206 1603/3919/1206 1688/4073/1206
f 1637/3985/1207 1641/3991/1207 1608/3928/1207
f 1717/4136/1208 1733/4161/1208 1662/4028/1208
f 1732/4159/1209 1665/4032/1209 1731/4157/1209
f 1577/3876/1210 1643/3995/1210 1629/3967/1210
f 1644/3996/1211 1650/4005/1211 1645/3997/1211
f 1728/4153/1212 1646/3998/1212 1647/3999/1212
f 1648/4001/1213 1649/4003/1213 1650/4004/1213
f 1651/4007/1214 1649/4003/1214 1652/4009/1214
f 1592/3899/1215 1742/4177/1215 1715/4132/1215
f 1746/4192/1216 1593/3901/1216 1745/4189/1216
f 1736/4168/1217 1661/4026/1217 1703/4104/1217
f 1731/4158/1218 1664/4031/1218 1665/4033/1218
f 1600/3913/1219 1655/4014/1219 1656/4016/1219
f 1667/4035/1220 1668/4038/1220 1669/4040/1220
f 1670/4043/1221 1671/4045/1221 1672/4046/1221
f 1670/4043/1222 1675/4049/1222 1673/4047/1222
f 1674/4048/1223 1675/4050/1223 1729/4154/1223
f 1676/4051/1224 1644/3996/1224 1645/3997/1224
f 1678/4055/1225 1677/4052/1225 1727/4152/1225
f 1678/4054/1226 1602/3916/1226 1679/4058/1226
f 1603/3918/1227 1604/3920/1227 1680/4060/1227
f 1676/4051/1228 1681/4063/1228 1646/3998/1228
f 1654/4013/1229 1671/4045/1229 1653/4011/1229
f 1727/4152/1230 1684/4067/1230 1685/4068/1230
f 1726/4150/1231 1686/4069/1231 1725/4148/1231
f 1672/4046/1232 1668/4038/1232 1730/4156/1232
f 1755/4208/1233 1609/3929/1233 1688/4074/1233
f 1691/4079/1234 1614/3937/1234 1692/4081/1234
f 1681/4063/1235 1616/3943/1235 1720/4142/1235
f 1648/4002/1236 1728/4153/1236 2895/6143/1236
f 1652/4009/1237 2895/6144/1237 1693/4084/1237
f 1651/4007/1238 1693/4084/1238 1694/4086/1238
f 1601/3914/1239 1695/4088/1239 1732/4160/1239
f 1752/4204/1240 1669/4042/1240 1696/4089/1240
f 1583/3886/1241 1734/4163/1241 1735/4164/1241
f 1713/4126/1242 1700/4098/1242 1691/4079/1242
f 1701/4099/1243 1624/3957/1243 1642/3992/1243
f 1642/3992/1244 1602/3916/1244 1701/4099/1244
f 1578/3878/1245 1580/3882/1245 1654/4013/1245
f 1677/4052/1246 1676/4051/1246 1684/4067/1246
f 1645/3997/1247 1684/4067/1247 1676/4051/1247
f 1626/3961/1248 1746/4192/1248 1595/3906/1248
f 1590/3896/1249 1715/4132/1249 1746/4192/1249
f 1654/4013/1250 1669/4040/1250 1668/4038/1250
f 1653/4011/1251 1673/4047/1251 1649/4003/1251
f 1649/4003/1252 1675/4049/1252 1650/4004/1252
f 1645/3997/1253 1675/4050/1253 1704/4107/1253
f 1576/3873/1254 1679/4058/1254 1602/3916/1254
f 1705/4108/1255 1606/3924/1255 1630/3969/1255
f 1706/4110/1256 1630/3969/1256 1621/3950/1256
f 1622/3954/1257 1741/4174/1257 1707/4114/1257
f 1699/4096/1258 1690/4078/1258 1709/4116/1258
f 1709/4116/1259 1605/3923/1259 1609/3929/1259
f 1707/4114/1260 1612/3933/1260 1613/3935/1260
f 1689/4076/1261 1707/4114/1261 1613/3935/1261
f 1685/4068/1262 1704/4107/1262 1674/4048/1262
f 1701/4099/1263 1719/4140/1263 1682/4064/1263
f 1642/3992/1264 1615/3940/1264 1686/4069/1264
f 1635/3979/1265 1740/4173/1265 1592/3899/1265
f 1646/3998/1266 1720/4142/1266 1647/3999/1266
f 1687/4071/1267 1621/3951/1267 1711/4120/1267
f 1743/4181/1268 1691/4079/1268 1692/4081/1268
f 1712/4124/1269 1635/3980/1269 1634/3977/1269
f 1743/4182/1270 1714/4129/1270 1713/4127/1270
f 1715/4133/1271 1713/4127/1271 1714/4129/1271
f 1744/4186/1272 1715/4133/1272 1746/4193/1272
f 1714/4129/1273 1746/4193/1273 1715/4133/1273
f 1741/4174/1274 1722/4145/1274 1707/4114/1274
f 1716/4134/1275 1607/3926/1275 1638/3986/1275
f 1627/3963/1276 1703/4104/1276 1661/4026/1276
f 1625/3959/1277 1703/4105/1277 1588/3893/1277
f 1609/3929/1278 1603/3918/1278 1688/4074/1278
f 1600/3913/1279 1751/4201/1279 1695/4088/1279
f 1656/4016/1280 1657/4018/1280 1600/3913/1280
f 1660/4024/1281 1717/4137/1281 1718/4139/1281
f 1755/4208/1282 1711/4120/1282 1697/4091/1282
f 1711/4120/1283 1603/3918/1283 1687/4071/1283
f 1664/4031/1284 1658/4021/1284 1665/4033/1284
f 1732/4160/1285 1665/4033/1285 1601/3914/1285
f 1717/4137/1286 1658/4021/1286 1718/4139/1286
f 1756/4209/1287 1759/4225/1287 1758/4220/1287
f 1756/4213/1288 357/972/1288 1761/4242/1288
f 1757/4218/1289 1761/4242/1289 374/1020/1289
f 1757/4214/1290 374/1020/1290 1762/4243/1290
f 357/969/1291 1757/4214/1291 1762/4243/1291
f 1756/4210/1292 1763/4246/1292 1757/4215/1292
f 413/1140/1293 1802/4262/1293 1804/4272/1293
f 1799/4251/1294 1801/4259/1294 2832/6027/1294
f 411/1131/1295 2832/6028/1295 1801/4259/1295
f 1804/4275/1296 411/1134/1296 1801/4260/1296
f 2832/6034/1297 1804/4276/1297 1801/4261/1297
f 1804/4275/1298 1802/4263/1298 1800/4257/1298
f 1802/4264/1299 1804/4273/1299 1803/4268/1299
f 1807/4291/1300 1852/4331/1300 1805/4281/1300
f 1808/4294/1301 1807/4291/1301 1806/4288/1301
f 1852/4333/1302 1808/4295/1302 1807/4292/1302
f 344/928/1303 1809/4299/1303 333/894/1303
f 333/895/1304 1805/4277/1304 344/928/1304
f 1805/4278/1305 333/896/1305 1809/4300/1305
f 344/928/1306 1805/4279/1306 1809/4301/1306
f 1846/4303/1307 393/1087/1307 1851/4325/1307
f 387/1059/1308 1846/4307/1308 1851/4326/1308
f 376/1029/1309 393/1088/1309 387/1063/1309
f 393/1082/1310 1848/4311/1310 376/1025/1310
f 1848/4312/1311 393/1083/1311 1847/4308/1311
f 1848/4313/1312 1847/4309/1312 376/1026/1312
f 1851/4330/1313 1846/4304/1313 1849/4321/1313
f 1846/4305/1314 1851/4327/1314 2897/6145/1314
f 328/879/1315 1853/4334/1315 325/861/1315
f 1853/4335/1316 328/880/1316 326/867/1316
f 1861/4341/1317 1858/4340/1317 1857/4339/1317
f 1866/4342/1318 1867/4343/1318 1868/4344/1318
f 1871/4347/1319 1873/4350/1319 1869/4345/1319
f 1869/4345/1320 1872/4349/1320 1871/4346/1320
f 1888/4354/1321 1890/4355/1321 1887/4353/1321
f 1975/4368/1322 1974/4367/1322 1973/4365/1322
f 1973/4366/1323 1975/4368/1323 1972/4363/1323
f 1995/4372/1324 1993/4370/1324 1994/4371/1324
f 2005/4373/1325 2007/4375/1325 2006/4374/1325
f 2010/4377/1326 2011/4378/1326 2009/4376/1326
f 2026/4380/1327 2030/4385/1327 2027/4381/1327
f 2027/4381/1328 2029/4383/1328 2026/4379/1328
f 2031/4386/1329 2032/4387/1329 2030/4384/1329
f 2067/4395/1330 2068/4396/1330 2064/4394/1330
f 2073/4400/1331 781/2313/1331 780/2306/1331
f 2073/4401/1332 780/2307/1332 778/2296/1332
f 2125/4507/1333 2106/4469/1333 2102/4459/1333
f 2074/4403/1334 2075/4405/1334 2106/4469/1334
f 2075/4405/27 2113/4483/27 2117/4491/27
f 2117/4491/1335 2119/4495/1335 2161/4580/1335
f 2161/4580/1336 2122/4501/1336 2124/4505/1336
f 2122/4501/1337 2089/4433/1337 2124/4505/1337
f 2076/4407/83 2128/4513/83 2089/4433/83
f 2095/4445/1338 2100/4455/1338 2128/4513/1338
f 2133/4523/1339 2135/4527/1339 2100/4455/1339
f 2101/4457/1340 2077/4409/1340 2135/4527/1340
f 2140/4537/3 2107/4471/3 2077/4409/3
f 2109/4475/4 2112/4481/4 2107/4471/4
f 2112/4481/1341 2120/4497/1341 2148/4553/1341
f 2120/4497/35 2121/4499/35 2148/4553/35
f 2123/4503/7 2094/4443/7 2121/4499/7
f 2078/4411/1342 2153/4564/1342 2094/4443/1342
f 2079/4413/1343 2156/4570/1343 2153/4564/1343
f 2098/4451/1344 2104/4465/1344 2156/4570/1344
f 2080/4415/11 2081/4417/11 2104/4465/11
f 2105/4467/1345 2127/4511/1345 2081/4417/1345
f 2082/4419/1346 2114/4485/1346 2127/4511/1346
f 2116/4489/1347 2134/4525/1347 2114/4485/1347
f 2083/4421/1348 2126/4509/1348 2134/4525/1348
f 2093/4441/1349 2084/4423/1349 2126/4509/1349
f 2092/4439/1350 2085/4425/1350 2084/4423/1350
f 2096/4447/84 2097/4449/84 2085/4425/84
f 2099/4453/1351 2103/4461/1351 2097/4449/1351
f 2103/4462/1352 2086/4427/1352 2110/4477/1352
f 2086/4427/1353 2087/4429/1353 2110/4477/1353
f 2087/4429/43 2118/4493/43 2088/4431/43
f 2118/4493/1354 2090/4435/1354 2088/4431/1354
f 2091/4437/1355 2102/4459/1355 2090/4435/1355
f 2122/4502/1356 2169/4596/1356 2076/4408/1356
f 2127/4512/1357 2171/4600/1357 2081/4418/1357
f 2128/4514/1358 2129/4516/1358 2089/4434/1358
f 2105/4468/1359 2173/4604/1359 2082/4420/1359
f 2076/4408/83 2174/4606/83 2095/4446/83
f 2114/4486/1360 2130/4518/1360 2127/4512/1360
f 2100/4456/1338 2172/4602/1338 2128/4514/1338
f 2082/4420/1361 2131/4520/1361 2116/4490/1361
f 2095/4446/1338 2132/4522/1338 2133/4524/1338
f 2134/4526/1362 2175/4608/1362 2114/4486/1362
f 2135/4528/1339 2176/4610/1339 2100/4456/1339
f 2116/4490/1363 2177/4612/1363 2083/4422/1363
f 2133/4524/65 2136/4530/65 2101/4458/65
f 2126/4510/68 2137/4532/68 2134/4526/68
f 2077/4410/1364 2138/4534/1364 2135/4528/1364
f 2083/4422/15 2179/4616/15 2093/4442/15
f 2101/4458/69 2139/4536/69 2140/4538/69
f 2084/4424/1349 2178/4614/1349 2126/4510/1349
f 2077/4410/70 2141/4540/70 2142/4542/70
f 2093/4442/1365 2180/4618/1365 2092/4440/1365
f 2109/4476/73 2139/4536/73 2181/4620/73
f 2085/4426/1366 2143/4544/1366 2084/4424/1366
f 2112/4482/76 2141/4540/76 2107/4472/76
f 2092/4440/78 2144/4546/78 2096/4448/78
f 2109/4476/1367 2145/4548/1367 2115/4488/1367
f 2097/4450/1368 2146/4550/1368 2085/4426/1368
f 2112/4482/1369 2308/4892/1369 2182/4622/1369
f 2096/4448/18 2183/4624/18 2099/4454/18
f 2120/4498/1370 2145/4548/1370 2310/4898/1370
f 2103/4463/1371 2147/4552/1371 2097/4450/1371
f 2148/4554/1372 2305/4883/1372 2308/4892/1372
f 2106/4470/1373 2149/4556/1373 2102/4460/1373
f 2099/4454/89 2151/4560/89 2903/6153/89
f 2123/4504/1374 2310/4898/1374 2266/4799/1374
f 2125/4508/1375 2184/4626/1375 2074/4404/1375
f 2103/4464/1376 2185/4628/1376 2902/6150/1376
f 2094/4444/1377 2305/4883/1377 2121/4500/1377
f 2106/4470/60 2186/4630/60 2150/4558/60
f 2086/4428/1378 2151/4561/1378 2152/4563/1378
f 2078/4412/1379 2266/4799/1379 2187/4632/1379
f 2074/4404/1380 2188/4634/1380 2108/4474/1380
f 2087/4430/1381 2185/4628/1381 2110/4478/1381
f 2153/4565/42 2154/4567/42 2094/4444/42
f 2075/4406/1382 2189/4636/1382 2186/4630/1382
f 2086/4428/41 2190/4638/41 2111/4480/41
f 2078/4412/1383 2191/4640/1383 2079/4414/1383
f 2108/4474/1384 2192/4642/1384 2113/4484/1384
f 2088/4432/1385 2155/4569/1385 2087/4430/1385
f 2156/4571/46 2157/4573/46 2153/4565/46
f 2117/4492/1386 2194/4646/1386 2189/4636/1386
f 2111/4480/45 2195/4648/45 2118/4494/45
f 2079/4414/1387 2158/4575/1387 2098/4452/1387
f 2113/4484/1388 2159/4577/1388 2119/4496/1388
f 2090/4436/1389 2193/4644/1389 2088/4432/1389
f 2104/4466/10 2160/4579/10 2156/4571/10
f 2161/4581/1390 2165/4589/1390 2194/4646/1390
f 2118/4494/1391 2162/4583/1391 2091/4438/1391
f 2098/4452/1392 2168/4594/1392 2080/4416/1392
f 2119/4496/1393 2170/4598/1393 2122/4502/1393
f 2102/4460/51 2196/4650/51 2090/4436/51
f 2081/4418/1394 2163/4585/1394 2104/4466/1394
f 2089/4434/74 2165/4589/74 2124/4506/74
f 2091/4438/1395 2164/4587/1395 2125/4508/1395
f 2080/4416/1396 2167/4592/1396 2105/4468/1396
f 2165/4588/1397 2129/4515/1397 299/813/1397
f 2164/4586/33 2162/4582/33 2166/4590/33
f 2167/4591/33 2168/4593/33 2166/4590/33
f 2169/4595/33 2170/4597/33 2166/4590/33
f 2171/4599/1398 2130/4517/1398 299/813/1398
f 2129/4515/1399 2172/4601/1399 299/813/1399
f 2173/4603/33 2167/4591/33 2166/4590/33
f 2174/4605/33 2169/4595/33 2166/4590/33
f 2130/4517/1400 2175/4607/1400 299/813/1400
f 2172/4601/1401 2176/4609/1401 299/813/1401
f 2131/4519/33 2173/4603/33 2166/4590/33
f 2132/4521/33 2174/4605/33 2166/4590/33
f 2175/4607/1402 2137/4531/1402 299/813/1402
f 2176/4609/1403 2138/4533/1403 299/813/1403
f 2177/4611/33 2131/4519/33 2166/4590/33
f 2136/4529/33 2132/4521/33 2166/4590/33
f 2137/4531/1404 2178/4613/1404 299/813/1404
f 2138/4533/1405 2142/4541/1405 299/813/1405
f 2179/4615/33 2177/4611/33 2166/4590/33
f 2139/4535/33 2136/4529/33 2166/4590/33
f 2178/4613/1406 2143/4543/1406 299/813/1406
f 2142/4541/1407 2141/4539/1407 299/813/1407
f 2180/4617/33 2179/4615/33 2166/4590/33
f 2181/4619/33 2139/4535/33 2166/4590/33
f 2143/4543/1408 2146/4549/1408 299/813/1408
f 2141/4539/1409 2182/4621/1409 299/813/1409
f 2144/4545/33 2180/4617/33 2166/4590/33
f 2145/4547/33 2181/4619/33 2166/4590/33
f 2146/4549/1410 2147/4551/1410 299/813/1410
f 2182/4621/1411 2308/4890/1411 299/813/1411
f 2183/4623/33 2144/4545/33 2166/4590/33
f 2310/4896/33 2145/4547/33 2166/4590/33
f 2147/4551/1412 2902/6151/1412 299/813/1412
f 2308/4890/1413 2305/4881/1413 299/813/1413
f 2149/4555/1414 2150/4557/1414 299/813/1414
f 2151/4559/33 2183/4623/33 2166/4590/33
f 2266/4797/33 2310/4896/33 2166/4590/33
f 2184/4625/33 2164/4586/33 2166/4590/33
f 2902/6151/1415 2185/4627/1415 299/813/1415
f 2305/4881/1416 2154/4566/1416 299/813/1416
f 2150/4557/1417 2186/4629/1417 299/813/1417
f 2152/4562/33 2151/4559/33 2166/4590/33
f 2187/4631/33 2266/4797/33 2166/4590/33
f 2188/4633/33 2184/4625/33 2166/4590/33
f 2185/4627/1418 2155/4568/1418 299/813/1418
f 2154/4566/1416 2157/4572/1416 299/813/1416
f 2186/4629/1419 2189/4635/1419 299/813/1419
f 2190/4637/33 2152/4562/33 2166/4590/33
f 2191/4639/33 2187/4631/33 2166/4590/33
f 2192/4641/33 2188/4633/33 2166/4590/33
f 2155/4568/1420 2193/4643/1420 299/813/1420
f 2157/4572/1421 2160/4578/1421 299/813/1421
f 2189/4635/1422 2194/4645/1422 299/813/1422
f 2195/4647/33 2190/4637/33 2166/4590/33
f 2158/4574/33 2191/4639/33 2166/4590/33
f 2159/4576/33 2192/4641/33 2166/4590/33
f 2193/4643/1423 2196/4649/1423 299/813/1423
f 2160/4578/1424 2163/4584/1424 299/813/1424
f 2194/4645/1425 2165/4588/1425 299/813/1425
f 2162/4582/33 2195/4647/33 2166/4590/33
f 2168/4593/33 2158/4574/33 2166/4590/33
f 2170/4597/33 2159/4576/33 2166/4590/33
f 2196/4649/1426 2149/4555/1426 299/813/1426
f 2163/4584/1427 2171/4599/1427 299/813/1427
f 2247/4759/1428 2228/4719/1428 2222/4703/1428
f 2267/4801/1429 2234/4732/1429 2228/4719/1429
f 2234/4732/11 2197/4651/11 2198/4653/11
f 2198/4653/1430 2239/4743/1430 2237/4739/1430
f 2237/4739/59 2246/4757/59 2243/4751/59
f 2246/4757/62 2199/4655/62 2243/4751/62
f 2249/4763/1431 2217/4693/1431 2199/4655/1431
f 2214/4687/1432 2200/4659/1432 2217/4693/1432
f 47/107/1433 2201/4661/1433 2200/4659/1433
f 2221/4701/1434 2231/4726/1434 2201/4661/1434
f 2225/4711/1435 2230/4724/1435 2231/4726/1435
f 2202/4663/1376 2203/4665/1376 2230/4724/1376
f 2203/4665/1353 2204/4667/1353 2205/4669/1353
f 2204/4667/43 2245/4755/43 2205/4669/43
f 2206/4671/1354 2213/4685/1354 2245/4755/1354
f 2207/4673/1395 2218/4695/1395 2213/4685/1395
f 2216/4691/1436 2208/4675/1436 2218/4695/1436
f 2220/4699/1437 2209/4677/1437 2208/4675/1437
f 2278/4824/1438 2224/4709/1438 2209/4677/1438
f 2227/4717/1439 2235/4734/1439 2224/4709/1439
f 2252/4769/1440 2240/4745/1440 2235/4734/1440
f 2236/4736/1441 2254/4773/1441 2240/4745/1441
f 2210/4679/1442 2248/4761/1442 2254/4773/1442
f 2212/4683/1338 2215/4689/1338 2248/4761/1338
f 2260/4785/1443 2261/4787/1443 2215/4689/1443
f 2211/4681/1340 2219/4697/1340 2261/4787/1340
f 2265/4795/1444 2226/4713/1444 2219/4697/1444
f 2226/4714/79 2229/4722/79 2271/4810/79
f 2229/4722/1445 2233/4730/1445 2271/4810/1445
f 2233/4730/1446 2238/4741/1446 2242/4749/1446
f 2238/4741/7 2241/4747/7 2242/4749/7
f 2244/4753/40 2222/4703/40 2241/4747/40
f 2198/4654/33 2499/5306/33 2234/4733/33
f 2237/4738/33 2494/5290/33 2198/4654/33
f 2249/4764/62 2289/4846/62 2288/4844/62
f 2235/4735/1386 2250/4766/1386 2224/4710/1386
f 2217/4694/1447 2282/4833/1447 2199/4656/1447
f 2227/4718/28 2251/4768/28 2252/4770/28
f 2249/4764/1448 2253/4772/1448 2214/4688/1448
f 2240/4746/1449 2290/4848/1449 2235/4735/1449
f 2200/4660/1349 2291/4850/1349 2217/4694/1349
f 2252/4770/1390 2294/4858/1390 2236/4737/1390
f 2214/4688/1450 2295/4862/1450 47/108/1450
f 2254/4774/1451 2292/4852/1451 2240/4746/1451
f 2201/4662/1366 2293/4856/1366 2200/4660/1366
f 2236/4737/1356 2255/4776/1356 2210/4680/1356
f 47/108/1452 2256/4778/1452 2221/4702/1452
f 2248/4762/1453 2257/4780/1453 2254/4774/1453
f 2231/4727/81 2258/4782/81 2201/4662/81
f 2210/4680/1454 2297/4866/1454 2212/4684/1454
f 2221/4702/1455 2298/4868/1455 2225/4712/1455
f 2215/4690/1456 2296/4864/1456 2248/4762/1456
f 2231/4727/89 2300/4872/89 2259/4784/89
f 2212/4684/1457 2301/4874/1457 2260/4786/1457
f 2202/4664/1458 2298/4868/1458 2302/4876/1458
f 2261/4788/1459 2299/4870/1459 2215/4690/1459
f 2203/4666/36 2300/4872/36 2230/4725/36
f 2260/4786/65 2303/4878/65 2211/4682/65
f 2202/4664/1378 2304/4880/1378 2904/6158/1378
f 2261/4788/2 2262/4790/2 2263/4792/2
f 2203/4666/1381 2305/4884/1381 2264/4794/1381
f 2211/4682/69 2306/4886/69 2265/4796/69
f 2204/4668/41 2304/4880/41 2266/4800/41
f 2226/4715/1460 2262/4790/1460 2219/4698/1460
f 2205/4670/1385 2308/4893/1385 2305/4884/1385
f 2228/4721/1461 2309/4895/1461 2222/4704/1461
f 2265/4796/73 2269/4806/73 2223/4705/73
f 2206/4672/45 2266/4800/45 2310/4899/45
f 2247/4760/46 2311/4901/46 2267/4802/46
f 2226/4716/79 2312/4903/79 2307/4887/79
f 2213/4686/1389 2308/4893/1389 2245/4756/1389
f 2499/5307/1462 2268/4804/1462 2228/4721/1462
f 2229/4723/79 2269/4807/79 2270/4809/79
f 2207/4674/1391 2310/4899/1391 2313/4905/1391
f 2267/4802/50 2314/4908/50 2232/4729/50
f 2233/4731/1445 2312/4903/1445 2271/4811/1445
f 2218/4696/1463 2272/4813/1463 2213/4686/1463
f 2494/5291/52 2498/5304/52 2499/5307/52
f 2229/4723/1464 2273/4815/1464 2905/6160/1464
f 2207/4674/1395 2274/4817/1395 2216/4692/1395
f 2197/4652/1465 2314/4908/1465 2497/5300/1465
f 2242/4750/1466 2275/4819/1466 2233/4731/1466
f 2208/4676/1436 2315/4911/1436 2218/4696/1436
f 2494/5291/56 2317/4915/56 2540/5402/56
f 2905/6160/1446 2318/4917/1446 2238/4742/1446
f 2216/4692/25 2276/4821/25 2220/4700/25
f 2239/4744/56 2497/5300/56 2319/4919/56
f 2241/4748/7 2316/4913/7 2242/4750/7
f 2209/4678/58 2277/4823/58 2208/4676/58
f 2237/4740/1467 2281/4831/1467 2317/4915/1467
f 2238/4742/7 2285/4838/7 2244/4754/7
f 2220/4700/60 2287/4842/60 2278/4825/60
f 2246/4758/61 2319/4919/61 2289/4846/61
f 2222/4704/40 2279/4827/40 2241/4748/40
f 2224/4710/1382 2280/4829/1382 2209/4678/1382
f 2243/4752/1468 2282/4833/1468 2281/4831/1468
f 2244/4754/42 2284/4836/42 2247/4760/42
f 2278/4825/27 2286/4840/27 2227/4718/27
f 2281/4830/34 2282/4832/34 2283/4834/34
f 2284/4835/1469 2285/4837/1469 270/739/1469
f 2286/4839/1470 2287/4841/1470 270/739/1470
f 2288/4843/1471 2289/4845/1471 270/739/1471
f 2250/4765/34 2290/4847/34 2283/4834/34
f 2282/4832/34 2291/4849/34 2283/4834/34
f 2251/4767/1472 2286/4839/1472 270/739/1472
f 2253/4771/1473 2288/4843/1473 270/739/1473
f 2290/4847/34 2292/4851/34 2283/4834/34
f 2291/4849/34 2293/4854/34 2283/4834/34
f 2294/4857/1474 2251/4767/1474 270/739/1474
f 2295/4860/1475 2253/4771/1475 270/739/1475
f 2292/4851/34 2257/4779/34 2283/4834/34
f 2293/4854/34 2258/4781/34 2283/4834/34
f 2255/4775/1476 2294/4857/1476 270/739/1476
f 2256/4777/1477 2295/4860/1477 270/739/1477
f 2257/4779/34 2296/4863/34 2283/4834/34
f 2258/4781/34 2259/4783/34 2283/4834/34
f 2297/4865/1478 2255/4775/1478 270/739/1478
f 2298/4867/1479 2256/4777/1479 270/739/1479
f 2296/4863/34 2299/4869/34 2283/4834/34
f 2259/4783/34 2300/4871/34 2283/4834/34
f 2301/4873/1480 2297/4865/1480 270/739/1480
f 2302/4875/1481 2298/4867/1481 270/739/1481
f 2299/4869/34 2263/4791/34 2283/4834/34
f 2300/4871/34 2264/4793/34 2283/4834/34
f 2303/4877/1482 2301/4873/1482 270/739/1482
f 2304/4879/1483 2302/4875/1483 270/739/1483
f 2263/4791/34 2262/4789/34 2283/4834/34
f 2264/4793/34 2305/4882/34 2283/4834/34
f 2306/4885/1484 2303/4877/1484 270/739/1484
f 2266/4798/1485 2304/4879/1485 270/739/1485
f 2262/4789/34 2307/4888/34 2283/4834/34
f 2305/4882/34 2308/4891/34 2283/4834/34
f 2309/4894/34 2268/4803/34 2283/4834/34
f 2269/4805/1486 2306/4885/1486 270/739/1486
f 2310/4897/1487 2266/4798/1487 270/739/1487
f 2311/4900/1488 2284/4835/1488 270/739/1488
f 2307/4888/34 2312/4902/34 2283/4834/34
f 2308/4891/34 2272/4812/34 2283/4834/34
f 2268/4803/34 2498/5302/34 2283/4834/34
f 2270/4808/1489 2269/4805/1489 270/739/1489
f 2313/4904/1490 2310/4897/1490 270/739/1490
f 2314/4906/1491 2311/4900/1491 270/739/1491
f 2312/4902/34 2275/4818/34 2283/4834/34
f 2272/4812/34 2315/4910/34 2283/4834/34
f 2498/5302/34 2540/5400/34 2283/4834/34
f 2273/4814/1492 2270/4808/1492 270/739/1492
f 2274/4816/1493 2313/4904/1493 270/739/1493
f 2497/5298/1494 2314/4906/1494 270/739/1494
f 2275/4818/34 2316/4912/34 2283/4834/34
f 2315/4910/34 2277/4822/34 2283/4834/34
f 2540/5400/34 2317/4914/34 2283/4834/34
f 2318/4916/1495 2273/4814/1495 270/739/1495
f 2276/4820/1496 2274/4816/1496 270/739/1496
f 2319/4918/1497 2497/5298/1497 270/739/1497
f 2316/4912/34 2279/4826/34 2283/4834/34
f 2277/4822/34 2280/4828/34 2283/4834/34
f 2317/4914/34 2281/4830/34 2283/4834/34
f 2285/4837/1498 2318/4916/1498 270/739/1498
f 2287/4841/1499 2276/4820/1499 270/739/1499
f 2289/4845/1500 2319/4918/1500 270/739/1500
f 2279/4826/34 2309/4894/34 2283/4834/34
f 2280/4828/34 2250/4765/34 2283/4834/34
f 2354/4990/1501 2320/4920/1501 2353/4988/1501
f 2320/4920/1502 2395/5084/1502 2353/4988/1502
f 2357/4998/1503 2321/4922/1503 2395/5084/1503
f 2358/5000/1504 2322/4924/1504 2321/4922/1504
f 2407/5109/1505 2323/4926/1505 2322/4924/1505
f 2361/5008/1506 2324/4928/1506 2323/4926/1506
f 2366/5020/1507 2342/4966/1507 2324/4928/1507
f 2347/4976/1508 2325/4930/1508 2342/4966/1508
f 2326/4932/1509 2327/4934/1509 2325/4930/1509
f 2352/4986/1510 2328/4936/1510 2327/4934/1510
f 2329/4938/1511 2330/4940/1511 2328/4936/1511
f 2331/4942/1512 2385/5059/1512 2330/4940/1512
f 2359/5002/1513 2360/5006/1513 2385/5059/1513
f 2388/5067/1514 2365/5018/1514 2360/5006/1514
f 2364/5014/1515 2346/4974/1515 2365/5018/1515
f 2332/4944/1516 2350/4982/1516 2346/4974/1516
f 2349/4980/1517 2402/5099/1517 2350/4982/1517
f 2333/4946/1518 2408/5111/1518 2402/5099/1518
f 2411/5118/1519 2334/4948/1519 2408/5111/1519
f 2356/4996/1520 2369/5027/1520 2334/4948/1520
f 2373/5035/1521 2374/5037/1521 2369/5027/1521
f 2335/4950/1522 2363/5012/1522 2374/5037/1522
f 2336/4952/1523 2362/5010/1523 2363/5012/1523
f 2382/5053/1524 2348/4978/1524 2362/5010/1524
f 2345/4972/1525 2351/4984/1525 2348/4978/1525
f 2337/4954/1526 2389/5069/1526 2351/4984/1526
f 2387/5063/1527 2338/4957/1527 2389/5069/1527
f 2355/4994/1528 2398/5091/1528 2338/4956/1528
f 2339/4960/1529 2340/4962/1529 2398/5091/1529
f 2341/4964/1530 2401/5097/1530 2340/4962/1530
f 2405/5105/1531 2343/4968/1531 2401/5097/1531
f 2344/4970/1532 2354/4990/1532 2343/4968/1532
f 2334/4949/33 2369/5026/33 2515/5341/33
f 2366/5021/1506 2367/5023/1506 2368/5025/1506
f 2369/5028/1533 2520/5360/1533 2515/5342/1533
f 2324/4929/1534 2370/5030/1534 2371/5032/1534
f 2356/4997/1535 2372/5034/1535 2373/5036/1535
f 2366/5021/1536 2418/5131/1536 2347/4977/1536
f 2374/5038/1521 2375/5040/1521 2369/5028/1521
f 2342/4967/1537 2698/5733/1537 2370/5030/1537
f 2373/5036/1538 2376/5042/1538 2335/4951/1538
f 2347/4977/1539 2419/5134/1539 2326/4933/1539
f 2363/5013/1540 2377/5044/1540 2374/5038/1540
f 2325/4931/1541 2378/5046/1541 2698/5733/1541
f 2335/4951/1542 2379/5048/1542 2336/4953/1542
f 2326/4933/1543 2380/5050/1543 2352/4987/1543
f 2363/5013/1544 2420/5137/1544 2381/5052/1544
f 2328/4937/1545 2378/5046/1545 2327/4935/1545
f 2336/4953/1546 2421/5139/1546 2382/5054/1546
f 2352/4987/1547 2422/5141/1547 2329/4939/1547
f 2362/5011/1524 2423/5143/1524 2420/5137/1524
f 2328/4937/1548 2424/5145/1548 2383/5056/1548
f 2382/5054/1549 2425/5147/1549 2345/4973/1549
f 2331/4943/1550 2422/5141/1550 2384/5058/1550
f 2348/4979/1551 2426/5149/1551 2423/5143/1551
f 2385/5060/1552 2424/5145/1552 2330/4941/1552
f 2345/4973/1553 2428/5153/1553 2337/4955/1553
f 2331/4943/1554 2429/5155/1554 2359/5003/1554
f 2351/4985/1555 2430/5157/1555 2426/5149/1555
f 2360/5007/1556 2427/5151/1556 2385/5060/1556
f 2337/4955/1557 2386/5062/1557 2387/5064/1557
f 2388/5068/1556 2429/5155/1556 2432/5165/1556
f 2338/4958/1527 2430/5157/1527 2389/5070/1527
f 2360/5007/1514 2390/5074/1514 2431/5161/1514
f 2353/4989/1558 2433/5167/1558 2354/4991/1558
f 2387/5064/1559 2396/5087/1559 2355/4992/1559
f 2364/5015/1560 2432/5165/1560 109/249/1560
f 2391/5076/1561 2392/5078/1561 2320/4921/1561
f 2338/4959/1562 2393/5080/1562 2394/5081/1562
f 2365/5019/1563 2435/5171/1563 2390/5074/1563
f 2395/5085/1564 2434/5169/1564 2353/4989/1564
f 2339/4961/1565 2396/5088/1565 2437/5175/1565
f 2332/4945/1566 109/249/1566 2438/5177/1566
f 2320/4921/1567 2397/5090/1567 2357/4999/1567
f 2340/4963/1568 2393/5080/1568 2398/5092/1568
f 2350/4983/1569 2435/5171/1569 2346/4975/1569
f 2321/4923/1570 2436/5173/1570 2395/5085/1570
f 2341/4965/1571 2437/5175/1571 2399/5094/1571
f 2332/4945/1572 2400/5096/1572 2349/4981/1572
f 2357/4999/1573 2441/5183/1573 2358/5001/1573
f 2401/5098/1574 2439/5179/1574 2340/4963/1574
f 2402/5100/1517 2440/5181/1517 2350/4983/1517
f 2322/4925/1575 2403/5102/1575 2321/4923/1575
f 2341/4965/1530 2404/5104/1530 2405/5106/1530
f 2349/4981/1576 2406/5108/1576 2333/4947/1576
f 2407/5110/1577 2441/5183/1577 2444/5189/1577
f 2343/4969/1531 2442/5185/1531 2401/5098/1531
f 2408/5113/1578 2443/5187/1578 2402/5100/1578
f 2322/4925/1579 2409/5115/1579 2410/5117/1579
f 2405/5106/1580 2416/5128/1580 2344/4971/1580
f 2411/5119/1578 2406/5108/1578 2412/5121/1578
f 2361/5009/1581 2444/5189/1581 2367/5023/1581
f 2354/4991/1582 2445/5191/1582 2343/4969/1582
f 2515/5342/1583 2413/5123/1583 2408/5113/1583
f 2323/4927/1584 2371/5032/1584 2409/5115/1584
f 2344/4971/1532 2414/5125/1532 2391/5076/1532
f 2411/5119/1585 2519/5354/1585 2356/4997/1585
f 2409/5114/34 2371/5031/34 2415/5126/34
f 2414/5124/33 2416/5127/33 2417/5129/33
f 2519/5352/33 2412/5120/33 2417/5129/33
f 2368/5024/33 2367/5022/33 2417/5129/33
f 2520/5357/34 2375/5039/34 2415/5126/34
f 2371/5031/34 2370/5029/34 2415/5126/34
f 2372/5033/33 2519/5352/33 2417/5129/33
f 2418/5130/33 2368/5024/33 2417/5129/33
f 2375/5039/34 2377/5043/34 2415/5126/34
f 2370/5029/34 2698/5731/34 2415/5126/34
f 2376/5041/33 2372/5033/33 2417/5129/33
f 2419/5132/33 2418/5130/33 2417/5129/33
f 2377/5043/34 2381/5051/34 2415/5126/34
f 2698/5731/34 2378/5045/34 2415/5126/34
f 2379/5047/33 2376/5041/33 2417/5129/33
f 2380/5049/33 2419/5132/33 2417/5129/33
f 2381/5051/34 2420/5136/34 2415/5126/34
f 2378/5045/34 2383/5055/34 2415/5126/34
f 2421/5138/33 2379/5047/33 2417/5129/33
f 2422/5140/33 2380/5049/33 2417/5129/33
f 2420/5136/34 2423/5142/34 2415/5126/34
f 2383/5055/34 2424/5144/34 2415/5126/34
f 2425/5146/33 2421/5138/33 2417/5129/33
f 2384/5057/33 2422/5140/33 2417/5129/33
f 2423/5142/34 2426/5148/34 2415/5126/34
f 2424/5144/34 2427/5150/34 2415/5126/34
f 2428/5152/33 2425/5146/33 2417/5129/33
f 2429/5154/33 2384/5057/33 2417/5129/33
f 2426/5148/34 2430/5156/34 2415/5126/34
f 2427/5150/34 2431/5159/34 2415/5126/34
f 2386/5061/33 2428/5152/33 2417/5129/33
f 2432/5163/33 2429/5154/33 2417/5129/33
f 2430/5156/34 2394/5082/34 2415/5126/34
f 2431/5159/34 2390/5072/34 2415/5126/34
f 2433/5166/34 2434/5168/34 2415/5126/34
f 2396/5086/33 2386/5061/33 2417/5129/33
f 109/247/33 2432/5163/33 2417/5129/33
f 2392/5077/33 2414/5124/33 2417/5129/33
f 2394/5082/34 2393/5079/34 2415/5126/34
f 2390/5072/34 2435/5170/34 2415/5126/34
f 2434/5168/34 2436/5172/34 2415/5126/34
f 2437/5174/33 2396/5086/33 2417/5129/33
f 2438/5176/33 109/247/33 2417/5129/33
f 2397/5089/33 2392/5077/33 2417/5129/33
f 2393/5079/34 2439/5178/34 2415/5126/34
f 2435/5170/34 2440/5180/34 2415/5126/34
f 2436/5172/34 2403/5101/34 2415/5126/34
f 2399/5093/33 2437/5174/33 2417/5129/33
f 2400/5095/33 2438/5176/33 2417/5129/33
f 2441/5182/33 2397/5089/33 2417/5129/33
f 2439/5178/34 2442/5184/34 2415/5126/34
f 2440/5180/34 2443/5186/34 2415/5126/34
f 2403/5101/34 2410/5116/34 2415/5126/34
f 2404/5103/33 2399/5093/33 2417/5129/33
f 2406/5107/33 2400/5095/33 2417/5129/33
f 2444/5188/33 2441/5182/33 2417/5129/33
f 2442/5184/34 2445/5190/34 2415/5126/34
f 2443/5186/34 2413/5122/34 2415/5126/34
f 2410/5116/34 2409/5114/34 2415/5126/34
f 2416/5127/33 2404/5103/33 2417/5129/33
f 2412/5120/33 2406/5107/33 2417/5129/33
f 2367/5022/33 2444/5188/33 2417/5129/33
f 2445/5190/34 2433/5166/34 2415/5126/34
f 2413/5122/34 2520/5357/34 2415/5126/34
f 2518/5350/1586 2477/5256/1586 2446/5192/1586
f 2477/5256/1510 2485/5272/1510 2446/5192/1510
f 2525/5370/1587 2489/5280/1587 2485/5272/1587
f 2447/5194/1512 2490/5282/1512 2489/5280/1512
f 2535/5390/1556 2494/5292/1556 2490/5282/1556
f 2448/5196/1588 2499/5308/1588 2494/5292/1588
f 2449/5198/1589 2471/5244/1589 2499/5308/1589
f 2469/5240/1569 2450/5200/1569 2471/5244/1569
f 2473/5248/1590 2502/5314/1590 2450/5200/1590
f 2475/5252/1578 2504/5318/1578 2502/5314/1578
f 2479/5260/1519 2451/5202/1519 2504/5318/1519
f 2483/5268/1535 2452/5204/1535 2451/5202/1535
f 2453/5206/1521 2454/5208/1521 2452/5204/1521
f 2514/5338/1591 2521/5362/1591 2454/5208/1591
f 2455/5210/1523 2468/5238/1523 2521/5362/1523
f 2524/5368/1524 2472/5246/1524 2468/5238/1524
f 2528/5376/1551 2474/5250/1551 2472/5246/1551
f 2534/5388/1592 2478/5258/1592 2474/5250/1592
f 2476/5254/1593 2481/5264/1593 2478/5258/1593
f 2480/5262/1528 2482/5266/1528 2481/5264/1528
f 2484/5270/1568 2487/5276/1568 2482/5266/1568
f 2456/5212/52 2457/5214/52 2487/5276/52
f 2458/5216/1594 2496/5296/1594 2457/5214/1594
f 2506/5322/1595 2470/5242/1595 2496/5296/1595
f 2467/5236/1596 2459/5218/1596 2470/5242/1596
f 2460/5220/1564 2461/5222/1564 2459/5218/1564
f 2462/5224/1573 2515/5343/1573 2461/5222/1573
f 2463/5228/1597 2464/5230/1597 2515/5340/1597
f 2465/5232/1598 2488/5278/1598 2464/5230/1598
f 2486/5274/1599 2466/5234/1599 2488/5278/1599
f 2491/5284/1600 2492/5286/1600 2466/5234/1600
f 2493/5288/1601 2518/5350/1601 2492/5286/1601
f 2449/5199/1560 2497/5301/1560 2314/4909/1560
f 2482/5267/1602 2545/5411/1602 2481/5265/1602
f 2471/5245/1603 2498/5305/1603 2499/5309/1603
f 2480/5263/1528 2546/5413/1528 2484/5271/1528
f 2449/5199/1604 2547/5415/1604 2469/5241/1604
f 2487/5277/1568 2500/5311/1568 2482/5267/1568
f 2450/5201/1605 2501/5313/1605 2471/5245/1605
f 2484/5271/1606 2550/5421/1606 2456/5213/1606
f 2469/5241/1607 2551/5423/1607 2473/5249/1607
f 2457/5215/1608 2548/5417/1608 2487/5277/1608
f 2502/5315/1609 2549/5419/1609 2450/5201/1609
f 2456/5213/1610 2503/5317/1610 2458/5217/1610
f 2473/5249/1590 2553/5427/1590 2475/5253/1590
f 2496/5297/1611 2552/5425/1611 2457/5215/1611
f 2504/5319/1578 2505/5321/1578 2502/5315/1578
f 2458/5217/1594 2554/5429/1594 2506/5323/1594
f 2475/5253/1578 2555/5431/1578 2479/5261/1578
f 2470/5243/1595 2507/5325/1595 2496/5297/1595
f 2504/5319/1612 2508/5327/1612 2509/5329/1612
f 2506/5323/1613 2557/5435/1613 2467/5237/1613
f 2483/5269/1614 2555/5431/1614 2558/5437/1614
f 2470/5243/1558 2559/5439/1558 2556/5433/1558
f 2452/5205/1615 2508/5327/1615 2451/5203/1615
f 2467/5237/1616 2560/5441/1616 2460/5221/1616
f 2483/5269/1617 2561/5443/1617 2453/5207/1617
f 2459/5219/1618 2510/5331/1618 2559/5439/1618
f 2454/5209/1619 2511/5333/1619 2452/5205/1619
f 2460/5221/1567 2512/5335/1567 2462/5225/1567
f 2453/5207/1620 2513/5337/1620 2514/5339/1620
f 2515/5344/1621 2510/5331/1621 2461/5223/1621
f 2454/5209/1622 2562/5445/1622 2516/5347/1622
f 2446/5193/1586 2517/5349/1586 2518/5351/1586
f 2462/5225/1623 2519/5355/1623 2463/5226/1623
f 2514/5339/1624 2564/5449/1624 2455/5211/1624
f 2495/5295/1543 2565/5451/1543 2477/5257/1543
f 2515/5345/1577 2566/5453/1577 2520/5358/1577
f 2521/5363/1544 2522/5365/1544 2562/5445/1544
f 2485/5273/1545 2563/5447/1545 2446/5193/1545
f 2465/5233/1625 2519/5356/1625 2568/5457/1625
f 2455/5211/1546 2523/5367/1546 2524/5369/1546
f 2477/5257/1626 2569/5459/1626 2525/5371/1626
f 2488/5279/1579 2566/5453/1579 2464/5231/1579
f 2472/5247/1524 2522/5365/1524 2468/5239/1524
f 2489/5281/1548 2567/5455/1548 2485/5273/1548
f 2465/5233/1627 2526/5373/1627 2486/5275/1627
f 2524/5369/1524 2527/5375/1524 2528/5377/1524
f 2447/5195/1550 2569/5459/1550 2529/5379/1550
f 2466/5235/1584 2530/5381/1584 2488/5279/1584
f 2474/5251/1551 2531/5383/1551 2472/5247/1551
f 2490/5283/1552 2532/5385/1552 2489/5281/1552
f 2486/5275/1628 2533/5387/1628 2491/5285/1628
f 2528/5377/1551 2572/5465/1551 2534/5389/1551
f 2535/5391/1629 2529/5379/1629 2573/5467/1629
f 2492/5287/1630 2570/5461/1630 2466/5235/1630
f 2478/5259/1592 2571/5463/1592 2474/5251/1592
f 2490/5283/1556 2540/5403/1556 2536/5393/1556
f 2491/5285/1600 2537/5395/1600 2493/5289/1600
f 2534/5389/1631 2538/5397/1631 2476/5255/1631
f 2448/5197/1632 2573/5467/1632 2497/5301/1632
f 2518/5351/1601 2574/5469/1601 2492/5287/1601
f 2481/5265/1633 2539/5399/1633 2478/5259/1633
f 2499/5309/1514 2540/5403/1514 2494/5293/1514
f 2493/5289/1539 2542/5406/1539 2495/5295/1539
f 2476/5255/1634 2544/5409/1634 2480/5263/1634
f 2540/5401/34 2498/5303/34 2541/5404/34
f 2542/5405/33 2537/5394/33 2543/5407/33
f 2544/5408/33 2538/5396/33 2543/5407/33
f 2314/4907/33 2497/5299/33 2543/5407/33
f 2545/5410/34 2500/5310/34 2541/5404/34
f 2498/5303/34 2501/5312/34 2541/5404/34
f 2546/5412/33 2544/5408/33 2543/5407/33
f 2547/5414/33 2314/4907/33 2543/5407/33
f 2500/5310/34 2548/5416/34 2541/5404/34
f 2501/5312/34 2549/5418/34 2541/5404/34
f 2550/5420/33 2546/5412/33 2543/5407/33
f 2551/5422/33 2547/5414/33 2543/5407/33
f 2548/5416/34 2552/5424/34 2541/5404/34
f 2549/5418/34 2505/5320/34 2541/5404/34
f 2503/5316/33 2550/5420/33 2543/5407/33
f 2553/5426/33 2551/5422/33 2543/5407/33
f 2552/5424/34 2507/5324/34 2541/5404/34
f 2505/5320/34 2509/5328/34 2541/5404/34
f 2554/5428/33 2503/5316/33 2543/5407/33
f 2555/5430/33 2553/5426/33 2543/5407/33
f 2507/5324/34 2556/5432/34 2541/5404/34
f 2509/5328/34 2508/5326/34 2541/5404/34
f 2557/5434/33 2554/5428/33 2543/5407/33
f 2558/5436/33 2555/5430/33 2543/5407/33
f 2556/5432/34 2559/5438/34 2541/5404/34
f 2508/5326/34 2511/5332/34 2541/5404/34
f 2560/5440/33 2557/5434/33 2543/5407/33
f 2561/5442/33 2558/5436/33 2543/5407/33
f 2559/5438/34 2510/5330/34 2541/5404/34
f 2511/5332/34 2516/5346/34 2541/5404/34
f 2512/5334/33 2560/5440/33 2543/5407/33
f 2513/5336/33 2561/5442/33 2543/5407/33
f 2510/5330/34 2520/5359/34 2541/5404/34
f 2516/5346/34 2562/5444/34 2541/5404/34
f 2517/5348/34 2563/5446/34 2541/5404/34
f 2519/5353/33 2512/5334/33 2543/5407/33
f 2564/5448/33 2513/5336/33 2543/5407/33
f 2565/5450/33 2542/5405/33 2543/5407/33
f 2520/5359/34 2566/5452/34 2541/5404/34
f 2562/5444/34 2522/5364/34 2541/5404/34
f 2563/5446/34 2567/5454/34 2541/5404/34
f 2568/5456/33 2519/5353/33 2543/5407/33
f 2523/5366/33 2564/5448/33 2543/5407/33
f 2569/5458/33 2565/5450/33 2543/5407/33
f 2566/5452/34 2530/5380/34 2541/5404/34
f 2522/5364/34 2531/5382/34 2541/5404/34
f 2567/5454/34 2532/5384/34 2541/5404/34
f 2526/5372/33 2568/5456/33 2543/5407/33
f 2527/5374/33 2523/5366/33 2543/5407/33
f 2529/5378/33 2569/5458/33 2543/5407/33
f 2530/5380/34 2570/5460/34 2541/5404/34
f 2531/5382/34 2571/5462/34 2541/5404/34
f 2532/5384/34 2536/5392/34 2541/5404/34
f 2533/5386/33 2526/5372/33 2543/5407/33
f 2572/5464/33 2527/5374/33 2543/5407/33
f 2573/5466/33 2529/5378/33 2543/5407/33
f 2570/5460/34 2574/5468/34 2541/5404/34
f 2571/5462/34 2539/5398/34 2541/5404/34
f 2536/5392/34 2540/5401/34 2541/5404/34
f 2537/5394/33 2533/5386/33 2543/5407/33
f 2538/5396/33 2572/5464/33 2543/5407/33
f 2497/5299/33 2573/5466/33 2543/5407/33
f 2574/5468/34 2517/5348/34 2541/5404/34
f 2539/5398/34 2545/5410/34 2541/5404/34
f 2575/5470/1635 2608/5539/1635 2603/5526/1635
f 2606/5535/1636 2609/5541/1636 2608/5539/1636
f 2576/5472/1637 2577/5474/1637 2609/5541/1637
f 2615/5553/1638 2619/5563/1638 2577/5474/1638
f 2620/5565/1639 2627/5579/1639 2619/5563/1639
f 2625/5575/1640 2593/5506/1640 2627/5579/1640
f 2628/5581/1641 2578/5476/1641 2593/5506/1641
f 2596/5512/1642 2601/5522/1642 2578/5476/1642
f 2598/5516/1643 2579/5478/1643 2601/5522/1643
f 2580/5480/1644 2611/5545/1644 2579/5478/1644
f 2607/5537/1645 2610/5543/1645 2611/5545/1645
f 2613/5549/1646 2581/5482/1646 2610/5543/1646
f 2582/5484/1647 2583/5486/1647 2581/5482/1647
f 2621/5567/1648 2584/5488/1648 2583/5486/1648
f 2626/5577/1649 2595/5510/1649 2584/5488/1649
f 2585/5490/1650 2586/5492/1650 2595/5510/1650
f 2587/5494/1651 2602/5524/1651 2586/5492/1651
f 2599/5518/1652 2588/5496/1652 2602/5524/1652
f 2666/5661/1653 2612/5547/1653 2588/5496/1653
f 2631/5587/1654 2616/5556/1654 2612/5547/1654
f 2589/5498/1655 2634/5595/1655 2616/5556/1655
f 2618/5561/1656 2637/5601/1656 2634/5595/1656
f 2624/5573/1657 2639/5605/1657 2637/5601/1657
f 2590/5500/1658 2642/5611/1658 2639/5605/1658
f 2644/5616/1659 2591/5502/1659 2642/5611/1659
f 2597/5514/1660 2605/5533/1660 2591/5502/1660
f 2600/5520/1661 2604/5529/1661 2605/5533/1661
f 2907/6166/1662 2614/5551/1662 2604/5528/1662
f 2656/5641/1663 2617/5559/1663 2614/5551/1663
f 2592/5504/1664 2623/5571/1664 2617/5559/1664
f 2594/5508/1665 2622/5569/1665 2623/5571/1665
f 2664/5657/1666 2603/5526/1666 2622/5569/1666
f 2605/5532/33 25/55/33 2591/5503/33
f 2628/5582/1667 2629/5584/1667 2630/5586/1667
f 2616/5555/1668 2675/5681/1668 2612/5548/1668
f 2578/5477/1669 2671/5674/1669 2593/5507/1669
f 2631/5588/1670 2632/5591/1670 2589/5499/1670
f 2596/5513/1671 2630/5586/1671 2633/5594/1671
f 2634/5596/1672 2676/5685/1672 2616/5555/1672
f 2601/5523/1673 2677/5688/1673 2578/5477/1673
f 2589/5499/1655 2635/5598/1655 2618/5562/1655
f 2598/5517/1674 2633/5594/1674 2636/5600/1674
f 2637/5602/1656 2678/5690/1656 2634/5596/1656
f 2579/5479/1675 2679/5692/1675 2601/5523/1675
f 2618/5562/1676 2681/5696/1676 2624/5574/1676
f 2598/5517/1677 2638/5604/1677 2580/5481/1677
f 2639/5606/1678 2640/5608/1678 2637/5602/1678
f 2611/5546/1679 2680/5694/1679 2579/5479/1679
f 2624/5574/1680 2683/5700/1680 2590/5501/1680
f 2580/5481/1681 2641/5610/1681 2607/5538/1681
f 2642/5613/1682 2682/5698/1682 2639/5606/1682
f 2611/5546/1683 2685/5704/1683 2643/5615/1683
f 2590/5501/1684 2686/5706/1684 2644/5617/1684
f 2613/5550/1685 2641/5610/1685 2645/5619/1685
f 25/56/1686 2684/5702/1686 2642/5613/1686
f 2581/5483/1687 2685/5704/1687 2610/5544/1687
f 2644/5617/1688 2688/5712/1688 2597/5515/1688
f 2613/5550/1689 2646/5621/1689 2582/5485/1689
f 25/56/1690 2647/5623/1690 88/205/1690
f 2581/5483/1691 2648/5625/1691 2687/5708/1691
f 2597/5515/1692 2649/5627/1692 2600/5521/1692
f 2621/5568/1693 2646/5621/1693 2650/5629/1693
f 2604/5530/1661 2647/5623/1661 2605/5534/1661
f 2583/5487/1694 2689/5714/1694 2648/5625/1694
f 2608/5540/1695 2651/5631/1695 2603/5527/1695
f 2600/5521/1661 2652/5633/1661 2907/6164/1661
f 2626/5578/1696 2650/5629/1696 2690/5716/1696
f 2575/5471/1697 2691/5718/1697 2606/5536/1697
f 2604/5531/1698 2653/5636/1698 2906/6161/1698
f 2584/5489/1699 2654/5638/1699 2689/5714/1699
f 2609/5542/1700 2655/5640/1700 2608/5540/1700
f 2656/5642/1698 2652/5634/1698 2657/5644/1698
f 2585/5491/1701 2690/5716/1701 2658/5646/1701
f 2576/5473/1702 2691/5718/1702 2692/5720/1702
f 2617/5560/1703 2653/5636/1703 2614/5552/1703
f 2586/5493/1704 2654/5638/1704 2595/5511/1704
f 2609/5542/1705 2695/5726/1705 2659/5648/1705
f 2656/5642/1706 2696/5728/1706 2592/5505/1706
f 2585/5491/1707 2697/5730/1707 2587/5495/1707
f 2615/5554/1708 2692/5720/1708 2660/5650/1708
f 2623/5572/1709 2693/5722/1709 2617/5560/1709
f 2602/5525/1710 2694/5724/1710 2586/5493/1710
f 2577/5475/1711 2661/5652/1711 2695/5726/1711
f 2592/5505/1712 2419/5135/1712 2594/5509/1712
f 2587/5495/1713 2699/5736/1713 2599/5519/1713
f 2620/5566/1714 2660/5650/1714 2662/5654/1714
f 2622/5570/1715 2698/5734/1715 2623/5572/1715
f 2588/5497/1716 2663/5656/1716 2602/5525/1716
f 2619/5564/1717 2670/5672/1717 2661/5652/1717
f 2594/5509/1718 2673/5677/1718 2664/5658/1718
f 2599/5519/1719 2665/5660/1719 2666/5662/1719
f 2625/5576/1639 2662/5654/1639 2629/5584/1639
f 2603/5527/1666 2667/5664/1666 2622/5570/1666
f 2612/5548/1720 2700/5738/1720 2588/5497/1720
f 2627/5580/1721 2671/5674/1721 2670/5672/1721
f 2664/5658/1722 2668/5666/1722 2575/5471/1722
f 2666/5662/1723 2669/5669/1723 2631/5588/1723
f 2670/5671/34 2671/5673/34 2672/5675/34
f 2668/5665/33 2673/5676/33 2674/5678/33
f 2669/5667/33 2665/5659/33 2674/5678/33
f 2630/5585/33 2629/5583/33 2674/5678/33
f 2675/5679/34 2676/5683/34 2672/5675/34
f 2671/5673/34 2677/5687/34 2672/5675/34
f 2632/5589/33 2669/5667/33 2674/5678/33
f 2633/5593/33 2630/5585/33 2674/5678/33
f 2676/5683/34 2678/5689/34 2672/5675/34
f 2677/5687/34 2679/5691/34 2672/5675/34
f 2635/5597/33 2632/5589/33 2674/5678/33
f 2636/5599/33 2633/5593/33 2674/5678/33
f 2678/5689/34 2640/5607/34 2672/5675/34
f 2679/5691/34 2680/5693/34 2672/5675/34
f 2681/5695/33 2635/5597/33 2674/5678/33
f 2638/5603/33 2636/5599/33 2674/5678/33
f 2640/5607/34 2682/5697/34 2672/5675/34
f 2680/5693/34 2643/5614/34 2672/5675/34
f 2683/5699/33 2681/5695/33 2674/5678/33
f 2641/5609/33 2638/5603/33 2674/5678/33
f 2682/5697/34 2684/5701/34 2672/5675/34
f 2643/5614/34 2685/5703/34 2672/5675/34
f 2686/5705/33 2683/5699/33 2674/5678/33
f 2645/5618/33 2641/5609/33 2674/5678/33
f 2684/5701/34 88/203/34 2672/5675/34
f 2685/5703/34 2687/5707/34 2672/5675/34
f 2688/5710/33 2686/5705/33 2674/5678/33
f 2646/5620/33 2645/5618/33 2674/5678/33
f 88/203/34 2647/5622/34 2672/5675/34
f 2687/5707/34 2648/5624/34 2672/5675/34
f 2649/5626/33 2688/5710/33 2674/5678/33
f 2650/5628/33 2646/5620/33 2674/5678/33
f 2647/5622/34 2906/6162/34 2672/5675/34
f 2648/5624/34 2689/5713/34 2672/5675/34
f 2651/5630/34 2655/5639/34 2672/5675/34
f 2652/5632/33 2649/5626/33 2674/5678/33
f 2690/5715/33 2650/5628/33 2674/5678/33
f 2691/5717/33 2668/5665/33 2674/5678/33
f 2906/6162/34 2653/5635/34 2672/5675/34
f 2689/5713/34 2654/5637/34 2672/5675/34
f 2655/5639/34 2659/5647/34 2672/5675/34
f 2657/5643/33 2652/5632/33 2674/5678/33
f 2658/5645/33 2690/5715/33 2674/5678/33
f 2692/5719/33 2691/5717/33 2674/5678/33
f 2653/5635/34 2693/5721/34 2672/5675/34
f 2654/5637/34 2694/5723/34 2672/5675/34
f 2659/5647/34 2695/5725/34 2672/5675/34
f 2696/5727/33 2657/5643/33 2674/5678/33
f 2697/5729/33 2658/5645/33 2674/5678/33
f 2660/5649/33 2692/5719/33 2674/5678/33
f 2693/5721/34 2698/5732/34 2672/5675/34
f 2694/5723/34 2663/5655/34 2672/5675/34
f 2695/5725/34 2661/5651/34 2672/5675/34
f 2419/5133/33 2696/5727/33 2674/5678/33
f 2699/5735/33 2697/5729/33 2674/5678/33
f 2662/5653/33 2660/5649/33 2674/5678/33
f 2698/5732/34 2667/5663/34 2672/5675/34
f 2663/5655/34 2700/5737/34 2672/5675/34
f 2661/5651/34 2670/5671/34 2672/5675/34
f 2673/5676/33 2419/5133/33 2674/5678/33
f 2665/5659/33 2699/5735/33 2674/5678/33
f 2629/5583/33 2662/5653/33 2674/5678/33
f 2667/5663/34 2651/5630/34 2672/5675/34
f 2700/5737/34 2675/5679/34 2672/5675/34
f 2727/5792/1724 2701/5739/1724 2775/5895/1724
f 2728/5795/1725 2734/5809/1725 2701/5739/1725
f 2737/5815/1726 2743/5828/1726 2734/5809/1726
f 2781/5909/1727 2747/5836/1727 2743/5828/1727
f 2747/5836/1728 2791/5930/1728 2751/5844/1728
f 2791/5930/1729 2717/5771/1729 2751/5844/1729
f 2702/5741/1730 2703/5743/1730 2717/5771/1730
f 2704/5745/1731 2757/5857/1731 2703/5743/1731
f 2757/5857/1732 2724/5786/1732 2756/5854/1732
f 2724/5786/1733 2736/5813/1733 2756/5854/1733
f 2732/5805/1734 2735/5811/1734 2736/5813/1734
f 2765/5873/1735 2705/5747/1735 2735/5811/1735
f 2740/5821/1736 2744/5830/1736 2705/5747/1736
f 2706/5749/1737 2749/5840/1737 2744/5830/1737
f 2707/5751/1738 2718/5774/1738 2749/5840/1738
f 2708/5753/1739 2721/5780/1739 2718/5774/1739
f 2709/5755/1740 2720/5778/1740 2721/5780/1740
f 2710/5757/1741 2731/5803/1741 2720/5778/1741
f 2726/5790/1742 2730/5801/1742 2731/5803/1742
f 2733/5807/1743 2739/5819/1743 2730/5801/1743
f 2738/5817/1744 2711/5759/1744 2739/5819/1744
f 2742/5825/1745 2750/5842/1745 2711/5759/1745
f 2746/5834/1746 2712/5761/1746 2750/5842/1746
f 2713/5763/1747 2766/5875/1747 2712/5761/1747
f 2764/5871/1748 2719/5776/1748 2766/5875/1748
f 2768/5879/1749 2725/5788/1749 2719/5776/1749
f 2723/5784/1750 2773/5890/1750 2725/5788/1750
f 2729/5799/1751 2714/5765/1751 2773/5889/1751
f 2715/5767/1752 2779/5905/1752 2714/5765/1752
f 2716/5769/1753 2741/5823/1753 2779/5905/1753
f 2783/5914/1754 2785/5918/1754 2741/5823/1754
f 2748/5838/1755 2775/5895/1755 2785/5918/1755
f 2703/5744/33 2757/5856/33 2616/5557/33
f 2734/5810/33 60/135/33 2701/5740/33
f 2728/5794/34 14/30/34 2737/5816/34
f 2734/5810/33 2743/5827/33 44/99/33
f 2702/5742/1756 2752/5847/1756 2753/5849/1756
f 2739/5820/1757 2754/5851/1757 2730/5802/1757
f 2717/5773/1758 2676/5686/1758 2795/5939/1758
f 2733/5808/1759 2799/5945/1759 2738/5818/1759
f 2702/5742/1760 2632/5592/1760 2704/5746/1760
f 2711/5760/1761 2798/5943/1761 2739/5820/1761
f 2616/5558/1714 2675/5682/1714 2676/5686/1714
f 2738/5818/1762 2800/5947/1762 2742/5826/1762
f 2704/5746/1763 2669/5670/1763 2722/5783/1763
f 2750/5843/1764 2755/5853/1764 2711/5760/1764
f 2756/5855/1765 2675/5682/1765 2757/5858/1765
f 2742/5826/1766 2758/5860/1766 2746/5835/1766
f 2724/5787/1767 2669/5670/1767 2759/5862/1767
f 2750/5843/1768 2760/5864/1768 2801/5949/1768
f 2736/5814/1769 2761/5866/1769 2756/5855/1769
f 2746/5835/1770 2762/5868/1770 2713/5764/1770
f 2732/5806/1769 2759/5862/1769 2803/5953/1769
f 2712/5762/1771 2804/5955/1771 2760/5864/1771
f 2736/5814/1772 2805/5957/1772 2802/5951/1772
f 2713/5764/1747 2763/5870/1747 2764/5872/1747
f 2765/5874/1772 2803/5953/1772 2806/5959/1772
f 2766/5876/1773 2807/5961/1773 2804/5955/1773
f 2705/5748/1774 2805/5957/1774 2735/5812/1774
f 2764/5872/1773 2767/5878/1773 2768/5880/1773
f 2765/5874/1775 2769/5882/1775 2740/5822/1775
f 2719/5777/1776 2809/5965/1776 2807/5961/1776
f 2705/5748/1777 2770/5884/1777 2808/5963/1777
f 2768/5880/1778 2771/5886/1778 2723/5785/1778
f 2740/5822/1779 2772/5888/1779 2706/5750/1779
f 2773/5891/1750 2809/5965/1750 2725/5789/1750
f 2744/5831/1780 2774/5894/1780 2770/5884/1780
f 60/136/1781 2810/5967/1781 2775/5897/1781
f 2723/5785/1750 2778/5903/1750 2729/5797/1750
f 2706/5750/1782 2776/5899/1782 2707/5752/1782
f 2727/5793/1783 64/149/1783 2728/5796/1783
f 2773/5892/1784 2777/5901/1784 2908/6168/1784
f 2718/5775/1785 2774/5894/1785 2749/5841/1785
f 44/100/35 66/155/35 60/136/35
f 2715/5768/1786 2778/5904/1786 2811/5969/1786
f 2707/5752/1787 2812/5971/1787 2708/5754/1787
f 2728/5796/1788 104/237/1788 14/31/1788
f 2779/5906/1789 2777/5901/1789 2714/5766/1789
f 2721/5781/1790 2780/5908/1790 2718/5775/1790
f 44/100/1791 2815/5977/1791 61/140/1791
f 2715/5768/1792 2816/5979/1792 2716/5770/1792
f 2708/5754/1793 2817/5981/1793 2709/5756/1793
f 2781/5911/1791 104/237/1791 2818/5983/1791
f 2741/5824/1794 2813/5973/1794 2779/5906/1794
f 2720/5779/1795 2814/5975/1795 2721/5781/1795
f 2743/5829/1796 2782/5913/1796 2815/5977/1796
f 2716/5770/1797 2819/5985/1797 2783/5915/1797
f 2709/5756/1798 2784/5917/1798 2710/5758/1798
f 2745/5833/1799 2818/5983/1799 2820/5987/1799
f 2785/5919/1754 2786/5921/1754 2741/5824/1754
f 2731/5804/1800 2787/5923/1800 2720/5779/1800
f 2747/5837/1801 2788/5925/1801 2782/5913/1801
f 2783/5915/1802 2789/5927/1802 2748/5839/1802
f 2710/5758/1803 2790/5929/1803 2726/5791/1803
f 2791/5931/1804 2820/5987/1804 2752/5847/1804
f 2775/5897/1805 2821/5989/1805 2785/5919/1805
f 2731/5804/1806 2754/5851/1806 2792/5933/1806
f 2751/5845/1729 2795/5939/1729 2788/5925/1729
f 2748/5839/1807 2793/5935/1807 2727/5793/1807
f 2726/5791/1808 2794/5937/1808 2733/5808/1808
f 2788/5924/34 2795/5938/34 2796/5940/34
f 2793/5934/33 2789/5926/33 2797/5941/33
f 2794/5936/33 2790/5928/33 2797/5941/33
f 2753/5848/33 2752/5846/33 2797/5941/33
f 2754/5850/34 2798/5942/34 2796/5940/34
f 2795/5938/34 2676/5684/34 2796/5940/34
f 2799/5944/33 2794/5936/33 2797/5941/33
f 2632/5590/33 2753/5848/33 2797/5941/33
f 2798/5942/34 2755/5852/34 2796/5940/34
f 2676/5684/34 2675/5680/34 2796/5940/34
f 2800/5946/33 2799/5944/33 2797/5941/33
f 2669/5668/33 2632/5590/33 2797/5941/33
f 2755/5852/34 2801/5948/34 2796/5940/34
f 2675/5680/34 2761/5865/34 2796/5940/34
f 2758/5859/33 2800/5946/33 2797/5941/33
f 2759/5861/33 2669/5668/33 2797/5941/33
f 2801/5948/34 2760/5863/34 2796/5940/34
f 2761/5865/34 2802/5950/34 2796/5940/34
f 2762/5867/33 2758/5859/33 2797/5941/33
f 2803/5952/33 2759/5861/33 2797/5941/33
f 2760/5863/34 2804/5954/34 2796/5940/34
f 2802/5950/34 2805/5956/34 2796/5940/34
f 2763/5869/33 2762/5867/33 2797/5941/33
f 2806/5958/33 2803/5952/33 2797/5941/33
f 2804/5954/34 2807/5960/34 2796/5940/34
f 2805/5956/34 2808/5962/34 2796/5940/34
f 2767/5877/33 2763/5869/33 2797/5941/33
f 2769/5881/33 2806/5958/33 2797/5941/33
f 2807/5960/34 2809/5964/34 2796/5940/34
f 2808/5962/34 2770/5883/34 2796/5940/34
f 2771/5885/33 2767/5877/33 2797/5941/33
f 2772/5887/33 2769/5881/33 2797/5941/33
f 2809/5964/34 2908/6169/34 2796/5940/34
f 2770/5883/34 2774/5893/34 2796/5940/34
f 2810/5966/34 66/153/34 2796/5940/34
f 2778/5902/33 2771/5885/33 2797/5941/33
f 2776/5898/33 2772/5887/33 2797/5941/33
f 64/147/33 2793/5934/33 2797/5941/33
f 2908/6169/34 2777/5900/34 2796/5940/34
f 2774/5893/34 2780/5907/34 2796/5940/34
f 66/153/34 61/138/34 2796/5940/34
f 2811/5968/33 2778/5902/33 2797/5941/33
f 2812/5970/33 2776/5898/33 2797/5941/33
f 104/235/33 64/147/33 2797/5941/33
f 2777/5900/34 2813/5972/34 2796/5940/34
f 2780/5907/34 2814/5974/34 2796/5940/34
f 61/138/34 2815/5976/34 2796/5940/34
f 2816/5978/33 2811/5968/33 2797/5941/33
f 2817/5980/33 2812/5970/33 2797/5941/33
f 2818/5982/33 104/235/33 2797/5941/33
f 2813/5972/34 2786/5920/34 2796/5940/34
f 2814/5974/34 2787/5922/34 2796/5940/34
f 2815/5976/34 2782/5912/34 2796/5940/34
f 2819/5984/33 2816/5978/33 2797/5941/33
f 2784/5916/33 2817/5980/33 2797/5941/33
f 2820/5986/33 2818/5982/33 2797/5941/33
f 2786/5920/34 2821/5988/34 2796/5940/34
f 2787/5922/34 2792/5932/34 2796/5940/34
f 2782/5912/34 2788/5924/34 2796/5940/34
f 2789/5926/33 2819/5984/33 2797/5941/33
f 2790/5928/33 2784/5916/33 2797/5941/33
f 2752/5846/33 2820/5986/33 2797/5941/33
f 2821/5988/34 2810/5966/34 2796/5940/34
f 2792/5932/34 2754/5850/34 2796/5940/34
f 47/105/1809 32/69/1809 1/2/1809
f 32/69/1810 36/80/1810 2/4/1810
f 2/4/3 36/80/3 41/90/3
f 3/6/4 41/90/4 89/206/4
f 4/8/5 89/206/5 93/214/5
f 93/214/35 50/113/35 53/119/35
f 50/113/1811 6/12/1811 24/51/1811
f 6/12/1812 59/131/1812 23/49/1812
f 59/131/46 65/150/46 62/141/46
f 65/150/10 34/76/10 7/14/10
f 34/76/11 37/82/11 40/88/11
f 37/82/12 42/92/12 70/163/12
f 70/163/1360 42/92/1360 45/101/1360
f 45/101/62 46/103/62 8/16/62
f 46/103/15 49/111/15 85/196/15
f 49/111/1813 9/18/1813 25/53/1813
f 9/18/1350 10/20/1350 27/59/1350
f 10/20/18 31/67/18 28/61/18
f 31/67/1814 55/123/1814 11/22/1814
f 55/123/1352 13/26/1352 12/24/1352
f 13/26/1815 14/28/1815 44/97/1815
f 14/28/22 15/32/22 60/133/22
f 15/32/1816 68/158/1816 48/109/1816
f 68/158/1817 21/45/1817 16/34/1817
f 21/45/1818 22/47/1818 17/36/1818
f 22/47/60 26/57/60 30/65/60
f 26/57/27 33/72/27 78/179/27
f 78/180/28 33/73/28 35/78/28
f 35/78/29 39/86/29 18/38/29
f 18/38/30 39/86/30 43/95/30
f 43/95/1819 92/212/1819 20/42/1819
f 92/212/32 47/105/32 29/63/32
f 62/142/33 7/15/33 2365/5016/33
f 7/15/33 40/89/33 2360/5004/33
f 37/83/34 2388/5065/34 42/93/34
f 29/64/33 2200/4657/33 20/43/33
f 50/114/35 93/215/35 102/231/35
f 12/25/36 58/130/36 52/118/36
f 53/120/7 24/52/7 103/233/7
f 55/124/1376 100/227/1376 56/126/1376
f 50/114/7 51/116/7 57/128/7
f 44/98/1353 61/139/1353 58/130/1353
f 23/50/1820 63/145/1820 103/233/1820
f 13/27/41 56/126/41 104/236/41
f 59/132/1821 6/13/1821 57/128/1821
f 60/134/43 66/154/43 61/139/43
f 62/143/46 67/157/46 63/145/46
f 14/29/45 104/236/45 64/148/45
f 59/132/46 105/239/46 106/241/46
f 48/110/1389 107/243/1389 66/154/1389
f 2365/5017/48 2390/5073/48 67/157/48
f 15/33/1391 64/148/1391 108/245/1391
f 65/151/1822 106/241/1822 109/248/1822
f 16/35/51 110/251/51 107/243/51
f 2365/5017/52 2360/5005/52 2431/5160/52
f 68/159/1355 108/245/1355 69/161/1355
f 2388/5066/1823 34/77/1823 109/248/1823
f 17/37/55 111/253/55 110/251/55
f 70/164/56 112/255/56 2431/5160/56
f 21/46/1824 69/161/1824 71/166/1824
f 2388/5066/56 2432/5164/56 72/168/56
f 17/37/1825 30/66/1825 113/257/1825
f 70/164/59 75/174/59 73/170/59
f 22/48/60 71/166/60 114/259/60
f 45/102/1360 42/94/1360 72/168/1360
f 78/181/27 115/262/27 113/257/27
f 75/174/1826 8/17/1826 76/176/1826
f 1/3/1827 81/188/1827 2293/4855/1827
f 26/58/27 114/259/27 82/190/27
f 46/104/64 45/102/64 74/172/64
f 47/106/1828 2295/4861/1828 116/264/1828
f 78/182/28 38/85/28 79/184/28
f 8/17/15 85/197/15 80/186/15
f 2/5/67 87/201/67 81/188/67
f 35/79/28 33/74/28 82/191/28
f 49/112/1829 46/104/1829 77/178/1829
f 32/70/1830 116/264/1830 84/195/1830
f 18/39/1449 118/268/1449 79/184/1449
f 25/54/16 88/204/16 80/186/16
f 2/5/70 3/7/70 86/199/70
f 35/79/1390 83/193/1390 119/270/1390
f 49/112/1831 117/266/1831 2688/5711/1831
f 41/91/73 36/81/73 84/195/73
f 19/41/74 91/211/74 118/268/74
f 27/60/1366 121/274/1366 88/204/1366
f 3/7/76 4/9/76 122/276/76
f 39/87/77 119/270/77 123/278/77
f 9/19/1832 2688/5711/1832 124/280/1832
f 89/207/79 41/91/79 120/272/79
f 20/44/80 94/217/80 91/211/80
f 28/62/84 95/219/84 121/274/84
f 4/9/82 5/11/82 96/221/82
f 43/96/1454 123/278/1454 98/224/1454
f 31/68/1833 10/21/1833 124/280/1833
f 93/215/85 89/207/85 90/209/85
f 2200/4658/1834 2293/4855/1834 94/217/1834
f 11/23/1835 52/118/1835 95/219/1835
f 5/11/1446 53/120/1446 54/122/1446
f 92/213/1836 98/224/1836 2295/4861/1836
f 31/68/89 101/229/89 100/227/89
f 126/285/1837 129/296/1837 130/300/1837
f 126/286/1838 125/282/1838 131/304/1838
f 125/284/1839 128/292/1839 132/308/1839
f 130/301/1840 135/320/1840 133/312/1840
f 131/305/1841 136/325/1841 137/329/1841
f 132/309/1842 133/313/1842 134/315/1842
f 129/297/1843 137/330/1843 135/321/1843
f 127/290/1844 134/316/1844 136/326/1844
f 135/322/1845 137/331/1845 138/335/1845
f 136/327/1846 134/317/1846 140/342/1846
f 136/328/1847 142/350/1847 145/361/1847
f 135/323/1848 141/347/1848 143/354/1848
f 137/332/1849 145/362/1849 138/336/1849
f 144/359/1850 146/365/1850 152/394/1850
f 142/351/1851 151/386/1851 148/374/1851
f 143/355/1852 152/395/1852 149/379/1852
f 145/363/1853 148/375/1853 147/370/1853
f 139/341/1854 149/380/1854 150/382/1854
f 138/337/1855 147/371/1855 146/366/1855
f 140/343/1856 150/383/1856 151/387/1856
f 148/376/1857 510/1436/1857 147/372/1857
f 149/381/1858 152/396/1858 511/1445/1858
f 150/384/1859 511/1446/1859 151/388/1859
f 146/367/1860 506/1415/1860 152/397/1860
f 148/377/1861 151/389/1861 510/1437/1861
f 147/373/1862 510/1438/1862 153/408/1862
f 152/398/1863 154/421/1863 519/1471/1863
f 165/459/1864 163/452/1864 158/438/1864
f 161/443/1865 165/460/1865 160/441/1865
f 163/453/1866 161/444/1866 162/447/1866
f 164/455/1867 167/463/1867 163/454/1867
f 165/461/1868 166/462/1868 164/456/1868
f 161/445/1869 170/469/1869 166/462/1869
f 167/464/1870 170/468/1870 161/446/1870
f 168/465/1871 171/471/1871 167/463/1871
f 166/462/1872 169/467/1872 168/466/1872
f 170/469/1873 173/478/1873 169/467/1873
f 171/470/1874 173/477/1874 167/464/1874
f 172/474/1875 174/481/1875 171/471/1875
f 173/478/1876 2822/5991/1876 172/475/1876
f 174/482/1877 2822/5992/1877 173/479/1877
f 175/485/1878 177/490/1878 174/483/1878
f 172/476/1879 176/488/1879 175/486/1879
f 2822/5993/1880 180/495/1880 176/488/1880
f 177/489/1881 180/496/1881 174/484/1881
f 178/491/1882 181/498/1882 177/490/1882
f 175/487/1883 179/493/1883 178/491/1883
f 180/495/1884 183/504/1884 179/494/1884
f 181/497/1885 183/503/1885 180/496/1885
f 182/500/1886 184/509/1886 181/498/1886
f 179/494/1887 186/513/1887 182/501/1887
f 183/504/1888 2823/5995/1888 186/513/1888
f 184/510/1889 2823/5996/1889 183/505/1889
f 182/502/1890 189/519/1890 188/518/1890
f 185/511/1891 189/519/1891 182/502/1891
f 187/516/1892 185/512/1892 186/514/1892
f 188/517/1893 187/515/1893 2823/5997/1893
f 188/518/1894 190/520/1894 192/526/1894
f 185/511/1895 193/528/1895 190/521/1895
f 185/512/1896 191/522/1896 193/527/1896
f 192/525/1897 191/523/1897 187/516/1897
f 196/536/1898 194/529/1898 192/526/1898
f 193/528/1899 198/543/1899 196/537/1899
f 191/522/1900 2824/5999/1900 198/544/1900
f 194/530/1901 2824/6000/1901 191/523/1901
f 195/533/1902 202/551/1902 194/531/1902
f 197/539/1903 195/534/1903 196/538/1903
f 2824/6001/1904 199/545/1904 197/540/1904
f 194/532/1905 202/552/1905 199/546/1905
f 200/547/1906 204/557/1906 195/533/1906
f 201/549/1907 200/547/1907 195/534/1907
f 199/546/1908 203/554/1908 201/550/1908
f 204/558/1909 203/555/1909 202/553/1909
f 205/561/1910 210/572/1910 200/547/1910
f 203/556/1911 2825/6004/1911 205/562/1911
f 206/564/1912 209/570/1912 210/573/1912
f 207/565/1913 206/564/1913 210/574/1913
f 205/563/1914 208/568/1914 207/566/1914
f 2825/6005/1915 209/569/1915 208/567/1915
f 210/575/1916 2825/6006/1916 204/558/1916
f 211/576/1917 215/587/1917 209/570/1917
f 212/577/1918 211/576/1918 206/564/1918
f 208/568/1919 213/580/1919 212/578/1919
f 209/571/1920 215/586/1920 213/581/1920
f 217/592/1921 219/601/1921 215/587/1921
f 213/580/1922 214/583/1922 217/593/1922
f 213/581/1923 219/602/1923 214/584/1923
f 217/594/1924 220/605/1924 216/588/1924
f 217/595/1925 222/607/1925 220/604/1925
f 218/597/1926 222/608/1926 214/585/1926
f 216/588/1927 221/606/1927 225/615/1927
f 220/605/1928 223/610/1928 221/606/1928
f 222/608/1929 224/613/1929 223/611/1929
f 225/614/1930 224/612/1930 218/597/1930
f 216/589/1931 218/598/1931 219/603/1931
f 223/610/1932 2826/6009/1932 226/617/1932
f 223/611/1933 228/624/1933 2826/6010/1933
f 230/631/1934 228/625/1934 224/613/1934
f 226/618/1935 227/622/1935 231/635/1935
f 229/628/1936 227/621/1936 228/626/1936
f 231/634/1937 229/627/1937 230/632/1937
f 225/615/1938 226/619/1938 230/633/1938
f 232/637/1939 236/647/1939 231/635/1939
f 233/638/1940 232/637/1940 227/622/1940
f 229/628/1941 234/642/1941 233/639/1941
f 231/636/1942 236/648/1942 234/641/1942
f 237/649/1943 2827/6012/1943 236/647/1943
f 240/654/1944 237/649/1944 232/637/1944
f 234/642/1945 235/645/1945 240/655/1945
f 236/648/1946 2827/6013/1946 235/646/1946
f 237/650/215 238/651/215 243/662/215
f 240/656/216 239/652/216 238/651/216
f 241/658/217 239/653/217 240/657/217
f 2827/6014/218 243/663/218 241/659/218
f 238/651/1947 244/664/1947 248/677/1947
f 242/660/1948 244/666/1948 239/653/1948
f 243/663/1949 248/678/1949 242/661/1949
f 244/664/1950 245/667/1950 252/686/1950
f 244/665/1951 246/669/1951 245/667/1951
f 247/675/1952 246/670/1952 244/666/1952
f 248/678/1953 252/687/1953 247/676/1953
f 245/668/1954 249/679/1954 254/694/1954
f 246/671/1955 250/680/1955 249/679/1955
f 251/682/1956 250/681/1956 246/672/1956
f 252/688/1957 254/693/1957 251/683/1957
f 249/679/1958 255/695/1958 260/710/1958
f 250/680/1959 256/698/1959 255/695/1959
f 253/690/1960 256/699/1960 250/681/1960
f 259/705/1961 253/691/1961 251/684/1961
f 257/702/1962 260/709/1962 255/696/1962
f 256/700/1963 258/704/1963 257/701/1963
f 253/692/1964 261/713/1964 258/703/1964
f 266/731/1965 261/714/1965 259/706/1965
f 254/694/1966 260/710/1966 259/707/1966
f 257/702/1967 262/720/1967 260/712/1967
f 261/715/1968 262/721/1968 258/704/1968
f 260/711/1969 266/731/1969 259/708/1969
f 260/712/1970 2828/6016/1970 266/732/1970
f 264/724/1971 263/722/1971 2828/6017/1971
f 261/716/1972 265/727/1972 264/725/1972
f 261/717/1973 297/806/1973 265/728/1973
f 298/812/1974 267/735/1974 266/733/1974
f 296/800/1975 295/788/1975 298/812/1975
f 293/781/1976 292/778/1976 297/807/1976
f 267/735/1977 297/808/1977 266/734/1977
f 162/448/1978 160/441/1978 126/286/1978
f 160/442/1979 159/440/1979 125/283/1979
f 158/439/1980 128/292/1980 125/284/1980
f 158/439/1981 162/449/1981 128/293/1981
f 295/789/1982 293/781/1982 297/808/1982
f 268/737/253 286/762/253 269/738/253
f 271/741/254 287/765/254 272/743/254
f 288/767/255 279/752/255 274/745/255
f 285/760/1983 294/785/1983 276/747/1983
f 289/768/1984 268/737/1984 270/740/1984
f 279/752/258 271/741/258 273/744/258
f 280/754/259 288/767/259 275/746/259
f 284/759/1985 285/760/1985 277/748/1985
f 290/772/261 289/769/261 278/750/261
f 286/762/262 280/754/262 281/755/262
f 287/765/263 284/759/263 282/756/263
f 296/801/1986 292/779/1986 271/742/1986
f 292/780/1987 293/782/1987 285/761/1987
f 286/763/1988 291/774/1988 296/802/1988
f 294/784/1989 293/783/1989 295/790/1989
f 289/770/1990 295/791/1990 291/775/1990
f 294/785/1991 290/772/1991 283/757/1991
f 325/862/1992 328/881/1992 322/855/1992
f 299/814/1993 312/829/1993 319/845/1993
f 301/817/254 313/831/254 315/835/254
f 303/819/281 322/853/281 320/849/281
f 305/821/1994 314/834/1994 321/851/1994
f 300/816/1995 319/846/1995 316/837/1995
f 302/818/1996 315/835/1996 322/853/1996
f 304/820/1997 320/849/1997 308/824/1997
f 306/822/285 321/851/285 317/841/285
f 307/823/1998 316/837/1998 318/844/1998
f 309/826/1999 308/824/1999 312/829/1999
f 310/827/2000 317/841/2000 313/831/2000
f 318/842/2001 316/838/2001 323/856/2001
f 313/832/2002 325/863/2002 315/836/2002
f 322/854/2003 315/836/2003 325/864/2003
f 321/852/2004 327/874/2004 325/865/2004
f 312/830/2005 308/825/2005 326/868/2005
f 314/833/2006 318/843/2006 329/885/2006
f 321/852/2007 314/833/2007 327/875/2007
f 323/856/2008 319/847/2008 324/859/2008
f 311/828/2009 318/844/2009 314/834/2009
f 326/869/2010 320/850/2010 322/855/2010
f 326/870/34 327/876/34 323/857/34
f 328/882/2011 329/886/2011 326/871/2011
f 327/877/2012 329/887/2012 328/883/2012
f 332/892/2013 334/901/2013 340/913/2013
f 342/920/302 335/904/302 343/922/302
f 338/909/302 339/911/302 352/954/302
f 340/913/302 334/901/302 346/936/302
f 331/889/2014 343/922/2014 333/897/2014
f 334/901/2015 2829/6018/2015 345/933/2015
f 348/944/302 353/958/302 352/954/302
f 332/891/2016 340/913/2016 344/929/2016
f 343/923/2017 1807/4290/2017 1808/4296/2017
f 340/914/2018 334/902/2018 1808/4297/2018
f 339/912/306 351/952/306 345/934/306
f 338/910/306 339/912/306 346/937/306
f 347/943/306 353/957/306 348/945/306
f 339/912/306 348/945/306 350/951/306
f 341/916/306 330/888/306 352/955/306
f 330/888/306 359/976/306 353/959/306
f 333/898/2019 332/891/2019 344/930/2019
f 333/898/2020 1808/4298/2020 332/892/2020
f 1806/4285/2021 2830/6022/2021 333/899/2021
f 342/921/2022 2830/6023/2022 1806/4286/2022
f 345/932/306 349/950/306 346/937/306
f 354/960/2023 2831/6024/2023 373/1013/2023
f 364/989/2024 370/1003/2024 1761/4235/2024
f 355/962/2025 358/973/2025 371/1007/2025
f 365/991/2026 360/978/2026 371/1008/2026
f 1758/4221/2027 374/1018/2027 1761/4236/2027
f 362/984/2028 368/1000/2028 356/965/2028
f 345/933/2029 2829/6018/2029 370/1003/2029
f 358/974/2030 1761/4237/2030 1759/4226/2030
f 363/986/302 373/1015/302 372/1011/302
f 365/991/2031 354/960/2031 363/987/2031
f 362/985/306 368/1001/306 363/988/306
f 357/970/2032 358/975/2032 1759/4227/2032
f 1761/4238/2033 364/990/2033 1758/4222/2033
f 366/996/306 365/992/306 367/999/306
f 1759/4228/2034 370/1004/2034 364/990/2034
f 368/1001/306 361/981/306 345/934/306
f 367/999/306 365/992/306 371/1009/306
f 361/981/306 368/1001/306 362/985/306
f 371/1010/306 358/975/306 357/970/306
f 1758/4222/2035 364/990/2035 361/982/2035
f 350/951/306 372/1012/306 368/1001/306
f 366/997/2036 354/961/2036 365/992/2036
f 374/1019/2037 1758/4223/2037 361/983/2037
f 1759/4229/2038 1761/4239/2038 370/1005/2038
f 366/997/306 363/988/306 373/1014/306
f 384/1051/2039 396/1098/2039 376/1027/2039
f 386/1055/302 380/1039/302 375/1021/302
f 382/1043/302 388/1065/302 383/1045/302
f 384/1051/2040 381/1042/2040 395/1094/2040
f 386/1055/2041 393/1084/2041 1850/4322/2041
f 379/1037/2042 377/1030/2042 396/1098/2042
f 380/1040/2043 1850/4323/2043 1849/4319/2043
f 383/1045/302 353/958/302 348/944/302
f 385/1053/302 397/1100/302 383/1046/302
f 395/1095/306 382/1044/306 394/1090/306
f 382/1044/306 390/1072/306 383/1047/306
f 385/1054/306 397/1101/306 375/1022/306
f 386/1056/2044 380/1041/2044 1849/4315/2044
f 1849/4316/2045 384/1052/2045 387/1060/2045
f 388/1066/306 385/1054/306 389/1069/306
f 1849/4317/2046 396/1099/2046 384/1052/2046
f 392/1076/2047 386/1056/2047 2897/6146/2047
f 2897/6146/2048 386/1056/2048 1849/4318/2048
f 394/1090/306 382/1044/306 383/1048/306
f 389/1069/306 385/1054/306 392/1077/306
f 395/1096/306 390/1072/306 382/1044/306
f 387/1060/306 384/1052/306 378/1034/306
f 350/951/306 348/945/306 390/1072/306
f 353/959/306 359/976/306 397/1101/306
f 1849/4319/2049 1850/4323/2049 376/1028/2049
f 1849/4320/2050 387/1061/2050 393/1085/2050
f 375/1023/302 389/1070/302 392/1078/302
f 2897/6147/2051 393/1086/2051 392/1079/2051
f 388/1067/306 394/1091/306 383/1048/306
f 2832/6029/2052 401/1113/2052 407/1124/2052
f 398/1105/2025 410/1129/2025 399/1110/2025
f 407/1124/302 401/1113/302 412/1136/302
f 399/1110/2053 410/1129/2053 2832/6030/2053
f 415/1150/2054 1803/4269/2054 402/1115/2054
f 401/1113/2042 377/1030/2042 379/1037/2042
f 1800/4255/2055 2832/6031/2055 410/1130/2055
f 372/1011/302 373/1015/302 416/1155/302
f 402/1116/2056 407/1124/2056 415/1151/2056
f 411/1132/2057 407/1124/2057 402/1116/2057
f 414/1145/302 408/1125/302 2833/6037/302
f 416/1156/306 414/1146/306 2833/6038/306
f 398/1106/306 2833/6039/306 413/1141/306
f 405/1120/306 406/1122/306 412/1137/306
f 406/1122/306 372/1012/306 350/951/306
f 408/1126/306 409/1127/306 416/1157/306
f 409/1127/306 2831/6025/306 373/1016/306
f 413/1142/2058 1798/4248/2058 1803/4270/2058
f 2832/6032/2059 411/1132/2059 1798/4249/2059
f 1803/4271/2060 411/1133/2060 1800/4256/2060
f 379/1038/2061 415/1152/2061 412/1137/2061
f 423/1178/2062 425/1183/2062 426/1186/2062
f 427/1189/2063 2834/6040/2063 418/1161/2063
f 2834/6041/2064 427/1190/2064 420/1169/2064
f 424/1181/368 2836/6047/368 425/1184/368
f 421/1172/370 419/1164/370 423/1179/370
f 429/1195/2065 433/1203/2065 434/1207/2065
f 425/1184/33 2836/6047/33 430/1197/33
f 424/1182/372 423/1180/372 419/1165/372
f 2835/6044/2066 437/1212/2066 422/1176/2066
f 437/1212/373 427/1191/373 418/1162/373
f 432/1200/34 2837/6050/34 431/1198/34
f 433/1204/2067 419/1166/2067 421/1173/2067
f 2834/6042/2068 420/1170/2068 435/1210/2068
f 431/1198/34 428/1193/34 434/1208/34
f 435/1210/376 420/1170/376 426/1187/376
f 417/1159/377 432/1201/377 434/1209/377
f 437/1213/2069 2835/6045/2069 417/1160/2069
f 2834/6042/2070 436/1211/2070 418/1163/2070
f 417/1158/378 420/1171/378 427/1192/378
f 419/1167/2071 433/1205/2071 429/1196/2071
f 417/1159/302 421/1174/302 426/1188/302
f 2835/6046/2072 432/1202/2072 417/1160/2072
f 439/1216/2073 448/1241/2073 450/1249/2073
f 451/1252/2074 441/1219/2074 448/1242/2074
f 441/1219/2075 447/1236/2075 448/1243/2075
f 451/1253/2076 447/1236/2076 441/1219/2076
f 445/1228/2077 442/1220/2077 450/1250/2077
f 447/1237/2078 449/1246/2078 448/1244/2078
f 442/1221/383 445/1229/383 446/1233/383
f 443/1224/2079 446/1234/2079 447/1238/2079
f 445/1230/386 449/1247/386 447/1239/386
f 454/1263/2080 460/1280/2080 453/1260/2080
f 452/1256/2081 458/1273/2081 453/1261/2081
f 464/1289/2082 463/1286/2082 459/1276/2082
f 459/1277/2083 456/1268/2083 462/1285/2083
f 461/1283/2084 458/1274/2084 456/1269/2084
f 459/1278/2085 463/1287/2085 461/1283/2085
f 464/1290/2086 454/1264/2086 463/1288/2086
f 458/1274/2087 452/1257/2087 456/1270/2087
f 477/1325/2088 473/1314/2088 474/1318/2088
f 466/1295/306 499/1394/306 467/1297/306
f 478/1329/302 485/1351/302 469/1303/302
f 469/1304/34 486/1353/34 470/1305/34
f 473/1315/2089 496/1382/2089 472/1309/2089
f 475/1320/33 474/1319/33 472/1311/33
f 480/1335/33 495/1380/33 493/1370/33
f 496/1383/2090 501/1398/2090 482/1346/2090
f 503/1403/34 500/1396/34 483/1348/34
f 477/1326/2091 484/1350/2091 501/1399/2091
f 485/1351/373 497/1387/373 486/1354/373
f 481/1340/2092 493/1372/2092 500/1395/2092
f 528/1495/33 489/1359/33 495/1381/33
f 467/1298/34 499/1393/34 487/1355/34
f 497/1386/33 485/1352/33 465/1293/33
f 489/1360/306 494/1373/306 490/1363/306
f 494/1374/34 524/1481/34 492/1367/34
f 498/1392/2093 477/1327/2093 493/1371/2093
f 489/1360/2094 528/1496/2094 524/1482/2094
f 488/1357/373 475/1321/373 476/1322/373
f 483/1348/34 470/1305/34 487/1355/34
f 492/1367/34 524/1481/34 526/1488/34
f 465/1294/2095 493/1371/2095 477/1327/2095
f 491/1365/2096 472/1310/2096 496/1384/2096
f 488/1356/34 487/1355/34 470/1305/34
f 526/1489/372 524/1482/372 528/1496/372
f 488/1357/373 486/1354/373 497/1387/373
f 466/1296/33 476/1323/33 472/1311/33
f 482/1347/2097 479/1333/2097 496/1385/2097
f 490/1362/34 492/1367/34 487/1355/34
f 471/1306/2098 500/1395/2098 493/1372/2098
f 500/1396/34 471/1307/34 470/1305/34
f 491/1366/306 490/1363/306 499/1394/306
f 529/1498/306 530/1501/306 494/1375/306
f 510/1440/2099 153/409/2099 533/1510/2099
f 502/1400/302 481/1341/302 503/1404/302
f 503/1405/34 526/1490/34 504/1406/34
f 507/1419/33 513/1452/33 508/1425/33
f 502/1401/2100 155/431/2100 519/1472/2100
f 512/1451/2101 153/412/2101 508/1425/2101
f 516/1459/34 531/1503/34 514/1455/34
f 153/410/2102 506/1416/2102 532/1506/2102
f 511/1447/2103 535/1517/2103 534/1513/2103
f 513/1453/302 507/1420/302 531/1502/302
f 527/1492/2104 383/1049/2104 517/1464/2104
f 494/1376/34 530/1500/34 518/1467/34
f 480/1336/33 481/1342/33 519/1472/33
f 383/1050/2105 521/1476/2105 520/1475/2105
f 521/1477/34 523/1479/34 522/1478/34
f 510/1439/2106 151/390/2106 508/1427/2106
f 513/1454/372 516/1460/372 515/1457/372
f 383/1050/2107 527/1493/2107 523/1480/2107
f 155/430/2108 510/1440/2108 533/1511/2108
f 506/1417/2109 153/411/2109 517/1465/2109
f 504/1406/34 518/1467/34 522/1478/34
f 519/1473/33 509/1430/33 528/1497/33
f 507/1419/2110 508/1426/2110 155/431/2110
f 522/1478/34 523/1479/34 515/1456/34
f 511/1448/2111 152/399/2111 509/1431/2111
f 155/432/2112 508/1427/2112 151/390/2112
f 525/1486/2113 154/422/2113 506/1418/2113
f 524/1483/34 518/1467/34 504/1406/34
f 517/1466/2114 153/412/2114 512/1451/2114
f 515/1457/372 523/1480/372 527/1493/372
f 524/1484/421 526/1491/421 480/1337/421
f 529/1499/33 489/1361/33 509/1432/33
f 532/1507/2115 152/400/2115 511/1449/2115
f 520/1474/34 522/1478/34 518/1467/34
f 505/1407/302 531/1502/302 507/1420/302
f 531/1503/34 505/1408/34 504/1406/34
f 525/1487/306 520/1475/306 530/1501/306
f 536/1519/2116 537/1522/2116 546/1557/2116
f 544/1550/2117 2838/6053/2117 542/1540/2117
f 536/1520/2118 538/1525/2118 541/1536/2118
f 536/1521/2119 544/1551/2119 539/1529/2119
f 545/1553/2120 546/1558/2120 540/1532/2120
f 546/1559/2121 541/1537/2121 540/1532/2121
f 2838/6054/2122 545/1554/2122 540/1533/2122
f 542/1541/2123 540/1534/2123 543/1545/2123
f 539/1530/2124 542/1542/2124 543/1546/2124
f 541/1538/2125 538/1526/2125 543/1547/2125
f 559/1598/2126 2839/6058/2126 552/1571/2126
f 558/1593/2127 551/1568/2127 552/1572/2127
f 549/1562/2128 558/1594/2128 555/1584/2128
f 554/1580/2129 556/1589/2129 2839/6059/2129
f 559/1599/306 558/1595/306 550/1566/306
f 571/1639/2130 564/1611/2130 568/1627/2130
f 574/1648/2131 568/1628/2131 567/1622/2131
f 562/1603/2132 573/1646/2132 569/1630/2132
f 574/1648/2133 571/1640/2133 568/1629/2133
f 573/1647/2134 567/1623/2134 569/1630/2134
f 569/1631/2135 567/1624/2135 570/1636/2135
f 566/1620/2136 565/1615/2136 570/1637/2136
f 574/1649/306 572/1642/306 571/1641/306
f 586/1691/2137 2840/6060/2137 585/1687/2137
f 579/1661/2138 582/1673/2138 583/1676/2138
f 583/1677/2139 582/1674/2139 584/1681/2139
f 589/1695/2140 580/1665/2140 584/1682/2140
f 581/1669/2141 583/1678/2141 584/1683/2141
f 647/1835/477 597/1711/477 630/1798/477
f 651/1843/2142 650/1842/2142 628/1793/2142
f 648/1837/2143 647/1836/2143 590/1697/2143
f 651/1843/2144 633/1804/2144 643/1826/2144
f 591/1700/2145 648/1837/2145 603/1738/2145
f 639/1817/2146 638/1815/2146 643/1826/2146
f 649/1840/483 591/1700/483 644/1828/483
f 652/1845/2147 639/1817/2147 605/1744/2147
f 642/1825/2148 649/1840/2148 592/1701/2148
f 652/1845/486 631/1800/486 632/1802/486
f 636/1810/487 642/1825/487 593/1703/487
f 646/1833/2149 635/1808/2149 627/1790/2149
f 637/1813/489 636/1810/489 629/1796/489
f 595/1708/2150 627/1790/2150 630/1798/2150
f 640/1818/2151 634/1807/2151 635/1808/2151
f 650/1842/2152 637/1813/2152 596/1709/2152
f 598/1714/2153 601/1727/2153 602/1734/2153
f 641/1821/2154 599/1720/2154 601/1728/2154
f 630/1799/2155 627/1791/2155 610/1756/2155
f 590/1698/2156 630/1799/2156 620/1780/2156
f 628/1794/2157 617/1774/2157 621/1782/2157
f 590/1698/2158 618/1776/2158 619/1778/2158
f 643/1827/2159 633/1805/2159 621/1782/2159
f 603/1739/2160 619/1778/2160 604/1741/2160
f 643/1827/2161 609/1754/2161 607/1749/2161
f 605/1745/2162 607/1749/2162 614/1765/2162
f 2841/6062/2163 623/1785/2163 606/1746/2163
f 613/1762/2164 624/1789/2164 611/1758/2164
f 615/1769/2165 606/1746/2165 623/1786/2165
f 594/1706/2166 632/1802/2166 2841/6064/2166
f 596/1710/2167 611/1759/2167 628/1795/2167
f 629/1797/522 593/1704/522 616/1772/522
f 631/1801/523 614/1766/523 612/1761/523
f 596/1710/524 629/1797/524 613/1763/524
f 634/1806/2168 606/1747/2168 615/1770/2168
f 601/1729/2169 598/1715/2169 636/1811/2169
f 597/1712/2170 602/1735/2170 600/1724/2170
f 641/1822/2171 601/1730/2171 651/1844/2171
f 598/1716/2172 602/1736/2172 648/1838/2172
f 600/1725/2173 599/1721/2173 640/1819/2173
f 599/1722/2174 641/1823/2174 652/1846/2174
f 592/1702/2175 644/1829/2175 604/1742/2175
f 635/1809/2176 615/1770/2176 627/1792/2176
f 593/1704/547 592/1702/547 608/1752/547
f 632/1803/2177 612/1761/2177 2841/6063/2177
f 645/1831/2178 2841/6064/2178 634/1807/2178
f 653/1850/2179 667/1905/2179 668/1909/2179
f 664/1896/2180 663/1891/2180 665/1898/2180
f 655/1854/559 658/1868/559 669/1914/559
f 656/1858/2181 653/1849/2181 668/1909/2181
f 660/1876/2182 665/1899/2182 667/1906/2182
f 653/1850/2183 660/1877/2183 667/1906/2183
f 661/1881/2184 655/1855/2184 659/1871/2184
f 656/1859/2185 668/1910/2185 662/1884/2185
f 2842/6065/2186 673/1927/2186 662/1885/2186
f 669/1915/2187 673/1928/2187 672/1922/2187
f 667/1907/2188 671/1920/2188 673/1929/2188
f 666/1902/2189 659/1872/2189 672/1923/2189
f 662/1886/2190 668/1911/2190 673/1930/2190
f 663/1892/306 666/1903/306 671/1921/306
f 679/1949/2191 686/1982/2191 687/1985/2191
f 680/1954/2192 684/1973/2192 689/1994/2192
f 679/1950/577 675/1934/577 685/1976/577
f 680/1954/2193 689/1993/2193 688/1990/2193
f 681/1958/2194 687/1986/2194 682/1960/2194
f 677/1944/2195 682/1961/2195 683/1964/2195
f 675/1935/2196 678/1946/2196 690/1999/2196
f 684/1974/2197 683/1965/2197 689/1994/2197
f 693/2007/2198 691/2002/2198 683/1966/2198
f 693/2008/2199 682/1962/2199 695/2016/2199
f 692/2004/2200 696/2021/2200 685/1977/2200
f 692/2005/2201 685/1977/2201 690/2000/2201
f 689/1995/2202 683/1967/2202 694/2012/2202
f 685/1978/2203 696/2022/2203 695/2017/2203
f 686/1983/2203 685/1979/2203 695/2017/2203
f 682/1963/2204 687/1987/2204 695/2018/2204
f 690/2001/589 688/1991/589 694/2011/589
f 683/1968/2205 695/2019/2205 694/2012/2205
f 683/1969/2206 691/2003/2206 695/2019/2206
f 699/2032/302 698/2028/302 704/2048/302
f 699/2032/302 702/2040/302 698/2029/302
f 699/2033/372 707/2060/372 700/2034/372
f 701/2039/2207 698/2030/2207 708/2063/2207
f 704/2049/2208 701/2039/2208 703/2043/2208
f 702/2041/2209 700/2035/2209 706/2057/2209
f 704/2050/2210 703/2044/2210 707/2061/2210
f 709/2070/2211 706/2058/2211 700/2036/2211
f 703/2045/2212 709/2071/2212 700/2037/2212
f 714/2081/302 713/2078/302 712/2076/302
f 720/2102/372 719/2100/372 722/2109/372
f 715/2085/2213 721/2106/2213 716/2089/2213
f 714/2082/372 722/2109/372 717/2092/372
f 715/2086/2214 716/2089/2214 725/2116/2214
f 720/2103/2215 712/2077/2215 725/2117/2215
f 715/2087/2216 718/2097/2216 717/2093/2216
f 721/2107/2217 717/2094/2217 725/2118/2217
f 728/2129/302 726/2121/302 731/2140/302
f 728/2130/372 732/2145/372 730/2139/372
f 727/2126/2218 734/2152/2218 733/2147/2218
f 726/2122/2219 733/2147/2219 735/2157/2219
f 731/2141/2220 726/2123/2220 735/2158/2220
f 740/2173/302 739/2168/302 738/2164/302
f 740/2173/302 741/2175/302 739/2169/302
f 740/2174/372 748/2201/372 743/2181/372
f 744/2185/2221 739/2170/2221 749/2206/2221
f 738/2165/2222 744/2185/2222 749/2207/2222
f 739/2171/2223 745/2187/2223 749/2208/2223
f 741/2176/372 743/2182/372 746/2191/372
f 747/2198/2224 741/2177/2224 746/2192/2224
f 747/2199/2225 746/2193/2225 745/2188/2225
f 743/2183/602 748/2202/602 749/2209/602
f 745/2189/2226 746/2194/2226 749/2210/2226
f 752/2213/617 754/2217/617 753/2215/617
f 754/2217/2227 767/2254/2227 753/2216/2227
f 767/2253/2228 769/2262/2228 770/2266/2228
f 756/2219/620 2844/6070/620 755/2218/620
f 758/2223/651 756/2220/651 757/2221/651
f 759/2226/625 752/2214/625 765/2242/625
f 807/2404/2229 760/2228/2229 795/2354/2229
f 811/2419/657 766/2246/657 771/2268/657
f 766/2247/2230 768/2258/2230 771/2269/2230
f 811/2420/2231 771/2270/2231 769/2263/2231
f 753/2215/617 785/2325/617 773/2275/617
f 753/2216/2227 779/2301/2227 785/2325/2227
f 786/2327/2232 2844/6070/2232 756/2219/2232
f 772/2272/2233 756/2220/2233 758/2223/2233
f 774/2280/302 776/2288/302 816/2437/302
f 776/2289/2234 774/2281/2234 2845/6073/2234
f 766/2248/2235 777/2293/2235 768/2259/2235
f 766/2249/2236 780/2308/2236 782/2318/2236
f 781/2314/2237 780/2309/2237 779/2302/2237
f 782/2319/373 780/2310/373 781/2315/373
f 773/2276/34 785/2326/34 783/2321/34
f 784/2324/34 817/2438/34 783/2320/34
f 787/2329/2238 803/2388/2238 788/2336/2238
f 803/2389/2239 800/2376/2239 801/2380/2239
f 790/2339/372 810/2414/372 2847/6080/372
f 760/2227/2240 790/2340/2240 804/2393/2240
f 759/2225/2241 764/2239/2241 809/2411/2241
f 2845/6074/2242 758/2224/2242 761/2232/2242
f 787/2331/2243 789/2337/2243 792/2344/2243
f 794/2351/2244 796/2358/2244 791/2342/2244
f 796/2357/302 792/2345/302 795/2355/302
f 805/2398/2245 788/2334/2245 797/2363/2245
f 798/2371/2246 797/2365/2246 2846/6076/2246
f 797/2364/2230 799/2372/2230 2846/6077/2230
f 798/2370/2247 2846/6078/2247 800/2377/2247
f 797/2365/2248 798/2371/2248 802/2382/2248
f 799/2373/2249 788/2335/2249 803/2390/2249
f 787/2330/2250 796/2358/2250 794/2351/2250
f 794/2352/33 818/2439/33 802/2383/33
f 767/2254/2227 754/2217/2227 788/2336/2227
f 757/2221/2251 790/2340/2251 760/2227/2251
f 813/2425/2252 815/2432/2252 812/2421/2252
f 808/2407/302 807/2405/302 793/2350/302
f 808/2408/302 806/2401/302 807/2406/302
f 809/2412/302 807/2406/302 806/2401/302
f 805/2399/2253 812/2422/2253 767/2255/2253
f 757/2222/620 755/2218/620 810/2414/620
f 797/2366/2236 814/2429/2236 813/2426/2236
f 815/2433/2237 814/2430/2237 812/2423/2237
f 813/2427/373 814/2431/373 815/2434/373
f 759/2226/2254 809/2413/2254 806/2402/2254
f 754/2217/617 752/2213/617 789/2338/617
f 783/2321/34 772/2273/34 775/2284/34
f 817/2438/34 786/2328/34 772/2274/34
f 818/2439/33 794/2352/33 804/2394/33
f 796/2359/2255 787/2331/2255 792/2346/2255
f 760/2228/2256 791/2343/2256 795/2356/2256
f 752/2214/2243 763/2237/2243 762/2235/2243
f 758/2224/2257 764/2239/2257 765/2243/2257
f 774/2282/302 775/2285/302 758/2224/302
f 776/2290/302 763/2237/302 773/2277/302
f 819/2440/2258 821/2444/2258 822/2445/2258
f 821/2444/2259 837/2492/2259 822/2446/2259
f 837/2491/2260 839/2500/2260 823/2449/2260
f 825/2451/620 2848/6081/620 824/2450/620
f 827/2455/621 825/2452/621 826/2453/621
f 830/2463/2255 819/2441/2255 834/2476/2255
f 875/2624/2261 855/2557/2261 861/2574/2261
f 834/2477/302 831/2468/302 830/2464/302
f 833/2472/302 830/2464/302 831/2468/302
f 843/2516/2262 835/2479/2262 836/2483/2262
f 845/2527/2263 838/2496/2263 835/2479/2263
f 836/2484/2264 835/2480/2264 2849/6083/2264
f 835/2481/2265 838/2497/2265 2849/6084/2265
f 836/2485/2247 2849/6085/2247 839/2501/2247
f 822/2445/2266 850/2543/2266 840/2502/2266
f 822/2446/2267 844/2521/2267 850/2543/2267
f 847/2533/2252 2850/6086/2252 844/2522/2252
f 2852/6093/620 2848/6081/620 825/2451/620
f 852/2549/621 825/2452/621 827/2455/621
f 841/2507/2268 2851/6091/2268 842/2511/2268
f 842/2512/2269 848/2540/2269 841/2507/2269
f 843/2517/2270 846/2529/2270 847/2534/2270
f 2850/6087/2237 846/2530/2237 844/2523/2237
f 847/2535/373 846/2531/373 2850/6088/373
f 840/2503/34 850/2544/34 849/2542/34
f 851/2547/34 883/2645/34 849/2541/34
f 868/2600/617 869/2604/617 853/2553/617
f 869/2604/2227 864/2587/2227 853/2552/2227
f 864/2588/2228 866/2595/2228 867/2599/2228
f 854/2554/2271 876/2625/2271 871/2609/2271
f 855/2556/621 854/2555/621 859/2567/621
f 830/2465/2272 832/2471/2272 874/2620/2272
f 2851/6092/2273 827/2456/2273 831/2469/2273
f 868/2602/685 856/2558/685 861/2575/685
f 858/2563/33 828/2457/33 829/2460/33
f 857/2561/302 860/2571/302 861/2576/302
f 863/2584/2246 862/2580/2246 2853/6096/2246
f 862/2579/2230 865/2591/2230 2853/6097/2230
f 863/2583/2247 2853/6098/2247 866/2596/2247
f 862/2580/2248 863/2584/2248 870/2606/2248
f 868/2601/33 828/2457/33 858/2563/33
f 858/2564/33 884/2646/33 870/2607/33
f 837/2492/2274 821/2444/2274 853/2553/2274
f 826/2453/621 854/2555/621 855/2556/621
f 880/2638/2275 879/2634/2275 878/2630/2275
f 836/2486/2276 837/2493/2276 873/2614/2276
f 877/2628/2277 878/2631/2277 837/2494/2277
f 826/2454/620 824/2450/620 876/2625/620
f 836/2487/2278 873/2614/2278 862/2581/2278
f 862/2581/2235 877/2628/2235 865/2592/2235
f 873/2615/2279 879/2635/2279 881/2641/2279
f 821/2444/617 819/2440/617 856/2559/617
f 849/2542/34 852/2550/34 882/2643/34
f 883/2645/34 2852/6094/34 852/2551/34
f 884/2646/33 858/2564/33 859/2568/33
f 828/2458/625 868/2602/625 860/2572/625
f 855/2557/690 829/2461/690 857/2562/690
f 819/2441/2243 820/2443/2243 834/2478/2243
f 827/2456/2256 832/2471/2256 833/2473/2256
f 841/2508/2257 882/2644/2257 827/2456/2257
f 842/2513/2280 820/2443/2280 840/2504/2280
f 887/2657/2281 889/2667/2281 885/2647/2281
f 889/2668/2282 888/2663/2282 885/2648/2282
f 888/2664/2283 887/2658/2283 886/2653/2283
f 892/2679/2284 890/2670/2284 887/2659/2284
f 890/2671/2285 891/2675/2285 889/2669/2285
f 888/2665/2286 891/2676/2286 892/2680/2286
f 892/2681/2287 891/2677/2287 890/2672/2287
f 885/2649/2288 897/2694/2288 898/2698/2288
f 886/2654/2289 887/2660/2289 896/2689/2289
f 887/2660/2290 885/2650/2290 898/2699/2290
f 897/2695/771 899/2702/771 901/2713/771
f 896/2690/2291 898/2700/2291 900/2708/2291
f 897/2696/2292 895/2687/2292 899/2703/2292
f 895/2688/2293 896/2690/2293 900/2709/2293
f 899/2704/2294 903/2719/2294 901/2714/2294
f 907/2733/2295 908/2738/2295 906/2726/2295
f 905/2722/2296 910/2743/2296 907/2734/2296
f 905/2723/2297 910/2744/2297 911/2747/2297
f 908/2739/2298 910/2744/2298 905/2723/2298
f 907/2735/2299 912/2750/2299 914/2759/2299
f 908/2740/2300 914/2760/2300 911/2748/2300
f 911/2749/2301 913/2754/2301 910/2745/2301
f 907/2736/2302 913/2755/2302 912/2750/2302
f 905/2724/2303 920/2776/2303 906/2727/2303
f 906/2728/2304 917/2764/2304 918/2767/2304
f 917/2764/2305 906/2729/2305 919/2772/2305
f 905/2725/2306 920/2777/2306 922/2782/2306
f 919/2771/2307 922/2783/2307 923/2785/2307
f 918/2768/2308 923/2786/2308 921/2779/2308
f 917/2765/2309 919/2772/2309 923/2787/2309
f 920/2778/2301 918/2769/2301 921/2779/2301
f 918/2770/2310 917/2765/2310 923/2788/2310
f 921/2780/2311 923/2789/2311 922/2784/2311
f 925/2790/2312 928/2807/2312 926/2798/2312
f 927/2803/2313 926/2799/2313 930/2813/2313
f 930/2814/2314 928/2808/2314 925/2791/2314
f 931/2816/2315 932/2820/2315 930/2815/2315
f 932/2821/2316 933/2824/2316 928/2809/2316
f 926/2800/2317 933/2825/2317 931/2817/2317
f 933/2826/2318 932/2822/2318 931/2818/2318
f 927/2804/2319 925/2792/2319 936/2834/2319
f 925/2793/2320 929/2810/2320 935/2831/2320
f 935/2832/2321 927/2805/2321 938/2842/2321
f 925/2794/2322 937/2840/2322 936/2835/2322
f 936/2836/2323 940/2848/2323 941/2852/2323
f 936/2837/2324 941/2852/2324 938/2843/2324
f 941/2853/2325 940/2849/2325 942/2859/2325
f 948/2875/2326 949/2877/2326 945/2862/2326
f 945/2863/2327 949/2878/2327 947/2869/2327
f 949/2879/2328 951/2885/2328 947/2869/2328
f 954/2897/2329 950/2883/2329 947/2870/2329
f 950/2884/771 952/2888/771 948/2876/771
f 952/2889/716 953/2893/716 949/2880/716
f 953/2894/2330 954/2897/2330 947/2871/2330
f 952/2890/2331 955/2900/2331 953/2895/2331
f 945/2863/2332 946/2865/2332 957/2904/2332
f 946/2866/2333 947/2872/2333 960/2913/2333
f 945/2864/2334 959/2909/2334 960/2914/2334
f 959/2910/718 963/2927/718 961/2919/718
f 958/2906/2335 960/2915/2335 2854/6101/2335
f 957/2905/2336 958/2906/2336 962/2923/2336
f 962/2924/2337 964/2931/2337 963/2928/2337
f 961/2920/2338 963/2929/2338 964/2932/2338
f 967/2938/2339 968/2944/2339 970/2952/2339
f 967/2939/2340 970/2953/2340 973/2959/2340
f 966/2935/2341 973/2960/2341 968/2945/2341
f 971/2955/2342 976/2975/2342 972/2957/2342
f 970/2954/2343 976/2976/2343 974/2964/2343
f 974/2965/2344 975/2968/2344 973/2961/2344
f 975/2969/2345 971/2955/2345 968/2946/2345
f 975/2970/2346 976/2977/2346 971/2955/2346
f 974/2966/2347 977/2979/2347 975/2971/2347
f 966/2936/2348 980/2984/2348 967/2940/2348
f 979/2980/2349 969/2949/2349 2855/6103/2349
f 980/2985/2350 985/3000/2350 984/2996/2350
f 979/2981/2351 2855/6103/2351 985/3001/2351
f 2855/6104/2352 981/2989/2352 983/2994/2352
f 985/3002/2353 986/3005/2353 984/2997/2353
f 990/3014/2354 995/3023/2354 992/3017/2354
f 992/3016/33 995/3024/33 993/3019/33
f 1012/3050/2355 1013/3052/2355 1007/3042/2355
f 988/3006/2356 996/3026/2356 1037/3078/2356
f 996/3026/34 988/3007/34 989/3009/34
f 1000/3032/2357 1016/3057/2357 1062/3082/2357
f 998/3028/2358 1018/3059/2358 1032/3075/2358
f 994/3021/306 1000/3033/306 1001/3034/306
f 1004/3038/2359 1021/3069/2359 1020/3064/2359
f 1003/3037/2360 1019/3061/2360 1022/3073/2360
f 1007/3041/2361 1017/3058/2361 1022/3072/2361
f 1009/3045/2362 1015/3056/2362 1020/3065/2362
f 1002/3035/306 1001/3034/306 998/3029/306
f 1011/3048/34 997/3027/34 989/3009/34
f 991/3015/2363 992/3017/2363 1012/3051/2363
f 989/3010/306 1002/3035/306 999/3030/306
f 1009/3045/2364 1020/3066/2364 1021/3070/2364
f 988/3008/306 994/3021/306 1002/3035/306
f 999/3031/2365 1032/3075/2365 1011/3048/2365
f 994/3022/2366 1037/3078/2366 1016/3057/2366
f 1001/3034/2367 991/3015/2367 1060/3079/2367
f 1017/3058/2368 1003/3036/2368 1022/3073/2368
f 1007/3041/2369 1022/3074/2369 1019/3062/2369
f 995/3025/800 990/3013/800 1062/3082/800
f 1060/3080/2370 1007/3042/2370 1018/3059/2370
f 1000/3033/306 990/3014/306 991/3015/306
f 1037/3078/2371 1021/3071/2371 1004/3038/2371
f 1032/3075/2372 1009/3045/2372 1005/3039/2372
f 1076/3086/2373 1020/3067/2373 1015/3056/2373
f 1032/3075/2374 1018/3059/2374 1015/3056/2374
f 997/3027/302 1011/3048/302 1005/3039/302
f 1037/3078/2375 996/3026/2375 1010/3047/2375
f 1076/3086/302 1016/3057/302 1004/3038/302
f 992/3018/2376 1003/3036/2376 1017/3058/2376
f 1007/3042/302 1013/3052/302 1017/3058/302
f 1076/3086/302 1018/3059/302 1006/3040/302
f 1062/3082/2377 1016/3057/2377 1008/3044/2377
f 992/3018/2378 993/3019/2378 1003/3037/2378
f 1062/3082/2379 1019/3063/2379 1003/3037/2379
f 1079/3092/306 1091/3119/306 1080/3093/306
f 1081/3095/2380 2865/6108/2380 1095/3126/2380
f 1100/3135/822 1101/3137/822 1082/3097/822
f 1085/3101/373 1077/3087/373 1083/3098/373
f 1080/3093/2381 2865/6109/2381 1081/3094/2381
f 1083/3098/34 1077/3088/34 1078/3090/34
f 1090/3116/2382 1104/3145/2382 1094/3125/2382
f 1088/3109/801 2862/6106/801 1118/3169/801
f 1085/3100/306 1090/3117/306 1092/3120/306
f 1108/3157/2383 1087/3106/2383 1107/3154/2383
f 1095/3127/2384 1094/3123/2384 1103/3142/2384
f 1094/3124/2385 1098/3131/2385 1109/3161/2385
f 1097/3130/2386 1105/3148/2386 1103/3143/2386
f 1098/3131/2387 1106/3149/2387 1109/3162/2387
f 1089/3112/306 1093/3121/306 1092/3120/306
f 1099/3132/34 1087/3105/34 1078/3090/34
f 1081/3095/2388 1105/3147/2388 1101/3137/2388
f 1079/3092/306 1081/3096/306 1100/3136/306
f 1102/3140/306 1078/3091/306 1093/3121/306
f 1118/3168/2389 1096/3128/2389 1108/3156/2389
f 1078/3091/306 1077/3089/306 1085/3100/306
f 1089/3113/2390 1118/3169/2390 1099/3132/2390
f 1085/3101/373 1084/3099/373 1104/3145/373
f 1092/3120/306 1079/3092/306 1086/3102/306
f 2865/6110/2391 1091/3118/2391 1094/3125/2391
f 1086/3103/2392 1082/3097/2392 2862/6106/2392
f 1090/3117/306 1091/3119/306 1079/3092/306
f 1084/3099/2393 1108/3157/2393 1096/3129/2393
f 1118/3169/2394 1107/3155/2394 1099/3133/2394
f 2862/6106/2395 1110/3163/2395 1096/3128/2395
f 1083/3098/2396 1087/3106/2396 1108/3157/2396
f 1110/3163/302 1104/3145/302 1096/3129/302
f 1082/3097/302 1097/3130/302 1106/3150/302
f 1104/3145/302 1110/3163/302 1106/3149/302
f 1082/3097/302 1101/3137/302 1105/3148/302
f 1110/3163/2397 2862/6106/2397 1106/3150/2397
f 1094/3125/302 1104/3145/302 1098/3131/302
f 1125/3172/2398 1124/3171/2398 1088/3110/2398
f 1142/3181/306 1155/3211/306 1143/3182/306
f 1144/3185/33 1143/3183/33 1145/3188/33
f 1165/3228/822 1166/3230/822 1147/3194/822
f 1150/3198/373 1140/3176/373 1148/3195/373
f 1148/3195/34 1140/3177/34 1141/3179/34
f 1154/3208/2399 1186/3254/2399 1158/3215/2399
f 1184/3250/2400 1169/3237/2400 1163/3225/2400
f 1150/3197/306 1154/3209/306 1156/3212/306
f 1158/3214/2401 1171/3245/2401 1168/3235/2401
f 1159/3216/2402 1152/3203/2402 1170/3241/2402
f 1158/3214/2403 1161/3222/2403 1171/3246/2403
f 1162/3223/2404 1160/3219/2404 1168/3236/2404
f 1153/3204/306 1157/3213/306 1156/3212/306
f 1164/3226/34 1152/3201/34 1141/3179/34
f 1144/3185/2405 1160/3218/2405 1166/3230/2405
f 1142/3181/306 1144/3186/306 1165/3229/306
f 1167/3233/306 1141/3180/306 1157/3213/306
f 1141/3180/306 1140/3178/306 1150/3197/306
f 1153/3205/2406 1163/3225/2406 1164/3226/2406
f 1150/3198/2407 1149/3196/2407 1186/3254/2407
f 1156/3212/306 1142/3181/306 1151/3199/306
f 1143/3184/2408 1155/3210/2408 1158/3215/2408
f 1151/3200/372 1147/3194/372 1169/3237/372
f 1154/3209/306 1155/3211/306 1142/3181/306
f 1159/3216/2409 1170/3242/2409 1146/3190/2409
f 1149/3196/2410 1159/3216/2410 1146/3193/2410
f 1169/3237/2411 1172/3247/2411 1146/3191/2411
f 1163/3225/2412 1169/3237/2412 1146/3192/2412
f 1164/3226/2413 1174/3248/2413 1152/3202/2413
f 1148/3195/2414 1152/3203/2414 1159/3216/2414
f 1172/3247/2415 1186/3254/2415 1146/3193/2415
f 1147/3194/302 1162/3223/302 1161/3221/302
f 1186/3254/2416 1172/3247/2416 1161/3220/2416
f 1147/3194/302 1166/3230/302 1160/3219/302
f 1172/3247/302 1169/3237/302 1161/3221/302
f 1158/3215/2417 1186/3254/2417 1161/3222/2417
f 1199/3255/2418 1225/3317/2418 1217/3291/2418
f 1201/3258/2419 1224/3315/2419 1230/3328/2419
f 1229/3325/33 2875/6112/33 1202/3259/33
f 1203/3260/2420 1226/3318/2420 1204/3262/2420
f 1217/3291/2421 1225/3317/2421 1205/3263/2421
f 1206/3264/2422 1226/3318/2422 1203/3260/2422
f 1221/3303/2423 1219/3297/2423 1216/3288/2423
f 1214/3283/2424 1215/3285/2424 1211/3277/2424
f 1212/3279/372 2875/6113/372 1229/3326/372
f 1210/3276/2425 1211/3278/2425 1216/3289/2425
f 1221/3304/372 1205/3263/372 1212/3279/372
f 1223/3314/2426 1204/3262/2426 1201/3258/2426
f 1215/3286/2427 1220/3300/2427 1228/3320/2427
f 1200/3256/860 1220/3301/860 1224/3316/860
f 1209/3272/2428 1202/3259/2428 1206/3264/2428
f 1200/3257/302 1228/3321/302 1220/3302/302
f 1213/3281/302 1218/3296/302 1221/3305/302
f 1208/3267/2429 1216/3289/2429 1219/3298/2429
f 1215/3287/2430 1228/3322/2430 1216/3289/2430
f 1210/3276/2431 1208/3267/2431 1209/3273/2431
f 1209/3274/2432 1208/3268/2432 1218/3295/2432
f 1229/3327/302 1232/3334/302 1218/3296/302
f 1217/3292/302 1221/3305/302 1228/3323/302
f 1214/3284/302 1222/3307/302 1230/3329/302
f 1231/3332/302 1207/3266/302 1203/3261/302
f 1233/3335/34 2876/6114/34 1262/3401/34
f 1234/3336/2433 2877/6115/2433 1258/3389/2433
f 1235/3338/33 2878/6116/33 1236/3341/33
f 1258/3389/2434 2877/6115/2434 1237/3342/2434
f 1261/3400/2435 2880/6120/2435 1238/3343/2435
f 1262/3401/372 2876/6114/372 1239/3344/372
f 1260/3395/2436 1246/3362/2436 1259/3391/2436
f 1240/3345/2423 1249/3371/2423 1246/3362/2423
f 1258/3390/2437 1247/3364/2437 2879/6118/2437
f 1244/3359/372 2878/6117/372 1235/3339/372
f 1245/3361/2425 2879/6119/2425 1246/3363/2425
f 1240/3346/372 1239/3344/372 1244/3359/372
f 1243/3358/2426 1238/3343/2426 1234/3336/2426
f 1247/3365/2427 1251/3375/2427 1259/3392/2427
f 1250/3373/34 1251/3376/34 1237/3342/34
f 1253/3383/2438 1236/3341/2438 2880/6121/2438
f 1250/3374/302 1259/3394/302 1251/3377/302
f 1252/3379/302 1248/3370/302 1240/3347/302
f 1242/3351/2429 1246/3363/2429 1249/3372/2429
f 1247/3366/2430 1259/3393/2430 1246/3363/2430
f 1245/3361/2431 1242/3351/2431 1253/3384/2431
f 1253/3385/2432 1242/3352/2432 1248/3369/2432
f 1262/3402/302 1260/3396/302 1259/3394/302
f 1260/3397/302 1262/3403/302 1240/3348/302
f 1235/3340/302 1263/3405/302 1248/3370/302
f 1264/3406/2439 1290/3464/2439 1297/3485/2439
f 1265/3407/2440 1289/3463/2440 1282/3449/2440
f 1295/3476/2441 1292/3465/2441 1266/3408/2441
f 1282/3449/2442 1289/3463/2442 1267/3409/2442
f 1298/3488/373 2881/6122/373 1269/3412/373
f 1297/3485/2443 1290/3464/2443 1270/3413/2443
f 1294/3472/2444 1281/3445/2444 1293/3467/2444
f 1272/3417/33 2881/6122/33 1298/3488/33
f 1276/3429/2445 1288/3462/2445 1273/3419/2445
f 1293/3468/2446 1283/3451/2446 1274/3422/2446
f 1296/3483/2447 1288/3461/2447 1276/3430/2447
f 1279/3442/2448 1292/3466/2448 1295/3477/2448
f 1278/3441/302 2882/6124/302 1281/3447/302
f 1275/3426/2449 1270/3413/2449 1279/3442/2449
f 1277/3438/2426 1269/3412/2426 1265/3407/2426
f 1268/3411/34 1267/3409/34 1264/3406/34
f 1285/3455/33 1286/3457/33 1266/3408/33
f 1276/3431/2450 1273/3418/2450 1281/3446/2450
f 1280/3444/302 1276/3432/302 1275/3427/302
f 1287/3460/302 1274/3423/302 1277/3439/302
f 1283/3452/2451 1293/3469/2451 1281/3447/2451
f 1278/3441/2452 1273/3419/2452 1288/3462/2452
f 1297/3486/302 1294/3473/302 1293/3470/302
f 1294/3474/302 1297/3487/302 1275/3428/302
f 1276/3433/302 1295/3478/302 1286/3458/302
f 1271/3415/302 1277/3439/302 1296/3484/302
f 1282/3450/302 1293/3471/302 1274/3424/302
f 1271/3416/302 1285/3456/302 1298/3489/302
f 1303/3490/2453 1304/3491/2453 1305/3492/2453
f 1309/3493/2454 1310/3494/2454 1311/3495/2454
f 1314/3497/2455 1315/3498/2455 1312/3496/2455
f 1320/3499/2456 1321/3500/2456 1323/3501/2456
f 1354/3503/2457 1356/3504/2457 1353/3502/2457
f 1376/3512/2458 1374/3509/2458 1373/3508/2458
f 1378/3515/2459 1377/3514/2459 1379/3516/2459
f 1379/3517/2460 1380/3518/2460 1381/3519/2460
f 1381/3520/2461 1382/3521/2461 1384/3524/2461
f 1389/3532/2462 1387/3528/2462 1388/3530/2462
f 1400/3542/2463 1413/3554/2463 1399/3541/2463
f 1408/3547/2464 1406/3545/2464 1407/3546/2464
f 1414/3555/2465 1498/3712/2465 1467/3646/2465
f 1415/3557/2466 1459/3629/2466 1416/3558/2466
f 1416/3559/2467 1459/3630/2467 1417/3560/2467
f 1419/3563/2468 1444/3603/2468 1420/3564/2468
f 1421/3566/977 1539/3799/977 1422/3567/977
f 1423/3569/2469 1420/3565/2469 1424/3571/2469
f 1424/3571/2470 1427/3576/2470 1468/3648/2470
f 1426/3574/2471 1468/3648/2471 1427/3576/2471
f 1470/3652/2472 1431/3582/2472 1469/3651/2472
f 1471/3654/2473 2888/6131/2473 1465/3642/2473
f 1472/3657/2474 1469/3651/2474 1431/3582/2474
f 1484/3686/2475 1511/3740/2475 1540/3800/2475
f 1434/3588/2476 1435/3590/2476 1432/3584/2476
f 1431/3582/2477 1470/3652/2477 1491/3699/2477
f 1553/3825/2478 1450/3612/2478 1439/3596/2478
f 1439/3596/2479 1457/3624/2479 1441/3599/2479
f 1457/3625/2480 1463/3638/2480 1442/3601/2480
f 1419/3563/2481 1422/3567/2481 1443/3602/2481
f 1445/3604/2482 1458/3628/2482 1549/3818/2482
f 1448/3609/2483 2886/6128/2483 1563/3842/2483
f 1443/3602/2484 1422/3567/2484 1418/3561/2484
f 1538/3797/934 1455/3621/934 1495/3705/934
f 1496/3707/2485 1475/3662/2485 1449/3611/2485
f 1435/3590/2486 1469/3651/2486 1472/3657/2486
f 1450/3612/915 1437/3593/915 1428/3578/915
f 1437/3593/915 1450/3612/915 1553/3825/915
f 1500/3716/2487 1522/3759/2487 1502/3720/2487
f 1505/3726/2488 1504/3724/2488 1525/3765/2488
f 1565/3847/2489 1515/3748/2489 1452/3616/2489
f 1550/3819/943 1548/3815/943 1414/3555/943
f 1418/3561/2490 2887/6129/2490 1550/3820/2490
f 1423/3570/928 1551/3821/928 1421/3566/928
f 1425/3572/946 1552/3823/946 1551/3822/946
f 1554/3827/2491 1552/3823/2491 1425/3572/2491
f 1454/3619/948 1456/3623/948 1426/3574/948
f 1509/3736/2492 2889/6134/2492 1432/3584/2492
f 1473/3658/2493 1431/3582/2493 1436/3591/2493
f 1456/3623/2494 1554/3827/2494 1468/3648/2494
f 1443/3602/2495 1417/3560/2495 1445/3604/2495
f 1451/3615/2496 1463/3638/2496 1444/3603/2496
f 1492/3700/2497 1508/3732/2497 2888/6131/2497
f 1439/3596/2478 1450/3612/2478 1427/3576/2478
f 1457/3624/2498 1439/3596/2498 1424/3571/2498
f 1444/3603/2499 1463/3638/2499 1457/3625/2499
f 1458/3628/2500 1445/3604/2500 1417/3560/2500
f 1460/3632/2501 1448/3609/2501 1461/3634/2501
f 1462/3635/2502 1574/3870/2502 1564/3844/2502
f 1512/3742/2503 1499/3713/2503 1503/3722/2503
f 1447/3607/2504 1493/3703/2504 1455/3621/2504
f 1433/3586/2505 1481/3675/2505 1527/3771/2505
f 1539/3799/977 2887/6129/977 1418/3561/977
f 1452/3616/2506 1568/3857/2506 1569/3863/2506
f 1568/3857/2507 1529/3776/2507 1569/3864/2507
f 1464/3639/2508 1529/3776/2508 1568/3857/2508
f 1464/3639/2509 1528/3775/2509 1530/3778/2509
f 1540/3801/2510 1530/3778/2510 1528/3775/2510
f 1484/3687/2511 1479/3670/2511 1530/3778/2511
f 1561/3839/2512 2890/6135/2512 1562/3840/2512
f 1566/3850/2513 1523/3762/2513 1514/3746/2513
f 1515/3748/2514 1513/3744/2514 1481/3676/2514
f 1520/3755/2515 1516/3750/2515 1526/3767/2515
f 1460/3632/2516 1520/3755/2516 1506/3728/2516
f 1536/3793/2517 1535/3789/2517 1476/3664/2517
f 1500/3717/2518 1460/3632/2518 1462/3635/2518
f 1461/3634/2519 1448/3609/2519 1494/3704/2519
f 1429/3580/2520 2888/6132/2520 1508/3733/2520
f 1466/3645/2521 1454/3619/2521 1430/3581/2521
f 1474/3661/2522 1496/3708/2522 1475/3663/2522
f 1477/3667/2523 1519/3754/2523 1475/3663/2523
f 1478/3668/2524 1484/3688/2524 1479/3671/2524
f 1481/3677/2525 1568/3859/2525 1482/3681/2525
f 1483/3685/2526 1482/3681/2526 1562/3841/2526
f 1559/3836/2527 1533/3785/2527 1485/3689/2527
f 1560/3837/2528 1510/3739/2528 1487/3692/2528
f 1573/3869/2529 1557/3833/2529 1488/3693/2529
f 1557/3834/2530 1556/3832/2530 1473/3659/2530
f 1438/3595/1020 1553/3826/1020 1450/3613/1020
f 1499/3714/2531 1502/3721/2531 1522/3760/2531
f 1501/3719/2532 1564/3845/2532 1522/3760/2532
f 1503/3723/2533 1525/3766/2533 1504/3725/2533
f 1542/3804/2534 1524/3764/2534 1505/3727/2534
f 1568/3858/2535 1515/3749/2535 1565/3848/2535
f 1537/3796/2536 1526/3768/2536 1506/3729/2536
f 1468/3649/2537 1425/3573/2537 1552/3824/2537
f 2891/6136/2538 1555/3830/2538 1492/3701/2538
f 1474/3661/2539 1536/3794/2539 1509/3737/2539
f 1510/3739/2540 1560/3837/2540 1571/3867/2540
f 1567/3855/2541 1527/3772/2541 1511/3741/2541
f 1563/3843/2542 1544/3808/2542 1512/3743/2542
f 1513/3745/2543 1525/3766/2543 1514/3747/2543
f 1517/3752/2544 1519/3754/2544 1477/3667/2544
f 1426/3575/2545 1468/3649/2545 1554/3828/2545
f 1568/3859/2546 1569/3865/2546 1562/3841/2546
f 1480/3672/2547 1479/3671/2547 1483/3685/2547
f 1476/3665/2548 1475/3663/2548 1519/3754/2548
f 1535/3790/2549 1488/3694/2549 1473/3659/2549
f 1471/3655/2550 2888/6133/2550 1508/3734/2550
f 1520/3756/2551 1516/3751/2551 1495/3706/2551
f 1522/3761/2552 1564/3846/2552 1574/3871/2552
f 1514/3747/2553 1525/3766/2553 1503/3723/2553
f 1523/3763/2554 1503/3723/2554 1499/3714/2554
f 1523/3763/2555 1512/3743/2555 1544/3808/2555
f 1521/3757/2556 1532/3783/2556 1542/3804/2556
f 1524/3764/2557 1501/3719/2557 1502/3721/2557
f 1525/3766/2558 1513/3745/2558 1521/3757/2558
f 1499/3714/2559 1503/3723/2559 1505/3727/2559
f 1565/3848/2560 1515/3749/2560 1514/3747/2560
f 1526/3768/2561 1537/3796/2561 1547/3813/2561
f 1495/3706/2562 1546/3812/2562 1545/3810/2562
f 1467/3647/2561 1516/3751/2561 1526/3768/2561
f 1422/3568/1059 1418/3562/1059 2887/6130/1059
f 1512/3743/2563 1499/3714/2563 1500/3718/2563
f 1481/3678/2564 1482/3682/2564 1530/3779/2564
f 1482/3682/2565 1481/3678/2565 1529/3777/2565
f 1543/3806/2566 1514/3747/2566 1523/3763/2566
f 1506/3729/2536 1526/3768/2536 1516/3751/2536
f 1462/3636/2567 1506/3729/2567 1520/3756/2567
f 1518/3753/2568 1477/3667/2568 1533/3785/2568
f 1558/3835/2569 1570/3866/2569 1487/3692/2569
f 1480/3672/2570 1485/3689/2570 1533/3785/2570
f 1478/3668/2571 1571/3867/2571 1541/3803/2571
f 1486/3690/2572 1485/3689/2572 1483/3685/2572
f 1478/3668/2573 1480/3672/2573 1534/3787/2573
f 1535/3791/2574 1476/3665/2574 1489/3695/2574
f 1496/3708/2575 1474/3661/2575 1572/3868/2575
f 1573/3869/2576 1489/3695/2576 1519/3754/2576
f 1474/3661/2577 1476/3665/2577 1535/3791/2577
f 2891/6137/2578 1508/3735/2578 1470/3653/2578
f 1575/3872/2579 1686/4070/2579 1642/3993/2579
f 1576/3874/2580 1629/3968/2580 1577/3877/2580
f 1578/3879/2581 1651/4006/2581 1653/4010/2581
f 1579/3880/2582 1581/3884/2582 1655/4015/2582
f 1580/3883/2583 1628/3965/2583 1657/4019/2583
f 1658/4020/2584 1655/4015/2584 1581/3884/2584
f 1660/4025/2585 1627/3964/2585 1582/3885/2585
f 1640/3989/2586 1587/3892/2586 1584/3888/2586
f 1586/3891/2587 1607/3927/2587 1587/3892/2587
f 1589/3895/2588 1626/3962/2588 1590/3897/2588
f 1591/3898/2589 1635/3981/2589 1594/3904/2589
f 1595/3907/2590 1716/4135/2590 1738/4170/2590
f 1596/3908/2591 1620/3949/2591 1597/3909/2591
f 1599/3911/2592 1717/4136/2592 1662/4028/2592
f 1581/3884/2593 1579/3880/2593 1753/4205/2593
f 1682/4065/2594 1701/4100/2594 1606/3925/2594
f 1584/3888/2595 1587/3892/2595 1607/3927/2595
f 1601/3915/2596 1655/4015/2596 1658/4020/2596
f 1653/4010/2597 1671/4044/2597 1668/4037/2597
f 1687/4072/2598 1706/4111/2598 1637/3985/2598
f 1611/3932/2599 1613/3936/2599 1689/4075/2599
f 1611/3932/2600 1632/3972/2600 1612/3934/2600
f 1614/3938/2601 1623/3956/2601 1691/4080/2601
f 1724/4147/2602 1636/3983/2602 1615/3941/2602
f 1616/3944/2603 1726/4151/2603 1575/3872/2603
f 1694/4085/2604 1693/4083/2604 1652/4008/2604
f 2894/6140/2605 1702/4101/2605 1578/3879/2605
f 1585/3889/2606 1749/4197/2606 1618/3947/2606
f 1619/3948/2607 1597/3909/2607 1620/3949/2607
f 1635/3981/2608 1741/4175/2608 1633/3975/2608
f 1621/3952/2609 1711/4119/2609 1697/4092/2609
f 1659/4022/2610 1581/3884/2610 1666/4034/2610
f 1699/4095/2611 1689/4075/2611 1622/3955/2611
f 1691/4080/2612 1700/4097/2612 1712/4122/2612
f 1586/3891/2613 1588/3894/2613 1625/3960/2613
f 1593/3902/2614 1743/4183/2614 1742/4178/2614
f 1591/3898/2615 1590/3897/2615 1592/3900/2615
f 1703/4106/2616 1588/3894/2616 1587/3892/2616
f 1599/3911/2617 1661/4027/2617 1627/3964/2617
f 1669/4041/2618 1696/4090/2618 1628/3965/2618
f 1680/4061/2619 1754/4206/2619 1708/4115/2619
f 1610/3931/2620 1609/3930/2620 1709/4117/2620
f 1604/3921/2621 1708/4115/2621 1632/3972/2621
f 1604/3921/2622 1611/3932/2622 1690/4077/2622
f 1723/4146/2623 1699/4095/2623 1623/3956/2623
f 1725/4149/2624 2893/6139/2624 1615/3941/2624
f 1710/4118/2625 1683/4066/2625 1606/3925/2625
f 1719/4141/2626 1602/3917/2626 1701/4100/2626
f 1691/4080/2627 1713/4125/2627 1743/4184/2627
f 1712/4122/2628 1700/4097/2628 1741/4176/2628
f 1594/3905/2629 1635/3982/2629 1634/3978/2629
f 1747/4195/2630 1744/4187/2630 1635/3982/2630
f 1745/4190/2631 2892/6138/2631 1593/3903/2631
f 1631/3971/2632 1709/4117/2632 1699/4095/2632
f 1623/3956/2633 1622/3955/2633 1700/4097/2633
f 1705/4109/2634 1624/3958/2634 1615/3941/2634
f 1706/4112/2635 1705/4109/2635 1636/3983/2635
f 1716/4135/2636 1586/3891/2636 1748/4196/2636
f 1620/3949/2637 1596/3908/2637 1607/3927/2637
f 1639/3988/2638 1584/3888/2638 1596/3908/2638
f 1716/4135/2639 1595/3907/2639 1626/3962/2639
f 1721/4143/2640 1619/3948/2640 1589/3895/2640
f 1746/4194/2641 1595/3907/2641 1739/4171/2641
f 1638/3987/2642 1626/3962/2642 1589/3895/2642
f 1639/3988/2643 1749/4198/2643 1585/3890/2643
f 1582/3885/2644 1627/3964/2644 1640/3990/2644
f 1636/3983/2645 1724/4147/2645 1750/4199/2645
f 1630/3970/2646 1621/3953/2646 1698/4094/2646
f 1579/3880/2647 1696/4090/2647 1752/4203/2647
f 1656/4017/2648 1628/3965/2648 1696/4090/2648
f 1751/4202/2649 2894/6141/2649 1617/3946/2649
f 1717/4136/2650 1599/3911/2650 1660/4025/2650
f 1618/3947/2651 1735/4165/2651 1583/3887/2651
f 1661/4027/2652 1599/3911/2652 1663/4029/2652
f 1718/4138/2653 1660/4025/2653 1583/3887/2653
f 1608/3928/2654 1641/3991/2654 1754/4206/2654
f 1608/3928/2655 1680/4061/2655 1603/3919/2655
f 1637/3985/2656 1750/4200/2656 1641/3991/2656
f 1717/4136/2657 1659/4022/2657 1733/4161/2657
f 1644/3996/2658 1648/4002/2658 1650/4005/2658
f 1728/4153/2659 1644/3996/2659 1646/3998/2659
f 1648/4001/2660 1652/4009/2660 1649/4003/2660
f 1651/4007/2661 1653/4011/2661 1649/4003/2661
f 1667/4035/2662 1730/4156/2662 1668/4038/2662
f 1670/4043/2663 1673/4047/2663 1671/4045/2663
f 1670/4043/2664 1729/4155/2664 1675/4049/2664
f 1674/4048/2665 1704/4107/2665 1675/4050/2665
f 1676/4051/2666 1646/3998/2666 1644/3996/2666
f 1678/4055/2667 1679/4059/2667 1677/4052/2667
f 1676/4051/2668 1643/3995/2668 1681/4063/2668
f 1654/4013/2669 1668/4038/2669 1671/4045/2669
f 1727/4152/2670 1677/4052/2670 1684/4067/2670
f 1672/4046/2671 1671/4045/2671 1668/4038/2671
f 1648/4002/2672 1644/3996/2672 1728/4153/2672
f 1651/4007/2673 1652/4009/2673 1693/4084/2673
f 1752/4204/2674 1667/4036/2674 1669/4042/2674
f 1713/4126/2675 1712/4123/2675 1700/4098/2675
f 1651/4007/2676 1694/4086/2676 1702/4102/2676
f 1677/4052/2677 1643/3995/2677 1676/4051/2677
f 1645/3997/2678 1704/4107/2678 1684/4067/2678
f 1653/4011/2679 1671/4045/2679 1673/4047/2679
f 1649/4003/2680 1673/4047/2680 1675/4049/2680
f 1645/3997/2681 1650/4005/2681 1675/4050/2681
f 1643/3995/2682 1677/4052/2682 1679/4059/2682
f 1699/4096/2683 1689/4076/2683 1690/4078/2683
f 1685/4068/2684 1684/4067/2684 1704/4107/2684
f 1646/3998/2685 1681/4063/2685 1720/4142/2685
f 1715/4133/2686 1712/4124/2686 1713/4127/2686
f 1755/4208/2687 1688/4074/2687 1711/4120/2687
f 1664/4031/2688 1718/4139/2688 1658/4021/2688
f 1717/4137/2689 1659/4023/2689 1658/4021/2689
f 1614/3939/2690 1743/4185/2690 1692/4082/2690
f 1758/4224/2691 1756/4211/2691 1757/4216/2691
f 1760/4231/2692 1761/4240/2692 1759/4230/2692
f 1761/4241/2693 357/971/2693 1762/4244/2693
f 1762/4245/2694 374/1020/2694 1761/4242/2694
f 357/972/2695 1756/4212/2695 1757/4217/2695
f 1757/4218/2696 1756/4213/2696 1761/4242/2696
f 1796/4247/2697 1804/4274/2697 1802/4265/2697
f 1799/4252/2698 2832/6033/2698 1798/4250/2698
f 1804/4275/2699 1800/4257/2699 411/1134/2699
f 2832/6034/2700 1800/4258/2700 1804/4276/2700
f 1805/4280/2701 1852/4332/2701 1806/4287/2701
f 1806/4288/2702 1807/4291/2702 1805/4281/2702
f 1806/4289/2703 1852/4333/2703 1807/4292/2703
f 1846/4306/2704 1851/4328/2704 1845/4302/2704
f 393/1087/2705 387/1062/2705 1851/4329/2705
f 1846/4307/2706 387/1063/2706 393/1088/2706
f 376/1029/2707 1847/4310/2707 393/1088/2707
f 1851/4330/2708 1849/4321/2708 1850/4324/2708
f 1855/4337/2709 1856/4338/2709 1854/4336/2709
f 1871/4347/2710 1872/4348/2710 1873/4350/2710
f 1869/4345/2711 1873/4350/2711 1872/4349/2711
f 1882/4351/2712 2898/6148/2712 1883/4352/2712
f 1904/4356/2713 2899/6149/2713 1905/4357/2713
f 1916/4359/2714 1917/4360/2714 1914/4358/2714
f 1970/4361/2715 1972/4364/2715 1971/4362/2715
f 1975/4368/2716 1976/4369/2716 1974/4367/2716
f 2026/4380/2717 2029/4382/2717 2030/4385/2717
f 2027/4381/2718 2030/4385/2718 2029/4383/2718
f 2034/4388/2719 2036/4390/2719 2035/4389/2719
f 2058/4391/2720 2060/4393/2720 2059/4392/2720
f 2072/4397/2721 779/2304/2721 2073/4402/2721
f 2073/4401/2722 778/2296/2722 2072/4398/2722
f 778/2297/2723 779/2303/2723 2072/4399/2723
f 2073/4402/2724 779/2304/2724 781/2316/2724
f 2125/4507/2725 2074/4403/2725 2106/4469/2725
f 2074/4403/60 2108/4473/60 2075/4405/60
f 2075/4405/27 2108/4473/27 2113/4483/27
f 2117/4491/28 2113/4483/28 2119/4495/28
f 2161/4580/2726 2119/4495/2726 2122/4501/2726
f 2122/4501/2727 2076/4407/2727 2089/4433/2727
f 2076/4407/83 2095/4445/83 2128/4513/83
f 2095/4445/1338 2133/4523/1338 2100/4455/1338
f 2133/4523/2728 2101/4457/2728 2135/4527/2728
f 2101/4457/1810 2140/4537/1810 2077/4409/1810
f 2140/4537/3 2109/4475/3 2107/4471/3
f 2109/4475/2729 2115/4487/2729 2112/4481/2729
f 2112/4481/1341 2115/4487/1341 2120/4497/1341
f 2120/4497/35 2123/4503/35 2121/4499/35
f 2123/4503/1811 2078/4411/1811 2094/4443/1811
f 2078/4411/1342 2079/4413/1342 2153/4564/1342
f 2079/4413/1343 2098/4451/1343 2156/4570/1343
f 2098/4451/1822 2080/4415/1822 2104/4465/1822
f 2080/4415/2730 2105/4467/2730 2081/4417/2730
f 2105/4467/2731 2082/4419/2731 2127/4511/2731
f 2082/4419/2732 2116/4489/2732 2114/4485/2732
f 2116/4489/2733 2083/4421/2733 2134/4525/2733
f 2083/4421/15 2093/4441/15 2126/4509/15
f 2093/4441/1349 2092/4439/1349 2084/4423/1349
f 2092/4439/1350 2096/4447/1350 2085/4425/1350
f 2096/4447/2734 2099/4453/2734 2097/4449/2734
f 2099/4453/89 2903/6154/89 2103/4461/89
f 2103/4462/1352 2903/6155/1352 2086/4427/1352
f 2086/4427/1353 2111/4479/1353 2087/4429/1353
f 2087/4429/43 2111/4479/43 2118/4493/43
f 2118/4493/1354 2091/4437/1354 2090/4435/1354
f 2091/4437/2735 2125/4507/2735 2102/4459/2735
f 2122/4502/30 2170/4598/30 2169/4596/30
f 2127/4512/2736 2130/4518/2736 2171/4600/2736
f 2128/4514/31 2172/4602/31 2129/4516/31
f 2105/4468/2736 2167/4592/2736 2173/4604/2736
f 2076/4408/1454 2169/4596/1454 2174/4606/1454
f 2114/4486/1467 2175/4608/1467 2130/4518/1467
f 2100/4456/1338 2176/4610/1338 2172/4602/1338
f 2082/4420/61 2173/4604/61 2131/4520/61
f 2095/4446/1338 2174/4606/1338 2132/4522/1338
f 2134/4526/62 2137/4532/62 2175/4608/62
f 2135/4528/1339 2138/4534/1339 2176/4610/1339
f 2116/4490/62 2131/4520/62 2177/4612/62
f 2133/4524/1339 2132/4522/1339 2136/4530/1339
f 2126/4510/68 2178/4614/68 2137/4532/68
f 2077/4410/67 2142/4542/67 2138/4534/67
f 2083/4422/2737 2177/4612/2737 2179/4616/2737
f 2101/4458/1830 2136/4530/1830 2139/4536/1830
f 2084/4424/2738 2143/4544/2738 2178/4614/2738
f 2077/4410/70 2107/4472/70 2141/4540/70
f 2093/4442/16 2179/4616/16 2180/4618/16
f 2109/4476/73 2140/4538/73 2139/4536/73
f 2085/4426/1366 2146/4550/1366 2143/4544/1366
f 2112/4482/76 2182/4622/76 2141/4540/76
f 2092/4440/78 2180/4618/78 2144/4546/78
f 2109/4476/79 2181/4620/79 2145/4548/79
f 2097/4450/1368 2147/4552/1368 2146/4550/1368
f 2112/4482/2739 2148/4554/2739 2308/4892/2739
f 2096/4448/2740 2144/4546/2740 2183/4624/2740
f 2120/4498/2741 2115/4488/2741 2145/4548/2741
f 2103/4463/89 2902/6152/89 2147/4552/89
f 2148/4554/1372 2121/4500/1372 2305/4883/1372
f 2106/4470/25 2150/4558/25 2149/4556/25
f 2099/4454/89 2183/4624/89 2151/4560/89
f 2123/4504/1374 2120/4498/1374 2310/4898/1374
f 2125/4508/25 2164/4587/25 2184/4626/25
f 2103/4464/2742 2110/4478/2742 2185/4628/2742
f 2094/4444/2743 2154/4567/2743 2305/4883/2743
f 2106/4470/2744 2075/4406/2744 2186/4630/2744
f 2086/4428/1352 2903/6156/1352 2151/4561/1352
f 2078/4412/2745 2123/4504/2745 2266/4799/2745
f 2074/4404/1380 2184/4626/1380 2188/4634/1380
f 2087/4430/1381 2155/4569/1381 2185/4628/1381
f 2153/4565/42 2157/4573/42 2154/4567/42
f 2075/4406/1382 2117/4492/1382 2189/4636/1382
f 2086/4428/41 2152/4563/41 2190/4638/41
f 2078/4412/1383 2187/4632/1383 2191/4640/1383
f 2108/4474/1384 2188/4634/1384 2192/4642/1384
f 2088/4432/1385 2193/4644/1385 2155/4569/1385
f 2156/4571/46 2160/4579/46 2157/4573/46
f 2117/4492/2746 2161/4581/2746 2194/4646/2746
f 2111/4480/45 2190/4638/45 2195/4648/45
f 2079/4414/1387 2191/4640/1387 2158/4575/1387
f 2113/4484/1388 2192/4642/1388 2159/4577/1388
f 2090/4436/1389 2196/4650/1389 2193/4644/1389
f 2104/4466/2747 2163/4585/2747 2160/4579/2747
f 2161/4581/2748 2124/4506/2748 2165/4589/2748
f 2118/4494/1391 2195/4648/1391 2162/4583/1391
f 2098/4452/1392 2158/4575/1392 2168/4594/1392
f 2119/4496/2749 2159/4577/2749 2170/4598/2749
f 2102/4460/51 2149/4556/51 2196/4650/51
f 2081/4418/1394 2171/4600/1394 2163/4585/1394
f 2089/4434/74 2129/4516/74 2165/4589/74
f 2091/4438/2750 2162/4583/2750 2164/4587/2750
f 2080/4416/2751 2168/4594/2751 2167/4592/2751
f 2247/4759/1428 2267/4801/1428 2228/4719/1428
f 2267/4801/10 2232/4728/10 2234/4732/10
f 2234/4732/11 2232/4728/11 2197/4651/11
f 2198/4653/12 2197/4651/12 2239/4743/12
f 2237/4739/2752 2239/4743/2752 2246/4757/2752
f 2246/4757/2753 2249/4763/2753 2199/4655/2753
f 2249/4763/2754 2214/4687/2754 2217/4693/2754
f 2214/4687/2755 47/107/2755 2200/4659/2755
f 47/107/2756 2221/4701/2756 2201/4661/2756
f 2221/4701/2757 2225/4711/2757 2231/4726/2757
f 2225/4711/89 2202/4663/89 2230/4724/89
f 2202/4663/1376 2904/6157/1376 2203/4665/1376
f 2203/4665/1353 2904/6157/1353 2204/4667/1353
f 2204/4667/43 2206/4671/43 2245/4755/43
f 2206/4671/1354 2207/4673/1354 2213/4685/1354
f 2207/4673/1395 2216/4691/1395 2218/4695/1395
f 2216/4691/2758 2220/4699/2758 2208/4675/2758
f 2220/4699/1437 2278/4824/1437 2209/4677/1437
f 2278/4824/1438 2227/4717/1438 2224/4709/1438
f 2227/4717/1439 2252/4769/1439 2235/4734/1439
f 2252/4769/1440 2236/4736/1440 2240/4745/1440
f 2236/4736/2759 2210/4679/2759 2254/4773/2759
f 2210/4679/31 2212/4683/31 2248/4761/31
f 2212/4683/2760 2260/4785/2760 2215/4689/2760
f 2260/4785/2728 2211/4681/2728 2261/4787/2728
f 2211/4681/1810 2265/4795/1810 2219/4697/1810
f 2265/4795/73 2223/4706/73 2226/4713/73
f 2226/4714/79 2223/4707/79 2229/4722/79
f 2229/4722/1445 2905/6159/1445 2233/4730/1445
f 2233/4730/1446 2905/6159/1446 2238/4741/1446
f 2238/4741/7 2244/4753/7 2241/4747/7
f 2244/4753/2761 2247/4759/2761 2222/4703/2761
f 2228/4720/33 2234/4733/33 2499/5306/33
f 2198/4654/33 2494/5290/33 2499/5306/33
f 2249/4764/2762 2246/4758/2762 2289/4846/2762
f 2235/4735/1386 2290/4848/1386 2250/4766/1386
f 2217/4694/68 2291/4850/68 2282/4833/68
f 2227/4718/28 2286/4840/28 2251/4768/28
f 2249/4764/68 2288/4844/68 2253/4772/68
f 2240/4746/1449 2292/4852/1449 2290/4848/1449
f 2200/4660/2738 2293/4856/2738 2291/4850/2738
f 2252/4770/1390 2251/4768/1390 2294/4858/1390
f 2214/4688/2763 2253/4772/2763 2295/4862/2763
f 2254/4774/30 2257/4780/30 2292/4852/30
f 2201/4662/1366 2258/4782/1366 2293/4856/1366
f 2236/4737/30 2294/4858/30 2255/4776/30
f 47/108/2764 2295/4862/2764 2256/4778/2764
f 2248/4762/80 2296/4864/80 2257/4780/80
f 2231/4727/84 2259/4784/84 2258/4782/84
f 2210/4680/1454 2255/4776/1454 2297/4866/1454
f 2221/4702/84 2256/4778/84 2298/4868/84
f 2215/4690/1456 2299/4870/1456 2296/4864/1456
f 2231/4727/2765 2230/4725/2765 2300/4872/2765
f 2212/4684/2766 2297/4866/2766 2301/4874/2766
f 2202/4664/1458 2225/4712/1458 2298/4868/1458
f 2261/4788/1339 2263/4792/1339 2299/4870/1339
f 2203/4666/36 2264/4794/36 2300/4872/36
f 2260/4786/1339 2301/4874/1339 2303/4878/1339
f 2202/4664/1378 2302/4876/1378 2304/4880/1378
f 2261/4788/2767 2219/4698/2767 2262/4790/2767
f 2203/4666/1381 2205/4670/1381 2305/4884/1381
f 2211/4682/1830 2303/4878/1830 2306/4886/1830
f 2204/4668/41 2904/6158/41 2304/4880/41
f 2226/4715/73 2307/4889/73 2262/4790/73
f 2205/4670/1385 2245/4756/1385 2308/4893/1385
f 2228/4721/1461 2268/4804/1461 2309/4895/1461
f 2265/4796/73 2306/4886/73 2269/4806/73
f 2206/4672/45 2204/4668/45 2266/4800/45
f 2247/4760/46 2284/4836/46 2311/4901/46
f 2226/4716/79 2271/4811/79 2312/4903/79
f 2213/4686/1389 2272/4813/1389 2308/4893/1389
f 2499/5307/2768 2498/5304/2768 2268/4804/2768
f 2229/4723/79 2223/4708/79 2269/4807/79
f 2207/4674/1391 2206/4672/1391 2310/4899/1391
f 2267/4802/1822 2311/4901/1822 2314/4908/1822
f 2233/4731/82 2275/4819/82 2312/4903/82
f 2218/4696/1355 2315/4911/1355 2272/4813/1355
f 2494/5291/52 2540/5402/52 2498/5304/52
f 2229/4723/85 2270/4809/85 2273/4815/85
f 2207/4674/2750 2313/4905/2750 2274/4817/2750
f 2197/4652/2751 2232/4729/2751 2314/4908/2751
f 2242/4750/35 2316/4913/35 2275/4819/35
f 2208/4676/55 2277/4823/55 2315/4911/55
f 2494/5291/2769 2237/4740/2769 2317/4915/2769
f 2905/6160/2770 2273/4815/2770 2318/4917/2770
f 2216/4692/25 2274/4817/25 2276/4821/25
f 2239/4744/2771 2197/4652/2771 2497/5300/2771
f 2241/4748/7 2279/4827/7 2316/4913/7
f 2209/4678/58 2280/4829/58 2277/4823/58
f 2237/4740/1467 2243/4752/1467 2281/4831/1467
f 2238/4742/7 2318/4917/7 2285/4838/7
f 2220/4700/60 2276/4821/60 2287/4842/60
f 2246/4758/1360 2239/4744/1360 2319/4919/1360
f 2222/4704/1820 2309/4895/1820 2279/4827/1820
f 2224/4710/1382 2250/4766/1382 2280/4829/1382
f 2243/4752/1468 2199/4656/1468 2282/4833/1468
f 2244/4754/42 2285/4838/42 2284/4836/42
f 2278/4825/27 2287/4842/27 2286/4840/27
f 2354/4990/2772 2391/5075/2772 2320/4920/2772
f 2320/4920/1502 2357/4998/1502 2395/5084/1502
f 2357/4998/2773 2358/5000/2773 2321/4922/2773
f 2358/5000/1504 2407/5109/1504 2322/4924/1504
f 2407/5109/2774 2361/5008/2774 2323/4926/2774
f 2361/5008/2775 2366/5020/2775 2324/4928/2775
f 2366/5020/1507 2347/4976/1507 2342/4966/1507
f 2347/4976/2776 2326/4932/2776 2325/4930/2776
f 2326/4932/1509 2352/4986/1509 2327/4934/1509
f 2352/4986/1510 2329/4938/1510 2328/4936/1510
f 2329/4938/1511 2331/4942/1511 2330/4940/1511
f 2331/4942/2777 2359/5002/2777 2385/5059/2777
f 2359/5002/2778 2388/5067/2778 2360/5006/2778
f 2388/5067/2779 2364/5014/2779 2365/5018/2779
f 2364/5014/1515 2332/4944/1515 2346/4974/1515
f 2332/4944/1572 2349/4980/1572 2350/4982/1572
f 2349/4980/2780 2333/4946/2780 2402/5099/2780
f 2333/4946/2781 2411/5118/2781 2408/5111/2781
f 2411/5118/2782 2356/4996/2782 2334/4948/2782
f 2356/4996/1535 2373/5035/1535 2369/5027/1535
f 2373/5035/2783 2335/4950/2783 2374/5037/2783
f 2335/4950/1522 2336/4952/1522 2363/5012/1522
f 2336/4952/1546 2382/5053/1546 2362/5010/1546
f 2382/5053/2784 2345/4972/2784 2348/4978/2784
f 2345/4972/1525 2337/4954/1525 2351/4984/1525
f 2337/4954/1557 2387/5063/1557 2389/5069/1557
f 2387/5063/1527 2355/4993/1527 2338/4957/1527
f 2355/4994/2785 2339/4960/2785 2398/5091/2785
f 2339/4960/2786 2341/4964/2786 2340/4962/2786
f 2341/4964/1530 2405/5105/1530 2401/5097/1530
f 2405/5105/1531 2344/4970/1531 2343/4968/1531
f 2344/4970/1532 2391/5075/1532 2354/4990/1532
f 2408/5112/33 2334/4949/33 2515/5341/33
f 2366/5021/2787 2361/5009/2787 2367/5023/2787
f 2369/5028/1533 2375/5040/1533 2520/5360/1533
f 2324/4929/1534 2342/4967/1534 2370/5030/1534
f 2356/4997/2788 2519/5354/2788 2372/5034/2788
f 2366/5021/1536 2368/5025/1536 2418/5131/1536
f 2374/5038/1521 2377/5044/1521 2375/5040/1521
f 2342/4967/2789 2325/4931/2789 2698/5733/2789
f 2373/5036/1521 2372/5034/1521 2376/5042/1521
f 2347/4977/1601 2418/5131/1601 2419/5134/1601
f 2363/5013/1540 2381/5052/1540 2377/5044/1540
f 2325/4931/2790 2327/4935/2790 2378/5046/2790
f 2335/4951/1542 2376/5042/1542 2379/5048/1542
f 2326/4933/1543 2419/5134/1543 2380/5050/1543
f 2363/5013/1544 2362/5011/1544 2420/5137/1544
f 2328/4937/1545 2383/5056/1545 2378/5046/1545
f 2336/4953/2791 2379/5048/2791 2421/5139/2791
f 2352/4987/1547 2380/5050/1547 2422/5141/1547
f 2362/5011/1524 2348/4979/1524 2423/5143/1524
f 2328/4937/1548 2330/4941/1548 2424/5145/1548
f 2382/5054/1524 2421/5139/1524 2425/5147/1524
f 2331/4943/1550 2329/4939/1550 2422/5141/1550
f 2348/4979/1551 2351/4985/1551 2426/5149/1551
f 2385/5060/1629 2427/5151/1629 2424/5145/1629
f 2345/4973/1553 2425/5147/1553 2428/5153/1553
f 2331/4943/1554 2384/5058/1554 2429/5155/1554
f 2351/4985/1555 2389/5070/1555 2430/5157/1555
f 2360/5007/1556 2431/5161/1556 2427/5151/1556
f 2337/4955/2792 2428/5153/2792 2386/5062/2792
f 2388/5068/2793 2359/5003/2793 2429/5155/2793
f 2338/4958/1633 2394/5083/1633 2430/5157/1633
f 2360/5007/1514 2365/5019/1514 2390/5074/1514
f 2353/4989/1558 2434/5169/1558 2433/5167/1558
f 2387/5064/1593 2386/5062/1593 2396/5087/1593
f 2364/5015/2794 2388/5068/2794 2432/5165/2794
f 2391/5076/1558 2414/5125/1558 2392/5078/1558
f 2338/4959/1528 2398/5092/1528 2393/5080/1528
f 2365/5019/1563 2346/4975/1563 2435/5171/1563
f 2395/5085/1564 2436/5173/1564 2434/5169/1564
f 2339/4961/1565 2355/4995/1565 2396/5088/1565
f 2332/4945/2795 2364/5015/2795 109/249/2795
f 2320/4921/1567 2392/5078/1567 2397/5090/1567
f 2340/4963/2796 2439/5179/2796 2393/5080/2796
f 2350/4983/1569 2440/5181/1569 2435/5171/1569
f 2321/4923/2797 2403/5102/2797 2436/5173/2797
f 2341/4965/1571 2339/4961/1571 2437/5175/1571
f 2332/4945/1607 2438/5177/1607 2400/5096/1607
f 2357/4999/1623 2397/5090/1623 2441/5183/1623
f 2401/5098/52 2442/5185/52 2439/5179/52
f 2402/5100/1517 2443/5187/1517 2440/5181/1517
f 2322/4925/1575 2410/5117/1575 2403/5102/1575
f 2341/4965/1610 2399/5094/1610 2404/5104/1610
f 2349/4981/1517 2400/5096/1517 2406/5108/1517
f 2407/5110/1577 2358/5001/1577 2441/5183/1577
f 2343/4969/2798 2445/5191/2798 2442/5185/2798
f 2408/5113/1578 2413/5123/1578 2443/5187/1578
f 2322/4925/1579 2323/4927/1579 2409/5115/1579
f 2405/5106/2799 2404/5104/2799 2416/5128/2799
f 2411/5119/2800 2333/4947/2800 2406/5108/2800
f 2361/5009/2774 2407/5110/2774 2444/5189/2774
f 2354/4991/1595 2433/5167/1595 2445/5191/1595
f 2515/5342/1583 2520/5360/1583 2413/5123/1583
f 2323/4927/1584 2324/4929/1584 2371/5032/1584
f 2344/4971/2801 2416/5128/2801 2414/5125/2801
f 2411/5119/1583 2412/5121/1583 2519/5354/1583
f 2518/5350/2802 2495/5294/2802 2477/5256/2802
f 2477/5256/2803 2525/5370/2803 2485/5272/2803
f 2525/5370/2804 2447/5194/2804 2489/5280/2804
f 2447/5194/1512 2535/5390/1512 2490/5282/1512
f 2535/5390/2805 2448/5196/2805 2494/5292/2805
f 2448/5196/1588 2449/5198/1588 2499/5308/1588
f 2449/5198/1563 2469/5240/1563 2471/5244/1563
f 2469/5240/1569 2473/5248/1569 2450/5200/1569
f 2473/5248/1590 2475/5252/1590 2502/5314/1590
f 2475/5252/1578 2479/5260/1578 2504/5318/1578
f 2479/5260/1519 2483/5268/1519 2451/5202/1519
f 2483/5268/1535 2453/5206/1535 2452/5204/1535
f 2453/5206/2806 2514/5338/2806 2454/5208/2806
f 2514/5338/2807 2455/5210/2807 2521/5362/2807
f 2455/5210/1546 2524/5368/1546 2468/5238/1546
f 2524/5368/1524 2528/5376/1524 2472/5246/1524
f 2528/5376/1551 2534/5388/1551 2474/5250/1551
f 2534/5388/1592 2476/5254/1592 2478/5258/1592
f 2476/5254/1593 2480/5262/1593 2481/5264/1593
f 2480/5262/1528 2484/5270/1528 2482/5266/1528
f 2484/5270/1568 2456/5212/1568 2487/5276/1568
f 2456/5212/52 2458/5216/52 2457/5214/52
f 2458/5216/1594 2506/5322/1594 2496/5296/1594
f 2506/5322/2808 2467/5236/2808 2470/5242/2808
f 2467/5236/1558 2460/5220/1558 2459/5218/1558
f 2460/5220/1564 2462/5224/1564 2461/5222/1564
f 2462/5224/2809 2463/5227/2809 2515/5343/2809
f 2463/5228/1577 2465/5232/1577 2464/5230/1577
f 2465/5232/2810 2486/5274/2810 2488/5278/2810
f 2486/5274/2811 2491/5284/2811 2466/5234/2811
f 2491/5284/1600 2493/5288/1600 2492/5286/1600
f 2493/5288/2812 2495/5294/2812 2518/5350/2812
f 2449/5199/2813 2448/5197/2813 2497/5301/2813
f 2482/5267/2814 2500/5311/2814 2545/5411/2814
f 2471/5245/2815 2501/5313/2815 2498/5305/2815
f 2480/5263/1565 2544/5409/1565 2546/5413/1565
f 2449/5199/2816 2314/4909/2816 2547/5415/2816
f 2487/5277/2796 2548/5417/2796 2500/5311/2796
f 2450/5201/1605 2549/5419/1605 2501/5313/1605
f 2484/5271/2786 2546/5413/2786 2550/5421/2786
f 2469/5241/1607 2547/5415/1607 2551/5423/1607
f 2457/5215/1608 2552/5425/1608 2548/5417/1608
f 2502/5315/1517 2505/5321/1517 2549/5419/1517
f 2456/5213/1610 2550/5421/1610 2503/5317/1610
f 2473/5249/2817 2551/5423/2817 2553/5427/2817
f 2496/5297/2799 2507/5325/2799 2552/5425/2799
f 2504/5319/1578 2509/5329/1578 2505/5321/1578
f 2458/5217/2818 2503/5317/2818 2554/5429/2818
f 2475/5253/1578 2553/5427/1578 2555/5431/1578
f 2470/5243/1595 2556/5433/1595 2507/5325/1595
f 2504/5319/2819 2451/5203/2819 2508/5327/2819
f 2506/5323/1595 2554/5429/1595 2557/5435/1595
f 2483/5269/1519 2479/5261/1519 2555/5431/1519
f 2470/5243/2820 2459/5219/2820 2559/5439/2820
f 2452/5205/1615 2511/5333/1615 2508/5327/1615
f 2467/5237/1616 2557/5435/1616 2560/5441/1616
f 2483/5269/1617 2558/5437/1617 2561/5443/1617
f 2459/5219/1618 2461/5223/1618 2510/5331/1618
f 2454/5209/1619 2516/5347/1619 2511/5333/1619
f 2460/5221/1567 2560/5441/1567 2512/5335/1567
f 2453/5207/2821 2561/5443/2821 2513/5337/2821
f 2515/5344/2822 2520/5361/2822 2510/5331/2822
f 2454/5209/2823 2521/5363/2823 2562/5445/2823
f 2446/5193/2790 2563/5447/2790 2517/5349/2790
f 2462/5225/1623 2512/5335/1623 2519/5355/1623
f 2514/5339/1540 2513/5337/1540 2564/5449/1540
f 2495/5295/1543 2542/5406/1543 2565/5451/1543
f 2515/5345/2824 2464/5231/2824 2566/5453/2824
f 2521/5363/1544 2468/5239/1544 2522/5365/1544
f 2485/5273/1545 2567/5455/1545 2563/5447/1545
f 2465/5233/1625 2463/5229/1625 2519/5356/1625
f 2455/5211/2791 2564/5449/2791 2523/5367/2791
f 2477/5257/1547 2565/5451/1547 2569/5459/1547
f 2488/5279/1579 2530/5381/1579 2566/5453/1579
f 2472/5247/1524 2531/5383/1524 2522/5365/1524
f 2489/5281/1548 2532/5385/1548 2567/5455/1548
f 2465/5233/1581 2568/5457/1581 2526/5373/1581
f 2524/5369/1524 2523/5367/1524 2527/5375/1524
f 2447/5195/2804 2525/5371/2804 2569/5459/2804
f 2466/5235/1584 2570/5461/1584 2530/5381/1584
f 2474/5251/1551 2571/5463/1551 2531/5383/1551
f 2490/5283/1629 2536/5393/1629 2532/5385/1629
f 2486/5275/1506 2526/5373/1506 2533/5387/1506
f 2528/5377/1551 2527/5375/1551 2572/5465/1551
f 2535/5391/2825 2447/5195/2825 2529/5379/2825
f 2492/5287/1536 2574/5469/1536 2570/5461/1536
f 2478/5259/2826 2539/5399/2826 2571/5463/2826
f 2490/5283/1556 2494/5293/1556 2540/5403/1556
f 2491/5285/2827 2533/5387/2827 2537/5395/2827
f 2534/5389/1555 2572/5465/1555 2538/5397/1555
f 2448/5197/2828 2535/5391/2828 2573/5467/2828
f 2518/5351/1601 2517/5349/1601 2574/5469/1601
f 2481/5265/1633 2545/5411/1633 2539/5399/1633
f 2499/5309/1514 2498/5305/1514 2540/5403/1514
f 2493/5289/1601 2537/5395/1601 2542/5406/1601
f 2476/5255/1634 2538/5397/1634 2544/5409/1634
f 2575/5470/2829 2606/5535/2829 2608/5539/2829
f 2606/5535/2830 2576/5472/2830 2609/5541/2830
f 2576/5472/1705 2615/5553/1705 2577/5474/1705
f 2615/5553/1638 2620/5565/1638 2619/5563/1638
f 2620/5565/2831 2625/5575/2831 2627/5579/2831
f 2625/5575/1640 2628/5581/1640 2593/5506/1640
f 2628/5581/1641 2596/5512/1641 2578/5476/1641
f 2596/5512/2832 2598/5516/2832 2601/5522/2832
f 2598/5516/2833 2580/5480/2833 2579/5478/2833
f 2580/5480/2834 2607/5537/2834 2611/5545/2834
f 2607/5537/2835 2613/5549/2835 2610/5543/2835
f 2613/5549/1646 2582/5484/1646 2581/5482/1646
f 2582/5484/1647 2621/5567/1647 2583/5486/1647
f 2621/5567/1648 2626/5577/1648 2584/5488/1648
f 2626/5577/2836 2585/5490/2836 2595/5510/2836
f 2585/5490/2837 2587/5494/2837 2586/5492/2837
f 2587/5494/2838 2599/5518/2838 2602/5524/2838
f 2599/5518/1652 2666/5661/1652 2588/5496/1652
f 2666/5661/1653 2631/5587/1653 2612/5547/1653
f 2631/5587/2839 2589/5498/2839 2616/5556/2839
f 2589/5498/1655 2618/5561/1655 2634/5595/1655
f 2618/5561/2840 2624/5573/2840 2637/5601/2840
f 2624/5573/1657 2590/5500/1657 2639/5605/1657
f 2590/5500/1684 2644/5616/1684 2642/5611/1684
f 2644/5616/2841 2597/5514/2841 2591/5502/2841
f 2597/5514/1692 2600/5520/1692 2605/5533/1692
f 2600/5520/1661 2907/6165/1661 2604/5529/1661
f 2907/6166/2842 2656/5641/2842 2614/5551/2842
f 2656/5641/2843 2592/5504/2843 2617/5559/2843
f 2592/5504/1664 2594/5508/1664 2623/5571/1664
f 2594/5508/1718 2664/5657/1718 2622/5569/1718
f 2664/5657/1666 2575/5470/1666 2603/5526/1666
f 2591/5503/33 25/55/33 2642/5612/33
f 2628/5582/1667 2625/5576/1667 2629/5584/1667
f 2578/5477/1669 2677/5688/1669 2671/5674/1669
f 2631/5588/2844 2669/5669/2844 2632/5591/2844
f 2596/5513/1671 2628/5582/1671 2630/5586/1671
f 2634/5596/2845 2678/5690/2845 2676/5685/2845
f 2601/5523/2846 2679/5692/2846 2677/5688/2846
f 2589/5499/2847 2632/5591/2847 2635/5598/2847
f 2598/5517/2848 2596/5513/2848 2633/5594/2848
f 2637/5602/1656 2640/5608/1656 2678/5690/1656
f 2579/5479/2849 2680/5694/2849 2679/5692/2849
f 2618/5562/1656 2635/5598/1656 2681/5696/1656
f 2598/5517/1677 2636/5600/1677 2638/5604/1677
f 2639/5606/1678 2682/5698/1678 2640/5608/1678
f 2611/5546/1679 2643/5615/1679 2680/5694/1679
f 2624/5574/1680 2681/5696/1680 2683/5700/1680
f 2580/5481/2850 2638/5604/2850 2641/5610/2850
f 2642/5613/1682 2684/5702/1682 2682/5698/1682
f 2611/5546/1683 2610/5544/1683 2685/5704/1683
f 2590/5501/2851 2683/5700/2851 2686/5706/2851
f 2613/5550/2835 2607/5538/2835 2641/5610/2835
f 25/56/1686 88/205/1686 2684/5702/1686
f 2581/5483/1687 2687/5708/1687 2685/5704/1687
f 2644/5617/1688 2686/5706/1688 2688/5712/1688
f 2613/5550/1689 2645/5619/1689 2646/5621/1689
f 25/56/2852 2605/5534/2852 2647/5623/2852
f 2581/5483/1691 2583/5487/1691 2648/5625/1691
f 2597/5515/1692 2688/5712/1692 2649/5627/1692
f 2621/5568/1693 2582/5485/1693 2646/5621/1693
f 2604/5530/1661 2906/6163/1661 2647/5623/1661
f 2583/5487/1694 2584/5489/1694 2689/5714/1694
f 2608/5540/1695 2655/5640/1695 2651/5631/1695
f 2600/5521/1661 2649/5627/1661 2652/5633/1661
f 2626/5578/1696 2621/5568/1696 2650/5629/1696
f 2575/5471/2853 2668/5666/2853 2691/5718/2853
f 2604/5531/2854 2614/5552/2854 2653/5636/2854
f 2584/5489/1649 2595/5511/1649 2654/5638/1649
f 2609/5542/2855 2659/5648/2855 2655/5640/2855
f 2656/5642/1698 2907/6167/1698 2652/5634/1698
f 2585/5491/1701 2626/5578/1701 2690/5716/1701
f 2576/5473/2856 2606/5536/2856 2691/5718/2856
f 2617/5560/2857 2693/5722/2857 2653/5636/2857
f 2586/5493/2858 2694/5724/2858 2654/5638/2858
f 2609/5542/2859 2577/5475/2859 2695/5726/2859
f 2656/5642/2857 2657/5644/2857 2696/5728/2857
f 2585/5491/1707 2658/5646/1707 2697/5730/1707
f 2615/5554/1708 2576/5473/1708 2692/5720/1708
f 2623/5572/1709 2698/5734/1709 2693/5722/1709
f 2602/5525/1710 2663/5656/1710 2694/5724/1710
f 2577/5475/1711 2619/5564/1711 2661/5652/1711
f 2592/5505/2860 2696/5728/2860 2419/5135/2860
f 2587/5495/2861 2697/5730/2861 2699/5736/2861
f 2620/5566/1714 2615/5554/1714 2660/5650/1714
f 2622/5570/1715 2667/5664/1715 2698/5734/1715
f 2588/5497/1716 2700/5738/1716 2663/5656/1716
f 2619/5564/1717 2627/5580/1717 2670/5672/1717
f 2594/5509/2862 2419/5135/2862 2673/5677/2862
f 2599/5519/1719 2699/5736/1719 2665/5660/1719
f 2625/5576/2863 2620/5566/2863 2662/5654/2863
f 2603/5527/2864 2651/5631/2864 2667/5664/2864
f 2612/5548/1720 2675/5681/1720 2700/5738/1720
f 2627/5580/1721 2593/5507/1721 2671/5674/1721
f 2664/5658/2865 2673/5677/2865 2668/5666/2865
f 2666/5662/1723 2665/5660/1723 2669/5669/1723
f 2727/5792/2866 2728/5795/2866 2701/5739/2866
f 2728/5795/2867 2737/5815/2867 2734/5809/2867
f 2737/5815/2868 2781/5909/2868 2743/5828/2868
f 2781/5909/1727 2745/5832/1727 2747/5836/1727
f 2747/5836/2869 2745/5832/2869 2791/5930/2869
f 2791/5930/2870 2702/5741/2870 2717/5771/2870
f 2702/5741/2871 2704/5745/2871 2703/5743/2871
f 2704/5745/2872 2722/5782/2872 2757/5857/2872
f 2757/5857/1732 2722/5782/1732 2724/5786/1732
f 2724/5786/2873 2732/5805/2873 2736/5813/2873
f 2732/5805/2874 2765/5873/2874 2735/5811/2874
f 2765/5873/2875 2740/5821/2875 2705/5747/2875
f 2740/5821/2876 2706/5749/2876 2744/5830/2876
f 2706/5749/1780 2707/5751/1780 2749/5840/1780
f 2707/5751/1738 2708/5753/1738 2718/5774/1738
f 2708/5753/1739 2709/5755/1739 2721/5780/1739
f 2709/5755/1740 2710/5757/1740 2720/5778/1740
f 2710/5757/1741 2726/5790/1741 2731/5803/1741
f 2726/5790/2877 2733/5807/2877 2730/5801/2877
f 2733/5807/1743 2738/5817/1743 2739/5819/1743
f 2738/5817/2878 2742/5825/2878 2711/5759/2878
f 2742/5825/2879 2746/5834/2879 2750/5842/2879
f 2746/5834/1768 2713/5763/1768 2712/5761/1768
f 2713/5763/1747 2764/5871/1747 2766/5875/1747
f 2764/5871/2880 2768/5879/2880 2719/5776/2880
f 2768/5879/1778 2723/5784/1778 2725/5788/1778
f 2723/5784/1750 2729/5798/1750 2773/5890/1750
f 2729/5799/1751 2715/5767/1751 2714/5765/1751
f 2715/5767/2881 2716/5769/2881 2779/5905/2881
f 2716/5769/1797 2783/5914/1797 2741/5823/1797
f 2703/5744/33 2616/5557/33 2717/5772/33
f 2783/5914/2882 2748/5838/2882 2785/5918/2882
f 2748/5838/1755 2727/5792/1755 2775/5895/1755
f 2701/5740/33 60/135/33 2775/5896/33
f 2734/5810/33 44/99/33 60/135/33
f 2737/5816/34 14/30/34 2781/5910/34
f 2702/5742/2883 2791/5931/2883 2752/5847/2883
f 2739/5820/1757 2798/5943/1757 2754/5851/1757
f 2717/5773/2884 2616/5558/2884 2676/5686/2884
f 2733/5808/1759 2794/5937/1759 2799/5945/1759
f 2702/5742/2885 2753/5849/2885 2632/5592/2885
f 2711/5760/1761 2755/5853/1761 2798/5943/1761
f 2616/5558/2886 2757/5858/2886 2675/5682/2886
f 2738/5818/2887 2799/5945/2887 2800/5947/2887
f 2704/5746/2888 2632/5592/2888 2669/5670/2888
f 2750/5843/2889 2801/5949/2889 2755/5853/2889
f 2756/5855/2890 2761/5866/2890 2675/5682/2890
f 2742/5826/1766 2800/5947/1766 2758/5860/1766
f 2724/5787/2891 2722/5783/2891 2669/5670/2891
f 2750/5843/2892 2712/5762/2892 2760/5864/2892
f 2736/5814/1769 2802/5951/1769 2761/5866/1769
f 2746/5835/1770 2758/5860/1770 2762/5868/1770
f 2732/5806/2893 2724/5787/2893 2759/5862/2893
f 2712/5762/1747 2766/5876/1747 2804/5955/1747
f 2736/5814/2894 2735/5812/2894 2805/5957/2894
f 2713/5764/2895 2762/5868/2895 2763/5870/2895
f 2765/5874/1772 2732/5806/1772 2803/5953/1772
f 2766/5876/2896 2719/5777/2896 2807/5961/2896
f 2705/5748/1774 2808/5963/1774 2805/5957/1774
f 2764/5872/1773 2763/5870/1773 2767/5878/1773
f 2765/5874/2897 2806/5959/2897 2769/5882/2897
f 2719/5777/2898 2725/5789/2898 2809/5965/2898
f 2705/5748/1736 2744/5831/1736 2770/5884/1736
f 2768/5880/1778 2767/5878/1778 2771/5886/1778
f 2740/5822/1779 2769/5882/1779 2772/5888/1779
f 2773/5891/1750 2908/6170/1750 2809/5965/1750
f 2744/5831/2899 2749/5841/2899 2774/5894/2899
f 60/136/1781 66/155/1781 2810/5967/1781
f 2723/5785/1750 2771/5886/1750 2778/5903/1750
f 2706/5750/1782 2772/5888/1782 2776/5899/1782
f 2727/5793/2900 2793/5935/2900 64/149/2900
f 2773/5892/2901 2714/5766/2901 2777/5901/2901
f 2718/5775/1785 2780/5908/1785 2774/5894/1785
f 44/100/35 61/140/35 66/155/35
f 2715/5768/1751 2729/5800/1751 2778/5904/1751
f 2707/5752/1787 2776/5899/1787 2812/5971/1787
f 2728/5796/2902 64/149/2902 104/237/2902
f 2779/5906/2903 2813/5973/2903 2777/5901/2903
f 2721/5781/1790 2814/5975/1790 2780/5908/1790
f 44/100/2904 2743/5829/2904 2815/5977/2904
f 2715/5768/1792 2811/5969/1792 2816/5979/1792
f 2708/5754/1793 2812/5971/1793 2817/5981/1793
f 2781/5911/2905 14/31/2905 104/237/2905
f 2741/5824/1794 2786/5921/1794 2813/5973/1794
f 2720/5779/1795 2787/5923/1795 2814/5975/1795
f 2743/5829/1796 2747/5837/1796 2782/5913/1796
f 2716/5770/2906 2816/5979/2906 2819/5985/2906
f 2709/5756/1798 2817/5981/1798 2784/5917/1798
f 2745/5833/1799 2781/5911/1799 2818/5983/1799
f 2785/5919/1754 2821/5989/1754 2786/5921/1754
f 2731/5804/1800 2792/5933/1800 2787/5923/1800
f 2747/5837/1728 2751/5845/1728 2788/5925/1728
f 2783/5915/1754 2819/5985/1754 2789/5927/1754
f 2710/5758/1803 2784/5917/1803 2790/5929/1803
f 2791/5931/1804 2745/5833/1804 2820/5987/1804
f 2775/5897/1805 2810/5967/1805 2821/5989/1805
f 2731/5804/1806 2730/5802/1806 2754/5851/1806
f 2751/5845/1729 2717/5773/1729 2795/5939/1729
f 2748/5839/1807 2789/5927/1807 2793/5935/1807
f 2726/5791/2907 2790/5929/2907 2794/5937/2907
l 2057 2058
l 1049 2858
l 2863 1129
l 2867 1177
l 1177 2868
l 1257 2878
l 2901 1977
l 977 978
l 1025 1026
l 1025 1027
l 1043 1041
l 1057 1058
l 1074 1073
l 1073 1075
l 1137 1138
l 1153 1177
l 1041 1042
l 1345 1346
l 1361 1363
l 1393 1394
l 1865 1866
l 1777 1778
l 1793 1794
l 1825 1827
l 1841 1842
l 1873 1874
l 1889 1890
l 1889 1892
l 1905 1906
l 1921 1922
l 1937 1938
l 1939 1937
l 1969 1970
l 1985 1986
l 2001 2002
l 2018 2017
l 2017 2019
l 2033 2034
l 2049 2050
l 2065 2066
l 1361 2884
l 1793 2896
l 1033 1034
l 1049 1050
l 1065 1066
l 1065 1067
l 1193 1194
l 1306 1305
l 1337 1338
l 1370 1369
l 1385 1386
l 1401 1402
l 1770 1769
l 1785 1786
l 1834 1833
l 1881 1882
l 1897 1898
l 1915 1913
l 1930 1929
l 1945 1946
l 2028 2025
l 2044 2041
l 576 562
l 2864 1130
l 2869 1178
l 548 546
l 587 578
l 1346 1348
l 1365 1362
l 1395 1394
l 1794 1795
l 1810 1811
l 1826 1827
l 1826 1828
l 1842 1843
l 1874 1875
l 1907 1906
l 1922 1924
l 1954 1956
l 1986 1987
l 2002 2004
l 1778 1779
l 2051 2050
l 986 987
l 588 586
l 1306 1307
l 1322 1323
l 1322 1324
l 1340 1338
l 1370 1371
l 1402 1403
l 1115 1114
l 1818 1819
l 1834 1836
l 1898 1900
l 1930 1931
l 1946 1947
l 1963 1962
l 1962 1964
l 1978 1979
l 1978 1980
l 1770 1771
l 1786 1787
l 1123 2861
l 2870 1179
l 2875 1227
l 1947 2900
l 2901 1979
l 916 915
l 1763 1764
l 1779 1780
l 1795 1797
l 1811 1812
l 1843 1844
l 1859 1860
l 1861 1859
l 1876 1875
l 1891 1892
l 1895 1891
l 1908 1907
l 1923 1924
l 1923 1925
l 1939 1940
l 1956 1955
l 1955 1959
l 1987 1989
l 2003 2004
l 2003 2006
l 2019 2022
l 1059 1060
l 1339 1342
l 1187 1188
l 1198 1155
l 1299 1300
l 1315 1316
l 1299 1330
l 1331 1332
l 1331 1334
l 1349 1347
l 1347 1350
l 1363 1365
l 571 575
l 1139 2865
l 1187 2872
l 923 924
l 955 956
l 2051 2053
l 1771 1772
l 1787 1788
l 1819 1821
l 1835 1836
l 1835 1837
l 1870 1867
l 1884 1883
l 1900 1899
l 1899 1901
l 1915 1916
l 1931 1932
l 1997 1995
l 2011 2013
l 2028 2027
l 2044 2043
l 2043 2045
l 1035 1036
l 1052 1051
l 1051 1053
l 1132 1131
l 1180 1179
l 1196 1195
l 1307 1308
l 1340 1339
l 1356 1355
l 1355 1357
l 1372 1371
l 1403 1404
l 1411 843
l 1068 2859
l 2900 1948
l 965 964
l 2060 2062
l 1796 1797
l 1812 1813
l 1828 1829
l 1844 1845
l 1862 1860
l 1878 1876
l 1908 1910
l 1940 1941
l 1989 1988
l 1990 1988
l 2020 2021
l 2020 2022
l 2037 2036
l 1765 1764
l 1780 1781
l 1300 1301
l 1316 1317
l 1348 1349
l 1364 1332
l 1028 1029
l 1044 1045
l 1061 1060
l 1028 2856
l 2052 2053
l 2052 2054
l 2068 2069
l 156 157
l 1820 1821
l 1820 1822
l 1884 1885
l 1932 1933
l 1948 1949
l 1964 1965
l 1980 1981
l 1996 1997
l 1996 1998
l 2012 2013
l 2012 2014
l 1772 1773
l 1788 1789
l 1308 1309
l 1324 1325
l 1372 1373
l 1404 1405
l 934 372
l 1068 1069
l 1117 1116
l 1133 1132
l 1196 1197
l 1173 1174
l 1301 1302
l 1317 1318
l 1334 1333
l 1333 1335
l 1765 1766
l 1781 1782
l 1813 1814
l 1830 1829
l 1877 1878
l 1879 1877
l 1893 1894
l 1893 1895
l 1909 1910
l 1909 1911
l 1925 1926
l 1941 1942
l 1957 1958
l 1957 1959
l 2021 2023
l 2038 2037
l 2061 2062
l 2061 2063
l 2860 1085
l 1182 1181
l 1325 1327
l 1342 1341
l 1343 1341
l 1357 1358
l 1773 1774
l 1789 1790
l 1810 1805
l 1837 1838
l 1853 1855
l 1870 1869
l 1885 1886
l 1901 1902
l 1917 1918
l 1933 1934
l 1949 1950
l 1965 1966
l 1981 1982
l 2045 2046
l 2069 2070
l 1045 2857
l 2866 1173
l 1189 2873
l 1318 1319
l 1352 1350
l 1398 1399
l 1031 1030
l 1047 1046
l 1046 1048
l 1190 1191
l 1814 1815
l 1830 1831
l 1862 1863
l 1896 1894
l 1926 1927
l 1943 1942
l 1958 1961
l 1990 1991
l 2038 2039
l 1766 1767
l 1782 1783
l 560 550
l 1198 2874
l 1326 1328
l 1329 1326
l 1359 1358
l 1038 1039
l 1038 1040
l 1055 1054
l 1054 1056
l 1071 1070
l 1135 1134
l 1086 1137
l 1178 1150
l 1823 1822
l 1838 1839
l 1886 1888
l 1902 1903
l 1918 1919
l 1934 1935
l 1950 1953
l 1966 1967
l 1982 1983
l 1998 1999
l 2014 2016
l 2046 2047
l 1774 1775
l 1790 1791
l 2054 2055
l 2070 2071
l 1302 2883
l 561 558
l 1767 1768
l 1783 1784
l 1815 1817
l 1831 1832
l 1863 1864
l 1879 1880
l 1911 1912
l 1927 1928
l 1943 1944
l 1991 1992
l 2007 2008
l 2024 2023
l 2039 2042
l 1112 1111
l 1175 1176
l 1191 1192
l 1319 1320
l 1336 1335
l 1352 1351
l 1351 1353
l 1367 1368
l 2860 1119
l 903 904
l 2063 2065
l 1775 1776
l 1791 1792
l 1823 1824
l 1839 1840
l 1903 1904
l 1919 1920
l 1935 1936
l 1951 1952
l 1953 1951
l 1967 1968
l 1984 1983
l 1999 2000
l 2015 2016
l 2015 2018
l 1184 1183
l 2047 2048
l 1071 1072
l 1151 1196
l 1311 1313
l 1327 1328
l 1343 1344
l 1359 1360
l 1391 1392
l 623 625
l 711 703
l 1255 2877
l 1303 2883
l 944 943
l 1023 1024
l 2055 2056
l 2072 2071
l 1816 1817
l 1816 1818
l 1832 1833
l 1850 1848
l 1864 1865
l 1880 1881
l 1896 1897
l 1912 1913
l 1928 1929
l 1944 1945
l 1960 1961
l 1960 1963
l 1976 1977
l 1993 1992
l 2008 2009
l 2024 2025
l 2040 2041
l 2040 2042
l 1768 1769
l 1784 1785
l 1291 1272
l 1336 1337
l 1368 1369
l 1400 1401
l 1032 1033
l 1051 1000
l 1129 1128
l 1360 2884
l 2048 2049
l 2066 2064
l 1824 1825
l 1840 1841
l 1856 1857
l 1921 1920
l 1936 1938
l 1952 1954
l 1968 1969
l 1984 1985
l 2000 2001
l 2033 2032
l 1776 1777
l 1313 1312
l 1345 1344
l 1392 1393
l 1408 1409
l 1121 1120
l 1120 1122
l 1137 1136
l 2876 1256
l 544 547
l 1792 2896
l 626 624
l 2056 2057
