# Blender 3.4.1
# www.blender.org
mtllib food.mtl
o Plane001_Food_0
v -1.257743 0.000004 4.604069
v -1.207872 0.000004 4.602757
v -1.207872 0.483067 4.602757
v -1.257743 0.483067 4.604069
v 0.565304 0.000004 4.024319
v 0.413596 0.000004 4.003485
v 0.413596 0.483067 4.003485
v 0.565304 0.483067 4.024319
v -1.207872 0.000004 4.602757
v -1.168609 0.000004 4.602196
v -1.168609 0.483067 4.602196
v -1.207872 0.483067 4.602757
v 2.504550 0.000004 4.042856
v 2.223889 0.000004 4.032116
v 2.223889 0.483067 4.032116
v 2.504550 0.483067 4.042856
v -1.318608 0.000004 4.612589
v -1.257743 0.000004 4.604069
v -1.257743 0.483067 4.604069
v -1.318608 0.483067 4.612589
v 2.970296 0.000004 4.007111
v 2.882375 0.000004 4.022095
v 2.882375 0.483067 4.022095
v 2.970296 0.483067 4.007111
v -1.624200 0.000004 4.622328
v -1.565104 0.000004 4.612270
v -1.565104 0.483067 4.612270
v -1.624200 0.483067 4.622328
v 2.882375 0.000004 4.022095
v 2.504550 0.000004 4.042856
v 2.504550 0.483067 4.042856
v 2.882375 0.483067 4.022095
v -1.565104 0.000004 4.612270
v -1.318608 0.000004 4.612589
v -1.318608 0.483067 4.612589
v -1.565104 0.483067 4.612270
v 3.085383 0.000004 4.009531
v 2.970296 0.000004 4.007111
v 2.970296 0.483067 4.007111
v 3.085383 0.483067 4.009531
v -1.677869 0.000004 4.621630
v -1.624200 0.000004 4.622328
v -1.624200 0.483067 4.622328
v -1.677869 0.483067 4.621630
v 3.322772 0.000004 3.984352
v 3.189652 0.000004 3.984804
v 3.189652 0.483067 3.984804
v 3.322772 0.483067 3.984352
v -1.743949 0.000004 4.633944
v -1.715890 0.000004 4.624964
v -1.715890 0.483067 4.624964
v -1.743949 0.483067 4.633944
v 3.189652 0.000004 3.984804
v 3.085383 0.000004 4.009531
v 3.085383 0.483067 4.009531
v 3.189652 0.483067 3.984804
v -1.715890 0.000004 4.624964
v -1.677869 0.000004 4.621630
v -1.677869 0.483067 4.621630
v -1.715890 0.483067 4.624964
v -1.775179 0.000004 4.629364
v -1.775179 0.483067 4.629364
v -1.811486 0.000004 4.628325
v -1.775179 0.000004 4.629364
v -1.775179 0.483067 4.629364
v -1.811486 0.483067 4.628325
v -1.827517 0.000004 4.625580
v -1.827517 0.483067 4.625580
v -1.881913 0.000004 4.618095
v -1.827517 0.000004 4.625580
v -1.827517 0.483067 4.625580
v -1.881913 0.483067 4.618095
v -1.907654 0.000004 4.352385
v -1.909284 0.000004 4.398676
v -1.909284 0.483067 4.398676
v -1.907654 0.483067 4.352385
v -1.908495 0.000004 4.313004
v -1.909614 0.000004 4.335764
v -1.909614 0.483067 4.335764
v -1.908495 0.483067 4.313004
v 3.578006 0.000004 4.601215
v 3.603126 0.000004 4.578955
v 3.603126 0.483067 4.578955
v 3.578006 0.483067 4.601215
v -1.897614 0.000004 4.410181
v -1.898699 0.000004 4.595337
v -1.898699 0.483067 4.595337
v -1.897614 0.483067 4.410181
v 1.235846 0.000004 4.602341
v 1.274065 0.000004 4.607132
v 1.274065 0.483067 4.607132
v 1.235846 0.483067 4.602341
v 2.735652 0.000004 4.618074
v 2.804635 0.000004 4.614780
v 2.804635 0.483067 4.614780
v 2.735652 0.483067 4.618074
v 1.311932 0.000004 4.602730
v 2.667346 0.000004 4.624454
v 2.667346 0.483067 4.624454
v 1.311932 0.483067 4.602730
v 3.227794 0.000004 4.594059
v 3.282987 0.000004 4.600971
v 3.282987 0.483067 4.600971
v 3.227794 0.483067 4.594059
v 1.042659 0.000004 4.613737
v 1.088127 0.000004 4.610600
v 1.088127 0.483067 4.610600
v 1.042659 0.483067 4.613737
v 2.667346 0.000004 4.624454
v 2.735652 0.000004 4.618074
v 2.735652 0.483067 4.618074
v 2.667346 0.483067 4.624454
v -1.914017 0.000004 4.302521
v -1.914017 0.483067 4.302521
v 3.354972 0.000004 4.592855
v 3.405746 0.000004 4.600845
v 3.405746 0.483067 4.600845
v 3.354972 0.483067 4.592855
v 1.135363 0.000004 4.609093
v 1.163152 0.000004 4.602325
v 1.163152 0.483067 4.602325
v 1.135363 0.483067 4.609093
v 2.804635 0.000004 4.614780
v 3.161111 0.000004 4.605711
v 3.161111 0.483067 4.605711
v 2.804635 0.483067 4.614780
v -1.881913 0.000004 4.618095
v -1.881913 0.483067 4.618095
v 3.456517 0.000004 4.596071
v 3.578006 0.000004 4.601215
v 3.578006 0.483067 4.601215
v 3.456517 0.483067 4.596071
v 0.979125 0.000004 4.614616
v 0.994538 0.000004 4.617107
v 0.994538 0.483067 4.617107
v 0.979125 0.483067 4.614616
v -1.861030 0.000004 4.016539
v -1.904939 0.000004 4.026363
v -1.904939 0.483067 4.026363
v -1.861030 0.483067 4.016539
v -1.400074 0.000004 4.003138
v -1.496834 0.000004 3.993397
v -1.496834 0.483067 3.993397
v -1.400074 0.483067 4.003138
v 3.405746 0.000004 4.600845
v 3.456517 0.000004 4.596071
v 3.456517 0.483067 4.596071
v 3.405746 0.483067 4.600845
v -1.560750 0.000004 3.989264
v -1.682038 0.000004 4.014559
v -1.682038 0.483067 4.014559
v -1.560750 0.483067 3.989264
v 1.163152 0.000004 4.602325
v 1.235846 0.000004 4.602341
v 1.235846 0.483067 4.602341
v 1.163152 0.483067 4.602325
v -1.682038 0.000004 4.014559
v -1.861030 0.000004 4.016539
v -1.861030 0.483067 4.016539
v -1.682038 0.483067 4.014559
v -1.240115 0.000004 3.995737
v -1.400074 0.000004 4.003138
v -1.400074 0.483067 4.003138
v -1.240115 0.483067 3.995737
v 3.161111 0.000004 4.605711
v 3.227794 0.000004 4.594059
v 3.227794 0.483067 4.594059
v 3.161111 0.483067 4.605711
v -1.496834 0.000004 3.993397
v -1.496834 0.483067 3.993397
v 1.042659 0.000004 4.613737
v 1.042659 0.483067 4.613737
v 3.282987 0.000004 4.600971
v 3.354972 0.000004 4.592855
v 3.354972 0.483067 4.592855
v 3.282987 0.483067 4.600971
v 1.088127 0.000004 4.610600
v 1.135363 0.000004 4.609093
v 1.135363 0.483067 4.609093
v 1.088127 0.483067 4.610600
v 3.579894 0.000004 4.020983
v 3.579894 0.483067 4.020983
v 1.966479 0.000004 3.998707
v 1.966479 0.483067 3.998707
v 0.952220 0.000004 4.616119
v 0.979125 0.000004 4.614616
v 0.979125 0.483067 4.614616
v 0.952220 0.483067 4.616119
v 1.274065 0.000004 4.607132
v 1.311932 0.000004 4.602730
v 1.311932 0.483067 4.602730
v 1.274065 0.483067 4.607132
v -1.061280 0.000004 4.601173
v -1.005882 0.000004 4.597073
v -1.005882 0.483067 4.597073
v -1.061280 0.483067 4.601173
v -1.168609 0.000004 4.602196
v -1.061280 0.000004 4.601173
v -1.061280 0.483067 4.601173
v -1.168609 0.483067 4.602196
v -1.881913 0.000004 4.618095
v -1.898699 0.000004 4.595337
v -1.897614 0.000004 4.410181
v -1.909284 0.000004 4.398676
v -1.907654 0.000004 4.352385
v -1.909614 0.000004 4.335764
v -1.908495 0.000004 4.313004
v -1.914017 0.000004 4.302521
v -1.917502 0.000004 4.256742
v -1.897967 0.000004 4.224262
v -1.899406 0.000004 4.196388
v -1.915473 0.000004 4.168894
v -1.913787 0.000004 4.112432
v -1.904939 0.000004 4.026363
v -1.861030 0.000004 4.016539
v -1.682038 0.000004 4.014559
v -1.560750 0.000004 3.989264
v -1.496834 0.000004 3.993397
v -1.400074 0.000004 4.003138
v -1.240115 0.000004 3.995737
v -0.073450 0.000004 3.994753
v 0.086658 0.000004 4.007338
v 0.413596 0.000004 4.003485
v 0.565304 0.000004 4.024319
v 0.808660 0.000004 4.016588
v 1.030326 0.000004 3.997248
v 1.264517 0.000004 4.003416
v 1.745730 0.000004 3.993454
v 1.966479 0.000004 3.998707
v 2.223889 0.000004 4.032116
v 2.504550 0.000004 4.042856
v 2.882375 0.000004 4.022095
v 2.970296 0.000004 4.007111
v 3.085383 0.000004 4.009531
v 3.189652 0.000004 3.984804
v 3.322772 0.000004 3.984352
v 3.579894 0.000004 4.020983
v 3.611287 0.000004 4.225653
v 3.595832 0.000004 4.312634
v 3.603126 0.000004 4.578955
v 3.578006 0.000004 4.601215
v 3.456517 0.000004 4.596071
v 3.405746 0.000004 4.600845
v 3.354972 0.000004 4.592855
v 3.282987 0.000004 4.600971
v 3.227794 0.000004 4.594059
v 3.161111 0.000004 4.605711
v 2.804635 0.000004 4.614780
v 2.735652 0.000004 4.618074
v 2.667346 0.000004 4.624454
v 1.311932 0.000004 4.602730
v 1.274065 0.000004 4.607132
v 1.235846 0.000004 4.602341
v 1.163152 0.000004 4.602325
v 1.135363 0.000004 4.609093
v 1.088127 0.000004 4.610600
v 1.042659 0.000004 4.613737
v 0.994538 0.000004 4.617107
v 0.979125 0.000004 4.614616
v 0.952220 0.000004 4.616119
v 0.897205 0.000004 4.617588
v 0.681841 0.000004 4.605371
v 0.486206 0.000004 4.581347
v 0.042815 0.000004 4.575142
v -0.148415 0.000004 4.587904
v -0.345754 0.000004 4.597101
v -0.724190 0.000004 4.578299
v -1.005882 0.000004 4.597073
v -1.061280 0.000004 4.601173
v -1.168609 0.000004 4.602196
v -1.207872 0.000004 4.602757
v -1.257743 0.000004 4.604069
v -1.318608 0.000004 4.612589
v -1.565104 0.000004 4.612270
v -1.624200 0.000004 4.622328
v -1.677869 0.000004 4.621630
v -1.715890 0.000004 4.624964
v -1.743949 0.000004 4.633944
v -1.775179 0.000004 4.629364
v -1.811486 0.000004 4.628325
v -1.827517 0.000004 4.625580
v -1.881913 0.483067 4.618095
v -1.827517 0.483067 4.625580
v -1.811486 0.483067 4.628325
v -1.775179 0.483067 4.629364
v -1.743949 0.483067 4.633944
v -1.715890 0.483067 4.624964
v -1.677869 0.483067 4.621630
v -1.624200 0.483067 4.622328
v -1.565104 0.483067 4.612270
v -1.318608 0.483067 4.612589
v -1.257743 0.483067 4.604069
v -1.207872 0.483067 4.602757
v -1.168609 0.483067 4.602196
v -1.061280 0.483067 4.601173
v -1.005882 0.483067 4.597073
v -0.724190 0.483067 4.578299
v -0.345754 0.483067 4.597101
v -0.148415 0.483067 4.587904
v 0.042815 0.483067 4.575142
v 0.486206 0.483067 4.581347
v 0.681841 0.483067 4.605371
v 0.897205 0.483067 4.617588
v 0.952220 0.483067 4.616119
v 0.979125 0.483067 4.614616
v 0.994538 0.483067 4.617107
v 1.042659 0.483067 4.613737
v 1.088127 0.483067 4.610600
v 1.135363 0.483067 4.609093
v 1.163152 0.483067 4.602325
v 1.235846 0.483067 4.602341
v 1.274065 0.483067 4.607132
v 1.311932 0.483067 4.602730
v 2.667346 0.483067 4.624454
v 2.735652 0.483067 4.618074
v 2.804635 0.483067 4.614780
v 3.161111 0.483067 4.605711
v 3.227794 0.483067 4.594059
v 3.282987 0.483067 4.600971
v 3.354972 0.483067 4.592855
v 3.405746 0.483067 4.600845
v 3.456517 0.483067 4.596071
v 3.578006 0.483067 4.601215
v 3.603126 0.483067 4.578955
v 3.595832 0.483067 4.312634
v 3.611287 0.483067 4.225653
v 3.579894 0.483067 4.020983
v 3.322772 0.483067 3.984352
v 3.189652 0.483067 3.984804
v 3.085383 0.483067 4.009531
v 2.970296 0.483067 4.007111
v 2.882375 0.483067 4.022095
v 2.504550 0.483067 4.042856
v 2.223889 0.483067 4.032116
v 1.966479 0.483067 3.998707
v 1.745730 0.483067 3.993454
v 1.264517 0.483067 4.003416
v 1.030326 0.483067 3.997248
v 0.808660 0.483067 4.016588
v 0.565304 0.483067 4.024319
v 0.413596 0.483067 4.003485
v 0.086658 0.483067 4.007338
v -0.073450 0.483067 3.994753
v -1.240115 0.483067 3.995737
v -1.400074 0.483067 4.003138
v -1.496834 0.483067 3.993397
v -1.560750 0.483067 3.989264
v -1.682038 0.483067 4.014559
v -1.861030 0.483067 4.016539
v -1.904939 0.483067 4.026363
v -1.913787 0.483067 4.112432
v -1.915473 0.483067 4.168894
v -1.899406 0.483067 4.196388
v -1.897967 0.483067 4.224262
v -1.917502 0.483067 4.256742
v -1.914017 0.483067 4.302521
v -1.908495 0.483067 4.313004
v -1.909614 0.483067 4.335764
v -1.907654 0.483067 4.352385
v -1.909284 0.483067 4.398676
v -1.897614 0.483067 4.410181
v -1.898699 0.483067 4.595337
v 3.595832 0.000004 4.312634
v 3.611287 0.000004 4.225653
v 3.579894 0.000004 4.020983
v 3.579894 0.483067 4.020983
v 3.611287 0.483067 4.225653
v 3.595832 0.483067 4.312634
v -1.915473 0.000004 4.168894
v -1.899406 0.000004 4.196388
v -1.897967 0.000004 4.224262
v -1.917502 0.000004 4.256742
v -1.917502 0.483067 4.256742
v -1.897967 0.483067 4.224262
v -1.899406 0.483067 4.196388
v -1.915473 0.483067 4.168894
v -1.913787 0.483067 4.112432
v -1.904939 0.483067 4.026363
v -1.904939 0.000004 4.026363
v -1.913787 0.000004 4.112432
v -0.345754 0.000004 4.597101
v -0.148415 0.000004 4.587904
v 0.042815 0.000004 4.575142
v 0.486206 0.000004 4.581347
v 0.486206 0.483067 4.581347
v 0.042815 0.483067 4.575142
v -0.148415 0.483067 4.587904
v -0.345754 0.483067 4.597101
v -0.724190 0.483067 4.578299
v -1.005882 0.483067 4.597073
v -1.005882 0.000004 4.597073
v -0.724190 0.000004 4.578299
v 0.681841 0.000004 4.605371
v 0.897205 0.000004 4.617588
v 0.952220 0.000004 4.616119
v 0.952220 0.483067 4.616119
v 0.897205 0.483067 4.617588
v 0.681841 0.483067 4.605371
v 0.486206 0.483067 4.581347
v 0.486206 0.000004 4.581347
v 1.030326 0.000004 3.997248
v 0.808660 0.000004 4.016588
v 0.565304 0.000004 4.024319
v 0.565304 0.483067 4.024319
v 0.808660 0.483067 4.016588
v 1.030326 0.483067 3.997248
v 1.264517 0.483067 4.003416
v 1.745730 0.483067 3.993454
v 1.966479 0.483067 3.998707
v 1.966479 0.000004 3.998707
v 1.745730 0.000004 3.993454
v 1.264517 0.000004 4.003416
v -0.073450 0.000004 3.994753
v -1.240115 0.000004 3.995737
v -1.240115 0.483067 3.995737
v -0.073450 0.483067 3.994753
v 0.086658 0.483067 4.007338
v 0.413596 0.483067 4.003485
v 0.413596 0.000004 4.003485
v 0.086658 0.000004 4.007338
vn 0.0264 -0.0000 0.9997
vn 0.0263 -0.0000 0.9997
vn 0.1360 -0.0000 -0.9907
vn 0.1361 -0.0000 -0.9907
vn 0.0143 -0.0000 0.9999
vn 0.0382 -0.0000 -0.9993
vn 0.0835 -0.0000 -0.9965
vn 0.1386 -0.0000 0.9903
vn -0.1680 -0.0000 -0.9858
vn 0.1678 -0.0000 0.9858
vn -0.0549 -0.0000 -0.9985
vn -0.0013 -0.0000 1.0000
vn 0.0210 -0.0000 -0.9998
vn -0.0130 -0.0000 0.9999
vn 0.0690 -0.0000 -0.9976
vn -0.0034 -0.0000 -1.0000
vn 0.0820 -0.0000 0.9966
vn 0.3048 -0.0000 0.9524
vn -0.2307 -0.0000 -0.9730
vn 0.0873 -0.0000 0.9962
vn 0.0874 -0.0000 0.9962
vn -0.1451 -0.0000 0.9894
vn -0.1450 -0.0000 0.9894
vn -0.0989 -0.0000 0.9951
vn -0.0286 -0.0000 0.9996
vn -0.0287 -0.0000 0.9996
vn -0.1688 -0.0000 0.9856
vn -0.0990 -0.0000 0.9951
vn -0.1690 -0.0000 0.9856
vn -0.1363 -0.0000 0.9907
vn -0.9992 -0.0000 0.0411
vn -0.9292 -0.0000 0.3697
vn -0.9764 -0.0000 0.2161
vn -0.9994 -0.0000 0.0341
vn 0.6632 -0.0000 0.7485
vn 0.9203 -0.0000 0.3913
vn 0.6633 -0.0000 0.7483
vn -0.9236 -0.0000 0.3833
vn -0.9509 -0.0000 0.3096
vn -0.1244 -0.0000 0.9922
vn -0.1243 -0.0000 0.9922
vn 0.0477 -0.0000 0.9989
vn -0.0160 -0.0000 0.9999
vn -0.1242 -0.0000 0.9923
vn 0.0688 -0.0000 0.9976
vn 0.0689 -0.0000 0.9976
vn 0.0931 -0.0000 0.9957
vn 0.0930 -0.0000 0.9957
vn -0.9746 -0.0000 0.2241
vn -0.9764 -0.0000 0.2162
vn -0.1554 -0.0000 0.9879
vn -0.1555 -0.0000 0.9878
vn -0.9292 -0.0000 0.3696
vn 0.2366 -0.0000 0.9716
vn 0.0254 -0.0000 0.9997
vn -0.8048 -0.0000 0.5936
vn -0.0423 -0.0000 0.9991
vn -0.1596 -0.0000 0.9872
vn -0.0451 -0.0000 0.9990
vn -0.1593 -0.0000 0.9872
vn -0.2184 -0.0000 -0.9759
vn -0.7701 -0.0000 -0.6379
vn -0.2183 -0.0000 -0.9759
vn 0.1002 -0.0000 -0.9950
vn 0.0936 -0.0000 0.9956
vn -0.0704 -0.0000 -0.9975
vn -0.2042 -0.0000 -0.9789
vn -0.0705 -0.0000 -0.9975
vn -0.0002 -0.0000 1.0000
vn -0.0111 -0.0000 -0.9999
vn -0.0462 -0.0000 -0.9989
vn 0.1721 -0.0000 0.9851
vn 0.1722 -0.0000 0.9851
vn 0.0645 -0.0000 -0.9979
vn -0.0452 -0.0000 0.9990
vn 0.0698 -0.0000 0.9976
vn 0.0699 -0.0000 0.9976
vn 0.1120 -0.0000 0.9937
vn 0.1121 -0.0000 0.9937
vn 0.0318 -0.0000 0.9995
vn 0.0319 -0.0000 0.9995
vn 0.1410 -0.0000 -0.9900
vn 0.0836 -0.0000 -0.9965
vn 0.1287 -0.0000 -0.9917
vn 0.0557 -0.0000 0.9984
vn 0.0558 -0.0000 0.9984
vn 0.1155 -0.0000 0.9933
vn 0.0739 -0.0000 0.9973
vn 0.0738 -0.0000 0.9973
vn 0.0095 -0.0000 1.0000
vn -0.0000 -1.0000 -0.0000
vn -0.0000 1.0000 -0.0000
vn 0.9991 -0.0000 -0.0416
vn -0.9995 -0.0000 -0.0329
vn -0.9995 -0.0000 -0.0328
vn 0.0106 -0.0000 0.9999
vn 0.0105 -0.0000 0.9999
vn -0.0744 -0.0000 0.9972
vn -0.0745 -0.0000 0.9972
vn -0.0743 -0.0000 0.9972
vn -0.0183 -0.0000 -0.9998
vn -0.0182 -0.0000 -0.9998
vn 0.0047 -0.0000 -1.0000
vn 0.0046 -0.0000 -1.0000
vt 0.950373 0.175161
vt 0.947579 0.175161
vt 0.947579 0.144671
vt 0.950373 0.144671
vt 0.848244 0.175161
vt 0.856743 0.175161
vt 0.856743 0.144671
vt 0.848244 0.144671
vt 0.947579 0.175161
vt 0.945379 0.175161
vt 0.945379 0.144671
vt 0.947579 0.144671
vt 0.739606 0.175161
vt 0.755329 0.175161
vt 0.755329 0.144671
vt 0.739606 0.144671
vt 0.953782 0.175161
vt 0.950373 0.175161
vt 0.950373 0.144671
vt 0.953782 0.144671
vt 0.713515 0.175161
vt 0.718440 0.175161
vt 0.718440 0.144671
vt 0.713515 0.144671
vt 0.970902 0.175161
vt 0.967591 0.175161
vt 0.967591 0.144671
vt 0.970902 0.144671
vt 0.718440 0.175161
vt 0.739606 0.175161
vt 0.739606 0.144671
vt 0.718440 0.144671
vt 0.967591 0.175161
vt 0.953782 0.175161
vt 0.953782 0.144671
vt 0.967591 0.144671
vt 0.707067 0.175161
vt 0.713515 0.175161
vt 0.713515 0.144671
vt 0.707067 0.144671
vt 0.973908 0.175161
vt 0.970902 0.175161
vt 0.970902 0.144671
vt 0.973908 0.144671
vt 0.693769 0.175161
vt 0.701226 0.175161
vt 0.701226 0.144671
vt 0.693769 0.144671
vt 0.977610 0.175161
vt 0.976038 0.175161
vt 0.976038 0.144671
vt 0.977610 0.144671
vt 0.701226 0.175161
vt 0.707067 0.175161
vt 0.707067 0.144671
vt 0.701226 0.144671
vt 0.976038 0.175161
vt 0.973908 0.175161
vt 0.973908 0.144671
vt 0.976038 0.144671
vt 0.979360 0.175161
vt 0.979360 0.144671
vt 0.981394 0.175161
vt 0.979360 0.175161
vt 0.979360 0.144671
vt 0.981394 0.144671
vt 0.982292 0.175161
vt 0.982292 0.144671
vt 0.985339 0.175161
vt 0.982292 0.175161
vt 0.982292 0.144671
vt 0.985339 0.144671
vt 0.539930 0.452983
vt 0.536490 0.452983
vt 0.536490 0.404982
vt 0.539930 0.404982
vt 0.542856 0.452983
vt 0.541165 0.452983
vt 0.541165 0.404982
vt 0.542856 0.404982
vt 0.521439 0.452983
vt 0.523093 0.452983
vt 0.523093 0.404982
vt 0.521439 0.404982
vt 0.535635 0.452983
vt 0.521876 0.452983
vt 0.521876 0.404982
vt 0.535635 0.404982
vt 0.810680 0.175161
vt 0.808539 0.175161
vt 0.808539 0.144671
vt 0.810680 0.144671
vt 0.726659 0.175161
vt 0.722795 0.175161
vt 0.722795 0.144671
vt 0.726659 0.144671
vt 0.806417 0.175161
vt 0.730486 0.175161
vt 0.730486 0.144671
vt 0.806417 0.144671
vt 0.699089 0.175161
vt 0.695997 0.175161
vt 0.695997 0.144671
vt 0.699089 0.144671
vt 0.821502 0.175161
vt 0.818955 0.175161
vt 0.818955 0.144671
vt 0.821502 0.144671
vt 0.730486 0.175161
vt 0.726659 0.175161
vt 0.726659 0.144671
vt 0.730486 0.144671
vt 0.543635 0.452983
vt 0.543635 0.404982
vt 0.691965 0.175161
vt 0.689120 0.175161
vt 0.689120 0.144671
vt 0.691965 0.144671
vt 0.816309 0.175161
vt 0.814752 0.175161
vt 0.814752 0.144671
vt 0.816309 0.144671
vt 0.722795 0.175161
vt 0.702825 0.175161
vt 0.702825 0.144671
vt 0.722795 0.144671
vt 0.520185 0.452983
vt 0.520185 0.404982
vt 0.686276 0.175161
vt 0.679470 0.175161
vt 0.679470 0.144671
vt 0.686276 0.144671
vt 0.825062 0.175161
vt 0.824198 0.175161
vt 0.824198 0.144671
vt 0.825062 0.144671
vt 0.984169 0.175161
vt 0.986629 0.175161
vt 0.986629 0.144671
vt 0.984169 0.144671
vt 0.958346 0.175161
vt 0.963767 0.175161
vt 0.963767 0.144671
vt 0.958346 0.144671
vt 0.689120 0.175161
vt 0.686276 0.175161
vt 0.686276 0.144671
vt 0.689120 0.144671
vt 0.967347 0.175161
vt 0.974142 0.175161
vt 0.974142 0.144671
vt 0.967347 0.144671
vt 0.814752 0.175161
vt 0.810680 0.175161
vt 0.810680 0.144671
vt 0.814752 0.144671
vt 0.974142 0.175161
vt 0.984169 0.175161
vt 0.984169 0.144671
vt 0.974142 0.144671
vt 0.949385 0.175161
vt 0.958346 0.175161
vt 0.958346 0.144671
vt 0.949385 0.144671
vt 0.702825 0.175161
vt 0.699089 0.175161
vt 0.699089 0.144671
vt 0.702825 0.144671
vt 0.963767 0.175161
vt 0.963767 0.144671
vt 0.821502 0.175161
vt 0.821502 0.144671
vt 0.695997 0.175161
vt 0.691965 0.175161
vt 0.691965 0.144671
vt 0.695997 0.144671
vt 0.818955 0.175161
vt 0.816309 0.175161
vt 0.816309 0.144671
vt 0.818955 0.144671
vt 0.679364 0.175161
vt 0.679364 0.144671
vt 0.769749 0.175161
vt 0.769749 0.144671
vt 0.826569 0.175161
vt 0.825062 0.175161
vt 0.825062 0.144671
vt 0.826569 0.144671
vt 0.808539 0.175161
vt 0.806417 0.175161
vt 0.806417 0.144671
vt 0.808539 0.144671
vt 0.939367 0.175161
vt 0.936263 0.175161
vt 0.936263 0.144671
vt 0.939367 0.144671
vt 0.945379 0.175161
vt 0.939367 0.175161
vt 0.939367 0.144671
vt 0.945379 0.144671
vt 0.678231 0.099248
vt 0.677272 0.097974
vt 0.677334 0.087612
vt 0.676667 0.086968
vt 0.676760 0.084377
vt 0.677555 0.083447
vt 0.677619 0.082173
vt 0.676397 0.081586
vt 0.676197 0.079024
vt 0.677314 0.077206
vt 0.677232 0.075646
vt 0.676314 0.074107
vt 0.676410 0.070948
vt 0.676916 0.067387
vt 0.679425 0.065581
vt 0.689654 0.065470
vt 0.696585 0.064054
vt 0.700238 0.063695
vt 0.705768 0.065238
vt 0.714909 0.064417
vt 0.781581 0.064361
vt 0.790731 0.065066
vt 0.809415 0.064850
vt 0.818085 0.066016
vt 0.831992 0.065583
vt 0.844660 0.064501
vt 0.858044 0.064846
vt 0.885544 0.064289
vt 0.898159 0.064583
vt 0.912870 0.066452
vt 0.928909 0.067054
vt 0.950501 0.065892
vt 0.955525 0.064611
vt 0.962102 0.065189
vt 0.968061 0.063392
vt 0.975669 0.063779
vt 0.990363 0.065829
vt 0.992157 0.077284
vt 0.991274 0.082152
vt 0.991690 0.097057
vt 0.990255 0.098303
vt 0.983312 0.098015
vt 0.980410 0.098470
vt 0.977509 0.097835
vt 0.973395 0.098290
vt 0.970241 0.097903
vt 0.966430 0.098555
vt 0.946058 0.099062
vt 0.942116 0.098334
vt 0.938212 0.099604
vt 0.860753 0.098388
vt 0.858589 0.098634
vt 0.856405 0.098366
vt 0.852251 0.098365
vt 0.850663 0.099116
vt 0.847963 0.098828
vt 0.845365 0.099382
vt 0.842615 0.099193
vt 0.841734 0.099053
vt 0.840196 0.099656
vt 0.837052 0.099220
vt 0.824745 0.098536
vt 0.813565 0.097191
vt 0.788226 0.096844
vt 0.777297 0.097558
vt 0.766020 0.098073
vt 0.744393 0.097021
vt 0.728295 0.098071
vt 0.725129 0.098875
vt 0.718995 0.098358
vt 0.716752 0.098881
vt 0.713902 0.098463
vt 0.710423 0.098940
vt 0.696336 0.098922
vt 0.692959 0.100191
vt 0.689892 0.100151
vt 0.687719 0.099632
vt 0.686116 0.100135
vt 0.684331 0.100479
vt 0.682256 0.099820
vt 0.681340 0.099291
vt 0.678231 0.099248
vt 0.681340 0.099291
vt 0.682256 0.099820
vt 0.684331 0.100479
vt 0.686116 0.100135
vt 0.687719 0.099632
vt 0.689892 0.100151
vt 0.692959 0.100191
vt 0.696336 0.098922
vt 0.710423 0.098940
vt 0.713902 0.098463
vt 0.716752 0.098881
vt 0.718995 0.098358
vt 0.725129 0.098875
vt 0.728295 0.098071
vt 0.744393 0.097021
vt 0.766020 0.098073
vt 0.777297 0.097558
vt 0.788226 0.096844
vt 0.813565 0.097191
vt 0.824745 0.098536
vt 0.837052 0.099220
vt 0.840196 0.099656
vt 0.841734 0.099053
vt 0.842615 0.099193
vt 0.845365 0.099382
vt 0.847963 0.098828
vt 0.850663 0.099116
vt 0.852251 0.098365
vt 0.856405 0.098366
vt 0.858589 0.098634
vt 0.860753 0.098388
vt 0.938212 0.099604
vt 0.942116 0.098334
vt 0.946058 0.099062
vt 0.966430 0.098555
vt 0.970241 0.097903
vt 0.973395 0.098290
vt 0.977509 0.097835
vt 0.980410 0.098470
vt 0.983312 0.098015
vt 0.990255 0.098303
vt 0.991690 0.097057
vt 0.991274 0.082152
vt 0.992157 0.077284
vt 0.990363 0.065829
vt 0.975669 0.063779
vt 0.968061 0.063392
vt 0.962102 0.065189
vt 0.955525 0.064611
vt 0.950501 0.065892
vt 0.928909 0.067054
vt 0.912870 0.066452
vt 0.898159 0.064583
vt 0.885544 0.064289
vt 0.858044 0.064846
vt 0.844660 0.064501
vt 0.831992 0.065583
vt 0.818085 0.066016
vt 0.809415 0.064850
vt 0.790731 0.065066
vt 0.781581 0.064361
vt 0.714909 0.064417
vt 0.705768 0.065238
vt 0.700238 0.063695
vt 0.696585 0.064054
vt 0.689654 0.065470
vt 0.679425 0.065581
vt 0.676916 0.067387
vt 0.676410 0.070948
vt 0.676314 0.074107
vt 0.677232 0.075646
vt 0.677314 0.077206
vt 0.676197 0.079024
vt 0.676397 0.081586
vt 0.677619 0.082173
vt 0.677555 0.083447
vt 0.676760 0.084377
vt 0.676667 0.086968
vt 0.677334 0.087612
vt 0.677272 0.097974
vt 0.542884 0.452983
vt 0.549347 0.452983
vt 0.564556 0.452983
vt 0.564556 0.404982
vt 0.549347 0.404982
vt 0.542884 0.404982
vt 0.553565 0.452983
vt 0.551521 0.452983
vt 0.549450 0.452983
vt 0.547037 0.452983
vt 0.547037 0.404982
vt 0.549450 0.404982
vt 0.551521 0.404982
vt 0.553565 0.404982
vt 0.557760 0.404982
vt 0.562488 0.404982
vt 0.562488 0.452983
vt 0.557760 0.452983
vt 0.899282 0.175161
vt 0.888227 0.175161
vt 0.877514 0.175161
vt 0.852675 0.175161
vt 0.852675 0.144671
vt 0.877514 0.144671
vt 0.888227 0.144671
vt 0.899282 0.144671
vt 0.920483 0.144671
vt 0.936263 0.144671
vt 0.936263 0.175161
vt 0.920483 0.175161
vt 0.841716 0.175161
vt 0.829651 0.175161
vt 0.826569 0.175161
vt 0.826569 0.144671
vt 0.829651 0.144671
vt 0.841716 0.144671
vt 0.852675 0.144671
vt 0.852675 0.175161
vt 0.822193 0.175161
vt 0.834611 0.175161
vt 0.848244 0.175161
vt 0.848244 0.144671
vt 0.834611 0.144671
vt 0.822193 0.144671
vt 0.809074 0.144671
vt 0.782116 0.144671
vt 0.769749 0.144671
vt 0.769749 0.175161
vt 0.782116 0.175161
vt 0.809074 0.175161
vt 0.884028 0.175161
vt 0.949385 0.175161
vt 0.949385 0.144671
vt 0.884028 0.144671
vt 0.875058 0.144671
vt 0.856743 0.144671
vt 0.856743 0.175161
vt 0.875058 0.175161
s 0
usemtl Food
f 1/1/1 2/2/1 3/3/1
f 1/1/2 3/3/2 4/4/2
f 5/5/3 6/6/3 7/7/3
f 5/5/4 7/7/4 8/8/4
f 9/9/5 10/10/5 11/11/5
f 9/9/5 11/11/5 12/12/5
f 13/13/6 14/14/7 15/15/7
f 13/13/6 15/15/7 16/16/6
f 17/17/8 18/18/8 19/19/8
f 17/17/8 19/19/8 20/20/8
f 21/21/9 22/22/9 23/23/9
f 21/21/9 23/23/9 24/24/9
f 25/25/10 26/26/10 27/27/10
f 25/25/10 27/27/10 28/28/10
f 29/29/11 30/30/11 31/31/11
f 29/29/11 31/31/11 32/32/11
f 33/33/12 34/34/12 35/35/12
f 33/33/12 35/35/12 36/36/12
f 37/37/13 38/38/13 39/39/13
f 37/37/13 39/39/13 40/40/13
f 41/41/14 42/42/14 43/43/14
f 41/41/14 43/43/14 44/44/14
f 45/45/15 46/46/16 47/47/16
f 45/45/15 47/47/16 48/48/15
f 49/49/17 50/50/18 51/51/18
f 49/49/17 51/51/18 52/52/17
f 53/53/19 54/54/19 55/55/19
f 53/53/19 55/55/19 56/56/19
f 57/57/20 58/58/20 59/59/20
f 57/57/21 59/59/21 60/60/21
f 61/61/22 49/49/17 52/52/17
f 61/61/23 52/52/17 62/62/23
f 63/63/24 64/64/25 65/65/25
f 63/63/24 65/65/26 66/66/24
f 67/67/27 63/63/28 66/66/28
f 67/67/29 66/66/24 68/68/29
f 69/69/30 70/70/30 71/71/30
f 69/69/30 71/71/30 72/72/30
f 73/73/31 74/74/32 75/75/32
f 73/73/31 75/75/32 76/76/31
f 77/77/33 78/78/34 79/79/34
f 77/77/33 79/79/34 80/80/33
f 81/81/35 82/82/36 83/83/36
f 81/81/37 83/83/36 84/84/37
f 85/85/38 86/86/39 87/87/39
f 85/85/38 87/87/39 88/88/38
f 89/89/40 90/90/40 91/91/40
f 89/89/41 91/91/41 92/92/41
f 93/93/42 94/94/42 95/95/42
f 93/93/42 95/95/42 96/96/42
f 97/97/43 98/98/43 99/99/43
f 97/97/43 99/99/43 100/100/43
f 78/78/34 73/73/31 76/76/31
f 78/78/34 76/76/31 79/79/34
f 101/101/41 102/102/41 103/103/41
f 101/101/44 103/103/44 104/104/44
f 105/105/45 106/106/45 107/107/45
f 105/105/46 107/107/46 108/108/46
f 109/109/47 110/110/47 111/111/47
f 109/109/48 111/111/48 112/112/48
f 113/113/49 77/77/33 80/80/50
f 113/113/49 80/80/33 114/114/49
f 115/115/51 116/116/51 117/117/51
f 115/115/52 117/117/52 118/118/52
f 74/74/32 85/85/38 88/88/38
f 74/74/53 88/88/38 75/75/32
f 119/119/54 120/120/54 121/121/54
f 119/119/54 121/121/54 122/122/54
f 123/123/55 124/124/55 125/125/55
f 123/123/55 125/125/55 126/126/55
f 86/86/39 127/127/56 128/128/56
f 86/86/39 128/128/56 87/87/39
f 129/129/57 130/130/57 131/131/57
f 129/129/57 131/131/57 132/132/57
f 133/133/58 134/134/59 135/135/59
f 133/133/60 135/135/59 136/136/60
f 137/137/61 138/138/62 139/139/62
f 137/137/63 139/139/62 140/140/63
f 141/141/64 142/142/64 143/143/64
f 141/141/64 143/143/64 144/144/64
f 145/145/65 146/146/65 147/147/65
f 145/145/65 147/147/65 148/148/65
f 149/149/66 150/150/67 151/151/67
f 149/149/68 151/151/67 152/152/68
f 153/153/69 154/154/69 155/155/69
f 153/153/69 155/155/69 156/156/69
f 157/157/70 158/158/70 159/159/70
f 157/157/70 159/159/70 160/160/70
f 161/161/71 162/162/71 163/163/71
f 161/161/71 163/163/71 164/164/71
f 165/165/72 166/166/72 167/167/72
f 165/165/73 167/167/73 168/168/73
f 169/169/74 149/149/66 152/152/66
f 169/169/74 152/152/66 170/170/74
f 134/134/75 171/171/76 172/172/76
f 134/134/59 172/172/77 135/135/59
f 173/173/78 174/174/78 175/175/78
f 173/173/79 175/175/79 176/176/79
f 177/177/80 178/178/80 179/179/80
f 177/177/81 179/179/81 180/180/81
f 181/181/82 45/45/15 48/48/15
f 181/181/82 48/48/15 182/182/82
f 14/14/83 183/183/84 184/184/84
f 14/14/83 184/184/84 15/15/83
f 185/185/85 186/186/85 187/187/85
f 185/185/86 187/187/86 188/188/86
f 189/189/87 190/190/87 191/191/87
f 189/189/87 191/191/87 192/192/87
f 193/193/88 194/194/88 195/195/88
f 193/193/89 195/195/89 196/196/89
f 197/197/90 198/198/90 199/199/90
f 197/197/90 199/199/90 200/200/90
f 210/210/91 208/208/91 209/209/91
f 208/208/91 210/210/91 207/207/91
f 207/207/91 210/210/91 205/205/91
f 238/238/91 239/239/91 237/237/91
f 213/213/91 211/211/91 212/212/91
f 211/211/91 213/213/91 214/214/91
f 211/211/91 214/214/91 215/215/91
f 211/211/91 215/215/91 210/210/91
f 210/210/91 215/215/91 203/203/91
f 203/203/91 215/215/91 201/201/91
f 201/201/91 215/215/91 281/281/91
f 281/281/91 215/215/91 216/216/91
f 281/281/91 216/216/91 280/280/91
f 280/280/91 216/216/91 279/279/91
f 279/279/91 216/216/91 278/278/91
f 278/278/91 216/216/91 277/277/91
f 277/277/91 216/216/91 276/276/91
f 276/276/91 216/216/91 217/217/91
f 276/276/91 217/217/91 275/275/91
f 275/275/91 217/217/91 274/274/91
f 274/274/91 217/217/91 273/273/91
f 273/273/91 217/217/91 218/218/91
f 273/273/91 218/218/91 219/219/91
f 273/273/91 219/219/91 220/220/91
f 273/273/91 220/220/91 272/272/91
f 272/272/91 220/220/91 271/271/91
f 271/271/91 220/220/91 221/221/91
f 271/271/91 221/221/91 270/270/91
f 270/270/91 221/221/91 269/269/91
f 269/269/91 221/221/91 268/268/91
f 268/268/91 221/221/91 267/267/91
f 267/267/91 221/221/91 266/266/91
f 266/266/91 221/221/91 265/265/91
f 265/265/91 221/221/91 264/264/91
f 264/264/91 221/221/91 222/222/91
f 264/264/91 222/222/91 263/263/91
f 263/263/91 222/222/91 223/223/91
f 263/263/91 223/223/91 224/224/91
f 263/263/91 224/224/91 262/262/91
f 262/262/91 224/224/91 225/225/91
f 262/262/91 225/225/91 261/261/91
f 261/261/91 225/225/91 226/226/91
f 261/261/91 226/226/91 260/260/91
f 260/260/91 226/226/91 259/259/91
f 259/259/91 226/226/91 258/258/91
f 258/258/91 226/226/91 257/257/91
f 257/257/91 226/226/91 227/227/91
f 257/257/91 227/227/91 256/256/91
f 256/256/91 227/227/91 255/255/91
f 255/255/91 227/227/91 254/254/91
f 254/254/91 227/227/91 253/253/91
f 253/253/91 227/227/91 252/252/91
f 252/252/91 227/227/91 228/228/91
f 252/252/91 228/228/91 251/251/91
f 251/251/91 228/228/91 250/250/91
f 250/250/91 228/228/91 229/229/91
f 250/250/91 229/229/91 230/230/91
f 250/250/91 230/230/91 231/231/91
f 250/250/91 231/231/91 232/232/91
f 250/250/91 232/232/91 249/249/91
f 249/249/91 232/232/91 248/248/91
f 248/248/91 232/232/91 247/247/91
f 247/247/91 232/232/91 233/233/91
f 247/247/91 233/233/91 234/234/91
f 247/247/91 234/234/91 235/235/91
f 247/247/91 235/235/91 246/246/91
f 246/246/91 235/235/91 236/236/91
f 246/246/91 236/236/91 245/245/91
f 245/245/91 236/236/91 244/244/91
f 244/244/91 236/236/91 237/237/91
f 244/244/91 237/237/91 243/243/91
f 243/243/91 237/237/91 242/242/91
f 242/242/91 237/237/91 241/241/91
f 241/241/91 237/237/91 240/240/91
f 240/240/91 237/237/91 239/239/91
f 201/201/91 202/202/91 203/203/91
f 205/205/91 203/203/91 204/204/91
f 203/203/91 205/205/91 210/210/91
f 205/205/91 206/206/91 207/207/91
f 359/359/92 357/357/92 358/358/92
f 361/361/92 359/359/92 360/360/92
f 359/359/92 361/361/92 354/354/92
f 282/282/92 361/361/92 362/362/92
f 356/356/92 354/354/92 355/355/92
f 354/354/92 356/356/92 357/357/92
f 354/354/92 357/357/92 359/359/92
f 353/353/92 351/351/92 352/352/92
f 351/351/92 353/353/92 350/350/92
f 350/350/92 353/353/92 349/349/92
f 349/349/92 353/353/92 354/354/92
f 349/349/92 354/354/92 361/361/92
f 349/349/92 361/361/92 282/282/92
f 349/349/92 282/282/92 283/283/92
f 349/349/92 283/283/92 348/348/92
f 348/348/92 283/283/92 284/284/92
f 348/348/92 284/284/92 285/285/92
f 348/348/92 285/285/92 286/286/92
f 348/348/92 286/286/92 287/287/92
f 348/348/92 287/287/92 288/288/92
f 348/348/92 288/288/92 347/347/92
f 347/347/92 288/288/92 289/289/92
f 347/347/92 289/289/92 290/290/92
f 347/347/92 290/290/92 291/291/92
f 347/347/92 291/291/92 346/346/92
f 346/346/92 291/291/92 345/345/92
f 345/345/92 291/291/92 344/344/92
f 344/344/92 291/291/92 292/292/92
f 344/344/92 292/292/92 293/293/92
f 344/344/92 293/293/92 343/343/92
f 343/343/92 293/293/92 294/294/92
f 343/343/92 294/294/92 295/295/92
f 343/343/92 295/295/92 296/296/92
f 343/343/92 296/296/92 297/297/92
f 343/343/92 297/297/92 298/298/92
f 343/343/92 298/298/92 299/299/92
f 343/343/92 299/299/92 300/300/92
f 343/343/92 300/300/92 342/342/92
f 342/342/92 300/300/92 301/301/92
f 342/342/92 301/301/92 341/341/92
f 341/341/92 301/301/92 340/340/92
f 340/340/92 301/301/92 302/302/92
f 340/340/92 302/302/92 339/339/92
f 339/339/92 302/302/92 303/303/92
f 339/339/92 303/303/92 338/338/92
f 338/338/92 303/303/92 304/304/92
f 338/338/92 304/304/92 305/305/92
f 338/338/92 305/305/92 306/306/92
f 338/338/92 306/306/92 307/307/92
f 338/338/92 307/307/92 337/337/92
f 337/337/92 307/307/92 308/308/92
f 337/337/92 308/308/92 309/309/92
f 337/337/92 309/309/92 310/310/92
f 337/337/92 310/310/92 311/311/92
f 337/337/92 311/311/92 312/312/92
f 337/337/92 312/312/92 336/336/92
f 336/336/92 312/312/92 313/313/92
f 336/336/92 313/313/92 314/314/92
f 336/336/92 314/314/92 335/335/92
f 335/335/92 314/314/92 334/334/92
f 334/334/92 314/314/92 333/333/92
f 333/333/92 314/314/92 332/332/92
f 332/332/92 314/314/92 315/315/92
f 332/332/92 315/315/92 316/316/92
f 332/332/92 316/316/92 317/317/92
f 332/332/92 317/317/92 331/331/92
f 331/331/92 317/317/92 330/330/92
f 330/330/92 317/317/92 329/329/92
f 329/329/92 317/317/92 318/318/92
f 329/329/92 318/318/92 328/328/92
f 328/328/92 318/318/92 319/319/92
f 328/328/92 319/319/92 320/320/92
f 328/328/92 320/320/92 327/327/92
f 327/327/92 320/320/92 321/321/92
f 327/327/92 321/321/92 322/322/92
f 327/327/92 322/322/92 323/323/92
f 327/327/92 323/323/92 324/324/92
f 327/327/92 324/324/92 325/325/92
f 326/326/92 327/327/92 325/325/92
f 363/363/93 83/83/36 82/82/36
f 83/83/36 363/363/93 368/368/93
f 368/368/93 363/363/93 364/364/93
f 368/368/93 364/364/93 367/367/93
f 367/367/93 364/364/93 365/365/93
f 367/367/93 365/365/93 366/366/93
f 373/373/94 113/113/49 114/114/49
f 113/113/49 373/373/94 372/372/94
f 372/372/94 373/373/94 374/374/94
f 372/372/94 374/374/94 371/371/94
f 371/371/94 374/374/94 375/375/94
f 371/371/95 375/375/95 370/370/95
f 370/370/94 375/375/94 376/376/95
f 370/370/95 376/376/94 369/369/94
f 369/369/94 376/376/94 377/377/94
f 369/369/94 377/377/94 380/380/94
f 380/380/94 377/377/94 378/378/62
f 380/380/95 378/378/62 379/379/62
f 385/385/96 383/383/96 384/384/96
f 383/383/97 385/385/97 382/382/97
f 382/382/97 385/385/97 381/381/97
f 381/381/97 385/385/97 392/392/97
f 392/392/97 385/385/97 391/391/96
f 391/391/97 385/385/97 390/390/97
f 390/390/97 385/385/96 386/386/97
f 390/390/97 386/386/97 387/387/97
f 390/390/97 387/387/96 388/388/96
f 390/390/97 388/388/96 389/389/97
f 396/396/98 394/394/98 395/395/98
f 394/394/98 396/396/98 393/393/98
f 393/393/98 396/396/98 400/400/98
f 400/400/98 396/396/98 399/399/98
f 399/399/99 396/396/100 397/397/98
f 399/399/100 397/397/99 398/398/98
f 404/404/101 402/402/101 403/403/101
f 402/402/101 404/404/101 401/401/101
f 401/401/101 404/404/101 412/412/101
f 412/412/101 404/404/101 411/411/101
f 411/411/101 404/404/101 410/410/101
f 410/410/101 404/404/101 409/409/101
f 409/409/102 404/404/102 405/405/102
f 409/409/101 405/405/102 406/406/102
f 409/409/101 406/406/101 407/407/101
f 409/409/101 407/407/101 408/408/102
f 415/415/103 413/413/103 414/414/103
f 413/413/103 415/415/103 420/420/103
f 420/420/103 415/415/103 419/419/103
f 419/419/103 415/415/103 418/418/103
f 418/418/103 415/415/103 416/416/103
f 418/418/104 416/416/103 417/417/103
o Plane002_Food_0
v -1.087473 0.158391 2.738087
v -1.043765 0.164379 2.761379
v -1.109337 0.642971 2.761379
v -1.153045 0.636983 2.738087
v 0.768463 0.412673 3.125967
v 0.647553 0.396107 3.033470
v 0.581981 0.874699 3.033470
v 0.702891 0.891265 3.125967
v -1.043765 0.164379 2.761379
v -1.009582 0.169063 2.780128
v -1.075154 0.647655 2.780128
v -1.109337 0.642971 2.761379
v 2.434318 0.640911 4.092327
v 2.197136 0.608415 3.945446
v 2.131564 1.087007 3.945446
v 2.368746 1.119503 4.092327
v -1.144176 0.150622 2.715691
v -1.087473 0.158391 2.738087
v -1.153045 0.636983 2.738087
v -1.209748 0.629214 2.715691
v 2.853918 0.698401 4.289375
v 2.770710 0.687000 4.259357
v 2.705138 1.165592 4.259357
v 2.788346 1.176993 4.289375
v -1.412832 0.113813 2.574446
v -1.356910 0.121475 2.594635
v -1.422482 0.600067 2.594635
v -1.478404 0.592405 2.574446
v 2.770710 0.687000 4.259357
v 2.434318 0.640911 4.092327
v 2.368746 1.119503 4.092327
v 2.705138 1.165592 4.259357
v -1.356910 0.121475 2.594635
v -1.144176 0.150622 2.715691
v -1.209748 0.629214 2.715691
v -1.422482 0.600067 2.594635
v 2.952140 0.711858 4.347878
v 2.853918 0.698401 4.289375
v 2.788346 1.176993 4.289375
v 2.886568 1.190450 4.347878
v -1.458845 0.107509 2.547541
v -1.412832 0.113813 2.574446
v -1.478404 0.592405 2.574446
v -1.524417 0.586101 2.547541
v 3.169386 0.741623 4.442245
v 3.054197 0.725841 4.377411
v 2.988625 1.204433 4.377411
v 3.103815 1.220215 4.442245
v -1.521894 0.098871 2.525896
v -1.493301 0.102788 2.531816
v -1.558873 0.581380 2.531816
v -1.587466 0.577463 2.525896
v 3.054197 0.725841 4.377411
v 2.952140 0.711858 4.347878
v 2.886568 1.190450 4.347878
v 2.988625 1.204433 4.377411
v -1.493301 0.102788 2.531816
v -1.458845 0.107509 2.547541
v -1.524417 0.586101 2.547541
v -1.558873 0.581380 2.531816
v -1.546643 0.095480 2.506603
v -1.612215 0.574072 2.506603
v -1.577495 0.091253 2.487906
v -1.546643 0.095480 2.506603
v -1.612215 0.574072 2.506603
v -1.643067 0.569845 2.487906
v -1.590008 0.089538 2.477659
v -1.655580 0.568130 2.477659
v -1.633355 0.083599 2.444481
v -1.590008 0.089538 2.477659
v -1.655580 0.568130 2.477659
v -1.698927 0.562192 2.444481
v -1.526597 0.098226 2.200239
v -1.550476 0.094955 2.239796
v -1.616048 0.573547 2.239796
v -1.592168 0.576819 2.200239
v -1.508206 0.100746 2.165499
v -1.520221 0.099100 2.184792
v -1.585793 0.577692 2.184792
v -1.573777 0.579338 2.165499
v 3.090366 0.730796 5.105043
v 3.122868 0.735249 5.097946
v 3.057296 1.213841 5.097946
v 3.024794 1.209388 5.105043
v -1.545983 0.095570 2.255543
v -1.636804 0.083127 2.416416
v -1.702376 0.561719 2.416416
v -1.611555 0.574162 2.255543
v 1.066984 0.453573 3.958403
v 1.097667 0.457777 3.981306
v 1.032095 0.936369 3.981306
v 1.001412 0.932165 3.958403
v 2.354673 0.629999 4.706999
v 2.415850 0.638381 4.737928
v 2.350278 1.116973 4.737928
v 2.289101 1.108591 4.706999
v 1.132508 0.462550 3.996021
v 2.292582 0.621492 4.679092
v 2.227010 1.100084 4.679092
v 1.066936 0.941142 3.996021
v 2.791375 0.689832 4.927208
v 2.835688 0.695903 4.960276
v 2.770116 1.174495 4.960276
v 2.725803 1.168424 4.927206
v 0.894603 0.429955 3.873678
v 0.935396 0.435544 3.893221
v 0.869824 0.914136 3.893221
v 0.829032 0.908547 3.873678
v 2.292582 0.621492 4.679092
v 2.354673 0.629999 4.706999
v 2.289101 1.108591 4.706999
v 2.227010 1.100084 4.679092
v -1.507886 0.100790 2.153654
v -1.573457 0.579382 2.153654
v 2.901798 0.704961 4.988474
v 2.941771 0.710437 5.020317
v 2.876199 1.189029 5.020317
v 2.836226 1.183553 4.988474
v 0.976923 0.441234 3.915052
v 1.004209 0.444972 3.922770
v 0.938637 0.923564 3.922770
v 0.911351 0.919826 3.915052
v 2.415850 0.638381 4.737928
v 2.728127 0.681166 4.904692
v 2.662555 1.159758 4.904692
v 2.350278 1.116973 4.737928
v -1.633355 0.083599 2.444481
v -1.698927 0.562192 2.444481
v 2.987938 0.716763 5.041033
v 3.090366 0.730796 5.105043
v 3.024794 1.209388 5.105043
v 2.922366 1.195355 5.041033
v 0.839305 0.422379 3.843313
v 0.851408 0.424037 3.853037
v 0.785836 0.902629 3.853037
v 0.773733 0.900971 3.843313
v -1.323293 0.126081 1.930317
v -1.365985 0.120232 1.917368
v -1.431556 0.598824 1.917368
v -1.388865 0.604673 1.930317
v -0.918677 0.181518 2.144497
v -0.997516 0.170716 2.088594
v -1.063088 0.649308 2.088594
v -0.984249 0.660110 2.144497
v 2.941771 0.710437 5.020317
v 2.987938 0.716763 5.041033
v 2.922366 1.195355 5.041033
v 2.876199 1.189029 5.020317
v -1.050712 0.163427 2.053675
v -1.167744 0.147393 2.016294
v -1.233315 0.625985 2.016294
v -1.116284 0.642020 2.053675
v 1.004209 0.444972 3.922770
v 1.066984 0.453573 3.958403
v 1.001412 0.932165 3.958403
v 0.938637 0.923564 3.922770
v -1.167744 0.147393 2.016294
v -1.323293 0.126081 1.930317
v -1.388865 0.604673 1.930317
v -1.233315 0.625985 2.016294
v -0.776934 0.200938 2.216423
v -0.918677 0.181518 2.144497
v -0.984249 0.660110 2.144497
v -0.842506 0.679530 2.216423
v 2.728127 0.681166 4.904692
v 2.791375 0.689832 4.927208
v 2.725803 1.168424 4.927206
v 2.662555 1.159758 4.904692
v -0.997516 0.170716 2.088594
v -1.063088 0.649308 2.088594
v 0.894603 0.429955 3.873678
v 0.829032 0.908547 3.873678
v 2.835688 0.695903 4.960276
v 2.901798 0.704961 4.988474
v 2.836226 1.183553 4.988474
v 2.770116 1.174495 4.960276
v 0.935396 0.435544 3.893221
v 0.976923 0.441234 3.915052
v 0.911351 0.919826 3.915052
v 0.869824 0.914136 3.893221
v 3.373671 0.769612 4.600163
v 3.308099 1.248204 4.600163
v 1.991039 0.580178 3.790195
v 1.925467 1.058770 3.790195
v 0.815339 0.419095 3.831442
v 0.839305 0.422379 3.843313
v 0.773733 0.900971 3.843313
v 0.749767 0.897687 3.831442
v 1.097667 0.457777 3.981306
v 1.132508 0.462550 3.996021
v 1.066936 0.941142 3.996021
v 1.032095 0.936369 3.981306
v -0.916390 0.181831 2.831827
v -0.866554 0.188659 2.855396
v -0.932126 0.667251 2.855396
v -0.981962 0.660423 2.831827
v -1.009582 0.169063 2.780128
v -0.916390 0.181831 2.831827
v -0.981962 0.660423 2.831827
v -1.075154 0.647655 2.780128
v -1.633355 0.083599 2.444481
v -1.636804 0.083127 2.416416
v -1.545983 0.095570 2.255543
v -1.550476 0.094955 2.239796
v -1.526597 0.098226 2.200239
v -1.520221 0.099100 2.184792
v -1.508206 0.100746 2.165499
v -1.507886 0.100790 2.153654
v -1.488673 0.103422 2.112040
v -1.456034 0.107894 2.093298
v -1.443745 0.109578 2.068295
v -1.444274 0.109505 2.036453
v -1.415409 0.113460 1.988062
v -1.365985 0.120232 1.917368
v -1.323293 0.126081 1.930317
v -1.167744 0.147393 2.016294
v -1.050712 0.163427 2.053675
v -0.997516 0.170716 2.088594
v -0.918677 0.181518 2.144497
v -0.776934 0.200938 2.216423
v 0.231148 0.339055 2.787214
v 0.363319 0.357164 2.876635
v 0.647553 0.396107 3.033470
v 0.768463 0.412673 3.125967
v 0.982393 0.441983 3.238468
v 1.183227 0.469499 3.330221
v 1.382494 0.496801 3.450350
v 1.802937 0.554406 3.677452
v 1.991039 0.580178 3.790195
v 2.197136 0.608415 3.945446
v 2.434318 0.640911 4.092327
v 2.770710 0.687000 4.259357
v 2.853918 0.698401 4.289375
v 2.952140 0.711858 4.347878
v 3.054197 0.725841 4.377411
v 3.169386 0.741623 4.442245
v 3.373671 0.769612 4.600163
v 3.301427 0.759714 4.793962
v 3.245854 0.752100 4.862213
v 3.122868 0.735249 5.097946
v 3.090366 0.730796 5.105043
v 2.987938 0.716763 5.041033
v 2.941771 0.710437 5.020317
v 2.901798 0.704961 4.988474
v 2.835688 0.695903 4.960276
v 2.791375 0.689832 4.927208
v 2.728127 0.681166 4.904692
v 2.415850 0.638381 4.737928
v 2.354673 0.629999 4.706999
v 2.292582 0.621492 4.679092
v 1.132508 0.462550 3.996021
v 1.097667 0.457777 3.981306
v 1.066984 0.453573 3.958403
v 1.004209 0.444972 3.922770
v 0.976923 0.441234 3.915052
v 0.935396 0.435544 3.893221
v 0.894603 0.429955 3.873678
v 0.851408 0.424037 3.853037
v 0.839305 0.422379 3.843313
v 0.815339 0.419095 3.831442
v 0.767112 0.412487 3.805765
v 0.587040 0.387816 3.689590
v 0.429740 0.366264 3.572788
v 0.049813 0.314210 3.350124
v -0.121541 0.290733 3.267550
v -0.296440 0.266770 3.178875
v -0.614153 0.223240 2.977057
v -0.866554 0.188659 2.855396
v -0.916390 0.181831 2.831827
v -1.009582 0.169063 2.780128
v -1.043765 0.164379 2.761379
v -1.087473 0.158391 2.738087
v -1.144176 0.150622 2.715691
v -1.356910 0.121475 2.594635
v -1.412832 0.113813 2.574446
v -1.458845 0.107509 2.547541
v -1.493301 0.102788 2.531816
v -1.521894 0.098871 2.525896
v -1.546643 0.095480 2.506603
v -1.577495 0.091253 2.487906
v -1.590008 0.089538 2.477659
v -1.698927 0.562192 2.444481
v -1.655580 0.568130 2.477659
v -1.643067 0.569845 2.487906
v -1.612215 0.574072 2.506603
v -1.587466 0.577463 2.525896
v -1.558873 0.581380 2.531816
v -1.524417 0.586101 2.547541
v -1.478404 0.592405 2.574446
v -1.422482 0.600067 2.594635
v -1.209748 0.629214 2.715691
v -1.153045 0.636983 2.738087
v -1.109337 0.642971 2.761379
v -1.075154 0.647655 2.780128
v -0.981962 0.660423 2.831827
v -0.932126 0.667251 2.855396
v -0.679725 0.701832 2.977057
v -0.362012 0.745362 3.178875
v -0.187113 0.769325 3.267550
v -0.015759 0.792802 3.350124
v 0.364169 0.844856 3.572788
v 0.521468 0.866408 3.689590
v 0.701540 0.891079 3.805765
v 0.749767 0.897687 3.831442
v 0.773733 0.900971 3.843313
v 0.785836 0.902629 3.853037
v 0.829032 0.908547 3.873678
v 0.869824 0.914136 3.893221
v 0.911351 0.919826 3.915052
v 0.938637 0.923564 3.922770
v 1.001412 0.932165 3.958403
v 1.032095 0.936369 3.981306
v 1.066936 0.941142 3.996021
v 2.227010 1.100084 4.679092
v 2.289101 1.108591 4.706999
v 2.350278 1.116973 4.737928
v 2.662555 1.159758 4.904692
v 2.725803 1.168424 4.927206
v 2.770116 1.174495 4.960276
v 2.836226 1.183553 4.988474
v 2.876199 1.189029 5.020317
v 2.922366 1.195355 5.041033
v 3.024794 1.209388 5.105043
v 3.057296 1.213841 5.097946
v 3.180282 1.230692 4.862213
v 3.235855 1.238306 4.793962
v 3.308099 1.248204 4.600163
v 3.103815 1.220215 4.442245
v 2.988625 1.204433 4.377411
v 2.886568 1.190450 4.347878
v 2.788346 1.176993 4.289375
v 2.705138 1.165592 4.259357
v 2.368746 1.119503 4.092327
v 2.131564 1.087007 3.945446
v 1.925467 1.058770 3.790195
v 1.737365 1.032998 3.677452
v 1.316922 0.975393 3.450350
v 1.117655 0.948091 3.330221
v 0.916821 0.920575 3.238468
v 0.702891 0.891265 3.125967
v 0.581981 0.874699 3.033470
v 0.297747 0.835756 2.876635
v 0.165576 0.817647 2.787214
v -0.842506 0.679530 2.216423
v -0.984249 0.660110 2.144497
v -1.063088 0.649308 2.088594
v -1.116284 0.642020 2.053675
v -1.233315 0.625985 2.016294
v -1.388865 0.604673 1.930317
v -1.431556 0.598824 1.917368
v -1.480981 0.592052 1.988062
v -1.509846 0.588098 2.036453
v -1.509317 0.588170 2.068295
v -1.521606 0.586486 2.093298
v -1.554245 0.582014 2.112040
v -1.573457 0.579382 2.153654
v -1.573777 0.579338 2.165499
v -1.585793 0.577692 2.184792
v -1.592168 0.576819 2.200239
v -1.616048 0.573547 2.239796
v -1.611555 0.574162 2.255543
v -1.702376 0.561719 2.416416
v 3.245854 0.752100 4.862213
v 3.301427 0.759714 4.793962
v 3.373671 0.769612 4.600163
v 3.308099 1.248204 4.600163
v 3.235855 1.238306 4.793962
v 3.180282 1.230692 4.862213
v -1.444274 0.109505 2.036453
v -1.443745 0.109578 2.068295
v -1.456034 0.107894 2.093298
v -1.488673 0.103422 2.112040
v -1.554245 0.582014 2.112040
v -1.521606 0.586486 2.093298
v -1.509317 0.588170 2.068295
v -1.509846 0.588098 2.036453
v -1.480981 0.592052 1.988062
v -1.431556 0.598824 1.917368
v -1.365985 0.120232 1.917368
v -1.415409 0.113460 1.988062
v -0.296440 0.266770 3.178875
v -0.121541 0.290733 3.267550
v 0.049813 0.314210 3.350124
v 0.429740 0.366264 3.572788
v 0.364169 0.844856 3.572788
v -0.015759 0.792802 3.350124
v -0.187113 0.769325 3.267550
v -0.362012 0.745362 3.178875
v -0.679725 0.701832 2.977057
v -0.932126 0.667251 2.855396
v -0.866554 0.188659 2.855396
v -0.614153 0.223240 2.977057
v 0.587040 0.387816 3.689590
v 0.767112 0.412487 3.805765
v 0.815339 0.419095 3.831442
v 0.749767 0.897687 3.831442
v 0.701540 0.891079 3.805765
v 0.521468 0.866408 3.689590
v 0.364169 0.844856 3.572788
v 0.429740 0.366264 3.572788
v 1.183227 0.469499 3.330221
v 0.982393 0.441983 3.238468
v 0.768463 0.412673 3.125967
v 0.702891 0.891265 3.125967
v 0.916821 0.920575 3.238468
v 1.117655 0.948091 3.330221
v 1.316922 0.975393 3.450350
v 1.737365 1.032998 3.677452
v 1.925467 1.058770 3.790195
v 1.991039 0.580178 3.790195
v 1.802937 0.554406 3.677452
v 1.382494 0.496801 3.450350
v 0.231148 0.339055 2.787214
v -0.776934 0.200938 2.216423
v -0.842506 0.679530 2.216423
v 0.165576 0.817647 2.787214
v 0.297747 0.835756 2.876635
v 0.581981 0.874699 3.033470
v 0.647553 0.396107 3.033470
v 0.363319 0.357164 2.876635
vn -0.4626 -0.0634 0.8843
vn -0.4625 -0.0634 0.8843
vn 0.5984 0.0820 -0.7970
vn -0.4731 -0.0648 0.8786
vn -0.4730 -0.0648 0.8787
vn 0.5181 0.0710 -0.8524
vn 0.5559 0.0762 -0.8277
vn -0.3610 -0.0495 0.9313
vn -0.3611 -0.0495 0.9312
vn 0.3334 0.0457 -0.9417
vn 0.3335 0.0457 -0.9417
vn -0.3336 -0.0457 0.9416
vn -0.3337 -0.0457 0.9416
vn 0.4373 0.0599 -0.8973
vn -0.4866 -0.0667 0.8711
vn 0.5035 0.0690 -0.8612
vn -0.4966 -0.0680 0.8653
vn -0.4967 -0.0680 0.8653
vn 0.5439 0.0745 -0.8358
vn 0.4825 0.0661 -0.8734
vn -0.4130 -0.0566 0.9090
vn -0.1992 -0.0273 0.9796
vn -0.1990 -0.0273 0.9796
vn 0.2730 0.0374 -0.9613
vn 0.2731 0.0374 -0.9613
vn -0.4082 -0.0559 0.9112
vn -0.4081 -0.0559 0.9112
vn -0.6056 -0.0830 0.7914
vn -0.5685 -0.0779 0.8190
vn -0.5100 -0.0699 0.8573
vn -0.6242 -0.0855 0.7766
vn -0.5986 -0.0820 0.7968
vn -0.5987 -0.0820 0.7968
vn -0.8829 -0.1210 -0.4538
vn -0.9819 -0.1345 -0.1330
vn -0.9819 -0.1346 -0.1330
vn -0.9482 -0.1299 -0.2900
vn -0.8797 -0.1205 -0.4600
vn -0.8797 -0.1205 -0.4599
vn 0.2094 0.0287 0.9774
vn 0.6049 0.0828 0.7920
vn 0.6048 0.0829 0.7920
vn 0.2095 0.0287 0.9774
vn 0.6049 0.0829 0.7920
vn -0.9838 -0.1348 -0.1185
vn -0.9715 -0.1331 -0.1960
vn -0.5891 -0.0807 0.8040
vn -0.4437 -0.0608 0.8941
vn -0.4992 -0.0684 0.8638
vn -0.8829 -0.1209 -0.4538
vn -0.5890 -0.0807 0.8041
vn -0.4248 -0.0582 0.9034
vn -0.4030 -0.0552 0.9135
vn -0.9505 -0.1302 -0.2822
vn -0.6138 -0.0841 0.7850
vn -0.9819 -0.1345 -0.1331
vn -0.9819 -0.1346 -0.1331
vn -0.2673 -0.0366 0.9629
vn -0.4633 -0.0635 0.8839
vn -0.9832 -0.1347 0.1231
vn -0.5215 -0.0715 0.8502
vn -0.6170 -0.0845 0.7824
vn -0.5239 -0.0718 0.8487
vn -0.6169 -0.0845 0.7825
vn 0.2852 0.0391 -0.9577
vn -0.3555 -0.0487 -0.9334
vn 0.2851 0.0391 -0.9577
vn -0.3554 -0.0487 -0.9334
vn 0.5695 0.0780 -0.8182
vn 0.5695 0.0780 -0.8183
vn -0.4025 -0.0551 0.9137
vn -0.4025 -0.0551 0.9138
vn 0.4234 0.0579 -0.9041
vn 0.2989 0.0410 -0.9534
vn 0.4234 0.0580 -0.9041
vn -0.4856 -0.0665 0.8716
vn 0.4759 0.0652 -0.8771
vn 0.4450 0.0610 -0.8934
vn -0.3296 -0.0451 0.9431
vn -0.3295 -0.0451 0.9431
vn 0.5402 0.0740 -0.8383
vn 0.5401 0.0740 -0.8383
vn -0.5240 -0.0718 0.8487
vn -0.4239 -0.0581 0.9038
vn -0.4240 -0.0581 0.9038
vn -0.3856 -0.0528 0.9211
vn -0.4577 -0.0627 0.8869
vn 0.6024 0.0825 -0.7939
vn 0.5926 0.0812 -0.8014
vn -0.4365 -0.0598 0.8977
vn -0.3825 -0.0524 0.9225
vn -0.3824 -0.0524 0.9225
vn -0.4204 -0.0576 0.9055
vn -0.4772 -0.0654 0.8763
vn -0.4772 -0.0654 0.8764
vn 0.1357 -0.9907 -0.0000
vn 0.1358 -0.9907 -0.0000
vn -0.1357 0.9907 -0.0000
vn -0.1358 0.9907 -0.0000
vn 0.8831 0.1210 0.4533
vn -0.8472 -0.1161 -0.5184
vn -0.8473 -0.1161 -0.5183
vn -0.8472 -0.1160 -0.5184
vn -0.8473 -0.1161 -0.5184
vn -0.3554 -0.0486 -0.9334
vn -0.3554 -0.0489 -0.9334
vn -0.4763 -0.0653 0.8769
vn -0.4763 -0.0653 0.8768
vn -0.4763 -0.0652 0.8768
vn -0.4764 -0.0653 0.8768
vn -0.4763 -0.0652 0.8769
vn -0.5484 -0.0751 0.8328
vn -0.5484 -0.0751 0.8329
vn -0.5483 -0.0751 0.8329
vn -0.5484 -0.0752 0.8328
vn 0.4696 0.0643 -0.8805
vn 0.4697 0.0643 -0.8805
vn 0.4695 0.0643 -0.8806
vn 0.4697 0.0644 -0.8805
vn 0.4696 0.0644 -0.8805
vn 0.4695 0.0644 -0.8806
vn 0.4895 0.0671 -0.8694
vn 0.4895 0.0670 -0.8694
vn 0.4894 0.0671 -0.8695
vt 0.950373 0.175161
vt 0.947579 0.175161
vt 0.947579 0.144671
vt 0.950373 0.144671
vt 0.848244 0.175161
vt 0.856743 0.175161
vt 0.856743 0.144671
vt 0.848244 0.144671
vt 0.947579 0.175161
vt 0.945379 0.175161
vt 0.945379 0.144671
vt 0.947579 0.144671
vt 0.739606 0.175161
vt 0.755329 0.175161
vt 0.755329 0.144671
vt 0.739606 0.144671
vt 0.953782 0.175161
vt 0.950373 0.175161
vt 0.950373 0.144671
vt 0.953782 0.144671
vt 0.713515 0.175161
vt 0.718440 0.175161
vt 0.718440 0.144671
vt 0.713515 0.144671
vt 0.970902 0.175161
vt 0.967591 0.175161
vt 0.967591 0.144671
vt 0.970902 0.144671
vt 0.718440 0.175161
vt 0.739606 0.175161
vt 0.739606 0.144671
vt 0.718440 0.144671
vt 0.967591 0.175161
vt 0.953782 0.175161
vt 0.953782 0.144671
vt 0.967591 0.144671
vt 0.707067 0.175161
vt 0.713515 0.175161
vt 0.713515 0.144671
vt 0.707067 0.144671
vt 0.973908 0.175161
vt 0.970902 0.175161
vt 0.970902 0.144671
vt 0.973908 0.144671
vt 0.693769 0.175161
vt 0.701226 0.175161
vt 0.701226 0.144671
vt 0.693769 0.144671
vt 0.977610 0.175161
vt 0.976038 0.175161
vt 0.976038 0.144671
vt 0.977610 0.144671
vt 0.701226 0.175161
vt 0.707067 0.175161
vt 0.707067 0.144671
vt 0.701226 0.144671
vt 0.976038 0.175161
vt 0.973908 0.175161
vt 0.973908 0.144671
vt 0.976038 0.144671
vt 0.979360 0.175161
vt 0.979360 0.144671
vt 0.981394 0.175161
vt 0.979360 0.175161
vt 0.979360 0.144671
vt 0.981394 0.144671
vt 0.982292 0.175161
vt 0.982292 0.144671
vt 0.985339 0.175161
vt 0.982292 0.175161
vt 0.982292 0.144671
vt 0.985339 0.144671
vt 0.539930 0.452983
vt 0.536490 0.452983
vt 0.536490 0.404982
vt 0.539930 0.404982
vt 0.542856 0.452983
vt 0.541165 0.452983
vt 0.541165 0.404982
vt 0.542856 0.404982
vt 0.521439 0.452983
vt 0.523093 0.452983
vt 0.523093 0.404982
vt 0.521439 0.404982
vt 0.535635 0.452983
vt 0.521876 0.452983
vt 0.521876 0.404982
vt 0.535635 0.404982
vt 0.810680 0.175161
vt 0.808539 0.175161
vt 0.808539 0.144671
vt 0.810680 0.144671
vt 0.726659 0.175161
vt 0.722795 0.175161
vt 0.722795 0.144671
vt 0.726659 0.144671
vt 0.806417 0.175161
vt 0.730486 0.175161
vt 0.730486 0.144671
vt 0.806417 0.144671
vt 0.699089 0.175161
vt 0.695997 0.175161
vt 0.695997 0.144671
vt 0.699089 0.144671
vt 0.821502 0.175161
vt 0.818955 0.175161
vt 0.818955 0.144671
vt 0.821502 0.144671
vt 0.730486 0.175161
vt 0.726659 0.175161
vt 0.726659 0.144671
vt 0.730486 0.144671
vt 0.543635 0.452983
vt 0.543635 0.404982
vt 0.691965 0.175161
vt 0.689120 0.175161
vt 0.689120 0.144671
vt 0.691965 0.144671
vt 0.816309 0.175161
vt 0.814752 0.175161
vt 0.814752 0.144671
vt 0.816309 0.144671
vt 0.722795 0.175161
vt 0.702825 0.175161
vt 0.702825 0.144671
vt 0.722795 0.144671
vt 0.520185 0.452983
vt 0.520185 0.404982
vt 0.686276 0.175161
vt 0.679470 0.175161
vt 0.679470 0.144671
vt 0.686276 0.144671
vt 0.825062 0.175161
vt 0.824198 0.175161
vt 0.824198 0.144671
vt 0.825062 0.144671
vt 0.984169 0.175161
vt 0.986629 0.175161
vt 0.986629 0.144671
vt 0.984169 0.144671
vt 0.958346 0.175161
vt 0.963767 0.175161
vt 0.963767 0.144671
vt 0.958346 0.144671
vt 0.689120 0.175161
vt 0.686276 0.175161
vt 0.686276 0.144671
vt 0.689120 0.144671
vt 0.967347 0.175161
vt 0.974142 0.175161
vt 0.974142 0.144671
vt 0.967347 0.144671
vt 0.814752 0.175161
vt 0.810680 0.175161
vt 0.810680 0.144671
vt 0.814752 0.144671
vt 0.974142 0.175161
vt 0.984169 0.175161
vt 0.984169 0.144671
vt 0.974142 0.144671
vt 0.949385 0.175161
vt 0.958346 0.175161
vt 0.958346 0.144671
vt 0.949385 0.144671
vt 0.702825 0.175161
vt 0.699089 0.175161
vt 0.699089 0.144671
vt 0.702825 0.144671
vt 0.963767 0.175161
vt 0.963767 0.144671
vt 0.821502 0.175161
vt 0.821502 0.144671
vt 0.695997 0.175161
vt 0.691965 0.175161
vt 0.691965 0.144671
vt 0.695997 0.144671
vt 0.818955 0.175161
vt 0.816309 0.175161
vt 0.816309 0.144671
vt 0.818955 0.144671
vt 0.679364 0.175161
vt 0.679364 0.144671
vt 0.769749 0.175161
vt 0.769749 0.144671
vt 0.826569 0.175161
vt 0.825062 0.175161
vt 0.825062 0.144671
vt 0.826569 0.144671
vt 0.808539 0.175161
vt 0.806417 0.175161
vt 0.806417 0.144671
vt 0.808539 0.144671
vt 0.939367 0.175161
vt 0.936263 0.175161
vt 0.936263 0.144671
vt 0.939367 0.144671
vt 0.945379 0.175161
vt 0.939367 0.175161
vt 0.939367 0.144671
vt 0.945379 0.144671
vt 0.678231 0.099248
vt 0.677272 0.097974
vt 0.677334 0.087612
vt 0.676667 0.086968
vt 0.676760 0.084377
vt 0.677555 0.083447
vt 0.677619 0.082173
vt 0.676397 0.081586
vt 0.676197 0.079024
vt 0.677314 0.077206
vt 0.677232 0.075646
vt 0.676314 0.074107
vt 0.676410 0.070948
vt 0.676916 0.067387
vt 0.679425 0.065581
vt 0.689654 0.065470
vt 0.696585 0.064054
vt 0.700238 0.063695
vt 0.705768 0.065238
vt 0.714909 0.064417
vt 0.781581 0.064361
vt 0.790731 0.065066
vt 0.809415 0.064850
vt 0.818085 0.066016
vt 0.831992 0.065583
vt 0.844660 0.064501
vt 0.858044 0.064846
vt 0.885544 0.064289
vt 0.898159 0.064583
vt 0.912870 0.066452
vt 0.928909 0.067054
vt 0.950501 0.065892
vt 0.955525 0.064611
vt 0.962102 0.065189
vt 0.968061 0.063392
vt 0.975669 0.063779
vt 0.990363 0.065829
vt 0.992157 0.077284
vt 0.991274 0.082152
vt 0.991690 0.097057
vt 0.990255 0.098303
vt 0.983312 0.098015
vt 0.980410 0.098470
vt 0.977509 0.097835
vt 0.973395 0.098290
vt 0.970241 0.097903
vt 0.966430 0.098555
vt 0.946058 0.099062
vt 0.942116 0.098334
vt 0.938212 0.099604
vt 0.860753 0.098388
vt 0.858589 0.098634
vt 0.856405 0.098366
vt 0.852251 0.098365
vt 0.850663 0.099116
vt 0.847963 0.098828
vt 0.845365 0.099382
vt 0.842615 0.099193
vt 0.841734 0.099053
vt 0.840196 0.099656
vt 0.837052 0.099220
vt 0.824745 0.098536
vt 0.813565 0.097191
vt 0.788226 0.096844
vt 0.777297 0.097558
vt 0.766020 0.098073
vt 0.744393 0.097021
vt 0.728295 0.098071
vt 0.725129 0.098875
vt 0.718995 0.098358
vt 0.716752 0.098881
vt 0.713902 0.098463
vt 0.710423 0.098940
vt 0.696336 0.098922
vt 0.692959 0.100191
vt 0.689892 0.100151
vt 0.687719 0.099632
vt 0.686116 0.100135
vt 0.684331 0.100479
vt 0.682256 0.099820
vt 0.681340 0.099291
vt 0.678231 0.099248
vt 0.681340 0.099291
vt 0.682256 0.099820
vt 0.684331 0.100479
vt 0.686116 0.100135
vt 0.687719 0.099632
vt 0.689892 0.100151
vt 0.692959 0.100191
vt 0.696336 0.098922
vt 0.710423 0.098940
vt 0.713902 0.098463
vt 0.716752 0.098881
vt 0.718995 0.098358
vt 0.725129 0.098875
vt 0.728295 0.098071
vt 0.744393 0.097021
vt 0.766020 0.098073
vt 0.777297 0.097558
vt 0.788226 0.096844
vt 0.813565 0.097191
vt 0.824745 0.098536
vt 0.837052 0.099220
vt 0.840196 0.099656
vt 0.841734 0.099053
vt 0.842615 0.099193
vt 0.845365 0.099382
vt 0.847963 0.098828
vt 0.850663 0.099116
vt 0.852251 0.098365
vt 0.856405 0.098366
vt 0.858589 0.098634
vt 0.860753 0.098388
vt 0.938212 0.099604
vt 0.942116 0.098334
vt 0.946058 0.099062
vt 0.966430 0.098555
vt 0.970241 0.097903
vt 0.973395 0.098290
vt 0.977509 0.097835
vt 0.980410 0.098470
vt 0.983312 0.098015
vt 0.990255 0.098303
vt 0.991690 0.097057
vt 0.991274 0.082152
vt 0.992157 0.077284
vt 0.990363 0.065829
vt 0.975669 0.063779
vt 0.968061 0.063392
vt 0.962102 0.065189
vt 0.955525 0.064611
vt 0.950501 0.065892
vt 0.928909 0.067054
vt 0.912870 0.066452
vt 0.898159 0.064583
vt 0.885544 0.064289
vt 0.858044 0.064846
vt 0.844660 0.064501
vt 0.831992 0.065583
vt 0.818085 0.066016
vt 0.809415 0.064850
vt 0.790731 0.065066
vt 0.781581 0.064361
vt 0.714909 0.064417
vt 0.705768 0.065238
vt 0.700238 0.063695
vt 0.696585 0.064054
vt 0.689654 0.065470
vt 0.679425 0.065581
vt 0.676916 0.067387
vt 0.676410 0.070948
vt 0.676314 0.074107
vt 0.677232 0.075646
vt 0.677314 0.077206
vt 0.676197 0.079024
vt 0.676397 0.081586
vt 0.677619 0.082173
vt 0.677555 0.083447
vt 0.676760 0.084377
vt 0.676667 0.086968
vt 0.677334 0.087612
vt 0.677272 0.097974
vt 0.542884 0.452983
vt 0.549347 0.452983
vt 0.564556 0.452983
vt 0.564556 0.404982
vt 0.549347 0.404982
vt 0.542884 0.404982
vt 0.553565 0.452983
vt 0.551521 0.452983
vt 0.549450 0.452983
vt 0.547037 0.452983
vt 0.547037 0.404982
vt 0.549450 0.404982
vt 0.551521 0.404982
vt 0.553565 0.404982
vt 0.557760 0.404982
vt 0.562488 0.404982
vt 0.562488 0.452983
vt 0.557760 0.452983
vt 0.899282 0.175161
vt 0.888227 0.175161
vt 0.877514 0.175161
vt 0.852675 0.175161
vt 0.852675 0.144671
vt 0.877514 0.144671
vt 0.888227 0.144671
vt 0.899282 0.144671
vt 0.920483 0.144671
vt 0.936263 0.144671
vt 0.936263 0.175161
vt 0.920483 0.175161
vt 0.841716 0.175161
vt 0.829651 0.175161
vt 0.826569 0.175161
vt 0.826569 0.144671
vt 0.829651 0.144671
vt 0.841716 0.144671
vt 0.852675 0.144671
vt 0.852675 0.175161
vt 0.822193 0.175161
vt 0.834611 0.175161
vt 0.848244 0.175161
vt 0.848244 0.144671
vt 0.834611 0.144671
vt 0.822193 0.144671
vt 0.809074 0.144671
vt 0.782116 0.144671
vt 0.769749 0.144671
vt 0.769749 0.175161
vt 0.782116 0.175161
vt 0.809074 0.175161
vt 0.884028 0.175161
vt 0.949385 0.175161
vt 0.949385 0.144671
vt 0.884028 0.144671
vt 0.875058 0.144671
vt 0.856743 0.144671
vt 0.856743 0.175161
vt 0.875058 0.175161
s 0
usemtl Food
f 421/421/105 422/422/105 423/423/105
f 421/421/106 423/423/106 424/424/106
f 425/425/107 426/426/107 427/427/107
f 425/425/107 427/427/107 428/428/107
f 429/429/108 430/430/108 431/431/108
f 429/429/109 431/431/109 432/432/109
f 433/433/110 434/434/111 435/435/111
f 433/433/110 435/435/111 436/436/110
f 437/437/112 438/438/112 439/439/112
f 437/437/113 439/439/113 440/440/113
f 441/441/114 442/442/114 443/443/114
f 441/441/115 443/443/115 444/444/115
f 445/445/116 446/446/116 447/447/116
f 445/445/117 447/447/117 448/448/117
f 449/449/118 450/450/118 451/451/118
f 449/449/118 451/451/118 452/452/118
f 453/453/119 454/454/119 455/455/119
f 453/453/119 455/455/119 456/456/119
f 457/457/120 458/458/120 459/459/120
f 457/457/120 459/459/120 460/460/120
f 461/461/121 462/462/121 463/463/121
f 461/461/122 463/463/122 464/464/122
f 465/465/123 466/466/124 467/467/124
f 465/465/123 467/467/124 468/468/123
f 469/469/125 470/470/126 471/471/126
f 469/469/125 471/471/127 472/472/125
f 473/473/128 474/474/128 475/475/128
f 473/473/129 475/475/129 476/476/129
f 477/477/130 478/478/130 479/479/130
f 477/477/131 479/479/131 480/480/131
f 481/481/132 469/469/125 472/472/125
f 481/481/132 472/472/125 482/482/132
f 483/483/133 484/484/134 485/485/134
f 483/483/133 485/485/134 486/486/133
f 487/487/135 483/483/133 486/486/133
f 487/487/135 486/486/133 488/488/135
f 489/489/136 490/490/136 491/491/136
f 489/489/137 491/491/137 492/492/137
f 493/493/138 494/494/139 495/495/140
f 493/493/138 495/495/139 496/496/138
f 497/497/141 498/498/142 499/499/142
f 497/497/141 499/499/143 500/500/141
f 501/501/144 502/502/145 503/503/146
f 501/501/147 503/503/148 504/504/147
f 505/505/149 506/506/150 507/507/150
f 505/505/149 507/507/150 508/508/149
f 509/509/151 510/510/151 511/511/151
f 509/509/151 511/511/151 512/512/151
f 513/513/152 514/514/152 515/515/152
f 513/513/152 515/515/152 516/516/152
f 517/517/153 518/518/153 519/519/153
f 517/517/153 519/519/153 520/520/153
f 498/498/142 493/493/138 496/496/138
f 498/498/142 496/496/154 499/499/142
f 521/521/151 522/522/151 523/523/151
f 521/521/155 523/523/155 524/524/155
f 525/525/156 526/526/156 527/527/156
f 525/525/156 527/527/156 528/528/156
f 529/529/157 530/530/157 531/531/157
f 529/529/157 531/531/157 532/532/157
f 533/533/158 497/497/141 500/500/141
f 533/533/158 500/500/141 534/534/158
f 535/535/159 536/536/159 537/537/159
f 535/535/159 537/537/159 538/538/159
f 494/494/139 505/505/149 508/508/149
f 494/494/160 508/508/149 495/495/161
f 539/539/162 540/540/162 541/541/162
f 539/539/162 541/541/162 542/542/162
f 543/543/163 544/544/163 545/545/163
f 543/543/163 545/545/163 546/546/163
f 506/506/150 547/547/164 548/548/164
f 506/506/150 548/548/164 507/507/150
f 549/549/165 550/550/165 551/551/165
f 549/549/165 551/551/165 552/552/165
f 553/553/166 554/554/167 555/555/167
f 553/553/168 555/555/167 556/556/168
f 557/557/169 558/558/170 559/559/170
f 557/557/171 559/559/172 560/560/171
f 561/561/173 562/562/173 563/563/173
f 561/561/174 563/563/174 564/564/174
f 565/565/175 566/566/175 567/567/175
f 565/565/176 567/567/176 568/568/176
f 569/569/177 570/570/178 571/571/178
f 569/569/179 571/571/178 572/572/179
f 573/573/180 574/574/180 575/575/180
f 573/573/180 575/575/180 576/576/180
f 577/577/181 578/578/181 579/579/181
f 577/577/181 579/579/181 580/580/181
f 581/581/182 582/582/182 583/583/182
f 581/581/182 583/583/182 584/584/182
f 585/585/183 586/586/183 587/587/183
f 585/585/184 587/587/184 588/588/184
f 589/589/185 569/569/179 572/572/179
f 589/589/186 572/572/179 590/590/186
f 554/554/187 591/591/188 592/592/188
f 554/554/167 592/592/189 555/555/167
f 593/593/190 594/594/190 595/595/190
f 593/593/190 595/595/190 596/596/190
f 597/597/191 598/598/191 599/599/191
f 597/597/191 599/599/191 600/600/191
f 601/601/192 465/465/123 468/468/123
f 601/601/192 468/468/123 602/602/192
f 434/434/111 603/603/193 604/604/193
f 434/434/111 604/604/193 435/435/111
f 605/605/194 606/606/194 607/607/194
f 605/605/194 607/607/194 608/608/194
f 609/609/195 610/610/195 611/611/195
f 609/609/196 611/611/196 612/612/196
f 613/613/197 614/614/197 615/615/197
f 613/613/197 615/615/197 616/616/197
f 617/617/198 618/618/198 619/619/198
f 617/617/199 619/619/199 620/620/199
f 630/630/200 628/628/200 629/629/200
f 628/628/201 630/630/201 627/627/201
f 627/627/200 630/630/200 625/625/200
f 658/658/201 659/659/201 657/657/201
f 633/633/201 631/631/201 632/632/201
f 631/631/201 633/633/201 634/634/201
f 631/631/200 634/634/200 635/635/200
f 631/631/201 635/635/201 630/630/201
f 630/630/200 635/635/200 623/623/200
f 623/623/201 635/635/201 621/621/201
f 621/621/200 635/635/200 701/701/200
f 701/701/200 635/635/200 636/636/200
f 701/701/200 636/636/200 700/700/200
f 700/700/200 636/636/200 699/699/200
f 699/699/201 636/636/201 698/698/201
f 698/698/200 636/636/200 697/697/200
f 697/697/200 636/636/200 696/696/200
f 696/696/200 636/636/200 637/637/200
f 696/696/200 637/637/200 695/695/200
f 695/695/200 637/637/200 694/694/200
f 694/694/200 637/637/200 693/693/200
f 693/693/200 637/637/200 638/638/200
f 693/693/200 638/638/200 639/639/200
f 693/693/200 639/639/200 640/640/200
f 693/693/200 640/640/200 692/692/200
f 692/692/200 640/640/200 691/691/200
f 691/691/200 640/640/200 641/641/200
f 691/691/200 641/641/200 690/690/200
f 690/690/200 641/641/200 689/689/200
f 689/689/200 641/641/200 688/688/200
f 688/688/200 641/641/200 687/687/200
f 687/687/200 641/641/200 686/686/200
f 686/686/200 641/641/200 685/685/200
f 685/685/200 641/641/200 684/684/200
f 684/684/200 641/641/200 642/642/200
f 684/684/200 642/642/200 683/683/200
f 683/683/200 642/642/200 643/643/200
f 683/683/200 643/643/200 644/644/200
f 683/683/200 644/644/200 682/682/200
f 682/682/200 644/644/200 645/645/200
f 682/682/200 645/645/200 681/681/200
f 681/681/200 645/645/200 646/646/200
f 681/681/200 646/646/200 680/680/200
f 680/680/200 646/646/200 679/679/200
f 679/679/200 646/646/200 678/678/200
f 678/678/200 646/646/200 677/677/200
f 677/677/200 646/646/200 647/647/200
f 677/677/200 647/647/200 676/676/200
f 676/676/200 647/647/200 675/675/200
f 675/675/200 647/647/200 674/674/200
f 674/674/200 647/647/200 673/673/200
f 673/673/200 647/647/200 672/672/200
f 672/672/200 647/647/200 648/648/200
f 672/672/200 648/648/200 671/671/200
f 671/671/200 648/648/200 670/670/200
f 670/670/200 648/648/200 649/649/200
f 670/670/200 649/649/200 650/650/200
f 670/670/200 650/650/200 651/651/200
f 670/670/200 651/651/200 652/652/200
f 670/670/200 652/652/200 669/669/200
f 669/669/200 652/652/200 668/668/200
f 668/668/200 652/652/200 667/667/200
f 667/667/200 652/652/200 653/653/200
f 667/667/200 653/653/200 654/654/200
f 667/667/200 654/654/200 655/655/200
f 667/667/200 655/655/200 666/666/200
f 666/666/200 655/655/200 656/656/200
f 666/666/200 656/656/200 665/665/200
f 665/665/200 656/656/200 664/664/200
f 664/664/200 656/656/200 657/657/200
f 664/664/200 657/657/200 663/663/200
f 663/663/200 657/657/200 662/662/200
f 662/662/200 657/657/200 661/661/200
f 661/661/200 657/657/200 660/660/200
f 660/660/200 657/657/200 659/659/200
f 621/621/200 622/622/200 623/623/200
f 625/625/200 623/623/200 624/624/200
f 623/623/200 625/625/200 630/630/200
f 625/625/201 626/626/201 627/627/201
f 779/779/202 777/777/202 778/778/202
f 781/781/203 779/779/203 780/780/203
f 779/779/202 781/781/202 774/774/202
f 702/702/203 781/781/203 782/782/203
f 776/776/202 774/774/202 775/775/202
f 774/774/203 776/776/203 777/777/203
f 774/774/203 777/777/203 779/779/203
f 773/773/203 771/771/203 772/772/203
f 771/771/203 773/773/203 770/770/203
f 770/770/202 773/773/202 769/769/202
f 769/769/203 773/773/203 774/774/203
f 769/769/202 774/774/202 781/781/202
f 769/769/203 781/781/203 702/702/203
f 769/769/202 702/702/202 703/703/202
f 769/769/202 703/703/202 768/768/202
f 768/768/202 703/703/202 704/704/202
f 768/768/202 704/704/202 705/705/202
f 768/768/202 705/705/202 706/706/202
f 768/768/202 706/706/202 707/707/202
f 768/768/202 707/707/202 708/708/202
f 768/768/202 708/708/202 767/767/202
f 767/767/202 708/708/202 709/709/202
f 767/767/202 709/709/202 710/710/202
f 767/767/202 710/710/202 711/711/202
f 767/767/202 711/711/202 766/766/202
f 766/766/202 711/711/202 765/765/202
f 765/765/202 711/711/202 764/764/202
f 764/764/202 711/711/202 712/712/202
f 764/764/202 712/712/202 713/713/202
f 764/764/202 713/713/202 763/763/202
f 763/763/203 713/713/203 714/714/203
f 763/763/202 714/714/202 715/715/202
f 763/763/202 715/715/202 716/716/202
f 763/763/202 716/716/202 717/717/202
f 763/763/202 717/717/202 718/718/202
f 763/763/202 718/718/202 719/719/202
f 763/763/202 719/719/202 720/720/202
f 763/763/202 720/720/202 762/762/202
f 762/762/202 720/720/202 721/721/202
f 762/762/202 721/721/202 761/761/202
f 761/761/202 721/721/202 760/760/202
f 760/760/202 721/721/202 722/722/202
f 760/760/202 722/722/202 759/759/202
f 759/759/202 722/722/202 723/723/202
f 759/759/202 723/723/202 758/758/202
f 758/758/202 723/723/202 724/724/202
f 758/758/202 724/724/202 725/725/202
f 758/758/202 725/725/202 726/726/202
f 758/758/202 726/726/202 727/727/202
f 758/758/202 727/727/202 757/757/202
f 757/757/202 727/727/202 728/728/202
f 757/757/202 728/728/202 729/729/202
f 757/757/203 729/729/203 730/730/203
f 757/757/202 730/730/202 731/731/202
f 757/757/202 731/731/202 732/732/202
f 757/757/202 732/732/202 756/756/202
f 756/756/202 732/732/202 733/733/202
f 756/756/202 733/733/202 734/734/202
f 756/756/202 734/734/202 755/755/202
f 755/755/202 734/734/202 754/754/202
f 754/754/202 734/734/202 753/753/202
f 753/753/202 734/734/202 752/752/202
f 752/752/202 734/734/202 735/735/202
f 752/752/202 735/735/202 736/736/202
f 752/752/202 736/736/202 737/737/202
f 752/752/202 737/737/202 751/751/202
f 751/751/202 737/737/202 750/750/202
f 750/750/202 737/737/202 749/749/202
f 749/749/202 737/737/202 738/738/202
f 749/749/202 738/738/202 748/748/202
f 748/748/202 738/738/202 739/739/202
f 748/748/202 739/739/202 740/740/202
f 748/748/202 740/740/202 747/747/202
f 747/747/202 740/740/202 741/741/202
f 747/747/202 741/741/202 742/742/202
f 747/747/202 742/742/202 743/743/202
f 747/747/202 743/743/202 744/744/202
f 747/747/202 744/744/202 745/745/202
f 746/746/202 747/747/202 745/745/202
f 783/783/204 503/503/148 502/502/148
f 503/503/146 783/783/204 788/788/204
f 788/788/204 783/783/204 784/784/204
f 788/788/204 784/784/204 787/787/204
f 787/787/204 784/784/204 785/785/204
f 787/787/204 785/785/204 786/786/204
f 793/793/205 533/533/158 534/534/158
f 533/533/158 793/793/205 792/792/205
f 792/792/206 793/793/205 794/794/206
f 792/792/207 794/794/207 791/791/206
f 791/791/205 794/794/208 795/795/208
f 791/791/205 795/795/205 790/790/205
f 790/790/205 795/795/205 796/796/205
f 790/790/208 796/796/205 789/789/208
f 789/789/205 796/796/205 797/797/205
f 789/789/205 797/797/205 800/800/205
f 800/800/205 797/797/205 798/798/172
f 800/800/205 798/798/209 799/799/210
f 805/805/211 803/803/211 804/804/211
f 803/803/211 805/805/212 802/802/211
f 802/802/213 805/805/213 801/801/213
f 801/801/213 805/805/213 812/812/213
f 812/812/212 805/805/211 811/811/212
f 811/811/212 805/805/212 810/810/212
f 810/810/214 805/805/211 806/806/212
f 810/810/212 806/806/212 807/807/212
f 810/810/214 807/807/211 808/808/211
f 810/810/214 808/808/215 809/809/212
f 816/816/216 814/814/216 815/815/216
f 814/814/217 816/816/217 813/813/217
f 813/813/217 816/816/217 820/820/217
f 820/820/216 816/816/216 819/819/216
f 819/819/216 816/816/218 817/817/219
f 819/819/218 817/817/219 818/818/219
f 824/824/220 822/822/220 823/823/220
f 822/822/220 824/824/220 821/821/220
f 821/821/220 824/824/220 832/832/220
f 832/832/220 824/824/220 831/831/220
f 831/831/220 824/824/220 830/830/220
f 830/830/220 824/824/220 829/829/220
f 829/829/220 824/824/221 825/825/220
f 829/829/222 825/825/223 826/826/224
f 829/829/222 826/826/224 827/827/225
f 829/829/222 827/827/224 828/828/220
f 835/835/226 833/833/226 834/834/226
f 833/833/226 835/835/227 840/840/226
f 840/840/226 835/835/226 839/839/226
f 839/839/226 835/835/226 838/838/226
f 838/838/227 835/835/227 836/836/227
f 838/838/228 836/836/226 837/837/226
o Plane003_Food_0
v 3.606915 0.229990 1.436144
v 3.571705 0.246203 1.467548
v 3.773751 0.684982 1.467548
v 3.808961 0.668769 1.436144
v 2.613911 0.687243 3.006008
v 2.734748 0.631600 2.930168
v 2.936795 1.070379 2.930168
v 2.815958 1.126022 3.006008
v 3.571705 0.246203 1.467548
v 3.543723 0.259088 1.491899
v 3.745770 0.697867 1.491899
v 3.773751 0.684982 1.467548
v 1.206306 1.335409 4.172005
v 1.414480 1.239550 4.009645
v 1.616527 1.678329 4.009645
v 1.408353 1.774188 4.172005
v 3.646060 0.211964 1.392328
v 3.606915 0.229990 1.436144
v 3.808961 0.668769 1.436144
v 3.848107 0.650744 1.392328
v 0.890475 1.480841 4.483929
v 0.945541 1.455484 4.418512
v 1.147587 1.894264 4.418512
v 1.092521 1.919620 4.483929
v 3.860873 0.113049 1.198544
v 3.823852 0.130096 1.242502
v 4.025898 0.568875 1.242502
v 4.062919 0.551828 1.198544
v 0.945541 1.455484 4.418512
v 1.206306 1.335409 4.172005
v 1.408353 1.774188 4.172005
v 1.147587 1.894264 4.418512
v 3.823852 0.130096 1.242502
v 3.646060 0.211964 1.392328
v 3.848107 0.650744 1.392328
v 4.025898 0.568875 1.242502
v 0.806208 1.519644 4.552080
v 0.890475 1.480841 4.483929
v 1.092521 1.919620 4.483929
v 1.008254 1.958423 4.552080
v 3.899931 0.095064 1.166420
v 3.860873 0.113049 1.198544
v 4.062919 0.551828 1.198544
v 4.101977 0.533843 1.166420
v 0.649079 1.591998 4.716587
v 0.744750 1.547943 4.635180
v 0.946797 1.986722 4.635180
v 0.851125 2.030777 4.716587
v 3.940736 0.076274 1.116421
v 3.925483 0.083297 1.140627
v 4.127530 0.522076 1.140627
v 4.142782 0.515053 1.116421
v 0.744750 1.547943 4.635180
v 0.806208 1.519644 4.552080
v 1.008254 1.958423 4.552080
v 0.946797 1.986722 4.635180
v 3.925483 0.083297 1.140627
v 3.899931 0.095064 1.166420
v 4.101977 0.533843 1.166420
v 4.127530 0.522076 1.140627
v 3.965771 0.064745 1.101038
v 4.167818 0.503525 1.101038
v 3.992508 0.052434 1.079758
v 3.965771 0.064745 1.101038
v 4.167818 0.503525 1.101038
v 4.194555 0.491213 1.079758
v 4.005577 0.046416 1.072174
v 4.207623 0.485195 1.072174
v 4.048913 0.026461 1.044992
v 4.005577 0.046416 1.072174
v 4.207623 0.485195 1.072174
v 4.250959 0.465240 1.044992
v 4.214406 -0.049745 1.240107
v 4.189981 -0.038497 1.202391
v 4.392027 0.400282 1.202391
v 4.416453 0.389035 1.240107
v 4.236792 -0.060052 1.270834
v 4.225010 -0.054628 1.252098
v 4.427057 0.384152 1.252098
v 4.438838 0.378727 1.270834
v 0.124021 1.833773 4.382635
v 0.118232 1.836439 4.415588
v 0.320278 2.275218 4.415588
v 0.326068 2.272552 4.382635
v 4.175210 -0.031695 1.200369
v 4.073594 0.015096 1.052828
v 4.275640 0.453875 1.052828
v 4.377256 0.407084 1.200369
v 1.811078 1.056927 2.955727
v 1.780888 1.070828 2.975195
v 1.982935 1.509607 2.975195
v 2.013124 1.495706 2.955727
v 0.721669 1.558572 3.856398
v 0.673783 1.580622 3.901011
v 0.875830 2.019401 3.901011
v 0.923715 1.997351 3.856398
v 1.756037 1.082271 3.001743
v 0.767359 1.537533 3.809748
v 0.969406 1.976312 3.809748
v 1.958084 1.521051 3.001743
v 0.380330 1.715750 4.175087
v 0.336737 1.735823 4.203207
v 0.538783 2.174602 4.203207
v 0.582376 2.154529 4.175087
v 1.943978 0.995730 2.829065
v 1.912951 1.010017 2.859238
v 2.114998 1.448796 2.859238
v 2.146025 1.434509 2.829063
v 0.767359 1.537533 3.809748
v 0.721669 1.558572 3.856398
v 0.923715 1.997351 3.856398
v 0.969406 1.976312 3.809748
v 4.246568 -0.064554 1.275789
v 4.448615 0.374225 1.275789
v 0.289355 1.757641 4.253473
v 0.248350 1.776523 4.278048
v 0.450397 2.215302 4.278048
v 0.491402 2.196420 4.253473
v 1.879748 1.025306 2.889193
v 1.863467 1.032803 2.911480
v 2.065513 1.471582 2.911480
v 2.081795 1.464085 2.889193
v 0.673783 1.580622 3.901011
v 0.421935 1.696591 4.125244
v 0.623982 2.135371 4.125244
v 0.875830 2.019401 3.901011
v 4.048913 0.026461 1.044992
v 4.250959 0.465240 1.044992
v 0.214407 1.792153 4.312748
v 0.124021 1.833773 4.382635
v 0.326068 2.272552 4.382635
v 0.416453 2.230932 4.312748
v 1.989273 0.974873 2.789684
v 1.976789 0.980621 2.797092
v 2.178835 1.419400 2.797092
v 2.191319 1.413652 2.789684
v 4.366544 -0.119800 1.534916
v 4.392750 -0.131867 1.500389
v 4.594797 0.306912 1.500389
v 4.568591 0.318979 1.534916
v 4.041807 0.029733 1.826199
v 4.116916 -0.004853 1.775013
v 4.318963 0.433926 1.775013
v 4.243854 0.468512 1.826199
v 0.248350 1.776523 4.278048
v 0.214407 1.792153 4.312748
v 0.416453 2.230932 4.312748
v 0.450397 2.215302 4.278048
v 4.165257 -0.027113 1.739378
v 4.238664 -0.060915 1.645464
v 4.440711 0.377864 1.645464
v 4.367304 0.411667 1.739378
v 1.863467 1.032803 2.911480
v 1.811078 1.056927 2.955727
v 2.013124 1.495706 2.955727
v 2.065513 1.471582 2.911480
v 4.238664 -0.060915 1.645464
v 4.366544 -0.119800 1.534916
v 4.568591 0.318979 1.534916
v 4.440711 0.377864 1.645464
v 3.930639 0.080923 1.929459
v 4.041807 0.029733 1.826199
v 4.243854 0.468512 1.826199
v 4.132686 0.519702 1.929459
v 0.421935 1.696591 4.125244
v 0.380330 1.715750 4.175087
v 0.582376 2.154529 4.175087
v 0.623982 2.135371 4.125244
v 4.116916 -0.004853 1.775013
v 4.318963 0.433926 1.775013
v 1.943978 0.995730 2.829065
v 2.146025 1.434509 2.829063
v 0.336737 1.735823 4.203207
v 0.289355 1.757641 4.253473
v 0.491402 2.196420 4.253473
v 0.538783 2.174602 4.203207
v 1.912951 1.010017 2.859238
v 1.879748 1.025306 2.889193
v 2.081795 1.464085 2.889193
v 2.114998 1.448796 2.859238
v 0.443548 1.686639 4.844076
v 0.645594 2.125418 4.844076
v 1.618437 1.145633 3.879425
v 1.820484 1.584412 3.879425
v 2.007828 0.966328 2.772112
v 1.989273 0.974873 2.789684
v 2.191319 1.413652 2.789684
v 2.209875 1.405107 2.772112
v 1.780888 1.070828 2.975195
v 1.756037 1.082271 3.001743
v 1.958084 1.521051 3.001743
v 1.982935 1.509607 2.975195
v 3.466951 0.294439 1.558056
v 3.429302 0.311776 1.595037
v 3.631348 0.750555 1.595037
v 3.668998 0.733219 1.558056
v 3.543723 0.259088 1.491899
v 3.466951 0.294439 1.558056
v 3.668998 0.733219 1.558056
v 3.745770 0.697867 1.491899
v 4.048913 0.026461 1.044992
v 4.073594 0.015096 1.052828
v 4.175210 -0.031695 1.200369
v 4.189981 -0.038497 1.202391
v 4.214406 -0.049745 1.240107
v 4.225010 -0.054628 1.252098
v 4.236792 -0.060052 1.270834
v 4.246568 -0.064554 1.275789
v 4.274396 -0.077368 1.309982
v 4.278283 -0.079158 1.347641
v 4.294735 -0.086734 1.368877
v 4.321517 -0.099066 1.380907
v 4.351527 -0.112885 1.426723
v 4.392750 -0.131867 1.500389
v 4.366544 -0.119800 1.534916
v 4.238664 -0.060915 1.645464
v 4.165257 -0.027113 1.739378
v 4.116916 -0.004853 1.775013
v 4.041807 0.029733 1.826199
v 3.930639 0.080923 1.929459
v 3.090525 0.467774 2.640560
v 2.968197 0.524103 2.728058
v 2.734748 0.631600 2.930168
v 2.613911 0.687243 3.006008
v 2.442832 0.766020 3.160307
v 2.293803 0.834644 3.310610
v 2.121642 0.913920 3.448303
v 1.780406 1.071050 3.749191
v 1.618437 1.145633 3.879425
v 1.414480 1.239550 4.009645
v 1.206306 1.335409 4.172005
v 0.945541 1.455484 4.418512
v 0.890475 1.480841 4.483929
v 0.806208 1.519644 4.552080
v 0.744750 1.547943 4.635180
v 0.649079 1.591998 4.716587
v 0.443548 1.686639 4.844076
v 0.307738 1.749176 4.700827
v 0.270771 1.766198 4.622417
v 0.118232 1.836439 4.415588
v 0.124021 1.833773 4.382635
v 0.214407 1.792153 4.312748
v 0.248350 1.776523 4.278048
v 0.289355 1.757641 4.253473
v 0.336737 1.735823 4.203207
v 0.380330 1.715750 4.175087
v 0.421935 1.696591 4.125244
v 0.673783 1.580622 3.901011
v 0.721669 1.558572 3.856398
v 0.767359 1.537533 3.809748
v 1.756037 1.082271 3.001743
v 1.780888 1.070828 2.975195
v 1.811078 1.056927 2.955727
v 1.863467 1.032803 2.911480
v 1.879748 1.025306 2.889193
v 1.912951 1.010017 2.859238
v 1.943978 0.995730 2.829065
v 1.976789 0.980621 2.797092
v 1.989273 0.974873 2.789684
v 2.007828 0.966328 2.772112
v 2.046658 0.948448 2.737452
v 2.208598 0.873879 2.616018
v 2.362852 0.802849 2.515966
v 2.685775 0.654151 2.250931
v 2.816511 0.593951 2.124378
v 2.953620 0.530815 1.996933
v 3.236706 0.400461 1.781439
v 3.429302 0.311776 1.595037
v 3.466951 0.294439 1.558056
v 3.543723 0.259088 1.491899
v 3.571705 0.246203 1.467548
v 3.606915 0.229990 1.436144
v 3.646060 0.211964 1.392328
v 3.823852 0.130096 1.242502
v 3.860873 0.113049 1.198544
v 3.899931 0.095064 1.166420
v 3.925483 0.083297 1.140627
v 3.940736 0.076274 1.116421
v 3.965771 0.064745 1.101038
v 3.992508 0.052434 1.079758
v 4.005577 0.046416 1.072174
v 4.250959 0.465240 1.044992
v 4.207623 0.485195 1.072174
v 4.194555 0.491213 1.079758
v 4.167818 0.503525 1.101038
v 4.142782 0.515053 1.116421
v 4.127530 0.522076 1.140627
v 4.101977 0.533843 1.166420
v 4.062919 0.551828 1.198544
v 4.025898 0.568875 1.242502
v 3.848107 0.650744 1.392328
v 3.808961 0.668769 1.436144
v 3.773751 0.684982 1.467548
v 3.745770 0.697867 1.491899
v 3.668998 0.733219 1.558056
v 3.631348 0.750555 1.595037
v 3.438753 0.839240 1.781439
v 3.155667 0.969594 1.996933
v 3.018558 1.032730 2.124378
v 2.887822 1.092930 2.250931
v 2.564899 1.241628 2.515966
v 2.410645 1.312658 2.616018
v 2.248704 1.387228 2.737452
v 2.209875 1.405107 2.772112
v 2.191319 1.413652 2.789684
v 2.178835 1.419400 2.797092
v 2.146025 1.434509 2.829063
v 2.114998 1.448796 2.859238
v 2.081795 1.464085 2.889193
v 2.065513 1.471582 2.911480
v 2.013124 1.495706 2.955727
v 1.982935 1.509607 2.975195
v 1.958084 1.521051 3.001743
v 0.969406 1.976312 3.809748
v 0.923715 1.997351 3.856398
v 0.875830 2.019401 3.901011
v 0.623982 2.135371 4.125244
v 0.582376 2.154529 4.175087
v 0.538783 2.174602 4.203207
v 0.491402 2.196420 4.253473
v 0.450397 2.215302 4.278048
v 0.416453 2.230932 4.312748
v 0.326068 2.272552 4.382635
v 0.320278 2.275218 4.415588
v 0.472818 2.204978 4.622417
v 0.509785 2.187955 4.700827
v 0.645594 2.125418 4.844076
v 0.851125 2.030777 4.716587
v 0.946797 1.986722 4.635180
v 1.008254 1.958423 4.552080
v 1.092521 1.919620 4.483929
v 1.147587 1.894264 4.418512
v 1.408353 1.774188 4.172005
v 1.616527 1.678329 4.009645
v 1.820484 1.584412 3.879425
v 1.982453 1.509830 3.749191
v 2.323689 1.352699 3.448303
v 2.495850 1.273423 3.310610
v 2.644879 1.204799 3.160307
v 2.815958 1.126022 3.006008
v 2.936795 1.070379 2.930168
v 3.170244 0.962882 2.728058
v 3.292572 0.906553 2.640560
v 4.132686 0.519702 1.929459
v 4.243854 0.468512 1.826199
v 4.318963 0.433926 1.775013
v 4.367304 0.411667 1.739378
v 4.440711 0.377864 1.645464
v 4.568591 0.318979 1.534916
v 4.594797 0.306912 1.500389
v 4.553574 0.325894 1.426723
v 4.523564 0.339713 1.380907
v 4.496781 0.352045 1.368877
v 4.480329 0.359621 1.347641
v 4.476443 0.361411 1.309982
v 4.448615 0.374225 1.275789
v 4.438838 0.378727 1.270834
v 4.427057 0.384152 1.252098
v 4.416453 0.389035 1.240107
v 4.392027 0.400282 1.202391
v 4.377256 0.407084 1.200369
v 4.275640 0.453875 1.052828
v 0.270771 1.766198 4.622417
v 0.307738 1.749176 4.700827
v 0.443548 1.686639 4.844076
v 0.645594 2.125418 4.844076
v 0.509785 2.187955 4.700827
v 0.472818 2.204978 4.622417
v 4.321517 -0.099066 1.380907
v 4.294735 -0.086734 1.368877
v 4.278283 -0.079158 1.347641
v 4.274396 -0.077368 1.309982
v 4.476443 0.361411 1.309982
v 4.480329 0.359621 1.347641
v 4.496781 0.352045 1.368877
v 4.523564 0.339713 1.380907
v 4.553574 0.325894 1.426723
v 4.594797 0.306912 1.500389
v 4.392750 -0.131867 1.500389
v 4.351527 -0.112885 1.426723
v 2.953620 0.530815 1.996933
v 2.816511 0.593951 2.124378
v 2.685775 0.654151 2.250931
v 2.362852 0.802849 2.515966
v 2.564899 1.241628 2.515966
v 2.887822 1.092930 2.250931
v 3.018558 1.032730 2.124378
v 3.155667 0.969594 1.996933
v 3.438753 0.839240 1.781439
v 3.631348 0.750555 1.595037
v 3.429302 0.311776 1.595037
v 3.236706 0.400461 1.781439
v 2.208598 0.873879 2.616018
v 2.046658 0.948448 2.737452
v 2.007828 0.966328 2.772112
v 2.209875 1.405107 2.772112
v 2.248704 1.387228 2.737452
v 2.410645 1.312658 2.616018
v 2.564899 1.241628 2.515966
v 2.362852 0.802849 2.515966
v 2.293803 0.834644 3.310610
v 2.442832 0.766020 3.160307
v 2.613911 0.687243 3.006008
v 2.815958 1.126022 3.006008
v 2.644879 1.204799 3.160307
v 2.495850 1.273423 3.310610
v 2.323689 1.352699 3.448303
v 1.982453 1.509830 3.749191
v 1.820484 1.584412 3.879425
v 1.618437 1.145633 3.879425
v 1.780406 1.071050 3.749191
v 2.121642 0.913920 3.448303
v 3.090525 0.467774 2.640560
v 3.930639 0.080923 1.929459
v 4.132686 0.519702 1.929459
v 3.292572 0.906553 2.640560
v 3.170244 0.962882 2.728058
v 2.936795 1.070379 2.930168
v 2.734748 0.631600 2.930168
v 2.968197 0.524103 2.728058
vn -0.5718 0.2633 -0.7770
vn 0.4499 -0.2071 0.8687
vn 0.4498 -0.2071 0.8688
vn -0.5632 0.2594 -0.7845
vn -0.5633 0.2594 -0.7845
vn 0.5251 -0.2418 0.8160
vn 0.4909 -0.2260 0.8414
vn -0.6476 0.2982 -0.7012
vn 0.6663 -0.3068 0.6797
vn 0.6662 -0.3068 0.6797
vn -0.6661 0.3067 -0.6799
vn 0.5917 -0.2725 0.7587
vn -0.5521 0.2542 -0.7941
vn 0.5378 -0.2476 0.8059
vn -0.5436 0.2503 -0.8012
vn -0.5436 0.2503 -0.8011
vn 0.5020 -0.2311 0.8334
vn 0.5555 -0.2558 0.7912
vn 0.5020 -0.2312 0.8334
vn -0.6102 0.2810 -0.7407
vn -0.7464 0.3437 -0.5700
vn -0.6103 0.2810 -0.7407
vn -0.7463 0.3437 -0.5700
vn 0.7044 -0.3244 0.6314
vn 0.7044 -0.3243 0.6314
vn -0.6139 0.2826 -0.7370
vn -0.6138 0.2827 -0.7371
vn -0.4426 0.2038 -0.8732
vn -0.4427 0.2038 -0.8732
vn -0.4790 0.2206 -0.8496
vn -0.5322 0.2450 -0.8104
vn -0.5321 0.2451 -0.8104
vn -0.4234 0.1950 -0.8847
vn -0.4232 0.1950 -0.8848
vn -0.4497 0.2070 -0.8688
vn -0.4496 0.2071 -0.8689
vn 0.6972 -0.3211 -0.6409
vn 0.4651 -0.2142 -0.8590
vn 0.4651 -0.2141 -0.8590
vn 0.5840 -0.2689 -0.7659
vn 0.7013 -0.3229 -0.6356
vn 0.7013 -0.3229 -0.6355
vn -0.8918 0.4107 -0.1899
vn -0.8795 0.4050 0.2499
vn 0.4536 -0.2089 -0.8664
vn 0.5139 -0.2366 -0.8246
vn 0.5139 -0.2366 -0.8245
vn -0.4590 0.2114 -0.8629
vn -0.4591 0.2114 -0.8628
vn -0.5868 0.2702 -0.7633
vn -0.5868 0.2702 -0.7634
vn -0.5414 0.2493 -0.8029
vn 0.6973 -0.3210 -0.6409
vn -0.4592 0.2114 -0.8628
vn -0.6013 0.2769 -0.7495
vn -0.6014 0.2769 -0.7494
vn -0.6176 0.2844 -0.7332
vn 0.5783 -0.2663 -0.7711
vn -0.4343 0.2000 -0.8783
vn 0.4652 -0.2141 -0.8590
vn 0.4536 -0.2088 -0.8664
vn -0.7078 0.3259 -0.6267
vn -0.5712 0.2630 -0.7775
vn -0.5712 0.2630 -0.7776
vn 0.2517 -0.1159 -0.9608
vn 0.2516 -0.1159 -0.9609
vn -0.5221 0.2404 -0.8183
vn -0.5220 0.2404 -0.8183
vn -0.4309 0.1985 -0.8803
vn -0.5199 0.2394 -0.8200
vn -0.5199 0.2395 -0.8200
vn 0.6970 -0.3210 0.6412
vn 0.9077 -0.4180 0.0372
vn 0.6970 -0.3209 0.6412
vn 0.9077 -0.4179 0.0372
vn 0.4781 -0.2201 0.8503
vn -0.6181 0.2846 -0.7328
vn 0.6024 -0.2774 0.7484
vn 0.6885 -0.3170 0.6523
vn -0.5529 0.2546 -0.7934
vn -0.5528 0.2546 -0.7934
vn 0.5610 -0.2583 0.7865
vn 0.5857 -0.2697 0.7643
vn -0.6688 0.3080 -0.6767
vn -0.6688 0.3080 -0.6766
vn 0.5053 -0.2327 0.8310
vn 0.5054 -0.2327 0.8309
vn -0.6020 0.2772 -0.7488
vn -0.5200 0.2394 -0.8200
vn -0.6303 0.2902 -0.7201
vn -0.5757 0.2651 -0.7735
vn 0.4459 -0.2053 0.8712
vn 0.4557 -0.2098 0.8651
vn -0.5923 0.2728 -0.7581
vn -0.5924 0.2727 -0.7581
vn -0.6325 0.2913 -0.7177
vn -0.6326 0.2913 -0.7176
vn -0.6047 0.2785 -0.7462
vn -0.5599 0.2578 -0.7875
vn -0.4183 -0.9083 -0.0000
vn -0.4181 -0.9084 -0.0000
vn -0.4182 -0.9083 -0.0000
vn -0.4182 -0.9084 -0.0000
vn -0.4184 -0.9083 -0.0000
vn -0.4186 -0.9082 -0.0000
vn 0.4178 0.9085 -0.0000
vn 0.4182 0.9084 -0.0000
vn 0.4184 0.9082 -0.0000
vn 0.4182 0.9083 -0.0000
vn 0.4183 0.9083 -0.0000
vn 0.4184 0.9083 -0.0000
vn 0.4181 0.9084 -0.0000
vn -0.6969 0.3209 0.6413
vn -0.6969 0.3210 0.6413
vn 0.7384 -0.3400 -0.5824
vn 0.7383 -0.3400 -0.5824
vn 0.7383 -0.3400 -0.5825
vn 0.7384 -0.3400 -0.5825
vn 0.7384 -0.3399 -0.5824
vn 0.9076 -0.4182 0.0372
vn -0.5606 0.2581 -0.7868
vn -0.5606 0.2581 -0.7869
vn -0.5606 0.2582 -0.7868
vn -0.5605 0.2581 -0.7869
vn -0.5607 0.2582 -0.7868
vn -0.4979 0.2293 -0.8364
vn -0.4979 0.2292 -0.8364
vn -0.4978 0.2293 -0.8364
vn -0.4979 0.2293 -0.8363
vn 0.5661 -0.2607 0.7820
vn 0.5661 -0.2607 0.7821
vn 0.5661 -0.2606 0.7821
vn 0.5662 -0.2606 0.7820
vn 0.5497 -0.2531 0.7961
vn 0.5496 -0.2531 0.7961
vn 0.5496 -0.2531 0.7962
vn 0.5497 -0.2530 0.7961
vt 0.950373 0.175161
vt 0.947579 0.175161
vt 0.947579 0.144671
vt 0.950373 0.144671
vt 0.848244 0.175161
vt 0.856743 0.175161
vt 0.856743 0.144671
vt 0.848244 0.144671
vt 0.947579 0.175161
vt 0.945379 0.175161
vt 0.945379 0.144671
vt 0.947579 0.144671
vt 0.739606 0.175161
vt 0.755329 0.175161
vt 0.755329 0.144671
vt 0.739606 0.144671
vt 0.953782 0.175161
vt 0.950373 0.175161
vt 0.950373 0.144671
vt 0.953782 0.144671
vt 0.713515 0.175161
vt 0.718440 0.175161
vt 0.718440 0.144671
vt 0.713515 0.144671
vt 0.970902 0.175161
vt 0.967591 0.175161
vt 0.967591 0.144671
vt 0.970902 0.144671
vt 0.718440 0.175161
vt 0.739606 0.175161
vt 0.739606 0.144671
vt 0.718440 0.144671
vt 0.967591 0.175161
vt 0.953782 0.175161
vt 0.953782 0.144671
vt 0.967591 0.144671
vt 0.707067 0.175161
vt 0.713515 0.175161
vt 0.713515 0.144671
vt 0.707067 0.144671
vt 0.973908 0.175161
vt 0.970902 0.175161
vt 0.970902 0.144671
vt 0.973908 0.144671
vt 0.693769 0.175161
vt 0.701226 0.175161
vt 0.701226 0.144671
vt 0.693769 0.144671
vt 0.977610 0.175161
vt 0.976038 0.175161
vt 0.976038 0.144671
vt 0.977610 0.144671
vt 0.701226 0.175161
vt 0.707067 0.175161
vt 0.707067 0.144671
vt 0.701226 0.144671
vt 0.976038 0.175161
vt 0.973908 0.175161
vt 0.973908 0.144671
vt 0.976038 0.144671
vt 0.979360 0.175161
vt 0.979360 0.144671
vt 0.981394 0.175161
vt 0.979360 0.175161
vt 0.979360 0.144671
vt 0.981394 0.144671
vt 0.982292 0.175161
vt 0.982292 0.144671
vt 0.985339 0.175161
vt 0.982292 0.175161
vt 0.982292 0.144671
vt 0.985339 0.144671
vt 0.539930 0.452983
vt 0.536490 0.452983
vt 0.536490 0.404982
vt 0.539930 0.404982
vt 0.542856 0.452983
vt 0.541165 0.452983
vt 0.541165 0.404982
vt 0.542856 0.404982
vt 0.521439 0.452983
vt 0.523093 0.452983
vt 0.523093 0.404982
vt 0.521439 0.404982
vt 0.535635 0.452983
vt 0.521876 0.452983
vt 0.521876 0.404982
vt 0.535635 0.404982
vt 0.810680 0.175161
vt 0.808539 0.175161
vt 0.808539 0.144671
vt 0.810680 0.144671
vt 0.726659 0.175161
vt 0.722795 0.175161
vt 0.722795 0.144671
vt 0.726659 0.144671
vt 0.806417 0.175161
vt 0.730486 0.175161
vt 0.730486 0.144671
vt 0.806417 0.144671
vt 0.699089 0.175161
vt 0.695997 0.175161
vt 0.695997 0.144671
vt 0.699089 0.144671
vt 0.821502 0.175161
vt 0.818955 0.175161
vt 0.818955 0.144671
vt 0.821502 0.144671
vt 0.730486 0.175161
vt 0.726659 0.175161
vt 0.726659 0.144671
vt 0.730486 0.144671
vt 0.543635 0.452983
vt 0.543635 0.404982
vt 0.691965 0.175161
vt 0.689120 0.175161
vt 0.689120 0.144671
vt 0.691965 0.144671
vt 0.816309 0.175161
vt 0.814752 0.175161
vt 0.814752 0.144671
vt 0.816309 0.144671
vt 0.722795 0.175161
vt 0.702825 0.175161
vt 0.702825 0.144671
vt 0.722795 0.144671
vt 0.520185 0.452983
vt 0.520185 0.404982
vt 0.686276 0.175161
vt 0.679470 0.175161
vt 0.679470 0.144671
vt 0.686276 0.144671
vt 0.825062 0.175161
vt 0.824198 0.175161
vt 0.824198 0.144671
vt 0.825062 0.144671
vt 0.984169 0.175161
vt 0.986629 0.175161
vt 0.986629 0.144671
vt 0.984169 0.144671
vt 0.958346 0.175161
vt 0.963767 0.175161
vt 0.963767 0.144671
vt 0.958346 0.144671
vt 0.689120 0.175161
vt 0.686276 0.175161
vt 0.686276 0.144671
vt 0.689120 0.144671
vt 0.967347 0.175161
vt 0.974142 0.175161
vt 0.974142 0.144671
vt 0.967347 0.144671
vt 0.814752 0.175161
vt 0.810680 0.175161
vt 0.810680 0.144671
vt 0.814752 0.144671
vt 0.974142 0.175161
vt 0.984169 0.175161
vt 0.984169 0.144671
vt 0.974142 0.144671
vt 0.949385 0.175161
vt 0.958346 0.175161
vt 0.958346 0.144671
vt 0.949385 0.144671
vt 0.702825 0.175161
vt 0.699089 0.175161
vt 0.699089 0.144671
vt 0.702825 0.144671
vt 0.963767 0.175161
vt 0.963767 0.144671
vt 0.821502 0.175161
vt 0.821502 0.144671
vt 0.695997 0.175161
vt 0.691965 0.175161
vt 0.691965 0.144671
vt 0.695997 0.144671
vt 0.818955 0.175161
vt 0.816309 0.175161
vt 0.816309 0.144671
vt 0.818955 0.144671
vt 0.679364 0.175161
vt 0.679364 0.144671
vt 0.769749 0.175161
vt 0.769749 0.144671
vt 0.826569 0.175161
vt 0.825062 0.175161
vt 0.825062 0.144671
vt 0.826569 0.144671
vt 0.808539 0.175161
vt 0.806417 0.175161
vt 0.806417 0.144671
vt 0.808539 0.144671
vt 0.939367 0.175161
vt 0.936263 0.175161
vt 0.936263 0.144671
vt 0.939367 0.144671
vt 0.945379 0.175161
vt 0.939367 0.175161
vt 0.939367 0.144671
vt 0.945379 0.144671
vt 0.678231 0.099248
vt 0.677272 0.097974
vt 0.677334 0.087612
vt 0.676667 0.086968
vt 0.676760 0.084377
vt 0.677555 0.083447
vt 0.677619 0.082173
vt 0.676397 0.081586
vt 0.676197 0.079024
vt 0.677314 0.077206
vt 0.677232 0.075646
vt 0.676314 0.074107
vt 0.676410 0.070948
vt 0.676916 0.067387
vt 0.679425 0.065581
vt 0.689654 0.065470
vt 0.696585 0.064054
vt 0.700238 0.063695
vt 0.705768 0.065238
vt 0.714909 0.064417
vt 0.781581 0.064361
vt 0.790731 0.065066
vt 0.809415 0.064850
vt 0.818085 0.066016
vt 0.831992 0.065583
vt 0.844660 0.064501
vt 0.858044 0.064846
vt 0.885544 0.064289
vt 0.898159 0.064583
vt 0.912870 0.066452
vt 0.928909 0.067054
vt 0.950501 0.065892
vt 0.955525 0.064611
vt 0.962102 0.065189
vt 0.968061 0.063392
vt 0.975669 0.063779
vt 0.990363 0.065829
vt 0.992157 0.077284
vt 0.991274 0.082152
vt 0.991690 0.097057
vt 0.990255 0.098303
vt 0.983312 0.098015
vt 0.980410 0.098470
vt 0.977509 0.097835
vt 0.973395 0.098290
vt 0.970241 0.097903
vt 0.966430 0.098555
vt 0.946058 0.099062
vt 0.942116 0.098334
vt 0.938212 0.099604
vt 0.860753 0.098388
vt 0.858589 0.098634
vt 0.856405 0.098366
vt 0.852251 0.098365
vt 0.850663 0.099116
vt 0.847963 0.098828
vt 0.845365 0.099382
vt 0.842615 0.099193
vt 0.841734 0.099053
vt 0.840196 0.099656
vt 0.837052 0.099220
vt 0.824745 0.098536
vt 0.813565 0.097191
vt 0.788226 0.096844
vt 0.777297 0.097558
vt 0.766020 0.098073
vt 0.744393 0.097021
vt 0.728295 0.098071
vt 0.725129 0.098875
vt 0.718995 0.098358
vt 0.716752 0.098881
vt 0.713902 0.098463
vt 0.710423 0.098940
vt 0.696336 0.098922
vt 0.692959 0.100191
vt 0.689892 0.100151
vt 0.687719 0.099632
vt 0.686116 0.100135
vt 0.684331 0.100479
vt 0.682256 0.099820
vt 0.681340 0.099291
vt 0.678231 0.099248
vt 0.681340 0.099291
vt 0.682256 0.099820
vt 0.684331 0.100479
vt 0.686116 0.100135
vt 0.687719 0.099632
vt 0.689892 0.100151
vt 0.692959 0.100191
vt 0.696336 0.098922
vt 0.710423 0.098940
vt 0.713902 0.098463
vt 0.716752 0.098881
vt 0.718995 0.098358
vt 0.725129 0.098875
vt 0.728295 0.098071
vt 0.744393 0.097021
vt 0.766020 0.098073
vt 0.777297 0.097558
vt 0.788226 0.096844
vt 0.813565 0.097191
vt 0.824745 0.098536
vt 0.837052 0.099220
vt 0.840196 0.099656
vt 0.841734 0.099053
vt 0.842615 0.099193
vt 0.845365 0.099382
vt 0.847963 0.098828
vt 0.850663 0.099116
vt 0.852251 0.098365
vt 0.856405 0.098366
vt 0.858589 0.098634
vt 0.860753 0.098388
vt 0.938212 0.099604
vt 0.942116 0.098334
vt 0.946058 0.099062
vt 0.966430 0.098555
vt 0.970241 0.097903
vt 0.973395 0.098290
vt 0.977509 0.097835
vt 0.980410 0.098470
vt 0.983312 0.098015
vt 0.990255 0.098303
vt 0.991690 0.097057
vt 0.991274 0.082152
vt 0.992157 0.077284
vt 0.990363 0.065829
vt 0.975669 0.063779
vt 0.968061 0.063392
vt 0.962102 0.065189
vt 0.955525 0.064611
vt 0.950501 0.065892
vt 0.928909 0.067054
vt 0.912870 0.066452
vt 0.898159 0.064583
vt 0.885544 0.064289
vt 0.858044 0.064846
vt 0.844660 0.064501
vt 0.831992 0.065583
vt 0.818085 0.066016
vt 0.809415 0.064850
vt 0.790731 0.065066
vt 0.781581 0.064361
vt 0.714909 0.064417
vt 0.705768 0.065238
vt 0.700238 0.063695
vt 0.696585 0.064054
vt 0.689654 0.065470
vt 0.679425 0.065581
vt 0.676916 0.067387
vt 0.676410 0.070948
vt 0.676314 0.074107
vt 0.677232 0.075646
vt 0.677314 0.077206
vt 0.676197 0.079024
vt 0.676397 0.081586
vt 0.677619 0.082173
vt 0.677555 0.083447
vt 0.676760 0.084377
vt 0.676667 0.086968
vt 0.677334 0.087612
vt 0.677272 0.097974
vt 0.542884 0.452983
vt 0.549347 0.452983
vt 0.564556 0.452983
vt 0.564556 0.404982
vt 0.549347 0.404982
vt 0.542884 0.404982
vt 0.553565 0.452983
vt 0.551521 0.452983
vt 0.549450 0.452983
vt 0.547037 0.452983
vt 0.547037 0.404982
vt 0.549450 0.404982
vt 0.551521 0.404982
vt 0.553565 0.404982
vt 0.557760 0.404982
vt 0.562488 0.404982
vt 0.562488 0.452983
vt 0.557760 0.452983
vt 0.899282 0.175161
vt 0.888227 0.175161
vt 0.877514 0.175161
vt 0.852675 0.175161
vt 0.852675 0.144671
vt 0.877514 0.144671
vt 0.888227 0.144671
vt 0.899282 0.144671
vt 0.920483 0.144671
vt 0.936263 0.144671
vt 0.936263 0.175161
vt 0.920483 0.175161
vt 0.841716 0.175161
vt 0.829651 0.175161
vt 0.826569 0.175161
vt 0.826569 0.144671
vt 0.829651 0.144671
vt 0.841716 0.144671
vt 0.852675 0.144671
vt 0.852675 0.175161
vt 0.822193 0.175161
vt 0.834611 0.175161
vt 0.848244 0.175161
vt 0.848244 0.144671
vt 0.834611 0.144671
vt 0.822193 0.144671
vt 0.809074 0.144671
vt 0.782116 0.144671
vt 0.769749 0.144671
vt 0.769749 0.175161
vt 0.782116 0.175161
vt 0.809074 0.175161
vt 0.884028 0.175161
vt 0.949385 0.175161
vt 0.949385 0.144671
vt 0.884028 0.144671
vt 0.875058 0.144671
vt 0.856743 0.144671
vt 0.856743 0.175161
vt 0.875058 0.175161
s 0
usemtl Food
f 841/841/229 842/842/229 843/843/229
f 841/841/229 843/843/229 844/844/229
f 845/845/230 846/846/230 847/847/230
f 845/845/231 847/847/231 848/848/231
f 849/849/232 850/850/232 851/851/232
f 849/849/233 851/851/233 852/852/233
f 853/853/234 854/854/235 855/855/235
f 853/853/234 855/855/235 856/856/234
f 857/857/236 858/858/236 859/859/236
f 857/857/236 859/859/236 860/860/236
f 861/861/237 862/862/237 863/863/237
f 861/861/238 863/863/238 864/864/238
f 865/865/239 866/866/239 867/867/239
f 865/865/239 867/867/239 868/868/239
f 869/869/240 870/870/240 871/871/240
f 869/869/240 871/871/240 872/872/240
f 873/873/241 874/874/241 875/875/241
f 873/873/241 875/875/241 876/876/241
f 877/877/242 878/878/242 879/879/242
f 877/877/242 879/879/242 880/880/242
f 881/881/243 882/882/243 883/883/243
f 881/881/244 883/883/244 884/884/244
f 885/885/245 886/886/246 887/887/246
f 885/885/245 887/887/246 888/888/247
f 889/889/248 890/890/249 891/891/249
f 889/889/250 891/891/251 892/892/250
f 893/893/252 894/894/252 895/895/252
f 893/893/253 895/895/253 896/896/253
f 897/897/254 898/898/254 899/899/254
f 897/897/255 899/899/255 900/900/255
f 901/901/256 889/889/248 892/892/248
f 901/901/257 892/892/248 902/902/257
f 903/903/258 904/904/259 905/905/259
f 903/903/258 905/905/260 906/906/258
f 907/907/261 903/903/258 906/906/258
f 907/907/262 906/906/258 908/908/262
f 909/909/263 910/910/263 911/911/263
f 909/909/264 911/911/264 912/912/264
f 913/913/265 914/914/266 915/915/267
f 913/913/265 915/915/267 916/916/265
f 917/917/268 918/918/269 919/919/270
f 917/917/268 919/919/269 920/920/268
f 921/921/271 922/922/272 923/923/272
f 921/921/271 923/923/272 924/924/271
f 925/925/273 926/926/274 927/927/274
f 925/925/273 927/927/275 928/928/273
f 929/929/276 930/930/276 931/931/276
f 929/929/277 931/931/277 932/932/277
f 933/933/278 934/934/278 935/935/278
f 933/933/279 935/935/279 936/936/279
f 937/937/280 938/938/280 939/939/280
f 937/937/280 939/939/280 940/940/280
f 918/918/270 913/913/265 916/916/265
f 918/918/269 916/916/281 919/919/269
f 941/941/282 942/942/282 943/943/282
f 941/941/282 943/943/282 944/944/282
f 945/945/283 946/946/283 947/947/283
f 945/945/284 947/947/284 948/948/284
f 949/949/285 950/950/285 951/951/285
f 949/949/285 951/951/285 952/952/285
f 953/953/286 917/917/268 920/920/268
f 953/953/286 920/920/268 954/954/286
f 955/955/287 956/956/287 957/957/287
f 955/955/287 957/957/287 958/958/287
f 914/914/288 925/925/273 928/928/289
f 914/914/266 928/928/273 915/915/266
f 959/959/290 960/960/290 961/961/290
f 959/959/290 961/961/290 962/962/290
f 963/963/291 964/964/291 965/965/291
f 963/963/292 965/965/292 966/966/292
f 926/926/274 967/967/293 968/968/293
f 926/926/274 968/968/294 927/927/275
f 969/969/295 970/970/295 971/971/295
f 969/969/296 971/971/296 972/972/296
f 973/973/297 974/974/298 975/975/298
f 973/973/297 975/975/299 976/976/297
f 977/977/300 978/978/301 979/979/301
f 977/977/302 979/979/303 980/980/302
f 981/981/304 982/982/304 983/983/304
f 981/981/304 983/983/304 984/984/304
f 985/985/305 986/986/305 987/987/305
f 985/985/305 987/987/305 988/988/305
f 989/989/306 990/990/307 991/991/307
f 989/989/306 991/991/307 992/992/306
f 993/993/308 994/994/308 995/995/308
f 993/993/309 995/995/309 996/996/309
f 997/997/310 998/998/310 999/999/310
f 997/997/310 999/999/310 1000/1000/310
f 1001/1001/311 1002/1002/311 1003/1003/311
f 1001/1001/311 1003/1003/311 1004/1004/311
f 1005/1005/312 1006/1006/312 1007/1007/312
f 1005/1005/313 1007/1007/313 1008/1008/313
f 1009/1009/314 989/989/306 992/992/306
f 1009/1009/315 992/992/306 1010/1010/315
f 974/974/298 1011/1011/316 1012/1012/316
f 974/974/317 1012/1012/316 975/975/317
f 1013/1013/318 1014/1014/318 1015/1015/318
f 1013/1013/318 1015/1015/318 1016/1016/318
f 1017/1017/319 1018/1018/319 1019/1019/319
f 1017/1017/319 1019/1019/319 1020/1020/319
f 1021/1021/320 885/885/245 888/888/245
f 1021/1021/320 888/888/247 1022/1022/320
f 854/854/235 1023/1023/321 1024/1024/321
f 854/854/235 1024/1024/321 855/855/235
f 1025/1025/322 1026/1026/322 1027/1027/322
f 1025/1025/323 1027/1027/323 1028/1028/323
f 1029/1029/324 1030/1030/324 1031/1031/324
f 1029/1029/325 1031/1031/325 1032/1032/325
f 1033/1033/326 1034/1034/326 1035/1035/326
f 1033/1033/326 1035/1035/326 1036/1036/326
f 1037/1037/327 1038/1038/327 1039/1039/327
f 1037/1037/327 1039/1039/327 1040/1040/327
f 1050/1050/328 1048/1048/328 1049/1049/328
f 1048/1048/328 1050/1050/328 1047/1047/328
f 1047/1047/329 1050/1050/329 1045/1045/329
f 1078/1078/328 1079/1079/328 1077/1077/328
f 1053/1053/328 1051/1051/328 1052/1052/328
f 1051/1051/330 1053/1053/330 1054/1054/330
f 1051/1051/328 1054/1054/328 1055/1055/328
f 1051/1051/328 1055/1055/328 1050/1050/328
f 1050/1050/328 1055/1055/328 1043/1043/328
f 1043/1043/328 1055/1055/328 1041/1041/328
f 1041/1041/330 1055/1055/330 1121/1121/330
f 1121/1121/328 1055/1055/328 1056/1056/328
f 1121/1121/328 1056/1056/328 1120/1120/328
f 1120/1120/328 1056/1056/328 1119/1119/328
f 1119/1119/328 1056/1056/328 1118/1118/328
f 1118/1118/328 1056/1056/328 1117/1117/328
f 1117/1117/328 1056/1056/328 1116/1116/328
f 1116/1116/328 1056/1056/328 1057/1057/328
f 1116/1116/328 1057/1057/328 1115/1115/328
f 1115/1115/330 1057/1057/330 1114/1114/330
f 1114/1114/328 1057/1057/328 1113/1113/328
f 1113/1113/328 1057/1057/328 1058/1058/328
f 1113/1113/328 1058/1058/328 1059/1059/328
f 1113/1113/328 1059/1059/328 1060/1060/328
f 1113/1113/328 1060/1060/328 1112/1112/328
f 1112/1112/328 1060/1060/328 1111/1111/328
f 1111/1111/328 1060/1060/328 1061/1061/328
f 1111/1111/328 1061/1061/328 1110/1110/328
f 1110/1110/328 1061/1061/328 1109/1109/328
f 1109/1109/328 1061/1061/328 1108/1108/328
f 1108/1108/328 1061/1061/328 1107/1107/328
f 1107/1107/328 1061/1061/328 1106/1106/328
f 1106/1106/328 1061/1061/328 1105/1105/328
f 1105/1105/328 1061/1061/328 1104/1104/328
f 1104/1104/328 1061/1061/328 1062/1062/328
f 1104/1104/328 1062/1062/328 1103/1103/328
f 1103/1103/328 1062/1062/328 1063/1063/328
f 1103/1103/328 1063/1063/328 1064/1064/328
f 1103/1103/328 1064/1064/328 1102/1102/328
f 1102/1102/328 1064/1064/328 1065/1065/328
f 1102/1102/328 1065/1065/328 1101/1101/328
f 1101/1101/328 1065/1065/328 1066/1066/328
f 1101/1101/328 1066/1066/328 1100/1100/328
f 1100/1100/328 1066/1066/328 1099/1099/328
f 1099/1099/330 1066/1066/330 1098/1098/330
f 1098/1098/328 1066/1066/328 1097/1097/328
f 1097/1097/328 1066/1066/328 1067/1067/328
f 1097/1097/328 1067/1067/328 1096/1096/328
f 1096/1096/328 1067/1067/328 1095/1095/328
f 1095/1095/328 1067/1067/328 1094/1094/328
f 1094/1094/328 1067/1067/328 1093/1093/328
f 1093/1093/328 1067/1067/328 1092/1092/328
f 1092/1092/328 1067/1067/328 1068/1068/328
f 1092/1092/328 1068/1068/328 1091/1091/328
f 1091/1091/328 1068/1068/328 1090/1090/328
f 1090/1090/328 1068/1068/328 1069/1069/328
f 1090/1090/328 1069/1069/328 1070/1070/328
f 1090/1090/328 1070/1070/328 1071/1071/328
f 1090/1090/328 1071/1071/328 1072/1072/328
f 1090/1090/328 1072/1072/328 1089/1089/328
f 1089/1089/328 1072/1072/328 1088/1088/328
f 1088/1088/328 1072/1072/328 1087/1087/328
f 1087/1087/328 1072/1072/328 1073/1073/328
f 1087/1087/328 1073/1073/328 1074/1074/328
f 1087/1087/328 1074/1074/328 1075/1075/328
f 1087/1087/328 1075/1075/328 1086/1086/328
f 1086/1086/328 1075/1075/328 1076/1076/328
f 1086/1086/328 1076/1076/328 1085/1085/328
f 1085/1085/328 1076/1076/328 1084/1084/328
f 1084/1084/328 1076/1076/328 1077/1077/328
f 1084/1084/328 1077/1077/328 1083/1083/328
f 1083/1083/328 1077/1077/328 1082/1082/328
f 1082/1082/328 1077/1077/328 1081/1081/328
f 1081/1081/328 1077/1077/328 1080/1080/328
f 1080/1080/331 1077/1077/331 1079/1079/331
f 1041/1041/330 1042/1042/330 1043/1043/330
f 1045/1045/332 1043/1043/332 1044/1044/332
f 1043/1043/328 1045/1045/328 1050/1050/328
f 1045/1045/333 1046/1046/333 1047/1047/333
f 1199/1199/334 1197/1197/334 1198/1198/334
f 1201/1201/335 1199/1199/335 1200/1200/335
f 1199/1199/336 1201/1201/336 1194/1194/336
f 1122/1122/337 1201/1201/337 1202/1202/337
f 1196/1196/338 1194/1194/338 1195/1195/338
f 1194/1194/339 1196/1196/339 1197/1197/339
f 1194/1194/337 1197/1197/337 1199/1199/337
f 1193/1193/338 1191/1191/338 1192/1192/338
f 1191/1191/335 1193/1193/335 1190/1190/335
f 1190/1190/338 1193/1193/338 1189/1189/338
f 1189/1189/338 1193/1193/338 1194/1194/338
f 1189/1189/337 1194/1194/337 1201/1201/337
f 1189/1189/338 1201/1201/338 1122/1122/338
f 1189/1189/338 1122/1122/338 1123/1123/338
f 1189/1189/338 1123/1123/338 1188/1188/338
f 1188/1188/337 1123/1123/337 1124/1124/337
f 1188/1188/338 1124/1124/338 1125/1125/338
f 1188/1188/338 1125/1125/338 1126/1126/338
f 1188/1188/337 1126/1126/337 1127/1127/337
f 1188/1188/337 1127/1127/337 1128/1128/337
f 1188/1188/338 1128/1128/338 1187/1187/338
f 1187/1187/338 1128/1128/338 1129/1129/338
f 1187/1187/338 1129/1129/338 1130/1130/338
f 1187/1187/338 1130/1130/338 1131/1131/338
f 1187/1187/338 1131/1131/338 1186/1186/338
f 1186/1186/338 1131/1131/338 1185/1185/338
f 1185/1185/338 1131/1131/338 1184/1184/338
f 1184/1184/338 1131/1131/338 1132/1132/338
f 1184/1184/338 1132/1132/338 1133/1133/338
f 1184/1184/338 1133/1133/338 1183/1183/338
f 1183/1183/338 1133/1133/338 1134/1134/338
f 1183/1183/338 1134/1134/338 1135/1135/338
f 1183/1183/338 1135/1135/338 1136/1136/338
f 1183/1183/338 1136/1136/338 1137/1137/338
f 1183/1183/338 1137/1137/338 1138/1138/338
f 1183/1183/338 1138/1138/338 1139/1139/338
f 1183/1183/338 1139/1139/338 1140/1140/338
f 1183/1183/338 1140/1140/338 1182/1182/338
f 1182/1182/338 1140/1140/338 1141/1141/338
f 1182/1182/338 1141/1141/338 1181/1181/338
f 1181/1181/338 1141/1141/338 1180/1180/338
f 1180/1180/338 1141/1141/338 1142/1142/338
f 1180/1180/338 1142/1142/338 1179/1179/338
f 1179/1179/338 1142/1142/338 1143/1143/338
f 1179/1179/338 1143/1143/338 1178/1178/338
f 1178/1178/338 1143/1143/338 1144/1144/338
f 1178/1178/338 1144/1144/338 1145/1145/338
f 1178/1178/338 1145/1145/338 1146/1146/338
f 1178/1178/337 1146/1146/337 1147/1147/337
f 1178/1178/338 1147/1147/338 1177/1177/338
f 1177/1177/338 1147/1147/338 1148/1148/338
f 1177/1177/338 1148/1148/338 1149/1149/338
f 1177/1177/338 1149/1149/338 1150/1150/338
f 1177/1177/338 1150/1150/338 1151/1151/338
f 1177/1177/338 1151/1151/338 1152/1152/338
f 1177/1177/338 1152/1152/338 1176/1176/338
f 1176/1176/338 1152/1152/338 1153/1153/338
f 1176/1176/338 1153/1153/338 1154/1154/338
f 1176/1176/338 1154/1154/338 1175/1175/338
f 1175/1175/338 1154/1154/338 1174/1174/338
f 1174/1174/338 1154/1154/338 1173/1173/338
f 1173/1173/338 1154/1154/338 1172/1172/338
f 1172/1172/338 1154/1154/338 1155/1155/338
f 1172/1172/338 1155/1155/338 1156/1156/338
f 1172/1172/338 1156/1156/338 1157/1157/338
f 1172/1172/338 1157/1157/338 1171/1171/338
f 1171/1171/337 1157/1157/337 1170/1170/337
f 1170/1170/338 1157/1157/338 1169/1169/338
f 1169/1169/338 1157/1157/338 1158/1158/338
f 1169/1169/338 1158/1158/338 1168/1168/338
f 1168/1168/337 1158/1158/337 1159/1159/337
f 1168/1168/338 1159/1159/338 1160/1160/338
f 1168/1168/338 1160/1160/338 1167/1167/338
f 1167/1167/338 1160/1160/338 1161/1161/338
f 1167/1167/338 1161/1161/338 1162/1162/338
f 1167/1167/338 1162/1162/338 1163/1163/338
f 1167/1167/338 1163/1163/338 1164/1164/338
f 1167/1167/340 1164/1164/340 1165/1165/340
f 1166/1166/338 1167/1167/338 1165/1165/338
f 1203/1203/341 923/923/272 922/922/272
f 923/923/272 1203/1203/341 1208/1208/341
f 1208/1208/341 1203/1203/341 1204/1204/341
f 1208/1208/341 1204/1204/341 1207/1207/342
f 1207/1207/341 1204/1204/341 1205/1205/341
f 1207/1207/341 1205/1205/341 1206/1206/341
f 1213/1213/343 953/953/286 954/954/286
f 953/953/286 1213/1213/344 1212/1212/343
f 1212/1212/345 1213/1213/345 1214/1214/345
f 1212/1212/344 1214/1214/345 1211/1211/346
f 1211/1211/345 1214/1214/345 1215/1215/343
f 1211/1211/345 1215/1215/345 1210/1210/345
f 1210/1210/343 1215/1215/347 1216/1216/343
f 1210/1210/345 1216/1216/343 1209/1209/343
f 1209/1209/343 1216/1216/343 1217/1217/343
f 1209/1209/343 1217/1217/343 1220/1220/343
f 1220/1220/345 1217/1217/345 1218/1218/301
f 1220/1220/345 1218/1218/301 1219/1219/348
f 1225/1225/349 1223/1223/349 1224/1224/349
f 1223/1223/349 1225/1225/349 1222/1222/349
f 1222/1222/349 1225/1225/349 1221/1221/349
f 1221/1221/349 1225/1225/349 1232/1232/349
f 1232/1232/349 1225/1225/349 1231/1231/349
f 1231/1231/349 1225/1225/349 1230/1230/349
f 1230/1230/350 1225/1225/349 1226/1226/351
f 1230/1230/349 1226/1226/349 1227/1227/349
f 1230/1230/352 1227/1227/349 1228/1228/349
f 1230/1230/350 1228/1228/353 1229/1229/351
f 1236/1236/354 1234/1234/355 1235/1235/354
f 1234/1234/354 1236/1236/354 1233/1233/354
f 1233/1233/354 1236/1236/354 1240/1240/354
f 1240/1240/354 1236/1236/354 1239/1239/354
f 1239/1239/356 1236/1236/354 1237/1237/355
f 1239/1239/357 1237/1237/356 1238/1238/355
f 1244/1244/358 1242/1242/358 1243/1243/358
f 1242/1242/358 1244/1244/358 1241/1241/358
f 1241/1241/358 1244/1244/358 1252/1252/358
f 1252/1252/358 1244/1244/358 1251/1251/358
f 1251/1251/358 1244/1244/358 1250/1250/358
f 1250/1250/358 1244/1244/358 1249/1249/358
f 1249/1249/359 1244/1244/360 1245/1245/358
f 1249/1249/358 1245/1245/360 1246/1246/359
f 1249/1249/358 1246/1246/358 1247/1247/361
f 1249/1249/358 1247/1247/358 1248/1248/359
f 1255/1255/362 1253/1253/362 1254/1254/362
f 1253/1253/362 1255/1255/362 1260/1260/363
f 1260/1260/362 1255/1255/362 1259/1259/362
f 1259/1259/363 1255/1255/363 1258/1258/363
f 1258/1258/364 1255/1255/362 1256/1256/364
f 1258/1258/362 1256/1256/363 1257/1257/365
o Plane_Food_0
v 2.168763 0.094981 -5.163593
v 1.809707 0.094981 -5.462772
v 1.709061 0.288505 -5.319374
v 2.037051 0.288505 -5.046082
v 2.442216 0.288505 -3.154369
v 2.541649 0.288505 -3.556007
v 2.144808 0.629676 -3.609596
v 2.066303 0.629676 -3.292492
v 2.544830 0.288505 -3.970638
v 2.451594 0.288505 -4.377106
v 2.073707 0.629676 -4.257881
v 2.147319 0.629676 -3.936962
v 0.011306 0.288505 -5.548645
v -0.186389 0.288505 -5.470737
v -0.009073 0.629676 -5.121346
v 0.147015 0.629676 -5.182854
v 1.487451 0.629676 -5.001839
v 1.746410 0.629676 -4.786060
v 2.622570 0.094981 -4.431255
v 2.420167 0.094981 -4.844563
v 2.266704 0.288505 -4.754654
v 0.877984 0.094981 -5.805111
v 0.408217 0.094981 -5.810463
v 0.428827 0.288505 -5.636986
v 0.857950 0.288505 -5.632095
v 2.612304 0.094981 -3.092709
v 2.721155 0.094981 -3.532387
v 2.251606 0.288505 -2.786236
v 2.403640 0.094981 -2.689709
v -0.048849 0.094981 -5.713757
v 1.167373 0.094981 -5.749840
v 1.122301 0.288505 -5.581608
v 2.724636 0.094981 -3.986290
v 1.391809 0.094981 -5.677635
v 1.327319 0.288505 -5.515652
v -0.854711 0.094981 -2.458672
v -0.544163 0.094981 -2.192551
v -0.441153 0.288505 -2.332096
v -0.724832 0.288505 -2.575188
v -1.074221 0.094981 -2.729340
v -0.925351 0.288505 -2.822437
v 1.928062 0.094981 -2.198196
v 2.105815 0.094981 -2.343952
v 1.979550 0.288505 -2.470394
v 1.817175 0.288505 -2.337250
v 3.047470 0.000005 -7.257172
v 3.211483 0.000005 -7.239067
v 3.211483 -0.073284 -7.239067
v 3.047470 -0.073284 -7.257172
v 5.195845 0.000005 -2.228779
v 5.184715 0.000005 -2.191444
v 5.184715 -0.073284 -2.191444
v 5.195845 -0.073284 -2.228779
v 0.351299 0.000005 -7.887825
v 0.508967 0.000005 -7.870491
v 0.508967 -0.073284 -7.870491
v 0.351299 -0.073284 -7.887825
v -2.779794 0.000005 -0.226528
v -2.917589 0.000005 -0.375919
v -2.917589 -0.073284 -0.375919
v -2.779794 -0.073284 -0.226528
v 1.713709 0.000005 -8.008629
v 1.873605 0.000005 -7.960320
v 1.873605 -0.073284 -7.960320
v 1.713709 -0.073284 -8.008629
v 4.783778 0.000005 -1.375008
v 4.726542 0.000005 -1.351690
v 4.726542 -0.073284 -1.351690
v 4.783778 -0.073284 -1.375008
v -3.115311 0.000005 -0.504463
v -3.155401 0.000005 -0.631706
v -3.155401 -0.073284 -0.631706
v -3.115311 -0.073284 -0.504463
v 5.436578 0.000005 -5.061035
v 5.478879 0.000005 -4.673832
v 5.478879 -0.073284 -4.673832
v 5.436578 -0.073284 -5.061035
v 5.086262 0.000005 -1.695511
v 4.844667 0.000005 -1.411718
v 4.844667 -0.073284 -1.411718
v 5.086262 -0.073284 -1.695511
v -1.074771 0.000005 -7.773552
v -0.525857 0.000005 -7.673767
v -0.525857 -0.073284 -7.673767
v -1.074771 -0.073284 -7.773552
v -3.310197 0.000005 -1.064241
v -3.394581 0.000005 -1.078146
v -3.394581 -0.073284 -1.078146
v -3.310197 -0.073284 -1.064241
v 5.211761 0.000005 -1.977383
v 5.188015 0.000005 -1.897358
v 5.188015 -0.073284 -1.897358
v 5.211761 -0.073284 -1.977383
v 0.211894 0.000005 -7.868084
v 0.211894 -0.073284 -7.868084
v 4.554102 0.000005 -0.924959
v 4.530314 0.000005 -0.873255
v 4.530314 -0.073284 -0.873255
v 4.554102 -0.073284 -0.924959
v 4.652588 0.000005 -1.241692
v 4.652588 -0.073284 -1.241692
v 5.510426 0.000005 -4.624443
v 5.598296 0.000005 -3.955833
v 5.598296 -0.073284 -3.955833
v 5.510426 -0.073284 -4.624443
v 4.563460 0.000005 -0.974909
v 4.563460 -0.073284 -0.974909
v 4.579229 0.000005 -1.175867
v 4.579229 -0.073284 -1.175867
v 4.401641 0.000005 -0.688416
v 4.401641 -0.073284 -0.688416
v 5.297346 0.000005 -2.527325
v 5.261193 0.000005 -2.465076
v 5.261193 -0.073284 -2.465076
v 5.297346 -0.073284 -2.527325
v 2.068748 0.000005 -7.818115
v 2.183840 0.000005 -7.786346
v 2.183840 -0.073284 -7.786346
v 2.068748 -0.073284 -7.818115
v 3.205721 0.000005 0.216829
v 3.114565 0.000005 0.272486
v 3.114565 -0.073284 0.272486
v 3.205721 -0.073284 0.216829
v -4.118554 0.000005 -3.590496
v -4.099174 0.000005 -3.648186
v -4.099174 -0.073284 -3.648186
v -4.118554 -0.073284 -3.590496
v -2.760729 0.000005 -6.656906
v -2.590395 0.000005 -6.668385
v -2.590395 -0.073284 -6.668385
v -2.760729 -0.073284 -6.656906
v 5.490669 0.000005 -2.850319
v 5.477602 0.000005 -2.780083
v 5.477602 -0.073284 -2.780083
v 5.490669 -0.073284 -2.850319
v 3.822113 0.000005 -0.245087
v 3.789657 0.000005 -0.202560
v 3.789657 -0.073284 -0.202560
v 3.822113 -0.073284 -0.245087
v 5.680337 0.000005 -3.667988
v 5.689647 0.000005 -3.628624
v 5.689647 -0.073284 -3.628624
v 5.680337 -0.073284 -3.667988
v 3.680954 0.000005 -0.144756
v 3.680954 -0.073284 -0.144756
v 0.620315 0.000005 -7.900951
v 0.620315 -0.073284 -7.900951
v 4.324399 0.000005 -0.597446
v 4.324399 -0.073284 -0.597446
v -3.655140 0.000005 -5.253643
v -3.646575 0.000005 -5.582611
v -3.646575 -0.073284 -5.582611
v -3.655140 -0.073284 -5.253643
v 5.622309 0.000005 -3.897892
v 5.622309 -0.073284 -3.897892
v 3.887011 0.000005 -0.260096
v 3.887011 -0.073284 -0.260096
v -0.359763 0.000005 -7.723843
v -0.248130 0.000005 -7.719704
v -0.248130 -0.073284 -7.719704
v -0.359763 -0.073284 -7.723843
v 4.231938 0.000005 -0.507088
v 4.231938 -0.073284 -0.507088
v 5.623907 0.000005 -3.869625
v 5.623907 -0.073284 -3.869625
v -4.023661 0.002058 -3.702808
v -4.023661 -0.071231 -3.702808
v 1.360947 0.000005 -8.020149
v 1.360947 -0.073284 -8.020149
v 3.401833 0.000005 -7.158176
v 4.161367 0.000005 -7.059677
v 4.161367 -0.073284 -7.059677
v 3.401833 -0.073284 -7.158176
v 1.039147 0.000005 0.856441
v 0.864501 0.000005 0.872236
v 0.864501 -0.073284 0.872236
v 1.039147 -0.073284 0.856441
v -3.447947 0.000005 -5.963638
v -3.093669 0.000005 -6.269196
v -3.093669 -0.073284 -6.269196
v -3.447947 -0.073284 -5.963638
v 5.610825 0.001836 -3.723694
v 5.610825 -0.071453 -3.723694
v 2.503911 0.000005 0.454351
v 2.271265 0.000005 0.454636
v 2.271265 -0.073284 0.454636
v 2.503911 -0.073284 0.454351
v -2.392006 0.000005 -6.779076
v -2.392006 -0.073284 -6.779076
v 0.005366 0.000005 -7.768711
v 0.005366 -0.073284 -7.768711
v -3.891170 0.000005 -4.899940
v -3.684270 0.000005 -5.159512
v -3.684270 -0.073284 -5.159512
v -3.891170 -0.073284 -4.899940
v 1.637245 0.000005 0.745159
v 1.409579 0.000005 0.767015
v 1.409579 -0.073284 0.767015
v 1.637245 -0.073284 0.745159
v 2.933549 0.000005 0.335638
v 2.765341 0.000005 0.419477
v 2.765341 -0.073284 0.419477
v 2.933549 -0.073284 0.335638
v 5.610888 0.000005 -3.805321
v 5.610888 -0.073284 -3.805321
v -2.044239 0.000005 -7.155445
v -1.896641 0.000005 -7.438381
v -1.896641 -0.073284 -7.438381
v -2.044239 -0.073284 -7.155445
v 5.247757 0.000005 -5.907566
v 5.283587 0.000005 -5.789318
v 5.283587 -0.073284 -5.789318
v 5.247757 -0.073284 -5.907566
v 1.297042 0.000005 0.799349
v 1.159258 0.000005 0.798861
v 1.159258 -0.073284 0.798861
v 1.297042 -0.073284 0.799349
v -2.920812 0.000005 -6.572811
v -2.920812 -0.073284 -6.572811
v -1.612128 0.000005 -7.642365
v -1.612128 -0.073284 -7.642365
v 2.396113 0.000005 -7.796764
v 2.396113 -0.073284 -7.796764
v -4.067470 0.000005 -4.106331
v -4.067470 -0.073284 -4.106331
v 3.028538 0.000005 0.277046
v 3.028538 -0.073284 0.277046
v -3.902368 0.000005 -4.641411
v -3.902368 -0.073284 -4.641411
v 2.103435 0.000005 0.536581
v 2.103435 -0.073284 0.536581
v -3.918031 0.000005 -4.794323
v -3.918031 -0.073284 -4.794323
v -0.177313 0.000005 0.746353
v -0.249024 0.000005 0.739830
v -0.249024 -0.073284 0.739830
v -0.177313 -0.073284 0.746353
v 0.840752 0.000005 -7.853355
v 0.840752 -0.073284 -7.853355
v 0.537524 0.000005 0.894169
v 0.174463 0.000005 0.869061
v 0.174463 -0.073284 0.869061
v 0.537524 -0.073284 0.894169
v -0.490072 0.000005 0.711622
v -0.886349 0.000005 0.633677
v -0.886349 -0.073284 0.633677
v -0.490072 -0.073284 0.711622
v -3.280822 0.000005 -0.743317
v -3.325471 0.000005 -0.903780
v -3.325471 -0.073284 -0.903780
v -3.280822 -0.073284 -0.743317
v -0.065551 0.000005 0.813084
v -0.065551 -0.073284 0.813084
v -0.303197 0.000005 0.699015
v -0.354751 0.000005 0.692230
v -0.354751 -0.073284 0.692230
v -0.303197 -0.073284 0.699015
v 4.961231 0.000005 -6.344433
v 4.961231 -0.073284 -6.344433
v 2.746660 0.000005 -7.664188
v 2.746660 -0.073284 -7.664188
v 0.719164 0.000005 0.858004
v 0.625726 0.000005 0.885248
v 0.625726 -0.073284 0.885248
v 0.719164 -0.073284 0.858004
v -0.981619 0.000005 0.658304
v -0.981619 -0.073284 0.658304
v 4.672418 0.000005 -6.583977
v 4.672418 -0.073284 -6.583977
v 5.390881 0.000005 -5.133701
v 5.390881 -0.073284 -5.133701
v 5.277268 0.000005 -5.245304
v 5.277268 -0.073284 -5.245304
v 5.684996 0.000005 -3.441566
v 5.501477 0.000005 -2.987316
v 5.501477 -0.073284 -2.987316
v 5.684996 -0.073284 -3.441566
v -2.388027 0.000005 0.078344
v -2.477853 0.000005 -0.035452
v -2.477853 -0.073284 -0.035452
v -2.388027 -0.073284 0.078344
v 5.213549 0.000005 -2.377575
v 5.213549 -0.073284 -2.377575
v -1.719612 0.000005 0.491985
v -1.719612 -0.073284 0.491985
v 5.245196 0.000005 -5.432693
v 5.245196 -0.073284 -5.432693
v -2.054454 0.000005 0.214844
v -2.054454 -0.073284 0.214844
v 1.905939 0.000005 0.676344
v 1.905939 -0.073284 0.676344
v -3.860280 0.000005 -1.980125
v -4.039980 0.000005 -2.243542
v -4.039980 -0.073284 -2.243542
v -3.860280 -0.073284 -1.980125
v -3.762330 0.000005 -1.547384
v -3.838370 0.000005 -1.743118
v -3.838370 -0.073284 -1.743118
v -3.762330 -0.073284 -1.547384
v -2.376816 0.000005 -6.874710
v -2.376816 -0.073284 -6.874710
v -3.657144 0.000005 -1.311108
v -3.721227 0.000005 -1.389635
v -3.721227 -0.073284 -1.389635
v -3.657144 -0.073284 -1.311108
v 4.473456 0.001059 -6.862793
v 4.473456 -0.072230 -6.862793
v -4.230330 0.000005 -3.041927
v -4.116045 0.000005 -3.466026
v -4.116045 -0.073284 -3.466026
v -4.230330 -0.073284 -3.041927
v 5.446332 0.000005 -2.715130
v 5.375414 0.000005 -2.615299
v 5.375414 -0.073284 -2.615299
v 5.446332 -0.073284 -2.715130
v -3.457468 0.000005 -1.180637
v -3.457468 -0.073284 -1.180637
v -4.207590 0.000005 -2.791630
v -4.207590 -0.073284 -2.791630
v 5.231205 0.000005 -2.424263
v 5.231205 -0.073284 -2.424263
v -2.133044 0.000005 -7.136562
v -2.133044 -0.073284 -7.136562
v 5.217818 0.000005 -2.025368
v 5.217818 -0.073284 -2.025368
v -0.832590 0.629676 -4.011673
v -0.835101 0.629676 -3.684303
v -0.269844 0.832509 -3.732189
v -0.228149 0.832509 -4.108456
v -0.210224 0.832509 -4.156025
v -0.739086 0.629676 -4.366875
v -0.754084 0.629676 -4.328777
v 1.146142 0.629676 -5.171467
v 0.815469 0.629676 -5.248741
v 0.773209 0.629676 -5.253277
v 0.728821 0.832509 -4.706429
v 1.057860 0.832509 -4.615223
v 1.127652 0.832509 -4.578121
v 1.415510 0.629676 -5.046646
v 0.783915 0.985522 -4.066593
v 0.871482 0.985522 -4.003315
v 1.333122 0.832509 -4.416317
v -0.047018 0.832509 -4.413166
v 0.374808 0.985521 -3.905376
v 0.468467 0.985522 -4.035500
v 0.066266 0.832509 -4.517483
v 2.017573 0.288505 -2.506435
v 2.221806 0.288505 -2.743538
v 1.892281 0.629676 -2.968124
v 1.788466 0.629676 -2.840282
v 1.731032 0.629676 -2.780922
v 1.125083 0.629676 -2.425758
v 1.321291 0.629676 -2.499924
v 1.069148 0.832509 -2.996761
v 0.896810 0.832509 -2.937061
v 0.845534 0.832509 -2.926212
v 0.961171 0.629676 -2.386307
v -0.476248 0.629676 -4.780987
v -0.603591 0.629676 -4.619431
v 1.276769 0.288505 -5.534225
v -0.147142 0.832509 -3.369854
v 0.035753 0.832509 -3.150677
v 0.458760 0.985522 -3.600689
v 0.362547 0.985522 -3.777618
v -0.266690 0.832509 -3.706848
v 0.347746 0.288505 -2.005039
v 0.400905 0.288505 -1.996380
v 0.454616 0.629676 -2.378220
v 0.247044 0.629676 -2.423752
v 0.126166 0.629676 -2.464466
v -0.015101 0.288505 -2.105618
v 0.415408 0.832509 -4.684208
v 0.243071 0.832509 -4.624508
v 0.637357 0.985522 -4.096657
v 0.597163 0.832509 -4.709732
v 2.154748 0.629676 -3.732052
v -1.229430 0.288505 -4.065262
v -1.239340 0.288505 -3.961998
v -1.232610 0.288505 -3.650627
v 1.593564 0.288505 -2.197525
v 1.639935 0.288505 -2.222969
v 1.432874 0.629676 -2.557117
v 1.250097 0.288505 -2.056591
v -1.218238 0.288505 -3.547421
v -1.139375 0.288505 -3.244164
v -0.761488 0.629676 -3.363384
v 0.268470 0.629676 -5.217491
v 0.476662 0.629676 -5.252602
v -0.588136 0.288505 -5.219700
v -0.705354 0.288505 -5.114834
v -0.418813 0.629676 -4.840343
v -0.260592 0.629676 -4.973923
v -0.504956 0.288505 -5.284016
v 2.059299 0.629676 -4.296719
v 1.527407 0.832509 -4.112461
v 1.584474 0.832509 -3.863674
v 1.586675 0.832509 -3.761837
v 1.927729 0.629676 -4.555969
v -0.065113 0.288505 -2.125557
v -0.175232 0.629676 -2.619431
v -0.396841 0.288505 -2.301895
v -1.101454 0.288505 -3.146278
v -0.954485 0.288505 -2.866615
v -0.615511 0.629676 -3.065300
v -0.637494 0.629676 -3.100777
v -0.310902 0.629676 -2.720341
v -0.434192 0.629676 -2.835205
v -1.129997 0.288505 -4.466896
v -1.163684 0.288505 -4.368851
v 0.776344 0.288505 -1.976692
v 0.829938 0.288505 -1.979755
v 0.793353 0.629676 -2.365093
v 1.855741 0.629676 -4.658707
v 1.225327 0.832509 -3.088303
v 0.837190 0.985522 -3.580845
v 0.732681 0.985521 -3.532730
v -0.373298 0.288505 -5.371578
v 1.401009 0.832509 -4.337234
v 0.055652 0.832509 -3.133625
v -0.939388 0.288505 -4.835033
v -0.995132 0.288505 -4.747204
v 1.359236 0.832509 -3.208103
v 0.402104 0.832509 -2.949463
v 0.575305 0.985521 -3.536678
v 1.980269 0.629676 -3.106754
v 1.478334 0.832509 -3.373566
v 1.198806 0.288505 -2.041965
v 0.951442 0.985522 -3.827507
v 0.931709 0.985522 -3.700756
v 1.522442 0.832509 -3.465240
v -0.878533 0.288505 -4.919575
v 1.251124 0.094981 -1.874943
v 1.683272 0.094981 -2.045238
v -0.132506 0.094981 -1.966454
v 0.788649 0.094981 -1.803490
v -0.705068 0.094981 -5.353657
v -1.022970 0.094981 -5.025105
v -1.394849 0.094981 -3.522987
v -1.267004 0.094981 -3.083851
v 0.319456 0.094981 -1.834518
v 2.736205 0.094981 -3.759007
v -1.150611 0.094981 -4.836411
v -1.335129 0.094981 -4.422218
v -1.417951 0.094981 -3.976833
v -0.469882 0.094981 -5.519920
v -1.419693 0.094981 -3.749516
v -4.023661 0.002058 -3.702808
v -1.419693 0.094981 -3.749516
v -1.417951 0.094981 -3.976833
v -1.335129 0.094981 -4.422218
v -1.150611 0.094981 -4.836411
v -1.022970 0.094981 -5.025105
v -0.705068 0.094981 -5.353657
v -0.469882 0.094981 -5.519920
v -0.048849 0.094981 -5.713757
v 0.408217 0.094981 -5.810463
v 0.877984 0.094981 -5.805111
v 1.167373 0.094981 -5.749840
v 1.391809 0.094981 -5.677635
v 1.809707 0.094981 -5.462772
v 2.168763 0.094981 -5.163593
v 2.420167 0.094981 -4.844563
v 2.622570 0.094981 -4.431255
v 2.724636 0.094981 -3.986290
v 2.736205 0.094981 -3.759007
v 5.610825 0.001836 -3.723694
v 5.610888 0.000005 -3.805321
v 5.623907 0.000005 -3.869625
v 5.622309 0.000005 -3.897892
v 5.598296 0.000005 -3.955833
v 5.510426 0.000005 -4.624443
v 5.478879 0.000005 -4.673832
v 5.436578 0.000005 -5.061035
v 5.390881 0.000005 -5.133701
v 5.277268 0.000005 -5.245304
v 5.245196 0.000005 -5.432693
v 5.283587 0.000005 -5.789318
v 5.247757 0.000005 -5.907566
v 4.961231 0.000005 -6.344433
v 4.672418 0.000005 -6.583977
v 4.473456 0.001059 -6.862793
v 4.161367 0.000005 -7.059677
v 3.401833 0.000005 -7.158176
v 3.211483 0.000005 -7.239067
v 3.047470 0.000005 -7.257172
v 2.746660 0.000005 -7.664188
v 2.396113 0.000005 -7.796764
v 2.183840 0.000005 -7.786346
v 2.068748 0.000005 -7.818115
v 1.873605 0.000005 -7.960320
v 1.713709 0.000005 -8.008629
v 1.360947 0.000005 -8.020149
v 0.840752 0.000005 -7.853355
v 0.620315 0.000005 -7.900951
v 0.508967 0.000005 -7.870491
v 0.351299 0.000005 -7.887825
v 0.211894 0.000005 -7.868084
v 0.005366 0.000005 -7.768711
v -0.248130 0.000005 -7.719704
v -0.359763 0.000005 -7.723843
v -0.525857 0.000005 -7.673767
v -1.074771 0.000005 -7.773552
v -1.612128 0.000005 -7.642365
v -1.896641 0.000005 -7.438381
v -2.044239 0.000005 -7.155445
v -2.133044 0.000005 -7.136562
v -2.376816 0.000005 -6.874710
v -2.392006 0.000005 -6.779076
v -2.590395 0.000005 -6.668385
v -2.760729 0.000005 -6.656906
v -2.920812 0.000005 -6.572811
v -3.093669 0.000005 -6.269196
v -3.447947 0.000005 -5.963638
v -3.646575 0.000005 -5.582611
v -3.655140 0.000005 -5.253643
v -3.684270 0.000005 -5.159512
v -3.891170 0.000005 -4.899940
v -3.918031 0.000005 -4.794323
v -3.902368 0.000005 -4.641411
v -4.067470 0.000005 -4.106331
v 5.501477 0.000005 -2.987316
v 5.684996 0.000005 -3.441566
v 5.689647 0.000005 -3.628624
v 5.680337 0.000005 -3.667988
v 2.721155 0.094981 -3.532387
v 2.612304 0.094981 -3.092709
v 2.403640 0.094981 -2.689709
v 2.105815 0.094981 -2.343952
v 1.928062 0.094981 -2.198196
v 1.683272 0.094981 -2.045238
v 1.251124 0.094981 -1.874943
v 0.788649 0.094981 -1.803490
v 0.319456 0.094981 -1.834518
v -0.132506 0.094981 -1.966454
v -0.544163 0.094981 -2.192551
v -0.854711 0.094981 -2.458672
v -1.074221 0.094981 -2.729340
v -1.267004 0.094981 -3.083851
v -1.394849 0.094981 -3.522987
v -4.099174 0.000005 -3.648186
v -4.118554 0.000005 -3.590496
v -4.116045 0.000005 -3.466026
v -4.230330 0.000005 -3.041927
v -4.207590 0.000005 -2.791630
v -4.039980 0.000005 -2.243542
v -3.860280 0.000005 -1.980125
v -3.838370 0.000005 -1.743118
v -3.762330 0.000005 -1.547384
v -3.721227 0.000005 -1.389635
v -3.657144 0.000005 -1.311108
v -3.457468 0.000005 -1.180637
v -3.394581 0.000005 -1.078146
v -3.310197 0.000005 -1.064241
v -3.325471 0.000005 -0.903780
v -3.280822 0.000005 -0.743317
v -3.155401 0.000005 -0.631706
v -3.115311 0.000005 -0.504463
v -2.917589 0.000005 -0.375919
v -2.779794 0.000005 -0.226528
v -2.477853 0.000005 -0.035452
v -2.388027 0.000005 0.078344
v -2.054454 0.000005 0.214844
v -1.719612 0.000005 0.491985
v -0.981619 0.000005 0.658304
v -0.886349 0.000005 0.633677
v -0.490072 0.000005 0.711622
v -0.354751 0.000005 0.692230
v -0.303197 0.000005 0.699015
v -0.249024 0.000005 0.739830
v -0.177313 0.000005 0.746353
v -0.065551 0.000005 0.813084
v 0.174463 0.000005 0.869061
v 0.537524 0.000005 0.894169
v 0.625726 0.000005 0.885248
v 0.719164 0.000005 0.858004
v 0.864501 0.000005 0.872236
v 1.039147 0.000005 0.856441
v 1.159258 0.000005 0.798861
v 1.297042 0.000005 0.799349
v 1.409579 0.000005 0.767015
v 1.637245 0.000005 0.745159
v 1.905939 0.000005 0.676344
v 2.103435 0.000005 0.536581
v 2.271265 0.000005 0.454636
v 2.503911 0.000005 0.454351
v 2.765341 0.000005 0.419477
v 2.933549 0.000005 0.335638
v 3.028538 0.000005 0.277046
v 3.114565 0.000005 0.272486
v 3.205721 0.000005 0.216829
v 3.680954 0.000005 -0.144756
v 3.789657 0.000005 -0.202560
v 3.822113 0.000005 -0.245087
v 3.887011 0.000005 -0.260096
v 4.231938 0.000005 -0.507088
v 4.324399 0.000005 -0.597446
v 4.401641 0.000005 -0.688416
v 4.530314 0.000005 -0.873255
v 4.554102 0.000005 -0.924959
v 4.563460 0.000005 -0.974909
v 4.579229 0.000005 -1.175867
v 4.652588 0.000005 -1.241692
v 4.726542 0.000005 -1.351690
v 4.783778 0.000005 -1.375008
v 4.844667 0.000005 -1.411718
v 5.086262 0.000005 -1.695511
v 5.188015 0.000005 -1.897358
v 5.211761 0.000005 -1.977383
v 5.217818 0.000005 -2.025368
v 5.184715 0.000005 -2.191444
v 5.195845 0.000005 -2.228779
v 5.213549 0.000005 -2.377575
v 5.231205 0.000005 -2.424263
v 5.261193 0.000005 -2.465076
v 5.297346 0.000005 -2.527325
v 5.375414 0.000005 -2.615299
v 5.446332 0.000005 -2.715130
v 5.477602 0.000005 -2.780083
v 5.490669 0.000005 -2.850319
v -2.133044 -0.073284 -7.136562
v -2.044239 -0.073284 -7.155445
v -1.896641 -0.073284 -7.438381
v -1.612128 -0.073284 -7.642365
v -1.074771 -0.073284 -7.773552
v -0.525857 -0.073284 -7.673767
v -0.359763 -0.073284 -7.723843
v -0.248130 -0.073284 -7.719704
v 0.005366 -0.073284 -7.768711
v 0.211894 -0.073284 -7.868084
v 0.351299 -0.073284 -7.887825
v 0.508967 -0.073284 -7.870491
v 0.620315 -0.073284 -7.900951
v 0.840752 -0.073284 -7.853355
v 1.360947 -0.073284 -8.020149
v 1.713709 -0.073284 -8.008629
v 1.873605 -0.073284 -7.960320
v 2.068748 -0.073284 -7.818115
v 2.183840 -0.073284 -7.786346
v 2.396113 -0.073284 -7.796764
v 2.746660 -0.073284 -7.664188
v 3.047470 -0.073284 -7.257172
v 3.211483 -0.073284 -7.239067
v 3.401833 -0.073284 -7.158176
v 4.161367 -0.073284 -7.059677
v 4.473456 -0.072230 -6.862793
v 4.672418 -0.073284 -6.583977
v 4.961231 -0.073284 -6.344433
v 5.247757 -0.073284 -5.907566
v 5.283587 -0.073284 -5.789318
v 5.245196 -0.073284 -5.432693
v 5.277268 -0.073284 -5.245304
v 5.390881 -0.073284 -5.133701
v 5.436578 -0.073284 -5.061035
v 5.478879 -0.073284 -4.673832
v 5.510426 -0.073284 -4.624443
v 5.598296 -0.073284 -3.955833
v 5.622309 -0.073284 -3.897892
v 5.623907 -0.073284 -3.869625
v 5.610888 -0.073284 -3.805321
v 5.610825 -0.071453 -3.723694
v 5.680337 -0.073284 -3.667988
v 5.689647 -0.073284 -3.628624
v 5.684996 -0.073284 -3.441566
v 5.501477 -0.073284 -2.987316
v 5.490669 -0.073284 -2.850319
v 5.477602 -0.073284 -2.780083
v 5.446332 -0.073284 -2.715130
v 5.375414 -0.073284 -2.615299
v 5.297346 -0.073284 -2.527325
v 5.261193 -0.073284 -2.465076
v 5.231205 -0.073284 -2.424263
v 5.213549 -0.073284 -2.377575
v 5.195845 -0.073284 -2.228779
v 5.184715 -0.073284 -2.191444
v 5.217818 -0.073284 -2.025368
v 5.211761 -0.073284 -1.977383
v 5.188015 -0.073284 -1.897358
v 5.086262 -0.073284 -1.695511
v 4.844667 -0.073284 -1.411718
v 4.783778 -0.073284 -1.375008
v 4.726542 -0.073284 -1.351690
v 4.652588 -0.073284 -1.241692
v 4.579229 -0.073284 -1.175867
v 4.563460 -0.073284 -0.974909
v 4.554102 -0.073284 -0.924959
v 4.530314 -0.073284 -0.873255
v 4.401641 -0.073284 -0.688416
v 4.324399 -0.073284 -0.597446
v 4.231938 -0.073284 -0.507088
v 3.887011 -0.073284 -0.260096
v 3.822113 -0.073284 -0.245087
v 3.789657 -0.073284 -0.202560
v 3.680954 -0.073284 -0.144756
v 3.205721 -0.073284 0.216829
v 3.114565 -0.073284 0.272486
v 3.028538 -0.073284 0.277046
v 2.933549 -0.073284 0.335638
v 2.765341 -0.073284 0.419477
v 2.503911 -0.073284 0.454351
v 2.271265 -0.073284 0.454636
v 2.103435 -0.073284 0.536581
v 1.905939 -0.073284 0.676344
v 1.637245 -0.073284 0.745159
v 1.409579 -0.073284 0.767015
v 1.297042 -0.073284 0.799349
v 1.159258 -0.073284 0.798861
v 1.039147 -0.073284 0.856441
v 0.864501 -0.073284 0.872236
v 0.719164 -0.073284 0.858004
v 0.625726 -0.073284 0.885248
v 0.537524 -0.073284 0.894169
v 0.174463 -0.073284 0.869061
v -0.065551 -0.073284 0.813084
v -0.177313 -0.073284 0.746353
v -0.249024 -0.073284 0.739830
v -0.303197 -0.073284 0.699015
v -0.354751 -0.073284 0.692230
v -0.490072 -0.073284 0.711622
v -0.886349 -0.073284 0.633677
v -0.981619 -0.073284 0.658304
v -1.719612 -0.073284 0.491985
v -2.054454 -0.073284 0.214844
v -2.388027 -0.073284 0.078344
v -2.477853 -0.073284 -0.035452
v -2.779794 -0.073284 -0.226528
v -2.917589 -0.073284 -0.375919
v -3.115311 -0.073284 -0.504463
v -3.155401 -0.073284 -0.631706
v -3.280822 -0.073284 -0.743317
v -3.325471 -0.073284 -0.903780
v -3.310197 -0.073284 -1.064241
v -3.394581 -0.073284 -1.078146
v -3.457468 -0.073284 -1.180637
v -3.657144 -0.073284 -1.311108
v -3.721227 -0.073284 -1.389635
v -3.762330 -0.073284 -1.547384
v -3.838370 -0.073284 -1.743118
v -3.860280 -0.073284 -1.980125
v -4.039980 -0.073284 -2.243542
v -4.207590 -0.073284 -2.791630
v -4.230330 -0.073284 -3.041927
v -4.116045 -0.073284 -3.466026
v -4.118554 -0.073284 -3.590496
v -4.099174 -0.073284 -3.648186
v -4.023661 -0.071231 -3.702808
v -4.067470 -0.073284 -4.106331
v -3.902368 -0.073284 -4.641411
v -3.918031 -0.073284 -4.794323
v -3.891170 -0.073284 -4.899940
v -3.684270 -0.073284 -5.159512
v -3.655140 -0.073284 -5.253643
v -3.646575 -0.073284 -5.582611
v -3.447947 -0.073284 -5.963638
v -3.093669 -0.073284 -6.269196
v -2.920812 -0.073284 -6.572811
v -2.760729 -0.073284 -6.656906
v -2.590395 -0.073284 -6.668385
v -2.392006 -0.073284 -6.779076
v -2.376816 -0.073284 -6.874710
vn 0.5307 0.6736 -0.5145
vn 0.4101 0.6710 -0.6178
vn 0.3870 0.7097 -0.5887
vn 0.5306 0.6736 -0.5145
vn 0.5035 0.7115 -0.4901
vn 0.6479 0.7207 0.2467
vn 0.6845 0.7239 0.0865
vn 0.4988 0.8624 0.0870
vn 0.4790 0.8616 0.1679
vn 0.6871 0.7226 -0.0755
vn 0.6567 0.7173 -0.2328
vn 0.4876 0.8614 -0.1424
vn 0.4875 0.8614 -0.1424
vn 0.5065 0.8597 -0.0657
vn -0.2135 0.7081 -0.6731
vn -0.3014 0.7094 -0.6371
vn -0.2277 0.8595 -0.4576
vn -0.1544 0.8573 -0.4911
vn 0.3022 0.8564 -0.4186
vn 0.3612 0.8556 -0.3708
vn 0.3870 0.7097 -0.5888
vn 0.6919 0.6795 -0.2439
vn 0.6239 0.6765 -0.3912
vn 0.5927 0.7139 -0.3729
vn 0.0747 0.6689 -0.7396
vn -0.0737 0.6700 -0.7387
vn -0.0695 0.7081 -0.7027
vn 0.0766 0.7095 -0.7006
vn 0.6838 0.6829 0.2571
vn 0.7180 0.6901 0.0902
vn 0.6479 0.7207 0.2466
vn 0.5951 0.7168 0.3633
vn 0.5952 0.7168 0.3633
vn 0.6103 0.6766 0.4120
vn -0.2361 0.6659 -0.7077
vn 0.1844 0.6678 -0.7211
vn 0.0746 0.6689 -0.7396
vn 0.1677 0.7100 -0.6840
vn 0.7206 0.6890 -0.0777
vn 0.7205 0.6890 -0.0777
vn 0.4100 0.6710 -0.6178
vn 0.2846 0.6682 -0.6874
vn 0.2913 0.7073 -0.6440
vn 0.4101 0.6710 -0.6177
vn -0.5332 0.6693 0.5174
vn -0.4258 0.6646 0.6140
vn -0.4260 0.7068 0.5648
vn -0.4261 0.7067 0.5648
vn -0.5041 0.7107 0.4908
vn -0.6179 0.6695 0.4123
vn -0.5685 0.7123 0.4116
vn 0.4311 0.6748 0.5990
vn 0.5166 0.6737 0.5284
vn 0.4546 0.7190 0.5257
vn 0.4108 0.7182 0.5616
vn 0.3843 0.6202 -0.6838
vn 0.1843 0.6674 -0.7215
vn 0.1866 -0.6758 -0.7131
vn 0.3844 0.6202 -0.6838
vn 0.3885 -0.6270 -0.6752
vn 0.9792 -0.0000 0.2027
vn 0.9989 -0.0000 0.0465
vn -0.0113 0.6714 -0.7410
vn -0.0579 0.6588 -0.7501
vn -0.0586 -0.6673 -0.7425
vn -0.0585 -0.6673 -0.7425
vn -0.0114 -0.6801 -0.7331
vn -0.6404 -0.0000 0.7681
vn -0.6450 -0.0000 0.7641
vn -0.6451 -0.0000 0.7641
vn 0.1177 0.6704 -0.7326
vn 0.3263 0.6636 -0.6732
vn 0.3300 -0.6713 -0.6636
vn 0.3301 -0.6713 -0.6636
vn 0.1192 -0.6790 -0.7244
vn 0.4482 -0.0000 0.8939
vn 0.6310 -0.0000 0.7758
vn -0.7962 -0.0000 0.6050
vn -0.8395 -0.0000 0.5433
vn 0.7066 0.6570 -0.2628
vn 0.7063 0.6563 -0.2655
vn 0.7092 -0.6592 -0.2498
vn 0.7066 0.6570 -0.2629
vn 0.7092 -0.6593 -0.2497
vn 0.7095 -0.6599 -0.2471
vn 0.8331 -0.0000 0.5531
vn 0.6473 -0.0000 0.7622
vn -0.0221 0.6547 -0.7556
vn -0.0420 0.6496 -0.7591
vn -0.0425 -0.6580 -0.7518
vn -0.0426 -0.6580 -0.7518
vn -0.0224 -0.6631 -0.7482
vn -0.7923 -0.0000 0.6102
vn -0.5579 -0.0000 0.8299
vn 0.4482 -0.0000 0.8940
vn 0.9786 -0.0000 0.2055
vn 0.9295 -0.0000 0.3688
vn 0.9787 -0.0000 0.2055
vn -0.2119 0.6659 -0.7153
vn -0.2144 -0.6742 -0.7068
vn 0.9529 -0.0000 0.3033
vn 0.8680 -0.0000 0.4966
vn 0.7546 -0.0000 0.6561
vn 0.7017 0.6583 -0.2726
vn 0.7069 0.6764 -0.2067
vn 0.7093 -0.6788 -0.1900
vn 0.7047 -0.6614 -0.2569
vn 0.9913 -0.0000 0.1314
vn 0.8965 -0.0000 0.4430
vn 0.7924 -0.0000 0.6100
vn 0.8104 -0.0000 0.5859
vn 0.8365 -0.0000 0.5480
vn 0.3194 0.6612 -0.6789
vn 0.0802 0.6646 -0.7429
vn 0.0812 -0.6731 -0.7351
vn 0.0813 -0.6731 -0.7351
vn 0.3230 -0.6689 -0.6695
vn 0.5641 -0.0000 0.8257
vn 0.2961 -0.0000 0.9552
vn 0.2960 -0.0000 0.9552
vn -0.9885 -0.0000 -0.1514
vn -0.8041 -0.0000 -0.5944
vn -0.8068 -0.0000 -0.5908
vn -0.2011 0.6553 -0.7281
vn -0.2107 0.6529 -0.7276
vn -0.2132 -0.6610 -0.7195
vn -0.2035 -0.6634 -0.7200
vn 0.9914 -0.0000 0.1310
vn 0.9504 -0.0000 0.3110
vn 0.5422 -0.0000 0.8402
vn 0.6472 -0.0000 0.7624
vn 0.6471 -0.0000 0.7624
vn 0.8441 -0.0000 -0.5362
vn 0.9946 -0.0000 -0.1035
vn 0.8465 -0.0000 -0.5324
vn 0.7546 -0.0000 0.6562
vn 0.5393 -0.0000 0.8421
vn 0.5640 -0.0000 0.8258
vn 0.5640 -0.0000 0.8257
vn -0.0203 0.6490 -0.7605
vn -0.0205 -0.6573 -0.7533
vn 0.7314 -0.0000 0.6819
vn -0.7242 0.6760 -0.1364
vn -0.7252 0.6574 -0.2045
vn -0.7275 -0.6597 -0.1883
vn -0.7257 -0.6776 -0.1194
vn 0.7205 0.6692 -0.1818
vn 0.7226 -0.6713 -0.1651
vn 0.7225 -0.6713 -0.1651
vn 0.4117 -0.0000 0.9113
vn -0.0933 0.6634 -0.7424
vn -0.0555 0.6736 -0.7370
vn -0.0562 -0.6824 -0.7288
vn -0.0934 0.6634 -0.7424
vn -0.0944 -0.6720 -0.7345
vn 0.7314 -0.0000 0.6820
vn 0.6424 -0.0000 0.7663
vn 0.7205 0.6692 -0.1817
vn 0.7325 0.6799 0.0352
vn 0.7318 -0.6795 0.0525
vn 0.7225 -0.6713 -0.1652
vn -0.8041 -0.0000 -0.5945
vn -0.4948 0.8420 -0.2152
vn -0.7257 -0.6063 -0.3253
vn -0.7257 -0.6063 -0.3252
vn -0.1014 0.6622 -0.7425
vn -0.1014 0.6621 -0.7425
vn -0.1026 -0.6706 -0.7346
vn 0.1905 0.6694 -0.7181
vn 0.2514 0.6534 -0.7140
vn 0.2539 -0.6621 -0.7051
vn 0.1928 -0.6777 -0.7096
vn 0.2654 -0.0000 0.9641
vn -0.0037 -0.0000 1.0000
vn -0.5795 0.6617 -0.4758
vn -0.5682 0.6652 -0.4844
vn -0.5728 -0.6708 -0.4712
vn -0.5728 -0.6708 -0.4711
vn -0.5840 -0.6671 -0.4625
vn 0.5133 0.8230 -0.2432
vn 0.7103 -0.6160 -0.3405
vn 0.0669 -0.0000 0.9978
vn 0.2257 -0.0000 0.9742
vn 0.2258 -0.0000 0.9742
vn -0.6383 0.6161 -0.4615
vn -0.6428 -0.6207 -0.4489
vn -0.6427 -0.6207 -0.4490
vn -0.0556 0.6736 -0.7370
vn -0.2280 0.6710 -0.7055
vn -0.2306 -0.6793 -0.6966
vn -0.2307 -0.6793 -0.6966
vn -0.6670 0.6587 -0.3481
vn -0.6542 0.6635 -0.3630
vn -0.6581 -0.6677 -0.3481
vn -0.6707 -0.6627 -0.3332
vn 0.1724 -0.0000 0.9850
vn 0.1866 -0.0000 0.9824
vn 0.1723 -0.0000 0.9850
vn 0.4860 -0.0000 0.8739
vn 0.2931 -0.0000 0.9561
vn 0.7280 0.6833 0.0553
vn 0.7104 -0.6160 -0.3405
vn 0.7104 -0.6160 -0.3404
vn 0.7221 -0.6879 0.0732
vn -0.4688 0.6163 -0.6328
vn -0.5638 0.6528 -0.5059
vn -0.5684 -0.6584 -0.4933
vn -0.4688 0.6163 -0.6327
vn -0.5684 -0.6585 -0.4933
vn -0.4734 -0.6226 -0.6231
vn 0.6637 0.6726 -0.3274
vn 0.7428 0.6639 -0.0866
vn 0.7437 -0.6649 -0.0697
vn 0.6636 0.6726 -0.3275
vn 0.6672 -0.6764 -0.3120
vn 0.1377 -0.0000 0.9905
vn 0.2199 -0.0000 0.9755
vn -0.5683 0.6652 -0.4843
vn -0.5241 0.6430 -0.5585
vn -0.5288 -0.6490 -0.5470
vn -0.5637 0.6528 -0.5060
vn -0.3077 0.6589 -0.6864
vn -0.3112 -0.6667 -0.6772
vn 0.1149 0.6556 -0.7463
vn 0.1164 -0.6640 -0.7386
vn 0.0803 0.6645 -0.7429
vn 0.1164 -0.6640 -0.7387
vn -0.4948 0.8419 -0.2152
vn -0.7437 0.6627 -0.0880
vn -0.7435 -0.6649 -0.0715
vn -0.4948 0.8419 -0.2153
vn 0.2932 -0.0000 0.9561
vn 0.2982 -0.0000 0.9545
vn -0.0944 -0.6719 -0.7346
vn -0.0945 -0.6720 -0.7345
vn 0.2200 -0.0000 0.9755
vn 0.2654 0.0001 0.9641
vn -0.7424 0.6638 -0.0904
vn -0.7433 -0.6649 -0.0736
vn -0.7437 0.6627 -0.0879
vn 0.4860 -0.0000 0.8740
vn 0.1867 -0.0000 0.9824
vn 0.5099 -0.0000 0.8603
vn 0.5099 -0.0000 0.8602
vn 0.1929 -0.6778 -0.7095
vn -0.7398 0.6690 -0.0716
vn -0.6707 -0.6627 -0.3331
vn -0.7405 -0.6698 -0.0545
vn -0.3093 -0.0000 0.9510
vn -0.3600 -0.0000 0.9330
vn -0.3600 0.0001 0.9330
vn 0.7222 -0.6879 0.0731
vn -0.0203 0.6489 -0.7606
vn -0.0366 0.6450 -0.7633
vn -0.0369 -0.6533 -0.7562
vn -0.0370 -0.6533 -0.7562
vn 0.0159 -0.0000 0.9999
vn -0.1485 -0.0000 0.9889
vn -0.1486 -0.0000 0.9889
vn -0.7253 0.6574 -0.2045
vn -0.0259 -0.0000 0.9997
vn 0.0294 -0.0000 0.9996
vn -0.8486 -0.0000 0.5291
vn -0.9961 -0.0000 0.0881
vn -0.3743 -0.0000 0.9273
vn -0.3786 -0.0000 0.9256
vn 0.0057 -0.0000 1.0000
vn 0.0058 -0.0000 1.0000
vn 0.5453 0.6693 -0.5046
vn 0.6673 -0.6764 -0.3119
vn 0.5499 -0.6752 -0.4916
vn 0.1150 0.6556 -0.7463
vn 0.4547 0.6421 -0.6172
vn 0.4593 -0.6487 -0.6068
vn 0.1163 -0.6640 -0.7387
vn -0.2012 0.6552 -0.7281
vn -0.2035 -0.6634 -0.7201
vn -0.5240 0.6430 -0.5585
vn -0.2036 -0.6634 -0.7200
vn -0.5287 -0.6490 -0.5470
vn 0.0929 -0.0000 0.9957
vn 0.1911 -0.0000 0.9816
vn 0.0157 -0.0000 0.9999
vn -0.3744 -0.0000 0.9273
vn -0.3094 -0.0000 0.9509
vn 0.5332 0.6728 -0.5128
vn 0.5331 0.6728 -0.5129
vn 0.5500 -0.6752 -0.4916
vn 0.5371 -0.6796 -0.4997
vn 0.5652 0.6763 -0.4724
vn 0.5697 -0.6819 -0.4587
vn -0.0260 -0.0000 0.9997
vn 0.6739 0.6401 -0.3688
vn 0.5653 0.6763 -0.4724
vn 0.5698 -0.6819 -0.4587
vn 0.6739 0.6401 -0.3689
vn 0.6779 -0.6440 -0.3546
vn -0.3599 -0.0000 0.9330
vn 0.9792 -0.0000 0.2030
vn 0.9734 -0.0000 0.2293
vn -0.7399 0.6690 -0.0715
vn -0.6016 -0.0000 0.7988
vn -0.6694 -0.0000 0.7429
vn 0.9713 -0.0000 0.2377
vn -0.7257 -0.6776 -0.1193
vn 0.0156 -0.0000 0.9999
vn -0.4408 -0.0000 0.8976
vn 0.7350 0.6769 -0.0401
vn 0.6779 -0.6440 -0.3545
vn 0.7353 -0.6773 -0.0229
vn 0.6424 -0.0000 0.7664
vn -0.2144 -0.6742 -0.7067
vn -0.5141 -0.0000 0.8578
vn 0.4199 -0.0000 0.9076
vn 0.4198 -0.0000 0.9076
vn -0.4408 0.0001 0.8976
vn -0.9409 -0.0000 0.3386
vn -0.9014 -0.0000 0.4329
vn -0.9515 -0.0000 0.3077
vn -0.9734 -0.0000 0.2293
vn -0.6817 0.6432 -0.3488
vn -0.6854 -0.6470 -0.3341
vn -0.6688 -0.0000 0.7435
vn -0.8917 -0.0000 0.4526
vn 0.5070 0.6606 -0.5537
vn 0.5332 0.6728 -0.5129
vn 0.5372 -0.6795 -0.4997
vn 0.5371 -0.6795 -0.4997
vn 0.5125 -0.6655 -0.5427
vn 0.7062 0.6563 -0.2655
vn 0.7016 0.6583 -0.2726
vn 0.7047 -0.6613 -0.2569
vn 0.7092 -0.6592 -0.2497
vn -0.8486 -0.0000 0.5290
vn -0.9963 -0.0000 -0.0862
vn -0.9926 -0.0000 -0.1212
vn -0.9515 -0.0000 0.3076
vn 0.8612 -0.0000 0.5083
vn 0.7828 -0.0000 0.6223
vn 0.3264 0.6636 -0.6731
vn 0.9914 -0.0000 0.1309
vn -0.7171 -0.0000 0.6970
vn 0.9504 -0.0000 0.3111
vn -0.9813 -0.0000 0.1925
vn 0.4548 0.6421 -0.6172
vn 0.3885 -0.6271 -0.6752
vn 0.8787 -0.0000 0.4773
vn -0.6817 0.6432 -0.3487
vn -0.3725 0.6380 -0.6739
vn -0.3765 -0.6452 -0.6648
vn -0.6854 -0.6470 -0.3342
vn -0.0365 0.6450 -0.7633
vn -0.1026 -0.6706 -0.7347
vn -0.1027 -0.6706 -0.7346
vn 0.9994 -0.0000 -0.0356
vn 0.7350 0.6769 -0.0402
vn 0.7437 -0.6649 -0.0698
vn -0.0220 0.6547 -0.7556
vn -0.0223 -0.6631 -0.7482
vn -0.2842 0.9588 0.0041
vn -0.5018 0.8625 -0.0653
vn -0.5014 0.8636 0.0526
vn -0.2842 0.9587 0.0041
vn -0.4794 0.8661 -0.1418
vn -0.4794 0.8660 -0.1418
vn -0.4493 0.8688 -0.2081
vn -0.2709 0.9604 -0.0649
vn -0.2514 0.9597 -0.1259
vn 0.1019 0.9567 -0.2725
vn 0.0251 0.8592 -0.5111
vn 0.0458 0.9554 -0.2917
vn 0.0251 0.8592 -0.5110
vn 0.1019 0.9567 -0.2726
vn 0.0945 0.8572 -0.5062
vn 0.1706 0.8544 -0.4909
vn 0.1706 0.8543 -0.4909
vn 0.1556 0.9563 -0.2475
vn 0.2368 0.8598 -0.4525
vn 0.1043 0.9909 -0.0852
vn 0.0537 0.9908 -0.1244
vn 0.1044 0.9909 -0.0851
vn 0.2036 0.9581 -0.2013
vn -0.1251 0.9910 -0.0474
vn -0.2513 0.9597 -0.1259
vn -0.2180 0.9582 -0.1855
vn -0.1687 0.9593 -0.2266
vn -0.1687 0.9593 -0.2265
vn -0.1252 0.9910 -0.0474
vn -0.0801 0.9909 -0.1080
vn 0.5049 0.7166 0.4812
vn 0.3730 0.8644 0.3372
vn 0.3316 0.8608 0.3861
vn 0.4159 0.8617 0.2906
vn 0.5528 0.7153 0.4275
vn 0.0832 0.8606 0.5025
vn 0.0752 0.9570 0.2802
vn 0.0179 0.9555 0.2943
vn 0.0832 0.8606 0.5024
vn 0.1271 0.9566 0.2624
vn 0.1271 0.9566 0.2623
vn 0.1501 0.8567 0.4934
vn 0.1502 0.8567 0.4934
vn 0.2103 0.8613 0.4625
vn -0.4236 0.8621 -0.2780
vn -0.3771 0.8662 -0.3279
vn -0.2181 0.9582 -0.1855
vn 0.1677 0.7099 -0.6840
vn 0.2269 0.7102 -0.6664
vn -0.2529 0.9570 0.1424
vn -0.1326 0.9908 0.0288
vn -0.2715 0.9596 0.0738
vn -0.1326 0.9908 0.0289
vn -0.2110 0.9580 0.1944
vn -0.0974 0.9905 0.0972
vn -0.1507 0.7037 0.6944
vn -0.2039 0.8564 0.4744
vn -0.2252 0.7059 0.6716
vn -0.1506 0.7037 0.6944
vn -0.1321 0.8606 0.4918
vn -0.1320 0.8606 0.4918
vn -0.1507 0.7037 0.6943
vn -0.0605 0.8560 0.5135
vn -0.0745 0.7063 0.7040
vn -0.1205 0.9570 -0.2638
vn -0.0737 0.9565 -0.2824
vn -0.0738 0.9565 -0.2824
vn -0.0204 0.9573 -0.2884
vn -0.0095 0.9907 -0.1361
vn 0.5002 0.8658 0.0118
vn 0.5065 0.8597 -0.0658
vn -0.6874 0.7243 0.0539
vn -0.6867 0.7189 -0.1080
vn -0.6930 0.7204 -0.0271
vn -0.6874 0.7243 0.0540
vn 0.2322 0.7097 0.6651
vn 0.2102 0.8614 0.4625
vn 0.2973 0.7101 0.6382
vn 0.2973 0.7102 0.6382
vn 0.2703 0.8595 0.4338
vn 0.3600 0.7164 0.5977
vn -0.6824 0.7183 0.1354
vn -0.6661 0.7147 0.2133
vn -0.5014 0.8636 0.0525
vn -0.6661 0.7147 0.2134
vn -0.4811 0.8602 0.1688
vn -0.1056 0.8584 -0.5020
vn -0.0459 0.8536 -0.5190
vn -0.0459 0.8535 -0.5190
vn -0.3389 0.8625 -0.3758
vn -0.4535 0.7142 -0.5331
vn -0.5003 0.7137 -0.4902
vn -0.3390 0.8625 -0.3757
vn -0.4034 0.7163 -0.5694
vn -0.3390 0.8625 -0.3758
vn -0.2961 0.8598 -0.4159
vn 0.2780 0.9597 -0.0418
vn 0.4617 0.8635 -0.2029
vn 0.2682 0.9576 -0.1055
vn 0.4617 0.8635 -0.2028
vn 0.2779 0.9597 -0.0418
vn 0.2832 0.9587 0.0267
vn 0.2831 0.9587 0.0267
vn 0.5002 0.8658 0.0117
vn 0.4391 0.8579 -0.2668
vn -0.2961 0.7057 0.6437
vn -0.2710 0.8563 0.4397
vn -0.3654 0.7068 0.6058
vn -0.6401 0.7126 0.2871
vn -0.4812 0.8602 0.1688
vn -0.6051 0.7138 0.3527
vn -0.4457 0.8650 0.2304
vn -0.4166 0.8605 0.2931
vn -0.4261 0.7068 0.5648
vn -0.3759 0.8573 0.3519
vn -0.5041 0.7106 0.4908
vn -0.3759 0.8572 0.3519
vn -0.3237 0.8608 0.3928
vn -0.6705 0.7176 -0.1886
vn -0.6866 0.7189 -0.1080
vn -0.6430 0.7186 -0.2649
vn 0.0031 0.7065 0.7078
vn 0.0031 0.7064 0.7078
vn 0.0155 0.8569 0.5153
vn 0.0806 0.7079 0.7017
vn 0.3987 0.8609 -0.3161
vn 0.3987 0.8609 -0.3162
vn 0.4391 0.8579 -0.2669
vn 0.4107 0.7182 0.5617
vn 0.0817 0.9912 0.1044
vn 0.0259 0.9907 0.1338
vn 0.1718 0.9584 0.2278
vn -0.3520 0.7122 -0.6073
vn -0.2961 0.8598 -0.4160
vn -0.2277 0.8595 -0.4577
vn 0.2036 0.9581 -0.2014
vn 0.2368 0.8598 -0.4524
vn 0.2394 0.9579 -0.1584
vn 0.2394 0.9579 -0.1583
vn 0.3986 0.8609 -0.3161
vn 0.3986 0.8609 -0.3162
vn 0.3022 0.8564 -0.4187
vn -0.4167 0.8605 0.2931
vn -0.3237 0.8607 0.3928
vn -0.2110 0.9580 0.1945
vn -0.1656 0.9559 0.2424
vn -0.6135 0.7175 -0.3298
vn -0.4794 0.8661 -0.1417
vn -0.5762 0.7202 -0.3864
vn 0.2102 0.8613 0.4625
vn 0.2117 0.9580 0.1937
vn 0.2102 0.8614 0.4624
vn 0.2703 0.8595 0.4339
vn -0.0095 0.9907 -0.1360
vn -0.4457 0.8650 0.2305
vn -0.2715 0.9596 0.0739
vn -0.0776 0.9561 0.2825
vn -0.0357 0.9903 0.1342
vn 0.2431 0.9592 0.1446
vn 0.4445 0.8657 0.2300
vn 0.4446 0.8657 0.2299
vn 0.0155 0.8569 0.5152
vn 0.1572 0.7069 0.6897
vn 0.2369 0.8598 -0.4524
vn 0.1705 0.8544 -0.4909
vn 0.2913 0.7073 -0.6441
vn 0.2913 0.7074 -0.6440
vn 0.2369 0.8598 -0.4525
vn 0.1323 0.9910 -0.0197
vn -0.0801 0.9909 -0.1081
vn -0.0358 0.9903 0.1342
vn 0.0817 0.9912 0.1043
vn 0.1043 0.9909 -0.0851
vn 0.1211 0.9912 0.0533
vn 0.2642 0.9602 0.0909
vn 0.1717 0.9584 0.2278
vn 0.2117 0.9579 0.1937
vn 0.4446 0.8657 0.2300
vn 0.2430 0.9592 0.1446
vn 0.4790 0.8616 0.1678
vn 0.4987 0.8624 0.0870
vn 0.2779 0.9597 -0.0419
vn 0.0751 0.9570 0.2802
vn -0.4236 0.8622 -0.2780
vn -0.5392 0.7152 -0.4448
vn -0.0737 0.9565 -0.2823
vn -0.1056 0.8584 -0.5019
vn -0.0203 0.9573 -0.2884
vn -0.5041 0.7107 0.4907
vn -0.4167 0.8605 0.2930
vn -0.2709 0.9604 -0.0648
vn -0.2842 0.9588 0.0042
vn -0.1205 0.9570 -0.2637
vn -0.2180 0.9582 -0.1854
vn 0.1963 0.6652 0.7204
vn 0.3359 0.6695 0.6625
vn 0.1571 0.7069 0.6897
vn 0.2974 0.7101 0.6382
vn -0.2878 0.6607 0.6933
vn 0.0335 0.6624 0.7484
vn 0.0336 0.6624 0.7484
vn 0.0030 0.7065 0.7077
vn 0.1572 0.7069 0.6896
vn -0.4844 0.6686 -0.5642
vn -0.5761 0.6713 -0.4663
vn -0.4843 0.6686 -0.5643
vn -0.4535 0.7143 -0.5331
vn -0.7271 0.6758 0.1213
vn -0.6888 0.6677 0.2824
vn -0.7271 0.6758 0.1212
vn -0.6824 0.7183 0.1353
vn -0.1303 0.6608 0.7392
vn -0.1304 0.6608 0.7392
vn -0.1506 0.7037 0.6943
vn 0.0031 0.7065 0.7077
vn 0.7198 0.6942 0.0055
vn 0.7180 0.6902 0.0902
vn 0.6845 0.7239 0.0864
vn -0.6462 0.6735 -0.3590
vn -0.5762 0.6712 -0.4663
vn -0.5761 0.6712 -0.4664
vn -0.7338 0.6776 -0.0491
vn -0.7080 0.6711 -0.2202
vn -0.7079 0.6711 -0.2202
vn -0.6431 0.7186 -0.2649
vn -0.6402 0.7126 0.2871
vn -0.3738 0.6662 -0.6453
vn -0.7309 0.6815 0.0372
vn -0.7338 0.6776 -0.0490
vn -0.2362 0.6659 -0.7076
vn -0.3738 0.6662 -0.6454
vn -0.2136 0.7081 -0.6730
vn -0.3520 0.7122 -0.6074
vn -0.6670 0.6588 -0.3481
vn -0.7398 0.6690 -0.0715
vn -0.0000 1.0000 -0.0011
vn -0.7242 0.6760 -0.1365
vn -0.5795 0.6617 -0.4757
vn -0.2011 0.6552 -0.7282
vn -0.5638 0.6528 -0.5060
vn -0.0000 1.0000 -0.0012
vn -0.0001 0.9997 -0.0255
vn -0.0000 0.9997 -0.0255
vn -0.0420 0.6497 -0.7591
vn -0.0421 0.6496 -0.7591
vn -0.0556 0.6737 -0.7370
vn -0.2280 0.6711 -0.7055
vn -0.2279 0.6711 -0.7055
vn -0.2279 0.6710 -0.7055
vn -0.0203 0.6490 -0.7606
vn -0.1015 0.6621 -0.7425
vn 0.3193 0.6612 -0.6789
vn 0.0802 0.6645 -0.7429
vn 0.0803 0.6646 -0.7429
vn -0.0000 1.0000 -0.0017
vn 0.3843 0.6202 -0.6839
vn 0.5133 0.8230 -0.2433
vn 0.1842 0.6674 -0.7215
vn 0.6740 0.6401 -0.3688
vn 0.5653 0.6763 -0.4723
vn 0.7280 0.6834 0.0553
vn 0.7070 0.6764 -0.2067
vn 0.7280 0.6834 0.0552
vn 0.6636 0.6726 -0.3274
vn 0.5454 0.6693 -0.5046
vn 0.0001 0.9998 0.0223
vn -0.0000 0.9998 0.0223
vn 0.0003 0.9998 0.0223
vn 0.0001 0.9997 0.0224
vn 0.0001 0.9998 0.0224
vn -0.0000 -1.0000 -0.0000
vn -0.7435 -0.6649 -0.0716
vn -0.7405 -0.6698 -0.0546
vn -0.7257 -0.6062 -0.3252
vn -0.7433 -0.6649 -0.0735
vn -0.6581 -0.6677 -0.3480
vn -0.7256 -0.6776 -0.1194
vn -0.5288 -0.6490 -0.5469
vn -0.6428 -0.6207 -0.4490
vn -0.3766 -0.6452 -0.6648
vn -0.3111 -0.6667 -0.6773
vn -0.0561 -0.6824 -0.7288
vn -0.2306 -0.6793 -0.6967
vn -0.2307 -0.6793 -0.6967
vn -0.2145 -0.6742 -0.7067
vn -0.0114 -0.6801 -0.7330
vn -0.0205 -0.6574 -0.7533
vn -0.1027 -0.6707 -0.7346
vn -0.1026 -0.6707 -0.7346
vn 0.1191 -0.6790 -0.7244
vn 0.3231 -0.6689 -0.6695
vn 0.4594 -0.6487 -0.6068
vn 0.4594 -0.6487 -0.6067
vn 0.3884 -0.6271 -0.6752
vn 0.1865 -0.6758 -0.7131
vn 0.1929 -0.6777 -0.7096
vn 0.2540 -0.6621 -0.7051
vn 0.5126 -0.6655 -0.5426
vn -0.0002 -1.0000 -0.0002
vn 0.0001 -1.0000 -0.0000
vn 0.5126 -0.6654 -0.5426
vn 0.5372 -0.6796 -0.4996
vn 0.5372 -0.6796 -0.4997
vn 0.6673 -0.6764 -0.3120
vn 0.7353 -0.6773 -0.0228
vn 0.7093 -0.6789 -0.1901
vn 0.7093 -0.6788 -0.1901
vn 0.7353 -0.6773 -0.0230
vn 0.7096 -0.6599 -0.2471
vn 0.7092 -0.6593 -0.2498
vn 0.7047 -0.6614 -0.2568
vt 0.159712 0.094746
vt 0.151761 0.088121
vt 0.148986 0.092098
vt 0.156072 0.098002
vt 0.164826 0.138872
vt 0.166974 0.130195
vt 0.158400 0.129037
vt 0.156704 0.135888
vt 0.167043 0.121237
vt 0.165028 0.112455
vt 0.156864 0.115031
vt 0.158454 0.121964
vt 0.112306 0.087144
vt 0.108035 0.088827
vt 0.111866 0.096376
vt 0.115238 0.095047
vt 0.144198 0.098958
vt 0.149793 0.103620
vt 0.169761 0.110962
vt 0.165279 0.101810
vt 0.161034 0.104298
vt 0.131130 0.080540
vt 0.120728 0.080422
vt 0.121327 0.085236
vt 0.130598 0.085341
vt 0.169533 0.140602
vt 0.171944 0.130866
vt 0.160708 0.146826
vt 0.164913 0.149526
vt 0.110607 0.082563
vt 0.137538 0.081764
vt 0.136309 0.086432
vt 0.172021 0.120815
vt 0.142508 0.083363
vt 0.140739 0.087857
vt 0.092762 0.154642
vt 0.099639 0.160534
vt 0.102531 0.156637
vt 0.096402 0.151385
vt 0.087902 0.148648
vt 0.092070 0.146043
vt 0.154382 0.160409
vt 0.158318 0.157182
vt 0.154830 0.153649
vt 0.151322 0.156526
vt 0.327962 0.479339
vt 0.333339 0.479339
vt 0.333339 0.484618
vt 0.327962 0.484618
vt 0.398399 0.479339
vt 0.398034 0.479339
vt 0.398034 0.484618
vt 0.398399 0.484618
vt 0.239565 0.479339
vt 0.244734 0.479339
vt 0.244734 0.484618
vt 0.239565 0.484618
vt 0.136909 0.479339
vt 0.132391 0.479339
vt 0.132391 0.484618
vt 0.136909 0.484618
vt 0.284233 0.479339
vt 0.289475 0.479339
vt 0.289475 0.484618
vt 0.284233 0.484618
vt 0.384889 0.479339
vt 0.383012 0.479339
vt 0.383012 0.484618
vt 0.384889 0.484618
vt 0.125908 0.479339
vt 0.124594 0.479339
vt 0.124594 0.484618
vt 0.125908 0.484618
vt 0.406291 0.479339
vt 0.407678 0.479339
vt 0.407678 0.484618
vt 0.406291 0.484618
vt 0.394806 0.479339
vt 0.386885 0.479339
vt 0.386885 0.484618
vt 0.394806 0.484618
vt 0.192810 0.479339
vt 0.210806 0.479339
vt 0.210806 0.484618
vt 0.192810 0.484618
vt 0.119519 0.479339
vt 0.116752 0.479339
vt 0.116752 0.484618
vt 0.119519 0.484618
vt 0.398920 0.479339
vt 0.398142 0.479339
vt 0.398142 0.484618
vt 0.398920 0.484618
vt 0.234994 0.479339
vt 0.234994 0.484618
vt 0.377358 0.479339
vt 0.376578 0.479339
vt 0.376578 0.484618
vt 0.377358 0.484618
vt 0.380587 0.479339
vt 0.380587 0.484618
vt 0.408712 0.479339
vt 0.411593 0.479339
vt 0.411593 0.484618
vt 0.408712 0.484618
vt 0.377665 0.479339
vt 0.377665 0.484618
vt 0.378182 0.479339
vt 0.378182 0.484618
vt 0.372360 0.479339
vt 0.372360 0.484618
vt 0.401726 0.479339
vt 0.400541 0.479339
vt 0.400541 0.484618
vt 0.401726 0.484618
vt 0.295873 0.479339
vt 0.299647 0.479339
vt 0.299647 0.484618
vt 0.295873 0.484618
vt 0.333150 0.479339
vt 0.330162 0.479339
vt 0.330162 0.484618
vt 0.333150 0.484618
vt 0.093016 0.479339
vt 0.093651 0.479339
vt 0.093651 0.484618
vt 0.093016 0.484618
vt 0.137534 0.479339
vt 0.143118 0.479339
vt 0.143118 0.484618
vt 0.137534 0.484618
vt 0.408065 0.479339
vt 0.407636 0.479339
vt 0.407636 0.484618
vt 0.408065 0.484618
vt 0.353359 0.479339
vt 0.352295 0.479339
vt 0.352295 0.484618
vt 0.353359 0.484618
vt 0.414283 0.479339
vt 0.414588 0.479339
vt 0.414588 0.484618
vt 0.414283 0.484618
vt 0.348731 0.479339
vt 0.348731 0.484618
vt 0.248385 0.479339
vt 0.248385 0.484618
vt 0.369827 0.479339
vt 0.369827 0.484618
vt 0.108210 0.479339
vt 0.108490 0.479339
vt 0.108490 0.484618
vt 0.108210 0.484618
vt 0.412381 0.479339
vt 0.412381 0.484618
vt 0.355487 0.479339
vt 0.355487 0.484618
vt 0.216252 0.479339
vt 0.219912 0.479339
vt 0.219912 0.484618
vt 0.216252 0.484618
vt 0.366796 0.479339
vt 0.366796 0.484618
vt 0.412433 0.479339
vt 0.412433 0.484618
vt 0.096127 0.479191
vt 0.096127 0.484470
vt 0.272667 0.479339
vt 0.272667 0.484618
vt 0.339580 0.479339
vt 0.364482 0.479339
vt 0.364482 0.484618
vt 0.339580 0.484618
vt 0.262117 0.479339
vt 0.256391 0.479339
vt 0.256391 0.484618
vt 0.262117 0.484618
vt 0.115003 0.479339
vt 0.126618 0.479339
vt 0.126618 0.484618
vt 0.115003 0.484618
vt 0.412004 0.479207
vt 0.412004 0.484486
vt 0.310141 0.479339
vt 0.302513 0.479339
vt 0.302513 0.484618
vt 0.310141 0.484618
vt 0.149623 0.479339
vt 0.149623 0.484618
vt 0.228223 0.479339
vt 0.228223 0.484618
vt 0.100471 0.479339
vt 0.107255 0.479339
vt 0.107255 0.484618
vt 0.100471 0.484618
vt 0.281726 0.479339
vt 0.274262 0.479339
vt 0.274262 0.484618
vt 0.281726 0.484618
vt 0.324227 0.479339
vt 0.318712 0.479339
vt 0.318712 0.484618
vt 0.324227 0.484618
vt 0.412006 0.479339
vt 0.412006 0.484618
vt 0.161025 0.479339
vt 0.165864 0.479339
vt 0.165864 0.484618
vt 0.161025 0.484618
vt 0.400101 0.479339
vt 0.401275 0.479339
vt 0.401275 0.484618
vt 0.400101 0.484618
vt 0.270572 0.479339
vt 0.266055 0.479339
vt 0.266055 0.484618
vt 0.270572 0.484618
vt 0.132285 0.479339
vt 0.132285 0.484618
vt 0.175192 0.479339
vt 0.175192 0.484618
vt 0.306606 0.479339
vt 0.306606 0.484618
vt 0.094691 0.479339
vt 0.094691 0.484618
vt 0.327341 0.479339
vt 0.327341 0.484618
vt 0.100104 0.479339
vt 0.100104 0.484618
vt 0.297011 0.479339
vt 0.297011 0.484618
vt 0.099590 0.479339
vt 0.099590 0.484618
vt 0.222234 0.479339
vt 0.219883 0.479339
vt 0.219883 0.484618
vt 0.222234 0.484618
vt 0.255612 0.479339
vt 0.255612 0.484618
vt 0.245671 0.479339
vt 0.233767 0.479339
vt 0.233767 0.484618
vt 0.245671 0.484618
vt 0.211980 0.479339
vt 0.198987 0.479339
vt 0.198987 0.484618
vt 0.211980 0.484618
vt 0.120482 0.479339
vt 0.119018 0.479339
vt 0.119018 0.484618
vt 0.120482 0.484618
vt 0.225898 0.479339
vt 0.225898 0.484618
vt 0.218107 0.479339
vt 0.216416 0.479339
vt 0.216416 0.484618
vt 0.218107 0.484618
vt 0.390706 0.479339
vt 0.390706 0.484618
vt 0.318099 0.479339
vt 0.318099 0.484618
vt 0.251626 0.479339
vt 0.248562 0.479339
vt 0.248562 0.484618
vt 0.251626 0.484618
vt 0.195864 0.479339
vt 0.195864 0.484618
vt 0.381237 0.479339
vt 0.381237 0.484618
vt 0.404793 0.479339
vt 0.404793 0.484618
vt 0.401068 0.479339
vt 0.401068 0.484618
vt 0.414436 0.479339
vt 0.408419 0.479339
vt 0.408419 0.484618
vt 0.414436 0.484618
vt 0.149753 0.479339
vt 0.146808 0.479339
vt 0.146808 0.484618
vt 0.149753 0.484618
vt 0.398979 0.479339
vt 0.398979 0.484618
vt 0.171668 0.479339
vt 0.171668 0.484618
vt 0.400017 0.479339
vt 0.400017 0.484618
vt 0.160690 0.479339
vt 0.160690 0.484618
vt 0.290536 0.479339
vt 0.290536 0.484618
vt 0.101484 0.479339
vt 0.095592 0.479339
vt 0.095592 0.484618
vt 0.101484 0.484618
vt 0.104695 0.479339
vt 0.102202 0.479339
vt 0.102202 0.484618
vt 0.104695 0.484618
vt 0.150121 0.479339
vt 0.150121 0.484618
vt 0.108144 0.479339
vt 0.106043 0.479339
vt 0.106043 0.484618
vt 0.108144 0.484618
vt 0.374714 0.479263
vt 0.374714 0.484542
vt 0.089351 0.479339
vt 0.093098 0.479339
vt 0.093098 0.484618
vt 0.089351 0.484618
vt 0.406611 0.479339
vt 0.404286 0.479339
vt 0.404286 0.484618
vt 0.406611 0.484618
vt 0.114691 0.479339
vt 0.114691 0.484618
vt 0.090097 0.479339
vt 0.090097 0.484618
vt 0.399558 0.479339
vt 0.399558 0.484618
vt 0.158113 0.479339
vt 0.158113 0.484618
vt 0.399119 0.479339
vt 0.399119 0.484618
vt 0.094074 0.120350
vt 0.094020 0.127423
vt 0.106232 0.126388
vt 0.107133 0.118259
vt 0.107520 0.117232
vt 0.096094 0.112676
vt 0.095770 0.113499
vt 0.136824 0.095293
vt 0.129680 0.093624
vt 0.128767 0.093526
vt 0.127808 0.105340
vt 0.134917 0.107311
vt 0.136425 0.108112
vt 0.142644 0.097990
vt 0.128998 0.119164
vt 0.130890 0.120531
vt 0.140864 0.111608
vt 0.111046 0.111676
vt 0.120160 0.122647
vt 0.122183 0.119836
vt 0.113494 0.109422
vt 0.155651 0.152871
vt 0.160064 0.147748
vt 0.152944 0.142896
vt 0.150702 0.145658
vt 0.149461 0.146940
vt 0.136369 0.154614
vt 0.140608 0.153011
vt 0.135161 0.142277
vt 0.131438 0.143567
vt 0.130330 0.143801
vt 0.132828 0.155466
vt 0.101773 0.103729
vt 0.099022 0.107220
vt 0.139646 0.087456
vt 0.108883 0.134217
vt 0.112835 0.138952
vt 0.121974 0.129230
vt 0.119895 0.125407
vt 0.106300 0.126936
vt 0.119575 0.163703
vt 0.120724 0.163890
vt 0.121884 0.155641
vt 0.117399 0.154657
vt 0.114788 0.153777
vt 0.111736 0.161530
vt 0.121037 0.105820
vt 0.117314 0.107110
vt 0.125832 0.118514
vt 0.124964 0.105269
vt 0.158615 0.126391
vt 0.085501 0.119193
vt 0.085286 0.121424
vt 0.085432 0.128151
vt 0.146491 0.159545
vt 0.147493 0.158995
vt 0.143019 0.151776
vt 0.139070 0.162589
vt 0.085742 0.130380
vt 0.087446 0.136932
vt 0.095610 0.134356
vt 0.117862 0.094299
vt 0.122360 0.093540
vt 0.099356 0.094251
vt 0.096823 0.096517
vt 0.103014 0.102447
vt 0.106432 0.099561
vt 0.101153 0.092862
vt 0.156553 0.114192
vt 0.145061 0.118173
vt 0.146294 0.123548
vt 0.146342 0.125748
vt 0.153710 0.108591
vt 0.110655 0.161099
vt 0.108276 0.150429
vt 0.103488 0.157290
vt 0.088265 0.139047
vt 0.091441 0.145089
vt 0.098764 0.140797
vt 0.098289 0.140030
vt 0.105345 0.148249
vt 0.102681 0.145768
vt 0.087649 0.110515
vt 0.086921 0.112634
vt 0.128835 0.164316
vt 0.129993 0.164249
vt 0.129202 0.155924
vt 0.152155 0.106371
vt 0.138535 0.140300
vt 0.130149 0.129658
vt 0.127892 0.130698
vt 0.103997 0.090970
vt 0.142331 0.113317
vt 0.113264 0.139320
vt 0.091767 0.102562
vt 0.090563 0.104459
vt 0.141428 0.137711
vt 0.120749 0.143299
vt 0.124491 0.130612
vt 0.154845 0.139901
vt 0.144001 0.134136
vt 0.137962 0.162905
vt 0.132618 0.124329
vt 0.132191 0.127068
vt 0.144954 0.132156
vt 0.093082 0.100735
vt 0.139392 0.167567
vt 0.148962 0.163796
vt 0.108754 0.165541
vt 0.129152 0.169149
vt 0.096076 0.090537
vt 0.089037 0.097812
vt 0.080802 0.131074
vt 0.083633 0.140798
vt 0.118762 0.168462
vt 0.172277 0.125848
vt 0.086210 0.101991
vt 0.082124 0.111162
vt 0.080290 0.121025
vt 0.101284 0.086856
vt 0.080252 0.126058
vt 0.014210 0.127208
vt 0.074112 0.126158
vt 0.074154 0.120691
vt 0.076146 0.109977
vt 0.080585 0.100015
vt 0.083655 0.095476
vt 0.091302 0.087573
vt 0.096959 0.083574
vt 0.107086 0.078911
vt 0.118080 0.076584
vt 0.129380 0.076714
vt 0.136341 0.078043
vt 0.141739 0.079780
vt 0.151791 0.084948
vt 0.160428 0.092145
vt 0.166475 0.099818
vt 0.171344 0.109760
vt 0.173799 0.120462
vt 0.174077 0.125930
vt 0.240369 0.126717
vt 0.240367 0.124801
vt 0.240668 0.123291
vt 0.240630 0.122628
vt 0.240071 0.121268
vt 0.238005 0.105576
vt 0.237269 0.104416
vt 0.236269 0.095329
vt 0.235198 0.093623
vt 0.232539 0.091003
vt 0.231783 0.086605
vt 0.232677 0.078236
vt 0.231836 0.075461
vt 0.225111 0.065208
vt 0.218336 0.059584
vt 0.213663 0.053042
vt 0.206338 0.048420
vt 0.188517 0.046103
vt 0.184047 0.044206
vt 0.180205 0.043773
vt 0.173134 0.034230
vt 0.164907 0.031118
vt 0.159926 0.031358
vt 0.157225 0.030612
vt 0.152642 0.027278
vt 0.148889 0.026144
vt 0.140609 0.025873
vt 0.128399 0.029779
vt 0.123225 0.028670
vt 0.120611 0.029380
vt 0.116910 0.028977
vt 0.113638 0.029440
vt 0.108789 0.031768
vt 0.102838 0.032919
vt 0.100219 0.032825
vt 0.096318 0.033996
vt 0.083437 0.031662
vt 0.070825 0.034742
vt 0.064147 0.039530
vt 0.060673 0.046164
vt 0.058597 0.046613
vt 0.052874 0.052759
vt 0.052507 0.054998
vt 0.047856 0.057599
vt 0.043865 0.057872
vt 0.040108 0.059846
vt 0.036044 0.066970
vt 0.027735 0.074144
vt 0.023072 0.083087
vt 0.022863 0.090807
vt 0.022178 0.093016
vt 0.017331 0.099110
vt 0.016701 0.101589
vt 0.017061 0.105177
vt 0.013193 0.117736
vt 0.237780 0.143998
vt 0.242087 0.133338
vt 0.242196 0.128948
vt 0.241977 0.128024
vt 0.173715 0.131381
vt 0.171097 0.141957
vt 0.166077 0.151650
vt 0.158914 0.159967
vt 0.154638 0.163473
vt 0.148750 0.167153
vt 0.138355 0.171248
vt 0.127231 0.172967
vt 0.115945 0.172221
vt 0.105074 0.169047
vt 0.095172 0.163609
vt 0.087702 0.157208
vt 0.082422 0.150697
vt 0.077785 0.142170
vt 0.074710 0.131606
vt 0.012464 0.128488
vt 0.012010 0.129842
vt 0.012068 0.132763
vt 0.009386 0.142717
vt 0.009920 0.148591
vt 0.013854 0.161454
vt 0.018071 0.167636
vt 0.018585 0.173198
vt 0.020370 0.177792
vt 0.021334 0.181494
vt 0.022838 0.183337
vt 0.027524 0.186399
vt 0.029000 0.188804
vt 0.030981 0.189130
vt 0.030622 0.192896
vt 0.031670 0.196662
vt 0.034614 0.199281
vt 0.035554 0.202268
vt 0.040195 0.205284
vt 0.043429 0.208790
vt 0.050515 0.213275
vt 0.052623 0.215945
vt 0.060451 0.219149
vt 0.068310 0.225653
vt 0.085629 0.229556
vt 0.087865 0.228978
vt 0.097165 0.230808
vt 0.100341 0.230352
vt 0.101551 0.230512
vt 0.102823 0.231470
vt 0.104506 0.231623
vt 0.107128 0.233189
vt 0.112761 0.234503
vt 0.121282 0.235092
vt 0.123352 0.234882
vt 0.125545 0.234243
vt 0.128956 0.234577
vt 0.133054 0.234206
vt 0.135873 0.232855
vt 0.139107 0.232866
vt 0.141748 0.232108
vt 0.147091 0.231595
vt 0.153397 0.229980
vt 0.158032 0.226700
vt 0.161971 0.224777
vt 0.167430 0.224770
vt 0.173566 0.223951
vt 0.177514 0.221984
vt 0.179743 0.220609
vt 0.181762 0.220502
vt 0.183901 0.219196
vt 0.195054 0.210710
vt 0.197605 0.209353
vt 0.198367 0.208355
vt 0.199890 0.208003
vt 0.207985 0.202206
vt 0.210155 0.200085
vt 0.211968 0.197950
vt 0.214988 0.193613
vt 0.215546 0.192399
vt 0.215765 0.191227
vt 0.216136 0.186511
vt 0.217857 0.184966
vt 0.219593 0.182384
vt 0.220936 0.181837
vt 0.222365 0.180976
vt 0.228035 0.174315
vt 0.230423 0.169578
vt 0.230980 0.167700
vt 0.231122 0.166574
vt 0.230346 0.162676
vt 0.230607 0.161800
vt 0.231022 0.158308
vt 0.231437 0.157212
vt 0.232140 0.156254
vt 0.232989 0.154794
vt 0.234821 0.152729
vt 0.236485 0.150386
vt 0.237219 0.148862
vt 0.237526 0.147213
vt 0.444432 0.046987
vt 0.442387 0.046549
vt 0.438988 0.039989
vt 0.432436 0.035260
vt 0.420061 0.032219
vt 0.407420 0.034532
vt 0.403595 0.033371
vt 0.401024 0.033467
vt 0.395186 0.032331
vt 0.390430 0.030027
vt 0.387220 0.029569
vt 0.383589 0.029971
vt 0.381025 0.029265
vt 0.375948 0.030368
vt 0.363969 0.026501
vt 0.355845 0.026768
vt 0.352163 0.027888
vt 0.347669 0.031185
vt 0.345018 0.031922
vt 0.340130 0.031680
vt 0.332057 0.034754
vt 0.325130 0.044191
vt 0.321353 0.044610
vt 0.316969 0.046486
vt 0.299478 0.048770
vt 0.292291 0.053334
vt 0.287709 0.059798
vt 0.281058 0.065352
vt 0.274459 0.075481
vt 0.273634 0.078222
vt 0.274518 0.086491
vt 0.273779 0.090835
vt 0.271163 0.093423
vt 0.270111 0.095107
vt 0.269137 0.104085
vt 0.268410 0.105230
vt 0.266387 0.120731
vt 0.265833 0.122074
vt 0.265797 0.122730
vt 0.266097 0.124221
vt 0.266098 0.126113
vt 0.264497 0.127405
vt 0.264283 0.128317
vt 0.264390 0.132654
vt 0.268616 0.143186
vt 0.268865 0.146362
vt 0.269166 0.147990
vt 0.269886 0.149496
vt 0.271519 0.151811
vt 0.273317 0.153851
vt 0.274150 0.155294
vt 0.274840 0.156240
vt 0.275247 0.157323
vt 0.275655 0.160772
vt 0.275911 0.161638
vt 0.275149 0.165488
vt 0.275288 0.166601
vt 0.275835 0.168456
vt 0.278178 0.173136
vt 0.283742 0.179716
vt 0.285144 0.180567
vt 0.286462 0.181107
vt 0.288165 0.183658
vt 0.289855 0.185184
vt 0.290218 0.189843
vt 0.290433 0.191001
vt 0.290981 0.192200
vt 0.293944 0.196485
vt 0.295723 0.198594
vt 0.297852 0.200689
vt 0.305796 0.206416
vt 0.307290 0.206764
vt 0.308038 0.207750
vt 0.310541 0.209090
vt 0.321485 0.217473
vt 0.323585 0.218763
vt 0.325566 0.218869
vt 0.327753 0.220228
vt 0.331627 0.222171
vt 0.337647 0.222980
vt 0.343005 0.222986
vt 0.346870 0.224886
vt 0.351418 0.228127
vt 0.357606 0.229722
vt 0.362849 0.230229
vt 0.365440 0.230978
vt 0.368613 0.230967
vt 0.371379 0.232302
vt 0.375401 0.232668
vt 0.378748 0.232338
vt 0.380900 0.232970
vt 0.382931 0.233177
vt 0.391292 0.232595
vt 0.396820 0.231297
vt 0.399393 0.229750
vt 0.401045 0.229599
vt 0.402292 0.228652
vt 0.403480 0.228495
vt 0.406596 0.228945
vt 0.415722 0.227138
vt 0.417916 0.227708
vt 0.434911 0.223852
vt 0.442622 0.217427
vt 0.450304 0.214262
vt 0.452373 0.211624
vt 0.459326 0.207194
vt 0.462499 0.203730
vt 0.467053 0.200750
vt 0.467976 0.197800
vt 0.470864 0.195212
vt 0.471892 0.191492
vt 0.471541 0.187772
vt 0.473484 0.187449
vt 0.474932 0.185073
vt 0.479531 0.182048
vt 0.481006 0.180228
vt 0.481953 0.176570
vt 0.483704 0.172032
vt 0.484209 0.166537
vt 0.488347 0.160430
vt 0.492207 0.147723
vt 0.492730 0.141920
vt 0.490099 0.132087
vt 0.490156 0.129201
vt 0.489710 0.127864
vt 0.487971 0.126598
vt 0.488980 0.117242
vt 0.485178 0.104836
vt 0.485539 0.101291
vt 0.484920 0.098842
vt 0.480155 0.092824
vt 0.479484 0.090642
vt 0.479287 0.083015
vt 0.474713 0.074181
vt 0.466554 0.067097
vt 0.462574 0.060057
vt 0.458887 0.058108
vt 0.454964 0.057842
vt 0.450396 0.055275
vt 0.450046 0.053058
s 0
usemtl Food
f 1261/1261/366 1262/1262/367 1263/1263/368
f 1261/1261/369 1263/1263/368 1264/1264/370
f 1265/1265/371 1266/1266/372 1267/1267/373
f 1265/1265/371 1267/1267/373 1268/1268/374
f 1269/1269/375 1270/1270/376 1271/1271/377
f 1269/1269/375 1271/1271/378 1272/1272/379
f 1273/1273/380 1274/1274/381 1275/1275/382
f 1273/1273/380 1275/1275/382 1276/1276/383
f 1263/1263/368 1277/1277/384 1278/1278/385
f 1263/1263/386 1278/1278/385 1264/1264/370
f 1279/1279/387 1280/1280/388 1281/1281/389
f 1279/1279/387 1281/1281/389 1270/1270/376
f 1282/1282/390 1283/1283/391 1284/1284/392
f 1282/1282/390 1284/1284/392 1285/1285/393
f 1286/1286/394 1287/1287/395 1266/1266/372
f 1286/1286/394 1266/1266/372 1265/1265/396
f 1286/1286/394 1265/1265/371 1288/1288/397
f 1286/1286/394 1288/1288/398 1289/1289/399
f 1283/1283/391 1290/1290/400 1273/1273/380
f 1283/1283/391 1273/1273/380 1284/1284/392
f 1291/1291/401 1282/1282/402 1285/1285/393
f 1291/1291/401 1285/1285/393 1292/1292/403
f 1280/1280/388 1261/1261/366 1264/1264/370
f 1280/1280/388 1264/1264/370 1281/1281/389
f 1293/1293/404 1279/1279/387 1270/1270/376
f 1293/1293/405 1270/1270/376 1269/1269/375
f 1262/1262/406 1294/1294/407 1295/1295/408
f 1262/1262/409 1295/1295/408 1263/1263/368
f 1296/1296/410 1297/1297/411 1298/1298/412
f 1296/1296/410 1298/1298/413 1299/1299/414
f 1300/1300/415 1296/1296/410 1299/1299/414
f 1300/1300/415 1299/1299/414 1301/1301/416
f 1302/1302/417 1303/1303/418 1304/1304/419
f 1302/1302/417 1304/1304/419 1305/1305/420
f 1306/1306/421 1307/1307/422 1308/1308/423
f 1306/1306/424 1308/1308/423 1309/1309/425
f 1310/1310/426 1311/1311/427 1312/1312/427
f 1310/1310/426 1312/1312/427 1313/1313/426
f 1314/1314/428 1315/1315/429 1316/1316/430
f 1314/1314/428 1316/1316/431 1317/1317/432
f 1318/1318/433 1319/1319/434 1320/1320/434
f 1318/1318/433 1320/1320/435 1321/1321/433
f 1322/1322/436 1323/1323/437 1324/1324/438
f 1322/1322/436 1324/1324/439 1325/1325/440
f 1326/1326/441 1327/1327/442 1328/1328/442
f 1326/1326/441 1328/1328/442 1329/1329/441
f 1330/1330/443 1331/1331/444 1332/1332/444
f 1330/1330/443 1332/1332/444 1333/1333/443
f 1334/1334/445 1335/1335/446 1336/1336/447
f 1334/1334/448 1336/1336/449 1337/1337/450
f 1338/1338/451 1339/1339/452 1340/1340/452
f 1338/1338/451 1340/1340/452 1341/1341/451
f 1342/1342/453 1343/1343/454 1344/1344/455
f 1342/1342/453 1344/1344/456 1345/1345/457
f 1346/1346/458 1347/1347/459 1348/1348/459
f 1346/1346/458 1348/1348/459 1349/1349/458
f 1339/1339/452 1326/1326/460 1329/1329/460
f 1339/1339/452 1329/1329/441 1340/1340/452
f 1350/1350/461 1351/1351/462 1352/1352/462
f 1350/1350/463 1352/1352/462 1353/1353/463
f 1354/1354/464 1314/1314/428 1317/1317/432
f 1354/1354/464 1317/1317/432 1355/1355/465
f 1356/1356/466 1357/1357/467 1358/1358/467
f 1356/1356/466 1358/1358/467 1359/1359/466
f 1327/1327/442 1360/1360/468 1361/1361/468
f 1327/1327/442 1361/1361/468 1328/1328/442
f 1362/1362/469 1363/1363/470 1364/1364/471
f 1362/1362/469 1364/1364/471 1365/1365/472
f 1366/1366/473 1356/1356/466 1359/1359/466
f 1366/1366/473 1359/1359/466 1367/1367/473
f 1368/1368/474 1366/1366/473 1367/1367/473
f 1368/1368/474 1367/1367/473 1369/1369/474
f 1357/1357/467 1370/1370/475 1371/1371/475
f 1357/1357/467 1371/1371/475 1358/1358/467
f 1372/1372/476 1373/1373/477 1374/1374/477
f 1372/1372/476 1374/1374/477 1375/1375/476
f 1376/1376/478 1377/1377/479 1378/1378/480
f 1376/1376/478 1378/1378/481 1379/1379/482
f 1380/1380/483 1381/1381/484 1382/1382/484
f 1380/1380/483 1382/1382/485 1383/1383/483
f 1384/1384/486 1385/1385/487 1386/1386/488
f 1384/1384/486 1386/1386/488 1387/1387/486
f 1388/1388/489 1389/1389/490 1390/1390/491
f 1388/1388/489 1390/1390/491 1391/1391/492
f 1392/1392/493 1393/1393/494 1394/1394/494
f 1392/1392/493 1394/1394/494 1395/1395/493
f 1396/1396/495 1397/1397/496 1398/1398/496
f 1396/1396/495 1398/1398/497 1399/1399/495
f 1400/1400/498 1401/1401/499 1402/1402/499
f 1400/1400/498 1402/1402/499 1403/1403/500
f 1360/1360/501 1368/1368/474 1369/1369/474
f 1360/1360/501 1369/1369/474 1361/1361/501
f 1404/1404/502 1380/1380/503 1383/1383/503
f 1404/1404/502 1383/1383/504 1405/1405/502
f 1351/1351/462 1338/1338/451 1341/1341/451
f 1351/1351/462 1341/1341/451 1352/1352/462
f 1315/1315/429 1406/1406/505 1407/1407/506
f 1315/1315/429 1407/1407/506 1316/1316/430
f 1370/1370/475 1408/1408/507 1409/1409/507
f 1370/1370/475 1409/1409/507 1371/1371/475
f 1410/1410/508 1411/1411/509 1412/1412/510
f 1410/1410/508 1412/1412/510 1413/1413/511
f 1363/1363/470 1414/1414/512 1415/1415/513
f 1363/1363/470 1415/1415/514 1364/1364/471
f 1416/1416/515 1396/1396/495 1399/1399/495
f 1416/1416/515 1399/1399/495 1417/1417/515
f 1418/1418/516 1419/1419/517 1420/1420/518
f 1418/1418/519 1420/1420/518 1421/1421/520
f 1408/1408/521 1422/1422/522 1423/1423/522
f 1408/1408/521 1423/1423/522 1409/1409/521
f 1414/1414/523 1424/1424/524 1425/1425/525
f 1414/1414/523 1425/1425/525 1415/1415/526
f 1385/1385/527 1426/1426/528 1427/1427/529
f 1385/1385/527 1427/1427/530 1386/1386/488
f 1428/1428/531 1322/1322/436 1325/1325/440
f 1428/1428/532 1325/1325/440 1429/1429/533
f 1430/1430/534 1431/1431/535 1432/1432/536
f 1430/1430/534 1432/1432/536 1433/1433/537
f 1397/1397/497 1404/1404/502 1405/1405/502
f 1397/1397/497 1405/1405/502 1398/1398/497
f 1434/1434/538 1435/1435/539 1436/1436/539
f 1434/1434/538 1436/1436/539 1437/1437/538
f 1438/1438/540 1439/1439/541 1440/1440/542
f 1438/1438/540 1440/1440/543 1441/1441/544
f 1442/1442/545 1400/1400/498 1403/1403/500
f 1442/1442/545 1403/1403/500 1443/1443/546
f 1444/1444/547 1445/1445/548 1446/1446/548
f 1444/1444/547 1446/1446/549 1447/1447/547
f 1389/1389/490 1448/1448/550 1449/1449/551
f 1389/1389/490 1449/1449/552 1390/1390/491
f 1419/1419/553 1450/1450/554 1451/1451/555
f 1419/1419/517 1451/1451/556 1420/1420/518
f 1452/1452/557 1453/1453/558 1454/1454/559
f 1452/1452/557 1454/1454/559 1455/1455/560
f 1456/1456/561 1457/1457/562 1458/1458/562
f 1456/1456/563 1458/1458/562 1459/1459/563
f 1460/1460/564 1461/1461/565 1462/1462/565
f 1460/1460/564 1462/1462/565 1463/1463/564
f 1464/1464/566 1442/1442/545 1443/1443/567
f 1464/1464/566 1443/1443/568 1465/1465/569
f 1466/1466/570 1467/1467/571 1468/1468/572
f 1466/1466/573 1468/1468/574 1469/1469/575
f 1470/1470/576 1471/1471/577 1472/1472/578
f 1470/1470/579 1472/1472/578 1473/1473/580
f 1474/1474/581 1475/1475/582 1476/1476/582
f 1474/1474/581 1476/1476/582 1477/1477/581
f 1439/1439/583 1478/1478/584 1479/1479/585
f 1439/1439/541 1479/1479/585 1440/1440/543
f 1467/1467/586 1480/1480/587 1481/1481/588
f 1467/1467/586 1481/1481/588 1468/1468/572
f 1377/1377/479 1482/1482/589 1483/1483/590
f 1377/1377/591 1483/1483/592 1378/1378/481
f 1426/1426/593 1484/1484/594 1485/1485/595
f 1426/1426/596 1485/1485/595 1427/1427/530
f 1461/1461/565 1444/1444/547 1447/1447/547
f 1461/1461/597 1447/1447/547 1462/1462/597
f 1381/1381/484 1486/1486/598 1487/1487/598
f 1381/1381/485 1487/1487/598 1382/1382/485
f 1343/1343/454 1418/1418/516 1421/1421/599
f 1343/1343/454 1421/1421/600 1344/1344/455
f 1475/1475/601 1434/1434/538 1437/1437/538
f 1475/1475/582 1437/1437/602 1476/1476/582
f 1484/1484/594 1488/1488/603 1489/1489/604
f 1484/1484/605 1489/1489/604 1485/1485/595
f 1486/1486/598 1460/1460/606 1463/1463/606
f 1486/1486/598 1463/1463/606 1487/1487/598
f 1457/1457/607 1474/1474/581 1477/1477/581
f 1457/1457/607 1477/1477/581 1458/1458/607
f 1445/1445/549 1490/1490/608 1491/1491/608
f 1445/1445/549 1491/1491/609 1446/1446/549
f 1307/1307/422 1430/1430/534 1433/1433/537
f 1307/1307/422 1433/1433/610 1308/1308/423
f 1492/1492/611 1452/1452/557 1455/1455/612
f 1492/1492/611 1455/1455/560 1493/1493/613
f 1494/1494/614 1495/1495/615 1496/1496/615
f 1494/1494/614 1496/1496/616 1497/1497/614
f 1424/1424/524 1464/1464/566 1465/1465/617
f 1424/1424/524 1465/1465/569 1425/1425/525
f 1406/1406/618 1498/1498/619 1499/1499/620
f 1406/1406/505 1499/1499/621 1407/1407/506
f 1500/1500/622 1501/1501/623 1502/1502/623
f 1500/1500/622 1502/1502/624 1503/1503/622
f 1411/1411/625 1438/1438/540 1441/1441/544
f 1411/1411/509 1441/1441/544 1412/1412/510
f 1504/1504/626 1505/1505/627 1506/1506/627
f 1504/1504/626 1506/1506/627 1507/1507/626
f 1508/1508/628 1509/1509/629 1510/1510/629
f 1508/1508/628 1510/1510/629 1511/1511/628
f 1501/1501/623 1512/1512/630 1513/1513/630
f 1501/1501/623 1513/1513/630 1502/1502/623
f 1514/1514/631 1515/1515/632 1516/1516/632
f 1514/1514/631 1516/1516/633 1517/1517/631
f 1518/1518/634 1470/1470/576 1473/1473/635
f 1518/1518/634 1473/1473/580 1519/1519/636
f 1482/1482/637 1520/1520/638 1521/1521/639
f 1482/1482/589 1521/1521/639 1483/1483/640
f 1478/1478/584 1388/1388/641 1391/1391/642
f 1478/1478/643 1391/1391/644 1479/1479/645
f 1522/1522/646 1523/1523/647 1524/1524/647
f 1522/1522/646 1524/1524/647 1525/1525/646
f 1505/1505/627 1526/1526/648 1527/1527/648
f 1505/1505/627 1527/1527/648 1506/1506/627
f 1512/1512/649 1494/1494/650 1497/1497/650
f 1512/1512/649 1497/1497/614 1513/1513/649
f 1528/1528/651 1518/1518/634 1519/1519/636
f 1528/1528/652 1519/1519/653 1529/1529/654
f 1530/1530/655 1334/1334/445 1337/1337/450
f 1530/1530/655 1337/1337/450 1531/1531/656
f 1515/1515/632 1504/1504/657 1507/1507/657
f 1515/1515/632 1507/1507/626 1516/1516/632
f 1523/1523/647 1500/1500/622 1503/1503/622
f 1523/1523/647 1503/1503/622 1524/1524/647
f 1532/1532/658 1530/1530/659 1531/1531/660
f 1532/1532/661 1531/1531/660 1533/1533/662
f 1495/1495/663 1514/1514/631 1517/1517/631
f 1495/1495/663 1517/1517/631 1496/1496/663
f 1534/1534/664 1535/1535/665 1536/1536/665
f 1534/1534/664 1536/1536/665 1537/1537/664
f 1488/1488/603 1492/1492/666 1493/1493/613
f 1488/1488/603 1493/1493/613 1489/1489/604
f 1538/1538/667 1539/1539/668 1540/1540/668
f 1538/1538/667 1540/1540/668 1541/1541/667
f 1542/1542/669 1310/1310/426 1313/1313/426
f 1542/1542/669 1313/1313/426 1543/1543/669
f 1453/1453/558 1410/1410/508 1413/1413/670
f 1453/1453/558 1413/1413/670 1454/1454/559
f 1526/1526/671 1544/1544/672 1545/1545/672
f 1526/1526/671 1545/1545/672 1527/1527/671
f 1546/1546/673 1532/1532/661 1533/1533/674
f 1546/1546/673 1533/1533/662 1547/1547/675
f 1422/1422/676 1416/1416/515 1417/1417/515
f 1422/1422/522 1417/1417/515 1423/1423/522
f 1450/1450/554 1354/1354/464 1355/1355/677
f 1450/1450/554 1355/1355/465 1451/1451/555
f 1548/1548/678 1538/1538/667 1541/1541/667
f 1548/1548/678 1541/1541/667 1549/1549/678
f 1490/1490/608 1550/1550/679 1551/1551/679
f 1490/1490/608 1551/1551/679 1491/1491/608
f 1435/1435/539 1522/1522/646 1525/1525/646
f 1435/1435/539 1525/1525/646 1436/1436/539
f 1550/1550/679 1456/1456/561 1459/1459/561
f 1550/1550/680 1459/1459/563 1551/1551/680
f 1544/1544/681 1548/1548/678 1549/1549/678
f 1544/1544/672 1549/1549/678 1545/1545/672
f 1509/1509/629 1346/1346/458 1349/1349/458
f 1509/1509/629 1349/1349/458 1510/1510/629
f 1552/1552/682 1553/1553/683 1554/1554/683
f 1552/1552/682 1554/1554/683 1555/1555/682
f 1556/1556/684 1557/1557/685 1558/1558/685
f 1556/1556/684 1558/1558/685 1559/1559/684
f 1448/1448/550 1560/1560/686 1561/1561/687
f 1448/1448/550 1561/1561/687 1449/1449/551
f 1562/1562/688 1563/1563/689 1564/1564/689
f 1562/1562/688 1564/1564/689 1565/1565/688
f 1566/1566/690 1528/1528/691 1529/1529/692
f 1566/1566/690 1529/1529/693 1567/1567/694
f 1335/1335/695 1362/1362/696 1365/1365/697
f 1335/1335/695 1365/1365/472 1336/1336/698
f 1331/1331/444 1508/1508/628 1511/1511/628
f 1331/1331/444 1511/1511/699 1332/1332/444
f 1568/1568/700 1569/1569/701 1570/1570/701
f 1568/1568/700 1570/1570/701 1571/1571/700
f 1563/1563/689 1556/1556/702 1559/1559/702
f 1563/1563/689 1559/1559/702 1564/1564/689
f 1319/1319/435 1330/1330/443 1333/1333/443
f 1319/1319/435 1333/1333/443 1320/1320/435
f 1572/1572/703 1573/1573/704 1574/1574/704
f 1572/1572/703 1574/1574/704 1575/1575/703
f 1323/1323/437 1376/1376/478 1379/1379/482
f 1323/1323/705 1379/1379/482 1324/1324/439
f 1569/1569/701 1384/1384/486 1387/1387/486
f 1569/1569/701 1387/1387/486 1570/1570/701
f 1535/1535/665 1392/1392/706 1395/1395/706
f 1535/1535/665 1395/1395/706 1536/1536/665
f 1401/1401/499 1534/1534/664 1537/1537/664
f 1401/1401/499 1537/1537/664 1402/1402/499
f 1347/1347/459 1576/1576/707 1577/1577/707
f 1347/1347/459 1577/1577/707 1348/1348/459
f 1573/1573/704 1372/1372/476 1375/1375/476
f 1573/1573/704 1375/1375/476 1574/1574/704
f 1393/1393/708 1572/1572/703 1575/1575/703
f 1393/1393/494 1575/1575/703 1394/1394/494
f 1553/1553/683 1578/1578/709 1579/1579/709
f 1553/1553/683 1579/1579/709 1554/1554/683
f 1520/1520/710 1306/1306/421 1309/1309/425
f 1520/1520/710 1309/1309/711 1521/1521/639
f 1373/1373/477 1580/1580/712 1581/1581/712
f 1373/1373/477 1581/1581/712 1374/1374/477
f 1560/1560/713 1582/1582/714 1583/1583/715
f 1560/1560/713 1583/1583/715 1561/1561/716
f 1539/1539/668 1318/1318/433 1321/1321/433
f 1539/1539/668 1321/1321/433 1540/1540/668
f 1431/1431/535 1566/1566/690 1567/1567/694
f 1431/1431/535 1567/1567/694 1432/1432/536
f 1580/1580/712 1542/1542/669 1543/1543/669
f 1580/1580/712 1543/1543/669 1581/1581/712
f 1582/1582/714 1466/1466/570 1469/1469/575
f 1582/1582/714 1469/1469/575 1583/1583/715
f 1557/1557/685 1552/1552/682 1555/1555/682
f 1557/1557/685 1555/1555/682 1558/1558/685
f 1498/1498/717 1428/1428/532 1429/1429/718
f 1498/1498/717 1429/1429/719 1499/1499/620
f 1584/1584/720 1350/1350/461 1353/1353/461
f 1584/1584/720 1353/1353/463 1585/1585/720
f 1576/1576/707 1562/1562/688 1565/1565/688
f 1576/1576/707 1565/1565/688 1577/1577/707
f 1471/1471/577 1546/1546/721 1547/1547/675
f 1471/1471/577 1547/1547/675 1472/1472/722
f 1311/1311/427 1584/1584/720 1585/1585/720
f 1311/1311/427 1585/1585/720 1312/1312/427
f 1480/1480/587 1342/1342/723 1345/1345/724
f 1480/1480/587 1345/1345/724 1481/1481/588
f 1578/1578/709 1568/1568/700 1571/1571/700
f 1578/1578/709 1571/1571/700 1579/1579/709
f 1588/1588/725 1586/1586/726 1587/1587/727
f 1586/1586/726 1588/1588/728 1592/1592/729
f 1592/1592/730 1588/1588/725 1591/1591/731
f 1591/1591/731 1588/1588/728 1589/1589/732
f 1591/1591/731 1589/1589/732 1590/1590/733
f 1597/1597/734 1595/1595/735 1596/1596/736
f 1595/1595/737 1597/1597/738 1594/1594/739
f 1594/1594/739 1597/1597/738 1593/1593/740
f 1593/1593/741 1597/1597/738 1598/1598/742
f 1593/1593/740 1598/1598/742 1599/1599/743
f 1601/1601/744 1597/1597/738 1600/1600/745
f 1597/1597/734 1601/1601/746 1602/1602/747
f 1597/1597/738 1602/1602/747 1598/1598/742
f 1604/1604/748 1590/1590/733 1589/1589/732
f 1590/1590/749 1604/1604/748 1603/1603/750
f 1603/1603/750 1604/1604/748 1606/1606/751
f 1606/1606/752 1604/1604/753 1605/1605/754
f 1607/1607/755 1610/1610/756 1611/1611/757
f 1610/1610/756 1607/1607/755 1609/1609/758
f 1609/1609/758 1607/1607/755 1608/1608/759
f 1617/1617/760 1615/1615/761 1616/1616/762
f 1615/1615/761 1617/1617/763 1614/1614/764
f 1614/1614/765 1617/1617/763 1612/1612/766
f 1614/1614/764 1612/1612/767 1613/1613/768
f 1590/1590/733 1619/1619/769 1591/1591/731
f 1619/1619/769 1590/1590/749 1618/1618/770
f 1618/1618/770 1590/1590/749 1603/1603/771
f 1593/1593/740 1285/1285/393 1594/1594/739
f 1285/1285/393 1593/1593/740 1292/1292/772
f 1292/1292/772 1593/1593/741 1620/1620/773
f 1621/1621/774 1624/1624/775 1625/1625/776
f 1624/1624/777 1621/1621/774 1622/1622/778
f 1624/1624/775 1622/1622/778 1623/1623/779
f 1626/1626/780 1630/1630/781 1631/1631/782
f 1630/1630/781 1626/1626/783 1629/1629/784
f 1629/1629/785 1626/1626/786 1628/1628/787
f 1628/1628/787 1626/1626/780 1627/1627/788
f 1605/1605/754 1633/1633/789 1606/1606/751
f 1633/1633/789 1605/1605/754 1632/1632/790
f 1632/1632/791 1605/1605/754 1635/1635/792
f 1635/1635/792 1605/1605/754 1634/1634/793
f 1266/1266/372 1636/1636/794 1267/1267/373
f 1636/1636/794 1269/1269/375 1272/1272/795
f 1269/1269/375 1636/1636/794 1266/1266/372
f 1639/1639/796 1637/1637/797 1638/1638/798
f 1637/1637/797 1639/1639/799 1587/1587/727
f 1637/1637/797 1587/1587/727 1586/1586/726
f 1643/1643/800 1613/1613/801 1612/1612/766
f 1613/1613/801 1643/1643/800 1640/1640/802
f 1613/1613/801 1640/1640/803 1642/1642/804
f 1642/1642/804 1640/1640/802 1641/1641/805
f 1644/1644/806 1587/1587/727 1639/1639/799
f 1587/1587/727 1644/1644/806 1645/1645/807
f 1587/1587/808 1645/1645/809 1646/1646/810
f 1276/1276/383 1284/1284/392 1273/1273/380
f 1284/1284/392 1276/1276/383 1647/1647/811
f 1284/1284/392 1647/1647/811 1648/1648/812
f 1648/1648/812 1285/1285/393 1284/1284/392
f 1285/1285/393 1648/1648/813 1595/1595/737
f 1285/1285/393 1595/1595/735 1594/1594/739
f 1651/1651/814 1649/1649/815 1650/1650/816
f 1649/1649/815 1651/1651/817 1653/1653/818
f 1653/1653/818 1651/1651/819 1652/1652/820
f 1656/1656/821 1654/1654/822 1655/1655/823
f 1654/1654/824 1656/1656/825 1657/1657/826
f 1654/1654/824 1657/1657/827 1636/1636/794
f 1654/1654/822 1636/1636/794 1271/1271/377
f 1271/1271/377 1636/1636/828 1272/1272/379
f 1654/1654/822 1281/1281/389 1658/1658/829
f 1281/1281/389 1654/1654/822 1271/1271/377
f 1281/1281/389 1271/1271/377 1270/1270/376
f 1659/1659/830 1660/1660/831 1661/1661/832
f 1660/1660/831 1659/1659/830 1630/1630/781
f 1630/1630/781 1659/1659/830 1631/1631/782
f 1662/1662/833 1646/1646/834 1645/1645/807
f 1646/1646/810 1662/1662/833 1663/1663/835
f 1646/1646/834 1663/1663/835 1665/1665/836
f 1665/1665/836 1663/1663/835 1664/1664/837
f 1298/1298/838 1667/1667/839 1299/1299/840
f 1667/1667/839 1298/1298/413 1661/1661/832
f 1667/1667/841 1661/1661/832 1666/1666/842
f 1666/1666/842 1661/1661/832 1660/1660/831
f 1586/1586/726 1669/1669/843 1637/1637/844
f 1669/1669/843 1586/1586/726 1668/1668/845
f 1668/1668/845 1586/1586/726 1592/1592/729
f 1670/1670/846 1628/1628/787 1627/1627/788
f 1628/1628/787 1670/1670/847 1672/1672/848
f 1672/1672/848 1670/1670/847 1671/1671/849
f 1673/1673/850 1264/1264/370 1278/1278/385
f 1264/1264/370 1673/1673/851 1658/1658/852
f 1264/1264/370 1658/1658/852 1281/1281/389
f 1641/1641/805 1611/1611/757 1642/1642/804
f 1611/1611/757 1641/1641/805 1305/1305/420
f 1611/1611/757 1305/1305/420 1607/1607/755
f 1607/1607/755 1305/1305/853 1304/1304/419
f 1615/1615/761 1675/1675/854 1676/1676/855
f 1675/1675/854 1615/1615/761 1674/1674/856
f 1674/1674/856 1615/1615/761 1614/1614/764
f 1652/1652/820 1677/1677/857 1653/1653/818
f 1677/1677/857 1652/1652/820 1274/1274/381
f 1274/1274/381 1652/1652/858 1275/1275/859
f 1602/1602/860 1599/1599/861 1598/1598/742
f 1599/1599/861 1602/1602/860 1678/1678/862
f 1599/1599/861 1678/1678/863 1673/1673/864
f 1599/1599/743 1673/1673/865 1277/1277/384
f 1277/1277/866 1673/1673/865 1278/1278/385
f 1664/1664/867 1621/1621/774 1665/1665/836
f 1621/1621/774 1664/1664/867 1667/1667/839
f 1621/1621/774 1667/1667/839 1666/1666/842
f 1621/1621/774 1666/1666/868 1622/1622/778
f 1622/1622/869 1666/1666/842 1679/1679/870
f 1592/1592/729 1681/1681/871 1668/1668/845
f 1681/1681/871 1592/1592/872 1680/1680/873
f 1680/1680/873 1592/1592/729 1591/1591/731
f 1680/1680/873 1591/1591/731 1619/1619/769
f 1613/1613/874 1674/1674/856 1614/1614/764
f 1674/1674/856 1613/1613/801 1682/1682/875
f 1682/1682/875 1613/1613/876 1642/1642/804
f 1682/1682/875 1642/1642/804 1610/1610/756
f 1610/1610/756 1642/1642/877 1611/1611/757
f 1634/1634/878 1596/1596/736 1635/1635/792
f 1596/1596/736 1634/1634/793 1600/1600/745
f 1596/1596/736 1600/1600/745 1597/1597/734
f 1646/1646/834 1588/1588/725 1587/1587/727
f 1588/1588/728 1646/1646/834 1665/1665/836
f 1588/1588/725 1665/1665/879 1625/1625/776
f 1625/1625/880 1665/1665/879 1621/1621/774
f 1628/1628/787 1683/1683/881 1629/1629/784
f 1683/1683/881 1628/1628/787 1616/1616/762
f 1616/1616/762 1628/1628/787 1672/1672/848
f 1616/1616/762 1672/1672/848 1617/1617/763
f 1679/1679/870 1623/1623/779 1622/1622/778
f 1623/1623/779 1679/1679/870 1683/1683/881
f 1623/1623/779 1683/1683/881 1684/1684/882
f 1610/1610/756 1686/1686/883 1682/1682/875
f 1686/1686/883 1610/1610/756 1685/1685/884
f 1685/1685/885 1610/1610/756 1609/1609/758
f 1671/1671/849 1617/1617/760 1672/1672/886
f 1617/1617/760 1671/1671/849 1687/1687/887
f 1617/1617/763 1687/1687/887 1612/1612/766
f 1612/1612/767 1687/1687/887 1643/1643/800
f 1599/1599/888 1620/1620/773 1593/1593/889
f 1620/1620/773 1599/1599/743 1295/1295/890
f 1295/1295/891 1599/1599/892 1263/1263/368
f 1263/1263/368 1599/1599/888 1277/1277/384
f 1688/1688/893 1602/1602/747 1601/1601/744
f 1602/1602/747 1688/1688/893 1656/1656/825
f 1602/1602/747 1656/1656/825 1678/1678/862
f 1678/1678/862 1656/1656/825 1655/1655/823
f 1623/1623/779 1604/1604/748 1624/1624/775
f 1604/1604/748 1623/1623/779 1605/1605/894
f 1605/1605/894 1623/1623/779 1684/1684/882
f 1605/1605/754 1684/1684/895 1634/1634/878
f 1634/1634/878 1684/1684/895 1676/1676/855
f 1634/1634/878 1676/1676/855 1600/1600/745
f 1600/1600/745 1676/1676/855 1675/1675/896
f 1600/1600/745 1675/1675/896 1601/1601/897
f 1601/1601/746 1675/1675/896 1689/1689/898
f 1601/1601/744 1689/1689/898 1688/1688/893
f 1674/1674/856 1689/1689/898 1675/1675/896
f 1689/1689/898 1674/1674/856 1690/1690/899
f 1690/1690/899 1674/1674/900 1682/1682/901
f 1690/1690/899 1682/1682/901 1686/1686/883
f 1685/1685/902 1690/1690/899 1686/1686/903
f 1690/1690/899 1685/1685/902 1657/1657/826
f 1657/1657/827 1685/1685/884 1636/1636/794
f 1636/1636/794 1685/1685/885 1268/1268/374
f 1636/1636/794 1268/1268/904 1267/1267/905
f 1660/1660/831 1679/1679/870 1666/1666/868
f 1679/1679/870 1660/1660/831 1630/1630/781
f 1679/1679/870 1630/1630/781 1683/1683/881
f 1683/1683/881 1630/1630/781 1629/1629/785
f 1690/1690/899 1688/1688/893 1689/1689/898
f 1688/1688/893 1690/1690/899 1656/1656/825
f 1656/1656/906 1690/1690/899 1657/1657/826
f 1616/1616/762 1684/1684/882 1683/1683/881
f 1684/1684/895 1616/1616/762 1676/1676/855
f 1676/1676/855 1616/1616/762 1615/1615/907
f 1619/1619/908 1691/1691/909 1680/1680/873
f 1691/1691/909 1619/1619/769 1650/1650/816
f 1650/1650/816 1619/1619/908 1618/1618/770
f 1650/1650/816 1618/1618/770 1651/1651/819
f 1608/1608/759 1685/1685/902 1609/1609/758
f 1685/1685/884 1608/1608/759 1268/1268/374
f 1268/1268/374 1608/1608/759 1265/1265/371
f 1265/1265/396 1608/1608/759 1288/1288/398
f 1632/1632/910 1648/1648/812 1647/1647/911
f 1648/1648/812 1632/1632/910 1635/1635/792
f 1648/1648/812 1635/1635/912 1595/1595/735
f 1595/1595/735 1635/1635/912 1596/1596/736
f 1655/1655/823 1673/1673/850 1678/1678/863
f 1673/1673/865 1655/1655/823 1654/1654/822
f 1673/1673/851 1654/1654/824 1658/1658/829
f 1301/1301/416 1664/1664/837 1663/1663/835
f 1664/1664/867 1301/1301/416 1299/1299/913
f 1664/1664/914 1299/1299/913 1667/1667/839
f 1625/1625/776 1589/1589/915 1588/1588/916
f 1589/1589/915 1625/1625/776 1624/1624/775
f 1589/1589/732 1624/1624/775 1604/1604/753
f 1633/1633/917 1276/1276/383 1275/1275/382
f 1276/1276/383 1633/1633/789 1647/1647/911
f 1647/1647/811 1633/1633/789 1632/1632/791
f 1603/1603/771 1651/1651/819 1618/1618/770
f 1651/1651/819 1603/1603/918 1652/1652/858
f 1652/1652/820 1603/1603/918 1275/1275/859
f 1275/1275/382 1603/1603/918 1606/1606/752
f 1275/1275/382 1606/1606/751 1633/1633/789
f 1640/1640/803 1692/1692/919 1693/1693/920
f 1692/1692/919 1640/1640/803 1687/1687/887
f 1687/1687/921 1640/1640/922 1643/1643/800
f 1694/1694/923 1298/1298/838 1297/1297/411
f 1298/1298/838 1694/1694/923 1661/1661/832
f 1661/1661/832 1694/1694/923 1659/1659/830
f 1687/1687/887 1695/1695/924 1692/1692/919
f 1695/1695/925 1687/1687/887 1670/1670/847
f 1670/1670/926 1687/1687/927 1671/1671/849
f 1691/1691/909 1696/1696/928 1697/1697/929
f 1696/1696/928 1691/1691/909 1650/1650/816
f 1696/1696/930 1650/1650/816 1649/1649/931
f 1662/1662/833 1698/1698/932 1699/1699/933
f 1698/1698/934 1662/1662/833 1645/1645/807
f 1698/1698/934 1645/1645/807 1644/1644/935
f 1670/1670/847 1700/1700/936 1695/1695/925
f 1700/1700/937 1670/1670/847 1626/1626/938
f 1626/1626/938 1670/1670/939 1627/1627/788
f 1303/1303/418 1607/1607/755 1304/1304/419
f 1607/1607/755 1303/1303/418 1608/1608/759
f 1608/1608/759 1303/1303/418 1289/1289/399
f 1608/1608/759 1289/1289/399 1288/1288/398
f 1701/1701/940 1266/1266/372 1287/1287/941
f 1266/1266/942 1701/1701/940 1269/1269/375
f 1269/1269/375 1701/1701/940 1293/1293/404
f 1292/1292/772 1294/1294/407 1291/1291/401
f 1294/1294/407 1292/1292/772 1295/1295/891
f 1295/1295/891 1292/1292/772 1620/1620/773
f 1681/1681/871 1697/1697/929 1702/1702/943
f 1697/1697/944 1681/1681/871 1680/1680/873
f 1697/1697/945 1680/1680/873 1691/1691/909
f 1626/1626/938 1694/1694/923 1700/1700/937
f 1694/1694/923 1626/1626/783 1659/1659/830
f 1659/1659/830 1626/1626/938 1631/1631/782
f 1637/1637/797 1704/1704/946 1638/1638/798
f 1704/1704/946 1637/1637/844 1703/1703/947
f 1703/1703/948 1637/1637/797 1669/1669/843
f 1669/1669/843 1702/1702/943 1703/1703/948
f 1702/1702/943 1669/1669/843 1668/1668/949
f 1702/1702/943 1668/1668/845 1681/1681/871
f 1300/1300/415 1662/1662/833 1699/1699/933
f 1662/1662/950 1300/1300/415 1663/1663/835
f 1663/1663/835 1300/1300/415 1301/1301/416
f 1649/1649/815 1705/1705/951 1696/1696/928
f 1705/1705/951 1649/1649/931 1653/1653/818
f 1705/1705/951 1653/1653/818 1677/1677/857
f 1644/1644/806 1706/1706/952 1698/1698/934
f 1706/1706/952 1644/1644/806 1639/1639/799
f 1706/1706/952 1639/1639/799 1638/1638/798
f 1706/1706/952 1638/1638/798 1704/1704/953
f 1677/1677/857 1290/1290/954 1705/1705/955
f 1290/1290/954 1677/1677/857 1273/1273/380
f 1273/1273/956 1677/1677/957 1274/1274/381
f 1693/1693/920 1641/1641/805 1640/1640/803
f 1641/1641/805 1693/1693/920 1305/1305/420
f 1305/1305/420 1693/1693/920 1302/1302/417
f 1777/1777/958 1778/1778/959 1779/1779/603
f 1707/1707/593 1779/1779/603 1780/1780/594
f 1779/1779/603 1707/1707/528 1708/1708/960
f 1779/1779/603 1708/1708/960 1777/1777/557
f 1777/1777/958 1708/1708/960 1776/1776/558
f 1776/1776/558 1708/1708/960 1775/1775/961
f 1775/1775/508 1708/1708/960 1774/1774/625
f 1774/1774/509 1708/1708/960 1773/1773/962
f 1773/1773/540 1708/1708/960 1772/1772/583
f 1772/1772/583 1708/1708/960 1771/1771/643
f 1771/1771/584 1708/1708/960 1770/1770/489
f 1770/1770/963 1708/1708/960 1769/1769/490
f 1769/1769/490 1708/1708/960 1768/1768/550
f 1768/1768/550 1708/1708/960 1767/1767/713
f 1767/1767/713 1708/1708/960 1766/1766/714
f 1766/1766/714 1708/1708/960 1765/1765/570
f 1765/1765/573 1708/1708/960 1764/1764/571
f 1764/1764/964 1708/1708/960 1763/1763/587
f 1763/1763/587 1708/1708/965 1709/1709/966
f 1763/1763/587 1709/1709/966 1762/1762/453
f 1762/1762/723 1709/1709/967 1710/1710/967
f 1762/1762/453 1710/1710/967 1711/1711/967
f 1762/1762/723 1711/1711/967 1712/1712/967
f 1762/1762/453 1712/1712/966 1761/1761/968
f 1761/1761/454 1712/1712/967 1713/1713/967
f 1761/1761/969 1713/1713/966 1714/1714/966
f 1761/1761/969 1714/1714/966 1760/1760/516
f 1760/1760/516 1714/1714/967 1715/1715/967
f 1760/1760/516 1715/1715/966 1759/1759/517
f 1759/1759/970 1715/1715/966 1758/1758/971
f 1758/1758/972 1715/1715/967 1716/1716/967
f 1758/1758/973 1716/1716/966 1757/1757/464
f 1757/1757/464 1716/1716/967 1756/1756/428
f 1756/1756/428 1716/1716/967 1755/1755/429
f 1755/1755/429 1716/1716/966 1717/1717/966
f 1755/1755/429 1717/1717/966 1754/1754/505
f 1754/1754/974 1717/1717/966 1753/1753/717
f 1753/1753/619 1717/1717/966 1752/1752/975
f 1752/1752/531 1717/1717/966 1718/1718/966
f 1752/1752/531 1718/1718/966 1719/1719/966
f 1752/1752/531 1719/1719/966 1751/1751/436
f 1751/1751/436 1719/1719/966 1720/1720/966
f 1751/1751/436 1720/1720/966 1750/1750/705
f 1750/1750/705 1720/1720/966 1721/1721/966
f 1750/1750/705 1721/1721/966 1749/1749/976
f 1749/1749/976 1721/1721/966 1748/1748/479
f 1748/1748/977 1721/1721/966 1722/1722/966
f 1748/1748/978 1722/1722/967 1747/1747/589
f 1747/1747/637 1722/1722/966 1746/1746/638
f 1746/1746/638 1722/1722/967 1723/1723/967
f 1746/1746/638 1723/1723/966 1724/1724/966
f 1746/1746/710 1724/1724/966 1725/1725/979
f 1746/1746/710 1725/1725/979 1726/1726/545
f 1746/1746/710 1726/1726/545 1745/1745/980
f 1745/1745/980 1726/1726/981 1744/1744/982
f 1744/1744/422 1726/1726/545 1743/1743/534
f 1743/1743/534 1726/1726/545 1742/1742/535
f 1742/1742/535 1726/1726/545 1741/1741/690
f 1741/1741/690 1726/1726/545 1740/1740/651
f 1740/1740/691 1726/1726/545 1739/1739/634
f 1739/1739/634 1726/1726/545 1735/1735/661
f 1739/1739/634 1735/1735/983 1736/1736/721
f 1735/1735/983 1726/1726/981 1734/1734/659
f 1734/1734/984 1726/1726/545 1732/1732/695
f 1734/1734/655 1732/1732/695 1733/1733/445
f 1732/1732/446 1726/1726/545 1731/1731/469
f 1731/1731/469 1726/1726/545 1730/1730/470
f 1730/1730/470 1726/1726/545 1727/1727/985
f 1730/1730/986 1727/1727/987 1729/1729/523
f 1729/1729/512 1727/1727/985 1728/1728/524
f 1736/1736/721 1738/1738/988 1739/1739/989
f 1738/1738/579 1736/1736/673 1737/1737/577
f 1815/1815/990 1813/1813/991 1814/1814/990
f 1867/1867/991 1870/1870/991 1866/1866/991
f 1870/1870/992 1867/1867/991 1869/1869/990
f 1869/1869/991 1867/1867/990 1868/1868/991
f 1804/1804/991 1802/1802/991 1803/1803/991
f 1802/1802/991 1804/1804/991 1805/1805/991
f 1802/1802/991 1805/1805/991 1800/1800/991
f 1800/1800/990 1805/1805/990 1707/1707/593
f 1707/1707/528 1805/1805/990 1806/1806/990
f 1707/1707/593 1806/1806/991 1708/1708/960
f 1708/1708/960 1806/1806/990 1807/1807/990
f 1708/1708/960 1807/1807/990 1808/1808/990
f 1708/1708/960 1808/1808/990 1809/1809/990
f 1708/1708/960 1809/1809/990 1810/1810/990
f 1708/1708/960 1810/1810/991 1811/1811/991
f 1708/1708/960 1811/1811/991 1812/1812/991
f 1708/1708/960 1812/1812/991 1813/1813/991
f 1708/1708/960 1813/1813/990 1815/1815/990
f 1708/1708/960 1815/1815/991 1816/1816/991
f 1708/1708/960 1816/1816/990 1817/1817/990
f 1708/1708/960 1817/1817/991 1818/1818/991
f 1708/1708/960 1818/1818/991 1819/1819/991
f 1708/1708/960 1819/1819/991 1820/1820/991
f 1708/1708/960 1820/1820/990 1821/1821/990
f 1708/1708/960 1821/1821/990 1822/1822/990
f 1708/1708/960 1822/1822/990 1823/1823/990
f 1708/1708/960 1823/1823/990 1824/1824/990
f 1708/1708/960 1824/1824/993 1799/1799/994
f 1799/1799/991 1824/1824/991 1798/1798/991
f 1798/1798/990 1824/1824/990 1797/1797/990
f 1797/1797/990 1824/1824/990 1796/1796/990
f 1796/1796/991 1824/1824/991 1825/1825/991
f 1796/1796/991 1825/1825/990 1826/1826/991
f 1796/1796/990 1826/1826/990 1795/1795/990
f 1795/1795/991 1826/1826/991 1794/1794/991
f 1794/1794/991 1826/1826/991 1827/1827/991
f 1794/1794/991 1827/1827/991 1828/1828/991
f 1794/1794/990 1828/1828/990 1829/1829/990
f 1794/1794/990 1829/1829/990 1830/1830/990
f 1794/1794/991 1830/1830/991 1831/1831/991
f 1794/1794/991 1831/1831/991 1793/1793/991
f 1793/1793/990 1831/1831/990 1832/1832/990
f 1793/1793/991 1832/1832/991 1833/1833/991
f 1793/1793/990 1833/1833/990 1792/1792/990
f 1792/1792/990 1833/1833/990 1834/1834/990
f 1792/1792/991 1834/1834/991 1835/1835/991
f 1792/1792/991 1835/1835/991 1836/1836/991
f 1792/1792/991 1836/1836/991 1791/1791/991
f 1791/1791/991 1836/1836/991 1837/1837/991
f 1791/1791/991 1837/1837/991 1838/1838/991
f 1791/1791/991 1838/1838/990 1839/1839/990
f 1791/1791/990 1839/1839/990 1790/1790/990
f 1790/1790/991 1839/1839/991 1840/1840/991
f 1790/1790/991 1840/1840/991 1841/1841/991
f 1790/1790/991 1841/1841/991 1842/1842/991
f 1790/1790/990 1842/1842/990 1789/1789/990
f 1789/1789/990 1842/1842/990 1843/1843/990
f 1789/1789/990 1843/1843/990 1788/1788/990
f 1788/1788/991 1843/1843/991 1844/1844/991
f 1788/1788/990 1844/1844/990 1787/1787/990
f 1787/1787/991 1844/1844/991 1845/1845/991
f 1787/1787/991 1845/1845/991 1786/1786/991
f 1786/1786/990 1845/1845/990 1846/1846/990
f 1786/1786/990 1846/1846/990 1785/1785/990
f 1785/1785/991 1846/1846/991 1725/1725/979
f 1725/1725/979 1846/1846/991 1726/1726/545
f 1726/1726/545 1846/1846/991 1847/1847/991
f 1726/1726/545 1847/1847/991 1848/1848/991
f 1726/1726/545 1848/1848/991 1849/1849/991
f 1726/1726/545 1849/1849/990 1850/1850/991
f 1726/1726/545 1850/1850/991 1851/1851/991
f 1726/1726/545 1851/1851/991 1852/1852/991
f 1726/1726/545 1852/1852/991 1853/1853/990
f 1726/1726/545 1853/1853/991 1854/1854/990
f 1726/1726/545 1854/1854/991 1855/1855/991
f 1726/1726/545 1855/1855/991 1856/1856/991
f 1726/1726/545 1856/1856/990 1861/1861/990
f 1861/1861/991 1856/1856/991 1857/1857/990
f 1861/1861/990 1857/1857/991 1858/1858/990
f 1861/1861/991 1858/1858/991 1859/1859/991
f 1861/1861/991 1859/1859/990 1860/1860/991
f 1726/1726/545 1861/1861/991 1862/1862/991
f 1726/1726/545 1862/1862/991 1863/1863/991
f 1726/1726/545 1863/1863/991 1864/1864/991
f 1726/1726/545 1864/1864/990 1865/1865/991
f 1726/1726/545 1865/1865/990 1872/1872/990
f 1872/1872/991 1865/1865/990 1866/1866/990
f 1872/1872/991 1866/1866/991 1870/1870/990
f 1872/1872/990 1870/1870/991 1871/1871/990
f 1726/1726/545 1872/1872/991 1873/1873/991
f 1726/1726/545 1873/1873/991 1874/1874/991
f 1726/1726/545 1874/1874/990 1875/1875/990
f 1726/1726/545 1875/1875/990 1876/1876/990
f 1726/1726/545 1876/1876/991 1877/1877/990
f 1726/1726/545 1877/1877/990 1781/1781/990
f 1781/1781/991 1877/1877/991 1878/1878/991
f 1781/1781/990 1878/1878/990 1879/1879/990
f 1726/1726/545 1781/1781/990 1782/1782/990
f 1726/1726/545 1782/1782/991 1784/1784/991
f 1784/1784/991 1782/1782/991 1783/1783/991
f 1800/1800/991 1801/1801/991 1802/1802/991
f 2004/2004/995 2002/2002/995 2003/2003/995
f 2007/2007/604 2005/2005/529 2006/2006/996
f 2009/2009/560 2007/2007/604 2008/2008/997
f 1989/1989/995 1990/1990/995 1991/1991/995
f 2002/2002/995 2000/2000/995 2001/2001/995
f 2000/2000/995 2002/2002/995 1999/1999/995
f 1999/1999/995 2002/2002/995 2004/2004/995
f 1999/1999/995 2004/2004/995 2005/2005/530
f 1999/1999/995 2005/2005/998 1998/1998/995
f 1998/1998/995 2005/2005/529 2007/2007/999
f 1998/1998/995 2007/2007/999 2009/2009/560
f 1998/1998/995 2009/2009/560 2010/2010/559
f 1998/1998/995 2010/2010/559 1997/1997/995
f 1997/1997/995 2010/2010/1000 1996/1996/995
f 1996/1996/995 2010/2010/559 1995/1995/995
f 1995/1995/995 2010/2010/559 1994/1994/995
f 1994/1994/995 2010/2010/559 2011/2011/670
f 1994/1994/995 2011/2011/1001 1993/1993/995
f 1993/1993/995 2011/2011/511 2012/2012/510
f 1993/1993/995 2012/2012/510 2013/2013/544
f 1993/1993/995 2013/2013/544 1992/1992/995
f 1992/1992/995 2013/2013/544 2014/2014/543
f 1992/1992/995 2014/2014/543 1991/1991/995
f 1991/1991/995 2014/2014/543 1989/1989/995
f 1989/1989/995 2014/2014/543 1988/1988/995
f 1988/1988/995 2014/2014/543 1987/1987/995
f 1987/1987/995 2014/2014/543 1986/1986/995
f 1986/1986/995 2014/2014/542 2015/2015/1002
f 1986/1986/995 2015/2015/645 2016/2016/642
f 1986/1986/995 2016/2016/642 1985/1985/995
f 1985/1985/995 2016/2016/642 1984/1984/995
f 1984/1984/995 2016/2016/492 2017/2017/491
f 1984/1984/995 2017/2017/491 2018/2018/1003
f 1984/1984/995 2018/2018/551 1983/1983/995
f 1983/1983/995 2018/2018/1003 2019/2019/687
f 1983/1983/995 2019/2019/687 1982/1982/995
f 1982/1982/995 2019/2019/687 1880/1880/715
f 1982/1982/995 1880/1880/1004 1881/1881/575
f 1982/1982/995 1881/1881/575 1981/1981/995
f 1981/1981/995 1881/1881/575 1882/1882/574
f 1981/1981/995 1882/1882/574 1883/1883/588
f 1981/1981/995 1883/1883/1005 1980/1980/995
f 1980/1980/995 1883/1883/588 1884/1884/724
f 1980/1980/995 1884/1884/724 1885/1885/456
f 1980/1980/995 1885/1885/455 1979/1979/995
f 1979/1979/995 1885/1885/455 1978/1978/995
f 1978/1978/995 1885/1885/455 1886/1886/600
f 1978/1978/995 1886/1886/600 1977/1977/995
f 1977/1977/995 1886/1886/520 1887/1887/518
f 1977/1977/995 1887/1887/518 1976/1976/995
f 1976/1976/995 1887/1887/1006 1975/1975/995
f 1975/1975/995 1887/1887/518 1974/1974/995
f 1974/1974/995 1887/1887/518 1888/1888/1007
f 1974/1974/995 1888/1888/1008 1973/1973/995
f 1973/1973/995 1888/1888/556 1972/1972/995
f 1972/1972/995 1888/1888/1007 1889/1889/677
f 1972/1972/995 1889/1889/1009 1971/1971/995
f 1971/1971/995 1889/1889/677 1890/1890/1010
f 1971/1971/995 1890/1890/1010 1891/1891/430
f 1971/1971/995 1891/1891/430 1892/1892/1011
f 1971/1971/995 1892/1892/1011 1970/1970/995
f 1970/1970/995 1892/1892/1011 1893/1893/620
f 1970/1970/995 1893/1893/621 1969/1969/995
f 1969/1969/995 1893/1893/620 1968/1968/995
f 1968/1968/995 1893/1893/620 1894/1894/1012
f 1968/1968/995 1894/1894/1013 1967/1967/995
f 1967/1967/995 1894/1894/1012 1966/1966/995
f 1966/1966/995 1894/1894/1013 1965/1965/995
f 1965/1965/995 1894/1894/1012 1964/1964/995
f 1964/1964/995 1894/1894/1013 1895/1895/440
f 1964/1964/995 1895/1895/440 1963/1963/995
f 1963/1963/995 1895/1895/440 1962/1962/995
f 1962/1962/995 1895/1895/1014 1896/1896/439
f 1962/1962/995 1896/1896/439 1897/1897/1015
f 1962/1962/995 1897/1897/482 1961/1961/995
f 1961/1961/995 1897/1897/482 1898/1898/481
f 1961/1961/995 1898/1898/481 1960/1960/995
f 1960/1960/995 1898/1898/481 1899/1899/590
f 1960/1960/995 1899/1899/590 1959/1959/995
f 1959/1959/995 1899/1899/590 1900/1900/639
f 1959/1959/995 1900/1900/1016 1958/1958/995
f 1958/1958/995 1900/1900/1017 1901/1901/711
f 1958/1958/995 1901/1901/1018 1957/1957/995
f 1957/1957/995 1901/1901/1018 1956/1956/995
f 1956/1956/995 1901/1901/711 1955/1955/995
f 1955/1955/995 1901/1901/711 1902/1902/1019
f 1955/1955/995 1902/1902/423 1954/1954/995
f 1954/1954/995 1902/1902/1019 1953/1953/995
f 1953/1953/995 1902/1902/423 1903/1903/1020
f 1953/1953/995 1903/1903/1020 1904/1904/536
f 1953/1953/995 1904/1904/1021 1952/1952/995
f 1952/1952/995 1904/1904/1021 1951/1951/995
f 1951/1951/995 1904/1904/536 1950/1950/995
f 1950/1950/995 1904/1904/536 1949/1949/995
f 1949/1949/995 1904/1904/536 1905/1905/1022
f 1949/1949/1023 1905/1905/694 1948/1948/1023
f 1948/1948/1024 1905/1905/694 1947/1947/1024
f 1947/1947/995 1905/1905/1025 1946/1946/995
f 1946/1946/995 1905/1905/694 1906/1906/654
f 1946/1946/995 1906/1906/1026 1945/1945/995
f 1945/1945/995 1906/1906/1026 1944/1944/995
f 1944/1944/995 1906/1906/1027 1943/1943/995
f 1943/1943/995 1906/1906/1026 1942/1942/995
f 1942/1942/995 1906/1906/1026 1941/1941/995
f 1941/1941/995 1906/1906/1026 1907/1907/653
f 1941/1941/995 1907/1907/636 1940/1940/995
f 1940/1940/995 1907/1907/636 1939/1939/995
f 1939/1939/995 1907/1907/636 1938/1938/995
f 1938/1938/995 1907/1907/653 1908/1908/635
f 1938/1938/995 1908/1908/580 1934/1934/995
f 1934/1934/995 1908/1908/1028 1933/1933/995
f 1933/1933/995 1908/1908/1028 1932/1932/995
f 1932/1932/995 1908/1908/580 1910/1910/675
f 1932/1932/995 1910/1910/1029 1931/1931/995
f 1910/1910/675 1908/1908/580 1909/1909/722
f 1916/1916/1030 1919/1919/569 1920/1920/568
f 1919/1919/617 1916/1916/1031 1917/1917/513
f 1919/1919/569 1917/1917/513 1918/1918/525
f 1910/1910/675 1930/1930/995 1931/1931/995
f 1930/1930/995 1910/1910/1032 1911/1911/662
f 1930/1930/995 1911/1911/674 1929/1929/995
f 1929/1929/995 1911/1911/674 1912/1912/660
f 1929/1929/995 1912/1912/656 1928/1928/995
f 1928/1928/995 1912/1912/660 1927/1927/995
f 1927/1927/995 1912/1912/656 1913/1913/1033
f 1927/1927/995 1913/1913/450 1914/1914/449
f 1927/1927/995 1914/1914/449 1926/1926/995
f 1926/1926/995 1914/1914/1034 1925/1925/995
f 1925/1925/995 1914/1914/449 1915/1915/472
f 1925/1925/995 1915/1915/472 1924/1924/995
f 1924/1924/995 1915/1915/697 1920/1920/546
f 1924/1924/995 1920/1920/567 1923/1923/995
f 1920/1920/546 1915/1915/1035 1916/1916/1031
f 1923/1923/995 1920/1920/568 1921/1921/995
f 1923/1923/995 1921/1921/995 1922/1922/995
f 1934/1934/995 1937/1937/995 1938/1938/995
f 1937/1937/995 1934/1934/995 1935/1935/995
f 1937/1937/995 1935/1935/995 1936/1936/995
