# File generated by ImageToStl.com - Free Image and 3D model conversion tools

mtllib umamusume_ice_cream_03.mtl

o obj1
v 0.00541898 0.02517671 -0.01852846
v 0.00524824 0.02473357 -0.01516597
v 0.01444017 0.02038276 -0.01411407
v -0.00502379 0.02663041 -0.01679087
v -0.00488869 0.02597016 -0.02001334
v -0.01216791 0.02295992 -0.02028637
v -0.01305229 0.02291997 -0.01775972
v -0.02018253 0.01745719 -0.0183811
v -0.00416938 0.02451601 -0.02072746
v 0.00550966 0.02499067 -0.01947019
v 0.01554995 0.02091208 -0.01703756
v 0.0207993 0.01380814 -0.01415782
v -0.01920754 0.01726406 -0.02095541
v -0.02335184 0.01074441 -0.02137743
v -0.02437301 0.01091127 -0.01874298
v -0.01779161 0.01656409 -0.0227902
v -0.01098397 0.02196589 -0.0215425
v -0.02532887 0.00230751 -0.02207911
v -0.02654053 0.00245755 -0.01836857
v -0.02563588 -0.0066507 -0.02337594
v -0.02568381 -0.00681594 -0.01879135
v -0.0215478 -0.00582402 -0.02529884
v -0.02094824 0.01059407 -0.0231155
v -0.02148275 0.00262388 -0.02407844
v -0.02394322 -0.00523723 -0.0298632
v -0.02205823 0.01138174 -0.02409798
v -0.02392354 0.00336385 -0.02663705
v -0.01844235 0.01797897 -0.02336999
v -0.02741972 0.00431003 -0.02990867
v -0.02757628 -0.00518638 -0.03463885
v -0.02376774 0.01254622 -0.02555047
v -0.02525175 0.00424991 -0.03606751
v -0.02391566 -0.00421719 -0.03984259
v -0.01802851 0.01897702 -0.02868584
v -0.02396906 0.00438801 -0.04271637
v -0.02102405 -0.00438445 -0.04507406
v -0.02050492 0.00294282 -0.04344482
v -0.0226206 -0.00430675 -0.04695553
v -0.02288194 0.01262461 -0.03197737
v -0.0226432 0.01367835 -0.0382363
v -0.01837295 0.02107248 -0.03366882
v -0.01122244 0.02394268 -0.02561313
v -0.02151806 0.00507922 -0.04861023
v -0.02277801 -0.00229597 -0.05290129
v -0.02435251 0.00772469 -0.05339648
v -0.02485938 -0.00058848 -0.05842565
v -0.00353828 0.02562079 -0.02219487
v -0.00284218 0.02786321 -0.02535964
v -0.01159914 0.02609743 -0.02967725
v -0.0150442 0.01752377 -0.03743376
v 0.00689684 0.02640963 -0.02053113
v 0.00024984 0.02592604 -0.02977823
v 0.01639592 0.02123098 -0.02296432
v -0.01813986 0.00972682 -0.0410159
v -0.01240254 0.01552232 -0.04143517
v -0.00822187 0.02289616 -0.03368505
v 0.00886268 0.02487844 -0.02597507
v -0.01693353 0.0089975 -0.0424043
v -0.01754438 0.01098519 -0.04424778
v 0.00186756 0.02583406 -0.03512837
v -0.00687749 0.02109474 -0.03885841
v 0.00190771 0.02202083 -0.03734065
v 0.01049239 0.02515369 -0.03132783
v 0.01798028 0.02170877 -0.02793177
v -0.00664234 0.0204918 -0.03962257
v -0.01434901 0.01869761 -0.04269951
v -0.0205526 0.01436366 -0.04764222
v 0.02183266 0.01524503 -0.02087757
v -0.01179357 0.01921195 -0.04883498
v -0.02016813 0.00728237 -0.0581753
v -0.01962958 -0.00078775 -0.06217956
v -0.01727189 0.00754991 -0.06441646
v -0.0159331 -0.00078047 -0.06604697
v -0.02101009 0.00069784 -0.06953768
v -0.01740356 0.01395452 -0.05368124
v 0.02533814 0.00767418 -0.0191843
v 0.02370811 0.00708586 -0.01444125
v 0.02387232 0.00031943 -0.01415643
v -0.01699797 0.00988662 -0.07031121
v -0.01958012 0.00261682 -0.07549918
v -0.01776567 0.01299596 -0.0761069
v -0.02009408 0.00481711 -0.08146232
v -0.01501094 0.0043237 -0.0836793
v -0.01051339 0.02137341 -0.05506255
v -0.01569736 0.01474184 -0.06012729
v -0.01156879 0.01114828 -0.06183583
v -0.01147299 0.01464746 -0.06556244
v -0.00666132 0.01736233 -0.05762682
v -0.0044733 0.02190966 -0.04509098
v -0.00444331 0.0155184 -0.06002315
v -0.00308923 0.02506833 -0.04986098
v 0.00339487 0.02326212 -0.04066056
v 0.00544529 0.02595563 -0.04484472
v -0.00065784 0.02110672 -0.054057
v 0.01047592 0.02062026 -0.03773703
v 0.00648155 0.022373 -0.04975795
v 0.0136641 0.0226356 -0.04085504
v 0.0083831 0.02114362 -0.05554547
v 0.00182227 0.01871553 -0.05808531
v 0.01229177 0.01685962 -0.05521594
v 0.00317525 0.02105204 -0.05942828
v 0.00608887 0.0202121 -0.06498068
v -0.00447685 0.0215595 -0.06442674
v 0.01381366 0.02013916 -0.04660474
v 0.01525937 0.01998183 -0.05274058
v 0.02147266 0.0157156 -0.05009507
v 0.02009026 0.01524246 -0.04399625
v -0.01211942 0.01888177 -0.0702117
v -0.00877511 0.01754226 -0.07506876
v -0.00203294 0.02073822 -0.06997827
v 0.02016072 0.0165231 -0.03780849
v 0.02340759 0.00881705 -0.03496917
v 0.02400197 0.00852016 -0.04189602
v 0.01711572 0.01454311 -0.03538339
v -0.01332559 0.01182346 -0.07973026
v -0.01014474 0.01189831 -0.08262346
v -0.01017554 0.00455805 -0.08475476
v 3.71E-05 0.02183748 -0.07579577
v -0.00670037 0.01776706 -0.08000522
v -0.00867426 0.01081787 -0.08338425
v -0.01028945 0.01332879 -0.08821211
v -0.0108457 0.00412525 -0.08849919
v -0.00558072 0.01591839 -0.08100105
v 0.00174379 0.01751885 -0.07750644
v 0.00855446 0.02212161 -0.07027043
v -0.01029482 0.00991586 -0.09606621
v -0.01042842 0.00192997 -0.09578109
v -0.00803087 0.00166024 -0.10280361
v 0.00266363 0.01567487 -0.07859131
v 0.00846588 0.01757743 -0.07368158
v 0.00072791 0.01623084 -0.08388277
v 0.00771699 0.01548279 -0.07733909
v 0.0163701 0.01885263 -0.06522613
v 0.01518968 0.01554762 -0.07005449
v 0.01505336 0.01349035 -0.07512771
v 0.01365326 0.01681881 -0.06078133
v 0.01896024 0.0114699 -0.05810084
v 0.02203597 0.01253536 -0.06156525
v 0.02010242 0.01034311 -0.06724146
v 0.01365195 0.01105771 -0.07572385
v 0.01002287 0.01624275 -0.07882977
v 0.02005354 0.00940904 -0.07356293
v 0.02268623 0.00321131 -0.06473181
v 0.02414023 0.0040715 -0.05863649
v 0.02325921 0.0027389 -0.07094905
v 0.01701063 0.01136426 -0.05514093
v 0.02009507 0.00620376 -0.05539903
v 0.02169519 -0.00211662 -0.05486155
v 0.02198688 0.00685142 -0.05115769
v 0.01844248 0.01284509 -0.05247508
v 0.02310221 -0.00301441 -0.05609797
v 0.02244911 -0.00463397 -0.06198668
v 0.02631302 0.00906194 -0.04765007
v 0.02819868 0.00065535 -0.04487372
v 0.02417427 -0.00031873 -0.04932709
v 0.0228462 -0.00879273 -0.04650306
v 0.02491905 0.0009333 -0.03981107
v 0.01927331 -0.00974638 -0.05310469
v 0.01949175 -0.01173925 -0.05890174
v 0.01391283 -0.01453183 -0.05126331
v 0.02138925 -0.00974469 -0.05251602
v 0.01805073 -0.01796606 -0.04908109
v 0.02331695 -0.00722323 -0.03724847
v 0.02343738 0.00146531 -0.03400326
v 0.02596476 -0.0086066 -0.04123409
v 0.02083959 -0.01647805 -0.0373499
v 0.01870985 -0.01650239 -0.04304879
v 0.01251594 -0.02133478 -0.03972721
v 0.01209935 -0.02374133 -0.04497554
v 0.02196256 -0.0059421 -0.03348798
v 0.02584542 0.00170899 -0.03332435
v 0.01725745 -0.01318423 -0.03313755
v 0.01327908 -0.01765733 -0.03271142
v 0.01399463 -0.02069732 -0.03411537
v 0.01885981 -0.01285572 -0.03093532
v 0.02571489 -0.00683161 -0.03062333
v 0.02222674 -0.01575696 -0.02692562
v 0.0255462 0.00114943 -0.02675247
v 0.01394463 -0.0190181 -0.02782176
v 0.0051931 -0.02339307 -0.03577719
v 0.00620607 -0.02203475 -0.03094047
v -0.00203734 -0.02279782 -0.03262705
v 0.00452828 -0.02682968 -0.04068497
v 0.02123157 -0.01440969 -0.0209251
v 0.02456748 -0.00706253 -0.02413492
v 0.01633915 -0.02177487 -0.02326842
v 0.00645813 -0.02359583 -0.02378718
v 0.00650972 -0.02342936 -0.03002893
v 0.00695531 -0.0260963 -0.01703258
v 0.01478628 -0.02092886 -0.01740611
v -0.00105291 -0.02625188 -0.01717346
v 0.01409851 -0.01912146 -0.01478338
v 0.0207313 -0.01541679 -0.0163569
v 0.01915676 -0.01294733 -0.01384728
v 0.02229471 -0.00628728 -0.01382211
v -0.00131126 -0.02602706 -0.0275825
v -0.00875905 -0.02424337 -0.01703465
v 0.0252013 -0.00708306 -0.01783755
v 0.02699217 0.00154805 -0.02063016
v 0.02708245 0.00944096 -0.02302062
v 0.02383878 0.00873886 -0.02857186
v 0.02325296 0.01690045 -0.02564928
v 0.02042238 0.01432772 -0.03051263
v 0.01574382 0.01811494 -0.03200181
v 0.00976662 0.0216898 -0.03390693
v 0.00970542 0.02006346 -0.03592523
v -0.02632598 -0 -0.01156685
v -0.0278883 -0 -0.0135184
v -0.02503749 -0.00813518 -0.01156685
v -0.02652335 -0.00861796 -0.0135184
v -0.02129817 -0.01547402 -0.01156685
v -0.02896676 -0 -0.01653919
v -0.02256211 -0.01639233 -0.0135184
v -0.01547402 -0.02129817 -0.01156685
v -0.02754903 -0.00895122 -0.01653918
v -0.02920493 0 -0.0189205
v -0.01639233 -0.02256211 -0.0135184
v -0.00813518 -0.0250375 -0.01156685
v -0.02777553 -0.00902482 -0.0189205
v -0.02687321 0 -0.01925869
v -0.02555793 -0.00830428 -0.01925869
v -0.0234346 -0.01702623 -0.01653918
v -0.02362728 -0.01716622 -0.0189205
v -0.02174089 -0.01579567 -0.01925869
v -0.00861796 -0.02652336 -0.0135184
v 0 -0.02632599 -0.01156685
v -0.01702624 -0.02343461 -0.01653918
v -0.01716623 -0.02362728 -0.0189205
v -0.01579567 -0.02174088 -0.01925869
v 0 -0.02788831 -0.0135184
v 0.00813518 -0.0250375 -0.01156685
v -0.00895122 -0.02754903 -0.01653918
v -0.00902482 -0.02777553 -0.0189205
v -0.00830427 -0.02555793 -0.01925869
v 0.00861796 -0.02652336 -0.0135184
v 0.01547403 -0.02129817 -0.01156685
v 0 -0.02896677 -0.01653918
v 0 -0.02920494 -0.0189205
v 0 -0.02687321 -0.01925869
v 0.01639234 -0.02256212 -0.0135184
v 0.02129817 -0.01547403 -0.01156685
v 0.00895123 -0.02754904 -0.01653918
v 0.00902483 -0.02777555 -0.0189205
v 0.00830429 -0.02555794 -0.01925869
v 0.02256212 -0.01639234 -0.0135184
v 0.02503751 -0.00813518 -0.01156685
v 0.01702624 -0.02343461 -0.01653918
v 0.01716624 -0.02362729 -0.0189205
v 0.01579568 -0.02174089 -0.01925869
v 0.02652336 -0.00861796 -0.0135184
v 0.02632598 -0 -0.01156685
v 0.02788829 -0 -0.0135184
v 0.02343461 -0.01702624 -0.01653918
v 0.02362729 -0.01716624 -0.0189205
v 0.02174089 -0.01579568 -0.01925869
v 0.02754904 -0.00895123 -0.01653918
v 0.02896675 -0 -0.01653919
v 0.02777555 -0.00902482 -0.0189205
v 0.02555795 -0.00830428 -0.01925869
v 0.02920493 0 -0.0189205
v 0.02687321 0 -0.01925869
v 0.02632598 -0 -0.01156685
v 0.02788829 -0 -0.0135184
v 0.02503749 0.00813517 -0.01156685
v 0.02652335 0.00861795 -0.0135184
v 0.02129816 0.01547402 -0.01156686
v 0.02896675 -0 -0.01653919
v 0.0225621 0.01639233 -0.0135184
v 0.01547402 0.02129816 -0.01156686
v 0.02754902 0.00895122 -0.01653919
v 0.02920493 0 -0.0189205
v 0.01639233 0.0225621 -0.01351841
v 0.00813517 0.02503749 -0.01156686
v 0.02777553 0.00902481 -0.01892051
v 0.02687321 0 -0.01925869
v 0.02555793 0.00830427 -0.01925869
v 0.0234346 0.01702623 -0.01653919
v 0.02362728 0.01716623 -0.01892051
v 0.02174087 0.01579567 -0.0192587
v 0.00861796 0.02652334 -0.01351841
v -0 0.02632598 -0.01156686
v 0.01702623 0.0234346 -0.01653919
v 0.01716623 0.02362728 -0.01892051
v 0.01579568 0.02174089 -0.0192587
v -0 0.0278883 -0.01351841
v -0.00813518 0.02503749 -0.01156686
v 0.00895122 0.02754902 -0.01653919
v 0.00902482 0.02777553 -0.01892051
v 0.00830427 0.02555793 -0.0192587
v -0.00861796 0.02652335 -0.01351841
v -0.01547402 0.02129816 -0.01156686
v -0 0.02896676 -0.01653919
v 0 0.02920493 -0.01892051
v 0 0.02687321 -0.0192587
v -0.01639233 0.0225621 -0.01351841
v -0.02129816 0.01547402 -0.01156686
v -0.00895122 0.02754903 -0.01653919
v -0.00902482 0.02777553 -0.01892051
v -0.00830427 0.02555793 -0.0192587
v -0.02256211 0.01639233 -0.0135184
v -0.02503749 0.00813517 -0.01156685
v -0.01702623 0.0234346 -0.01653919
v -0.01716622 0.02362728 -0.01892051
v -0.01579567 0.02174089 -0.0192587
v -0.02652335 0.00861796 -0.0135184
v -0.02632598 -0 -0.01156685
v -0.0278883 -0 -0.0135184
v -0.0234346 0.01702623 -0.01653919
v -0.02362728 0.01716623 -0.01892051
v -0.02174087 0.01579567 -0.0192587
v -0.02754903 0.00895122 -0.01653919
v -0.02896676 -0 -0.01653919
v -0.02777553 0.00902482 -0.01892051
v -0.02555793 0.00830428 -0.01925869
v -0.02920493 0 -0.0189205
v -0.02687321 0 -0.01925869
v 0.01796942 0 0.01253679
v 0.00462989 1E-08 0.09804743
v 0.01708995 -0.00555286 0.01253679
v 0.00440329 -0.0014307 0.09804743
v 0.01453758 -0.01056217 0.01253679
v 0.00358823 2E-08 0.1029631
v 0.00374566 -0.00272137 0.09804743
v 0.01056217 -0.01453757 0.01253679
v 0.00341261 -0.00110881 0.1029631
v 0.00238783 2E-08 0.10637646
v 0.00272139 -0.00374564 0.09804743
v 0.00555286 -0.01708994 0.01253679
v 0.00290293 -0.0021091 0.1029631
v 0.00227097 -0.00073787 0.10637646
v 0.00114921 2E-08 0.10817741
v 0.00143071 -0.00440328 0.09804743
v -0 -0.01796943 0.01253679
v 0.00210911 -0.00290292 0.1029631
v 0.00109296 -0.00035511 0.10817741
v 0 2E-08 0.10882797
v 0.00092973 -0.00067547 0.10817741
v 0.00067549 -0.00092971 0.10817741
v 0.00193179 -0.00140352 0.10637646
v 0.00140353 -0.00193178 0.10637646
v -0 -0.00462988 0.09804743
v -0.00555286 -0.01708994 0.01253679
v 0.00110882 -0.0034126 0.1029631
v 0.00073788 -0.00227095 0.10637646
v -0.00143072 -0.00440328 0.09804743
v -0.01056217 -0.01453757 0.01253679
v -0 -0.00358822 0.1029631
v 0.00035512 -0.00109295 0.10817741
v -0.00272139 -0.00374564 0.09804743
v -0.01453757 -0.01056216 0.01253679
v -0.00110883 -0.0034126 0.1029631
v -0 -0.00238782 0.10637646
v -0.00374566 -0.00272137 0.09804743
v -0.01708994 -0.00555286 0.01253679
v -0 -0.00114919 0.10817741
v -0.00210911 -0.00290292 0.1029631
v -0.00073788 -0.00227095 0.10637646
v -0.00440329 -0.0014307 0.09804743
v -0.01796942 0 0.01253679
v -0.0046299 1E-08 0.09804743
v -0.00035513 -0.00109295 0.10817741
v -0.00290293 -0.0021091 0.1029631
v -0.00341261 -0.00110881 0.1029631
v -0.00358823 2E-08 0.1029631
v -0.00140354 -0.00193178 0.10637646
v -0.00227097 -0.00073787 0.10637646
v -0.00238783 2E-08 0.10637646
v -0.00193179 -0.00140352 0.10637646
v -0.00067549 -0.00092971 0.10817741
v -0.00092973 -0.00067547 0.10817741
v -0.00109297 -0.00035511 0.10817741
v -0.00114921 2E-08 0.10817741
v -0.01796942 0 0.01253679
v -0.0046299 1E-08 0.09804743
v -0.01708994 0.00555286 0.01253679
v -0.00440329 0.00143073 0.09804743
v -0.01453757 0.01056216 0.01253679
v -0.00358823 2E-08 0.1029631
v -0.00374566 0.0027214 0.09804743
v -0.01056216 0.01453757 0.01253678
v -0.00341261 0.00110884 0.1029631
v -0.00238783 2E-08 0.10637646
v -0.00272139 0.00374567 0.09804743
v -0.00555286 0.01708994 0.01253678
v -0.00290293 0.00210913 0.1029631
v -0.00227097 0.0007379 0.10637646
v -0.00114921 2E-08 0.10817741
v -0.00143072 0.00440331 0.09804743
v -0 0.01796942 0.01253678
v -0.00210911 0.00290295 0.1029631
v -0.00109297 0.00035514 0.10817741
v 0 2E-08 0.10882797
v -0.00092973 0.0006755 0.10817741
v -0.00067549 0.00092974 0.10817741
v -0.00193179 0.00140355 0.10637646
v -0.00140354 0.00193181 0.10637646
v -0 0.00462991 0.09804743
v 0.00555286 0.01708994 0.01253678
v -0.00110882 0.00341263 0.1029631
v -0.00073788 0.00227098 0.10637646
v 0.00143071 0.00440331 0.09804743
v 0.01056216 0.01453757 0.01253678
v -0 0.00358825 0.1029631
v -0.00035513 0.00109298 0.10817741
v 0.00272138 0.00374567 0.09804743
v 0.01453757 0.01056216 0.01253679
v 0.00110882 0.00341263 0.1029631
v -0 0.00238785 0.10637646
v 0.00374566 0.0027214 0.09804743
v 0.01708994 0.00555286 0.01253679
v -0 0.00114922 0.10817741
v 0.00210911 0.00290295 0.1029631
v 0.00073788 0.00227098 0.10637646
v 0.00440329 0.00143073 0.09804743
v 0.01796942 0 0.01253679
v 0.00462989 1E-08 0.09804743
v 0.00035512 0.00109298 0.10817741
v 0.00290293 0.00210913 0.1029631
v 0.00341261 0.00110884 0.1029631
v 0.00358823 2E-08 0.1029631
v 0.00140353 0.00193181 0.10637646
v 0.00227097 0.0007379 0.10637646
v 0.00238783 2E-08 0.10637646
v 0.00193179 0.00140355 0.10637646
v 0.00067549 0.00092974 0.10817741
v 0.00092973 0.0006755 0.10817741
v 0.00109296 0.00035514 0.10817741
v 0.00114921 2E-08 0.10817741
v 0.01919925 0 0.00686598
v 0.02048065 0 0.00850085
v 0.01825959 -0.0059329 0.00686598
v 0.01947997 -0.00629004 0.00849755
v 0.01553253 -0.01128504 0.00686598
v 0.02140159 0 0.01026468
v 0.01657467 -0.01196511 0.0084884
v 0.01128504 -0.01553253 0.00686598
v 0.02035413 -0.00661346 0.01026468
v 0.02047193 0 0.01194046
v 0.01204621 -0.01646998 0.00847593
v 0.0059329 -0.01825958 0.00686598
v 0.01946998 -0.00653744 0.01194046
v 0.01731426 -0.01257955 0.01026468
v 0.01656215 -0.01243495 0.01194047
v 0.00633496 -0.01936314 0.00846474
v -0 -0.01919926 0.00686598
v 0.01257955 -0.01731426 0.01026469
v 0.01203311 -0.01711523 0.01194047
v -0 -0.02036027 0.00846017
v -0.0059329 -0.01825958 0.00686598
v 0.00661346 -0.02035413 0.01026469
v 0.00632618 -0.02012017 0.01194047
v -0.00633496 -0.01936314 0.00846474
v -0.01128504 -0.01553252 0.00686598
v 0 -0.0214016 0.01026469
v -0 -0.02115559 0.01194047
v -0.0120462 -0.01646998 0.00847593
v -0.01553253 -0.01128504 0.00686598
v -0.00661346 -0.02035413 0.01026469
v -0.00632618 -0.02012016 0.01194047
v -0.01657467 -0.01196511 0.0084884
v -0.01825958 -0.0059329 0.00686598
v -0.01257954 -0.01731425 0.01026469
v -0.0120331 -0.01711523 0.01194047
v -0.01947996 -0.00629003 0.00849755
v -0.01919926 0 0.00686598
v -0.02048065 0 0.00850085
v -0.01731425 -0.01257954 0.01026468
v -0.01656214 -0.01243494 0.01194047
v -0.02035413 -0.00661346 0.01026468
v -0.02140159 0 0.01026468
v -0.01946997 -0.00653743 0.01194046
v -0.02047194 0 0.01194046
v 0.02047193 0 0.01194046
v 0.01946996 0.00653744 0.01194046
v 0.02140159 0 0.01026468
v 0.01656214 0.01243494 0.01194046
v 0.02035412 0.00661346 0.01026468
v 0.02048065 0 0.00850085
v 0.0120331 0.01711523 0.01194046
v 0.01947995 0.00629004 0.00849754
v 0.01919925 0 0.00686598
v 0.01825957 0.0059329 0.00686598
v 0.01731425 0.01257954 0.01026468
v 0.01657466 0.01196511 0.00848839
v 0.01553252 0.01128504 0.00686598
v 0.00632617 0.02012016 0.01194046
v 0.01257954 0.01731425 0.01026468
v 0.0120462 0.01646998 0.00847592
v 0.01128504 0.01553252 0.00686598
v -0 0.02115559 0.01194046
v 0.00661345 0.02035412 0.01026468
v 0.00633496 0.01936313 0.00846473
v 0.00593289 0.01825957 0.00686598
v -0.00632618 0.02012016 0.01194046
v -0 0.02140159 0.01026468
v -0 0.02036026 0.00846016
v -0 0.01919925 0.00686598
v -0.0120331 0.01711523 0.01194046
v -0.00661346 0.02035412 0.01026468
v -0.00633496 0.01936314 0.00846474
v -0.0059329 0.01825958 0.00686598
v -0.01656214 0.01243495 0.01194046
v -0.01257954 0.01731425 0.01026468
v -0.0120462 0.01646998 0.00847592
v -0.01128504 0.01553252 0.00686598
v -0.01946997 0.00653744 0.01194046
v -0.02047194 0 0.01194046
v -0.01731425 0.01257954 0.01026468
v -0.01657467 0.01196511 0.00848839
v -0.01553252 0.01128504 0.00686598
v -0.02035413 0.00661346 0.01026468
v -0.02140159 0 0.01026468
v -0.01947996 0.00629004 0.00849754
v -0.01825958 0.0059329 0.00686598
v -0.02048065 0 0.00850085
v -0.01919926 0 0.00686598
v -0.02273634 -0 -0.00252931
v -0.02162354 -0.00702591 -0.0025293
v -0.01839409 -0.01336408 -0.0025293
v -0.01336409 -0.01839409 -0.0025293
v -0.00702592 -0.02162355 -0.0025293
v 0 -0.02273634 -0.0025293
v 0.00702592 -0.02162355 -0.0025293
v 0.01336409 -0.01839409 -0.0025293
v 0.01839409 -0.01336409 -0.0025293
v 0.02162355 -0.00702592 -0.0025293
v 0.02273633 -0 -0.00252931
v 0.02273633 -0 -0.00252931
v 0.02162354 0.00702591 -0.00252931
v 0.01839408 0.01336408 -0.00252931
v 0.01336408 0.01839408 -0.00252931
v 0.00702591 0.02162354 -0.00252931
v -0 0.02273633 -0.00252931
v -0.00702592 0.02162354 -0.00252931
v -0.01336408 0.01839408 -0.00252931
v -0.01839408 0.01336408 -0.00252931
v -0.02162354 0.00702591 -0.00252931
v -0.02273634 -0 -0.00252931
v 0.00093292 0.00396638 -0.12113786
v -0.00065332 0.00193705 -0.12123896
v -0.00236039 0.00232233 -0.11507056
v -4.301E-05 0.00110168 -0.12788057
v 0.00101752 0.0021457 -0.12788519
v 0.0003893 -0.00069491 -0.1351587
v -0.00063265 0.00557517 -0.1146217
v 0.00321707 0.00275578 -0.12082329
v 0.00228303 0.0013855 -0.12774934
v 0.00369691 0.00096259 -0.12762849
v 0.00368794 -0.00054053 -0.12752378
v 0.00405393 -0.00201286 -0.12739828
v 0.00576265 0.00234708 -0.12051088
v 0.00588772 -0.00025056 -0.12039109
v 0.00291619 0.00439493 -0.11398361
v -0.00346588 0.00700905 -0.10839075
v -0.00490574 0.00227662 -0.10903794
v 0.00141693 0.00636417 -0.10756996
v -0.00735345 0.00806349 -0.10249901
v 0.00665001 0.0044721 -0.11326709
v 0.00686758 -0.00269073 -0.12017979
v 0.00625739 0.00743253 -0.10662416
v -0.00327613 0.01108702 -0.09629665
v -0.00124417 0.00846923 -0.10192197
v 0.00743513 0.00085511 -0.11324447
v -0.00288795 0.014304 -0.08995091
v 0.00814545 0.00290521 -0.10665645
v 0.00312968 0.01485967 -0.09652253
v 0.00448319 0.01103973 -0.10130906
v 0.0076458 0.01874399 -0.08642558
v 0.00407633 0.01771962 -0.09146518
v 0.00751946 0.00884713 -0.09661432
v 0.007834 0.0057483 -0.1011995
v 0.01153961 -0.00067685 -0.10635782
v 0.00946578 -0.00229306 -0.11297682
v 0.00471653 -0.00407898 -0.12037453
v 0.00277786 -0.00275291 -0.12742942
v 0.01044216 0.01194451 -0.08940902
v 0.00822987 0.01123717 -0.09264149
v 0.01356354 0.00497093 -0.09677313
v 0.01278011 0.00203646 -0.10089119
v 0.00903751 -0.00459727 -0.10721091
v 0.00674298 -0.0047605 -0.11359229
v 0.00316178 -0.0061421 -0.12047564
v 0.01350637 0.01647887 -0.08265416
v 0.00172843 -0.00381366 -0.1274248
v 0.01925073 0.00930911 -0.07924487
v 0.02078024 0.00160219 -0.07585491
v 0.01870313 0.00550713 -0.08415781
v 0.01456151 0.01048384 -0.08704486
v 0.01641137 0.00639831 -0.07465919
v 0.01868078 0.00159903 -0.07287165
v 0.01534423 0.00731125 -0.0926137
v 0.01772801 0.00095722 -0.07364073
v 0.02387435 -0.00586115 -0.06771397
v 0.01908642 -0.00595753 -0.07110004
v 0.02141607 -0.01438397 -0.06378171
v 0.01426618 0.00683989 -0.09419981
v 0.01718978 -0.00618886 -0.07304721
v 0.01411866 -0.01256153 -0.07272576
v 0.01724201 -0.01276606 -0.06841308
v 0.01384308 -0.01650163 -0.05537264
v 0.0153433 -0.02063503 -0.0589532
v 0.01134382 -0.00211787 -0.0966345
v 0.01864557 -0.00671558 -0.0745237
v 0.01231807 -0.01963185 -0.064247
v 0.0103786 -0.00363138 -0.10135866
v 0.0071989 -0.00931346 -0.10785807
v 0.00508913 -0.00804664 -0.11404111
v 0.00085766 -0.00491539 -0.12079019
v 0.00045041 -0.00304146 -0.12756064
v 0.01036498 -0.00973868 -0.09656746
v 0.00917949 -0.00995385 -0.10166324
v 0.00237752 -0.00898962 -0.10867888
v 0.00151868 -0.00688206 -0.11467921
v -0.00246775 -0.00987842 -0.10962469
v -0.00169972 -0.00454337 -0.12110261
v 0.00318719 -0.0107471 -0.10224028
v -0.00097287 -0.00263469 -0.12768152
v 0.01151833 -0.00081363 -0.0936374
v 0.00363226 -0.01193095 -0.09633701
v -0.00251612 -0.01499574 -0.09611112
v 0.00306097 -0.01089723 -0.09194266
v 0.01051729 -0.0092381 -0.09379552
v 0.01245547 -0.0002491 -0.09208014
v 0.01023472 -0.00893807 -0.09236109
v 0.01691052 0.00640991 -0.09149296
v -0.00237187 -0.01317646 -0.10285319
v -0.00577314 -0.00789717 -0.10296276
v 0.01421177 -0.00032629 -0.09133772
v 0.01955876 0.00203244 -0.08936999
v 0.01539557 -0.00205549 -0.09032563
v 0.01126371 -0.00881279 -0.09122986
v 0.01979029 -0.00105697 -0.08085701
v 0.02088661 -0.00351852 -0.08655588
v 0.01829733 -0.00757264 -0.07768856
v 0.0200895 -0.00994669 -0.08318533
v 0.01416665 -0.01293215 -0.07481293
v 0.01589813 -0.00618545 -0.08858601
v 0.01568543 -0.00971824 -0.08711172
v 0.00768875 -0.01165966 -0.0902995
v 0.01321664 -0.00955308 -0.09065145
v 0.01650086 -0.01652111 -0.07931362
v 0.01095691 -0.0155048 -0.08910151
v 0.01324515 -0.01508773 -0.08442051
v 0.00435144 -0.01491914 -0.08877632
v 0.00689053 -0.01974245 -0.08707968
v 0.00779262 -0.01934495 -0.08147396
v 0.00965482 -0.02086807 -0.07556269
v 0.00799892 -0.01642131 -0.07220763
v 0.00106692 -0.01725784 -0.07050469
v 0.00065956 -0.02147869 -0.07221863
v -0.00039452 -0.02064795 -0.07854573
v -0.00132758 -0.0217908 -0.08396155
v -0.00163769 -0.01696166 -0.0871866
v 0.00788825 -0.01561375 -0.07136149
v 0.01026678 -0.02030748 -0.07018553
v 0.00258222 -0.01967441 -0.06807148
v 0.00418327 -0.02470868 -0.06600987
v -0.00348342 -0.0139616 -0.09115128
v 0.00569064 -0.02322028 -0.0600921
v 0.00758035 -0.0237877 -0.05417367
v 0.006628 -0.01770115 -0.0510318
v -0.00019867 -0.02310269 -0.05038832
v -0.00160284 -0.02340567 -0.0564804
v -0.00319977 -0.02577765 -0.06202658
v 0.00911663 -0.01972261 -0.04819782
v 0.00035055 -0.02055913 -0.04983545
v 0.00244426 -0.02296787 -0.04475528
v -0.00345051 -0.02702033 -0.03669495
v -0.00331567 -0.02110218 -0.06553578
v -0.00466661 -0.02374576 -0.04170138
v -0.00684776 -0.01973562 -0.04844532
v -0.00663353 -0.02240605 -0.04735807
v -0.01129731 -0.01617904 -0.04732094
v -0.00854337 -0.02086891 -0.05338359
v -0.01084264 -0.02377439 -0.05821551
v -0.00992093 -0.02000866 -0.06285689
v -0.00661396 -0.01720588 -0.06917257
v -0.01324649 -0.02151718 -0.04463346
v -0.01395631 -0.01636501 -0.05033549
v -0.00761259 -0.01893995 -0.06936086
v -0.00962404 -0.01636813 -0.06818591
v -0.00865181 -0.018873 -0.07571212
v -0.01749653 -0.01882742 -0.05460034
v -0.01114773 -0.02232977 -0.03890636
v -0.01578128 -0.01643923 -0.0603024
v -0.0104281 -0.02059013 -0.08136831
v -0.01089585 -0.02445977 -0.03302208
v -0.00871215 -0.01637065 -0.08517808
v -0.00777465 -0.0133876 -0.09042659
v -0.01202729 -0.01329534 -0.0675791
v -0.01431477 -0.01378936 -0.07304947
v -0.01754085 -0.01515951 -0.07796493
v -0.01511981 -0.01206206 -0.08275636
v -0.01546678 -0.01523407 -0.06660416
v -0.00820478 -0.0086186 -0.08777418
v -0.01409742 -0.00989391 -0.08867077
v -0.01867152 -0.00388147 -0.08596019
v -0.01927203 -0.00528455 -0.07962791
v -0.02146759 -0.00737341 -0.07405405
v -0.00853672 -0.00951162 -0.08925206
v -0.01690225 -0.00713226 -0.07036299
v -0.01296956 -0.00304269 -0.08641692
v -0.00716902 -0.00980222 -0.09601934
v -0.01298453 -0.00563067 -0.09543989
v -0.01371183 -0.00397944 -0.08897067
v -0.02101009 0.00069784 -0.06953768
v -0.01958012 0.00261682 -0.07549918
v -0.02009408 0.00481711 -0.08146232
v -0.01501094 0.0043237 -0.0836793
v -0.01017554 0.00455805 -0.08475476
v -0.0108457 0.00412525 -0.08849919
v -0.0159331 -0.00078047 -0.06604697
v -0.01042842 0.00192997 -0.09578109
v -0.01074803 -0.00411792 -0.10327106
v -0.00803087 0.00166024 -0.10280361
v -0.00490574 0.00227662 -0.10903794
v -0.01418721 -0.00755592 -0.06655423
v -0.01962958 -0.00078775 -0.06217956
v -0.01503854 -0.00799575 -0.0653006
v -0.02485938 -0.00058848 -0.05842565
v -0.02160704 -0.00945143 -0.06322629
v -0.02277801 -0.00229597 -0.05290129
v -0.02112861 -0.00993347 -0.05681752
v -0.0226206 -0.00430675 -0.04695553
v -0.02187114 -0.0115332 -0.05069462
v -0.01857255 -0.01044977 -0.04795805
v -0.02102405 -0.00438445 -0.04507406
v -0.01674911 -0.0100895 -0.04615281
v -0.02391566 -0.00421719 -0.03984259
v -0.02024674 -0.0104598 -0.04265996
v -0.02757628 -0.00518638 -0.03463885
v -0.01641896 -0.01401828 -0.04443811
v -0.01949402 -0.01829331 -0.0417758
v -0.02445815 -0.01290384 -0.03858076
v -0.02394322 -0.00523723 -0.0298632
v -0.01755592 -0.01802208 -0.03583201
v -0.02155607 -0.01263435 -0.03315308
v -0.01691157 -0.01921559 -0.02968299
v -0.02056154 -0.01238129 -0.02666956
v -0.01465613 -0.01694235 -0.02827385
v -0.0215478 -0.00582402 -0.02529884
v -0.00836321 -0.01997003 -0.03012115
v -0.02098614 -0.01285744 -0.02579655
v -0.02563588 -0.0066507 -0.02337594
v -0.02072338 -0.01396924 -0.02133489
v -0.02568381 -0.00681594 -0.01879135
v -0.02163115 -0.01563105 -0.01789812
v -0.00791284 -0.01935006 -0.02923548
v -0.01517724 -0.02215905 -0.0207581
v -0.01472332 -0.02013329 -0.01719999
v -0.00122101 -0.02193027 -0.02939028
v -0.00788144 -0.02107988 -0.02712046
v -0.01479444 -0.01896935 -0.02433466
v -0.00900316 -0.02547405 -0.0238895
v -0.02437301 0.01091127 -0.01874298
v -0.00063046 -0.00063649 -0.00351398
v -0.02018253 0.01745719 -0.0183811
v -0.01305229 0.02291997 -0.01775972
v -0.02654053 0.00245755 -0.01836857
v -0.00502379 0.02663041 -0.01679087
v -0.02568381 -0.00681594 -0.01879135
v 0.00524824 0.02473357 -0.01516597
v -0.02163115 -0.01563105 -0.01789812
v 0.01444017 0.02038276 -0.01411407
v -0.01472332 -0.02013329 -0.01719999
v 0.0207993 0.01380814 -0.01415782
v -0.00875905 -0.02424337 -0.01703465
v 0.02370811 0.00708586 -0.01444125
v -0.00105291 -0.02625188 -0.01717346
v 0.02387232 0.00031943 -0.01415643
v 0.00695531 -0.0260963 -0.01703258
v 0.02229471 -0.00628728 -0.01382211
v 0.01409851 -0.01912146 -0.01478338
v 0.01915676 -0.01294733 -0.01384728
v -0.00222086 -0.00700346 -0.11539574
v -0.00307612 -0.00332846 -0.11541837
v -0.00445488 -0.00531547 -0.1095924
v -0.00787992 -0.00166763 -0.10989102
v -0.00512295 -0.00015753 -0.11568602
v -0.00236039 0.00232233 -0.11507056
v -0.00065332 0.00193705 -0.12123896
v -0.00184392 -0.00190298 -0.1212224
v -0.00282336 0.00052461 -0.1214337
v -0.00096537 -0.00111288 -0.12778622
v -0.00132737 0.00034913 -0.12791171
v -4.301E-05 0.00110168 -0.12788057
v 0.02174089 -0.01579568 -0.01925869
v 0 0 0.01308431
v 0.02555795 -0.00830428 -0.01925869
v 0.02687321 0 -0.01925869
v 0.01579568 -0.02174089 -0.01925869
v 0.02555793 0.00830427 -0.01925869
v 0.00830429 -0.02555794 -0.01925869
v 0.02174087 0.01579567 -0.0192587
v 0 -0.02687321 -0.01925869
v 0.01579568 0.02174089 -0.0192587
v -0.00830427 -0.02555793 -0.01925869
v 0.00830427 0.02555793 -0.0192587
v -0.01579567 -0.02174088 -0.01925869
v 0 0.02687321 -0.0192587
v -0.02174089 -0.01579567 -0.01925869
v -0.00830427 0.02555793 -0.0192587
v -0.02555793 -0.00830428 -0.01925869
v -0.01579567 0.02174089 -0.0192587
v -0.02687321 0 -0.01925869
v -0.02174087 0.01579567 -0.0192587
v -0.02555793 0.00830428 -0.01925869
vn 0.24831 0.02722 0.9683
vn 0.23884 -0.03526 0.97042
vn 0.48507 -0.2573 0.83576
vn 0.23877 -0.03527 0.97044
vn 0.24828 0.02727 0.96831
vn -0.06629 0.08262 0.99437
vn -0.09173 0.30817 0.9469
vn -0.43458 0.42309 0.79507
vn -0.50257 0.20776 0.8392
vn -0.69895 0.29268 0.65254
vn -0.24999 0.05105 0.9669
vn 0.04511 -0.39278 0.91852
vn 0.48509 -0.25734 0.83574
vn 0.59289 -0.16617 0.78795
vn 0.80502 -0.24773 0.53905
vn -0.62431 0.48081 0.61568
vn -0.74697 0.58535 0.31527
vn -0.87327 0.33871 0.35025
vn -0.76861 0.15517 0.62062
vn -0.50553 0.05293 0.86118
vn -0.79972 0.58704 0.12586
vn -0.96789 0.2333 0.09356
vn -0.86867 0.45566 -0.1944
vn -0.94772 0.13418 -0.28953
vn -0.9711 0.20651 -0.11962
vn -0.90364 0.35078 0.24575
vn -0.95716 0.28577 0.04667
vn -0.80944 -0.49374 -0.31784
vn -0.65508 -0.75548 0.01077
vn -0.75308 -0.63961 -0.15418
vn -0.68068 -0.26563 0.68272
vn -0.9855 -0.11645 0.12344
vn -0.98245 0.01567 -0.18588
vn -0.88001 -0.20039 0.43061
vn -0.94164 0.27415 0.19532
vn -0.86747 0.49467 -0.05296
vn -0.73724 -0.17541 0.65246
vn -0.80994 0.55569 0.18765
vn -0.93399 0.17172 -0.31333
vn -0.85357 0.33494 0.39905
vn -0.96834 -0.22945 -0.09837
vn -0.89021 0.05759 0.45189
vn -0.73295 0.45957 0.50157
vn -0.57604 0.33538 0.74546
vn -0.52365 -0.37013 0.76733
vn -0.91494 -0.39889 0.06148
vn -0.97858 -0.16045 -0.12901
vn -0.94134 0.08115 0.32755
vn -0.94883 0.31381 0.03534
vn -0.28583 -0.51587 0.80757
vn -0.04523 0.05682 0.99736
vn -0.33857 0.21605 0.9158
vn -0.27534 0.71098 0.64707
vn 0.26744 -0.10961 0.95732
vn 0.02372 0.24267 0.96982
vn 0.54617 -0.17162 0.8199
vn -0.28089 0.82727 0.48655
vn -0.77409 -0.04716 0.63132
vn -0.19317 0.50667 0.84022
vn 0.30342 0.00183 0.95286
vn -0.86134 0.0433 0.50617
vn -0.75959 -0.63143 0.15592
vn 0.0196 0.40303 0.91498
vn -0.28327 0.51209 0.81088
vn 0.06772 0.31336 0.94722
vn 0.36202 0.29609 0.8839
vn 0.59959 0.20289 0.77416
vn -0.25308 0.06964 0.96494
vn -0.56176 -0.25838 0.78592
vn -0.8017 -0.1366 0.5819
vn 0.74307 -0.31562 0.59011
vn -0.52896 -0.01157 0.84857
vn -0.74505 0.5145 0.42448
vn -0.64344 0.74182 0.1889
vn -0.90566 0.12807 0.40421
vn -0.96847 -0.08764 -0.23322
vn -0.96472 -0.25697 0.05732
vn -0.68686 0.24585 0.68394
vn 0.8596 -0.37864 0.3431
vn 0.90207 -0.29447 0.31554
vn 0.87917 -0.47454 -0.04322
vn -0.88323 -0.23884 0.40356
vn -0.987 0.01528 0.16
vn -0.7976 0.17187 0.57818
vn -0.8704 0.40312 0.28265
vn -0.31604 0.8526 0.41617
vn -0.39045 0.35954 0.84752
vn -0.55884 0.51183 0.65247
vn -0.41305 0.33836 0.84552
vn -0.68248 -0.50412 0.52923
vn 0.00695 0.75449 0.65627
vn -0.36865 -0.23545 0.89926
vn -0.54334 -0.24674 0.80243
vn -0.17958 0.16628 0.96959
vn -0.14234 -0.40819 0.90173
vn 0.12003 0.00962 0.99272
vn 0.05385 0.59358 0.80297
vn 0.1848 -0.59775 0.78009
vn 0.25315 0.37834 0.89038
vn 0.47541 -0.1537 0.86623
vn 0.17002 0.44215 0.88068
vn -0.30062 -0.07189 0.95103
vn 0.58322 0.28793 0.75958
vn 0.0625 -0.27375 0.95977
vn 0.1389 -0.16292 0.97681
vn -0.31437 -0.2527 0.91505
vn 0.51756 0.14734 0.84287
vn 0.50564 0.31268 0.80409
vn 0.74296 0.27493 0.61026
vn 0.75375 -0.04274 0.65577
vn -0.58788 -0.08512 0.80446
vn -0.37728 0.32709 0.86641
vn -0.14479 0.05311 0.98804
vn 0.72593 -0.22686 0.64927
vn 0.9318 0.00128 0.36298
vn 0.90065 -0.22429 0.37219
vn 0.59275 -0.29037 0.75122
vn -0.43025 0.65077 0.62561
vn -0.47164 0.69757 0.5394
vn -0.79153 0.49441 0.35921
vn -0.03285 0.32187 0.94622
vn -0.33457 0.49073 0.80451
vn -0.92209 0.02215 0.38634
vn -0.65246 0.19319 0.73278
vn -0.98517 0.02572 0.16963
vn -0.08713 0.48713 0.86897
vn 0.34814 0.75692 0.55305
vn 0.26911 0.14525 0.95209
vn -0.7992 0.32825 0.50352
vn -0.95526 0.21008 0.20821
vn -0.89448 0.34284 0.28701
vn 0.08211 0.17827 0.98055
vn 0.46533 0.61416 0.6374
vn -0.20442 -0.01247 0.9788
vn 0.21734 0.19614 0.95619
vn 0.56432 0.0001 0.82555
vn 0.65036 0.45405 0.60899
vn 0.56417 0.54354 0.62151
vn 0.38456 -0.33223 0.86124
vn 0.60135 -0.53098 0.59702
vn 0.858 -0.06523 0.50948
vn 0.87269 0.26124 0.41251
vn 0.73886 -0.12918 0.66136
vn 0.19152 -0.4327 0.88096
vn 0.79525 0.47499 0.37678
vn 0.98836 0.08207 0.12811
vn 0.98318 -0.12979 0.12847
vn 0.9159 0.3939 0.07726
vn 0.78329 0.07744 0.61681
vn 0.92909 -0.09282 0.35803
vn 0.99988 7E-05 0.01544
vn 0.74845 0.65063 0.12848
vn 0.59799 0.76367 0.24334
vn 0.96293 -0.18757 -0.19389
vn 0.97868 -0.12825 -0.16043
vn 0.92003 0.20558 0.3336
vn 0.99365 0.10671 -0.03571
vn 0.84708 0.51664 -0.12464
vn 0.85567 0.31309 -0.41207
vn 0.92138 -0.38099 0.07685
vn 0.73477 0.26559 -0.62416
vn 0.85474 -0.35012 -0.38318
vn 0.40415 0.46405 -0.78824
vn 0.83626 0.3945 -0.38083
vn 0.62863 0.3978 -0.66826
vn 0.82925 -0.53867 -0.14891
vn 0.98248 0.16447 -0.08763
vn 0.93165 -0.0505 -0.35984
vn 0.76607 -0.20797 -0.60819
vn 0.74599 0.09972 -0.65844
vn 0.52653 -0.1536 -0.83616
vn 0.38911 0.27789 -0.87828
vn 0.84647 0.35376 -0.39793
vn 0.96964 0.23637 0.06273
vn 0.78131 -0.40824 -0.47212
vn 0.67012 -0.29568 -0.68082
vn 0.48932 -0.28844 -0.82302
vn 0.49769 0.636 -0.58976
vn 0.91447 0.27937 -0.29275
vn 0.76693 0.23062 -0.59887
vn 0.99469 0.1027 -0.00733
vn 0.40597 0.42582 -0.80862
vn 0.29512 -0.37036 -0.88076
vn 0.12262 0.13821 -0.98278
vn 0.09644 -0.57712 -0.81094
vn 0.16213 0.08182 -0.98337
vn 0.86133 -0.11936 -0.49383
vn 0.96604 -0.02954 -0.2567
vn 0.51232 0.20464 -0.83406
vn 0.28715 0.22665 -0.93069
vn 0.345 0.29247 -0.89187
vn 0.19374 0.30944 -0.93098
vn 0.62155 -0.38218 -0.68382
vn 0.01956 0.01522 -0.99969
vn 0.47366 -0.65497 -0.58878
vn 0.76688 -0.34557 -0.54081
vn 0.64355 -0.6594 -0.38864
vn 0.8029 -0.56572 -0.18791
vn -0.00765 0.3047 -0.95242
vn -0.26361 -0.15077 -0.95278
vn 0.93605 -0.21408 -0.27926
vn 0.99661 -0.0102 -0.0816
vn 0.95859 0.09796 0.26741
vn 0.91204 0.30624 0.27277
vn 0.81443 0.14034 0.56303
vn 0.74599 0.47269 0.46911
vn 0.57431 0.62539 0.52826
vn 0.46356 0.70295 0.53941
vn 0.44644 0.14102 0.88363
vn -0.78066 -0.62496 -1E-05
vn -0.88865 -0.45859 -5E-05
vn -0.74245 -0.62496 -0.24124
vn -0.84516 -0.45857 -0.27462
vn -0.63157 -0.62496 -0.45886
vn -0.9725 -0.23289 -4E-05
vn -0.71894 -0.45857 -0.52234
vn -0.45886 -0.62496 -0.63156
vn -0.92491 -0.23288 -0.30052
vn -0.82888 0.55943 -1E-05
vn -0.52234 -0.45857 -0.71894
vn -0.24124 -0.62496 -0.74245
vn -0.78829 0.55946 -0.25613
vn 0.69524 0.71878 6E-05
vn 0.66118 0.7188 0.21488
vn -0.78677 -0.23288 -0.57162
vn -0.67056 0.55946 -0.48719
vn 0.56241 0.7188 0.40868
vn -0.27461 -0.45857 -0.84516
vn -0 -0.62496 -0.78066
vn -0.57163 -0.23288 -0.78677
vn -0.48719 0.55946 -0.67056
vn 0.4086 0.7188 0.56247
vn 0 -0.45857 -0.88866
vn 0.24124 -0.62496 -0.74245
vn -0.30052 -0.23288 -0.92491
vn -0.25613 0.55946 -0.78829
vn 0.21479 0.7188 0.66121
vn 0.27461 -0.45857 -0.84516
vn 0.45886 -0.62496 -0.63157
vn -0 -0.23288 -0.9725
vn -0 0.55946 -0.82886
vn -5E-05 0.7188 0.69522
vn 0.52234 -0.45857 -0.71894
vn 0.63156 -0.62496 -0.45886
vn 0.30052 -0.23288 -0.92491
vn 0.25613 0.55946 -0.78829
vn -0.21488 0.7188 0.66118
vn 0.71894 -0.45857 -0.52234
vn 0.74245 -0.62496 -0.24124
vn 0.57162 -0.23288 -0.78677
vn 0.48719 0.55946 -0.67056
vn -0.40868 0.7188 0.56241
vn 0.84516 -0.45857 -0.27461
vn 0.78066 -0.62495 -1E-05
vn 0.88865 -0.45858 -1E-05
vn 0.78677 -0.23288 -0.57163
vn 0.67056 0.55946 -0.48719
vn -0.56247 0.7188 0.4086
vn 0.92491 -0.23288 -0.30052
vn 0.9725 -0.23288 -1E-05
vn 0.78829 0.55946 -0.25613
vn -0.66121 0.7188 0.21479
vn 0.82887 0.55945 -5E-05
vn -0.69524 0.71878 4E-05
vn 0.78066 -0.62496 1E-05
vn 0.88865 -0.45859 5E-05
vn 0.74245 -0.62496 0.24124
vn 0.84516 -0.45857 0.27461
vn 0.63157 -0.62496 0.45886
vn 0.9725 -0.23289 4E-05
vn 0.71894 -0.45857 0.52234
vn 0.45886 -0.62496 0.63156
vn 0.92491 -0.23288 0.30052
vn 0.82888 0.55943 1E-05
vn 0.52234 -0.45857 0.71894
vn 0.24124 -0.62496 0.74245
vn 0.78829 0.55946 0.25613
vn -0.69524 0.71878 -6E-05
vn -0.66118 0.7188 -0.21488
vn 0.78677 -0.23289 0.57162
vn 0.67056 0.55946 0.48719
vn -0.56241 0.7188 -0.40868
vn 0.27461 -0.45857 0.84516
vn 0 -0.62496 0.78066
vn 0.57163 -0.23289 0.78677
vn 0.48719 0.55946 0.67056
vn -0.4086 0.7188 -0.56247
vn -0 -0.45857 0.88866
vn -0.24124 -0.62496 0.74245
vn 0.30052 -0.23289 0.92491
vn 0.25613 0.55946 0.78829
vn -0.21479 0.7188 -0.66121
vn -0.27461 -0.45857 0.84516
vn -0.45886 -0.62496 0.63157
vn 0 -0.23289 0.9725
vn 0 0.55946 0.82886
vn 5E-05 0.7188 -0.69522
vn -0.52234 -0.45857 0.71894
vn -0.63157 -0.62496 0.45886
vn -0.30052 -0.23288 0.92491
vn -0.25613 0.55946 0.78829
vn 0.21488 0.7188 -0.66118
vn -0.71894 -0.45857 0.52234
vn -0.74245 -0.62496 0.24124
vn -0.57162 -0.23288 0.78677
vn -0.48719 0.55946 0.67056
vn 0.40868 0.7188 -0.56241
vn -0.84516 -0.45857 0.27461
vn -0.78066 -0.62495 1E-05
vn -0.88865 -0.45858 1E-05
vn -0.78677 -0.23289 0.57163
vn -0.67056 0.55946 0.48719
vn 0.56247 0.7188 -0.4086
vn -0.92491 -0.23288 0.30052
vn -0.97251 -0.23288 1E-05
vn -0.78829 0.55946 0.25613
vn 0.66121 0.7188 -0.21479
vn -0.82887 0.55945 6E-05
vn 0.69524 0.71878 -4E-05
vn 0.98805 -0.15413 -5E-05
vn 0.98788 -0.15522 -5E-05
vn 0.93969 -0.15413 -0.30532
vn 0.93953 -0.15523 -0.30528
vn 0.79935 -0.15413 -0.58076
vn 0.96849 -0.24904 -6E-05
vn 0.79921 -0.15523 -0.58067
vn 0.58076 -0.15413 -0.79935
vn 0.92109 -0.24902 -0.29929
vn 0.91992 -0.39212 -2E-05
vn 0.58066 -0.15523 -0.79921
vn 0.30532 -0.15413 -0.93969
vn 0.78353 -0.24902 -0.56927
vn 0.87488 -0.39214 -0.28427
vn 0.78576 -0.61853 -2E-05
vn 0.30527 -0.15523 -0.93953
vn 0 -0.15413 -0.98805
vn 0.56927 -0.24902 -0.78353
vn 0.7473 -0.61853 -0.24281
vn 1E-05 -1 -5E-05
vn 0.63569 -0.61853 -0.46186
vn 0.46186 -0.61853 -0.63569
vn 0.74422 -0.39214 -0.54071
vn 0.54071 -0.39214 -0.74421
vn -0 -0.15523 -0.98788
vn -0.30532 -0.15413 -0.93969
vn 0.29928 -0.24902 -0.9211
vn 0.28427 -0.39214 -0.87488
vn -0.30528 -0.15523 -0.93953
vn -0.58076 -0.15413 -0.79935
vn -0 -0.24902 -0.9685
vn 0.24282 -0.61853 -0.7473
vn -0.58066 -0.15523 -0.79921
vn -0.79935 -0.15413 -0.58076
vn -0.29928 -0.24902 -0.9211
vn -0 -0.39214 -0.9199
vn -0.79921 -0.15523 -0.58066
vn -0.93969 -0.15413 -0.30532
vn 1E-05 -0.61853 -0.78576
vn -0.56927 -0.24902 -0.78353
vn -0.28427 -0.39214 -0.87488
vn -0.93953 -0.15523 -0.30527
vn -0.98805 -0.15413 -6E-05
vn -0.98788 -0.15521 -5E-05
vn -0.24281 -0.61853 -0.7473
vn -0.78353 -0.24902 -0.56927
vn -0.9211 -0.24902 -0.29928
vn -0.96849 -0.24905 -3E-05
vn -0.54071 -0.39214 -0.74421
vn -0.87488 -0.39214 -0.28426
vn -0.91991 -0.39213 -5E-05
vn -0.74422 -0.39215 -0.54071
vn -0.46187 -0.61853 -0.63569
vn -0.63569 -0.61853 -0.46186
vn -0.74731 -0.61853 -0.2428
vn -0.78577 -0.61852 -1E-05
vn -0.98805 -0.15413 6E-05
vn -0.98788 -0.15522 5E-05
vn -0.93969 -0.15413 0.30532
vn -0.93953 -0.15518 0.30528
vn -0.79935 -0.15413 0.58076
vn -0.96849 -0.24904 6E-05
vn -0.79921 -0.15523 0.58066
vn -0.58076 -0.15413 0.79935
vn -0.9211 -0.24902 0.29928
vn -0.91992 -0.39212 2E-05
vn -0.58066 -0.15523 0.79921
vn -0.30532 -0.15413 0.93969
vn -0.78353 -0.24902 0.56927
vn -0.87488 -0.39214 0.28427
vn -0.78576 -0.61853 2E-05
vn -0.30527 -0.15523 0.93953
vn -0 -0.15413 0.98805
vn -0.56927 -0.24902 0.78353
vn -0.7473 -0.61853 0.24281
vn -1E-05 -1 6E-05
vn -0.63569 -0.61853 0.46186
vn -0.46187 -0.61854 0.63568
vn -0.74421 -0.39214 0.54071
vn -0.54071 -0.39214 0.74422
vn 0 -0.15523 0.98788
vn 0.30532 -0.15413 0.93969
vn -0.29928 -0.24902 0.9211
vn -0.28427 -0.39214 0.87488
vn 0.30528 -0.15523 0.93953
vn 0.58076 -0.15413 0.79935
vn 0 -0.24902 0.9685
vn -0.2428 -0.61853 0.7473
vn 0.58066 -0.15523 0.79921
vn 0.79935 -0.15413 0.58076
vn 0.29928 -0.24902 0.9211
vn -0 -0.39214 0.9199
vn 0.79921 -0.15523 0.58066
vn 0.93969 -0.15413 0.30532
vn 1E-05 -0.61853 0.78576
vn 0.56927 -0.24902 0.78353
vn 0.28427 -0.39214 0.87488
vn 0.93953 -0.15523 0.30527
vn 0.98805 -0.15413 6E-05
vn 0.98788 -0.15521 5E-05
vn 0.24281 -0.61853 0.7473
vn 0.78353 -0.24902 0.56927
vn 0.9211 -0.24902 0.29928
vn 0.96849 -0.24905 3E-05
vn 0.54071 -0.39214 0.74422
vn 0.87488 -0.39214 0.28426
vn 0.91991 -0.39213 5E-05
vn 0.74422 -0.39214 0.5407
vn 0.46186 -0.61853 0.63569
vn 0.63569 -0.61853 0.46186
vn 0.74731 -0.61853 0.2428
vn 0.78577 -0.61852 1E-05
vn 0.78727 0.61661 -5E-05
vn 0.84325 0.53752 -4E-05
vn 0.75006 0.61426 -0.24513
vn 0.80218 0.53781 -0.25937
vn 0.641 0.60789 -0.4686
vn 1 -0.00143 -6E-05
vn 0.6829 0.53843 -0.4937
vn 0.46843 0.59944 -0.64904
vn 0.95285 0.01779 -0.30293
vn 0.5935 -0.80483 -4E-05
vn 0.49664 0.53921 -0.68015
vn 0.24758 0.59212 -0.76687
vn 0.56502 -0.80371 -0.18655
vn 0.23046 -0.97308 -1E-05
vn 0.21538 -0.97423 -0.06695
vn 0.81335 0.06937 -0.57762
vn 0.48156 -0.80089 -0.35592
vn 0.17475 -0.97703 -0.12198
vn 0.26131 0.53986 -0.80017
vn 1E-05 0.58918 -0.808
vn 0.59095 0.13539 -0.79527
vn 0.34995 -0.79795 -0.49072
vn 0.11996 -0.97998 -0.1589
vn 0 0.54018 -0.84155
vn -0.24742 0.59203 -0.767
vn 0.30968 0.19023 -0.93162
vn 0.18357 -0.79628 -0.57641
vn 0.06022 -0.98207 -0.17866
vn -0.2613 0.53989 -0.80015
vn -0.46851 0.59947 -0.64895
vn 0 0.21138 -0.9774
vn 0 -0.79585 -0.60549
vn -8E-05 -0.98279 -0.18472
vn -0.49664 0.53921 -0.68015
vn -0.64099 0.60789 -0.46862
vn -0.30973 0.1902 -0.93161
vn -0.18356 -0.79628 -0.57641
vn -0.06065 -0.98206 -0.17857
vn -0.68291 0.53842 -0.49371
vn -0.74983 0.61437 -0.24558
vn -0.59095 0.13541 -0.79527
vn -0.34995 -0.79795 -0.49072
vn -0.1199 -0.97999 -0.15885
vn -0.80216 0.53784 -0.25936
vn -0.78727 0.61661 -2E-05
vn -0.84326 0.53751 -6E-05
vn -0.81332 0.06935 -0.57768
vn -0.48157 -0.80089 -0.35591
vn -0.17481 -0.97701 -0.12201
vn -0.95285 0.01778 -0.30293
vn -1 -0.00142 -2E-05
vn -0.56505 -0.80369 -0.18656
vn -0.21535 -0.97423 -0.06713
vn -0.59349 -0.80484 -0
vn -0.23046 -0.97308 -0
vn 0.23046 -0.97308 0
vn 0.59349 -0.80484 0
vn 0.21531 -0.97424 0.06711
vn 0.56505 -0.80369 0.18656
vn 0.17476 -0.97702 0.12199
vn 1 -0.00142 2E-05
vn 0.48157 -0.80089 0.35591
vn 0.1199 -0.97999 0.15885
vn 0.95285 0.01778 0.30293
vn 0.84326 0.53751 6E-05
vn 0.34995 -0.79795 0.49072
vn 0.06065 -0.98206 0.17857
vn 0.80217 0.53784 0.25935
vn 0.78727 0.61661 2E-05
vn 0.75005 0.61427 0.24513
vn 0.81317 0.06936 0.57788
vn 0.68291 0.53842 0.49371
vn 0.64094 0.60788 0.4687
vn 0.18357 -0.79628 0.57641
vn 3E-05 -0.98278 0.1848
vn 0.59095 0.13541 0.79526
vn 0.49666 0.53917 0.68017
vn 0.46842 0.59942 0.64906
vn -0.00142 -0.79585 0.60549
vn -0.0602 -0.98207 0.17862
vn 0.30968 0.1902 0.93163
vn 0.26129 0.53994 0.80012
vn 0.24742 0.59203 0.767
vn -0.18357 -0.79628 0.57641
vn -0.11993 -0.97999 0.15886
vn -0 0.21138 0.9774
vn -0 0.54018 0.84155
vn 0.00016 0.58879 0.80829
vn -0.34996 -0.79795 0.49071
vn -0.17475 -0.97703 0.12198
vn -0.30968 0.19023 0.93162
vn -0.2613 0.5399 0.80014
vn -0.24695 0.59198 0.76718
vn -0.48157 -0.80089 0.35592
vn -0.21538 -0.97423 0.06695
vn -0.59095 0.13539 0.79527
vn -0.49663 0.53925 0.68013
vn -0.46825 0.59949 0.64912
vn -0.56502 -0.80371 0.18655
vn -0.23046 -0.97308 1E-05
vn -0.59351 -0.80483 4E-05
vn -0.81317 0.06938 0.57788
vn -0.68288 0.53847 0.49369
vn -0.64092 0.60793 0.46865
vn -0.95285 0.0178 0.30293
vn -1 -0.00143 6E-05
vn -0.80218 0.53781 0.25937
vn -0.75006 0.61426 0.24513
vn -0.84325 0.53752 4E-05
vn -0.78727 0.61661 5E-05
vn -0.93587 -0.35234 -3E-05
vn -0.93234 -0.36158 -2E-05
vn -0.89007 -0.35233 -0.2892
vn -0.8867 -0.36161 -0.2881
vn -0.92938 -0.36914 -3E-05
vn -0.75714 -0.35233 -0.55009
vn -0.88389 -0.36914 -0.28719
vn -0.75427 -0.36161 -0.54801
vn -0.5501 -0.35233 -0.75714
vn -0.75188 -0.36914 -0.54627
vn -0.54801 -0.36161 -0.75427
vn -0.2892 -0.35233 -0.89007
vn -0.54627 -0.36914 -0.75188
vn -0.28812 -0.36152 -0.88673
vn -0 -0.35233 -0.93587
vn -0.28719 -0.36914 -0.88389
vn -0 -0.36161 -0.93233
vn 0.2892 -0.35233 -0.89007
vn 0 -0.36914 -0.92937
vn 0.2881 -0.36161 -0.8867
vn 0.55009 -0.35233 -0.75714
vn 0.28719 -0.36914 -0.88389
vn 0.54806 -0.36138 -0.75434
vn 0.75714 -0.35233 -0.5501
vn 0.54627 -0.36914 -0.75188
vn 0.75434 -0.36138 -0.54807
vn 0.89007 -0.35233 -0.2892
vn 0.75188 -0.36914 -0.54627
vn 0.88673 -0.36152 -0.28812
vn 0.93587 -0.35234 -3E-05
vn 0.88389 -0.36914 -0.28719
vn 0.93234 -0.36158 -4E-05
vn 0.92937 -0.36914 -3E-05
vn 0.93587 -0.35234 3E-05
vn 0.93234 -0.36158 2E-05
vn 0.89007 -0.35233 0.2892
vn 0.88673 -0.36152 0.28811
vn 0.92938 -0.36914 3E-05
vn 0.75714 -0.35233 0.55009
vn 0.88389 -0.36914 0.28719
vn 0.75434 -0.36138 0.54806
vn 0.5501 -0.35233 0.75714
vn 0.75188 -0.36914 0.54627
vn 0.54806 -0.36138 0.75434
vn 0.2892 -0.35233 0.89007
vn 0.54627 -0.36914 0.75188
vn 0.28811 -0.36161 0.8867
vn 0 -0.35233 0.93587
vn 0.28719 -0.36914 0.88389
vn 0 -0.36152 0.93236
vn -0.2892 -0.35233 0.89007
vn -0 -0.36914 0.92937
vn -0.28811 -0.36152 0.88673
vn -0.55009 -0.35233 0.75714
vn -0.28719 -0.36914 0.88389
vn -0.54803 -0.36152 0.7543
vn -0.75714 -0.35233 0.5501
vn -0.54627 -0.36914 0.75188
vn -0.75427 -0.36161 0.54801
vn -0.89007 -0.35233 0.2892
vn -0.75188 -0.36914 0.54627
vn -0.88666 -0.36171 0.2881
vn -0.93587 -0.35234 3E-05
vn -0.88389 -0.36914 0.28719
vn -0.93234 -0.36158 5E-05
vn -0.92937 -0.36914 3E-05
vn -0.16214 0.27544 0.94755
vn -0.68716 0.20923 0.69573
vn -0.75494 0.29286 0.58677
vn -0.62678 0.17876 0.75842
vn -0.13185 0.28147 0.95047
vn -0.02271 0.99922 -0.0323
vn -0.28744 0.33398 0.89768
vn 0.28748 0.22304 0.93145
vn 0.38071 0.26449 0.88606
vn 0.74464 0.3527 0.56667
vn 0.93529 0.33048 0.12654
vn 0.86459 0.38383 -0.32429
vn 0.71641 0.29996 0.62991
vn 0.93227 0.2717 0.23883
vn 0.15034 0.25342 0.9556
vn -0.45003 0.42621 0.78474
vn -0.82281 0.36596 0.4348
vn -0.01057 0.34688 0.93785
vn -0.65233 0.47717 0.58888
vn 0.61551 0.29876 0.72931
vn 0.91185 0.33566 -0.23637
vn 0.4715 0.35744 0.80618
vn -0.26754 0.43566 0.85943
vn -0.16225 0.43724 0.88459
vn 0.88676 0.24856 0.38972
vn -0.28901 0.27633 0.91658
vn 0.80249 0.26742 0.53338
vn 0.02628 0.53088 0.84704
vn 0.24492 0.50284 0.82895
vn 0.16879 0.14014 0.97564
vn -0.01167 0.35755 0.93382
vn 0.64266 0.43338 0.6318
vn 0.70833 0.33686 0.62032
vn 0.95532 0.28157 0.0899
vn 0.94767 0.31252 -0.06519
vn 0.69922 0.30119 -0.64836
vn 0.61783 0.33193 -0.71282
vn 0.58122 0.55737 0.59289
vn 0.61019 0.51186 0.60471
vn 0.86387 0.37782 0.33314
vn 0.92649 0.30773 0.21662
vn 0.8915 0.22006 -0.39597
vn 0.79985 0.28332 -0.52911
vn 0.27006 0.34712 -0.8981
vn 0.57009 0.02903 0.82107
vn 0.15053 0.34891 -0.92499
vn 0.87926 -0.07036 0.47112
vn 0.98009 -0.18568 0.07038
vn 0.92479 0.20161 0.32268
vn 0.72759 0.42295 0.54011
vn 0.92656 0.12345 0.3553
vn 0.49893 0.84804 -0.17861
vn 0.62232 0.58199 0.52346
vn 0.95089 -0.30949 0.00507
vn 0.93025 0.28872 -0.22644
vn 0.59048 0.73288 -0.33796
vn 0.82217 0.12112 -0.55621
vn 0.72551 0.52116 0.44947
vn 0.94655 0.09271 -0.30895
vn 0.73418 0.30934 -0.6044
vn 0.60841 0.54612 -0.57584
vn 0.65691 -0.57785 -0.48432
vn 0.62532 -0.13305 -0.76894
vn 0.97132 0.05277 -0.23184
vn 0.91363 -0.27961 -0.29513
vn 0.50781 0.29823 -0.8082
vn 0.94846 0.14043 -0.28409
vn 0.56484 0.30745 -0.76579
vn 0.43026 0.3548 -0.83005
vn -0.21558 0.27516 -0.93692
vn -0.31457 0.25432 -0.91453
vn 0.73902 0.04992 -0.67183
vn 0.67185 0.22256 -0.70646
vn 0.13849 0.30614 -0.94186
vn -0.04669 0.31374 -0.94836
vn -0.39878 0.40844 -0.82106
vn -0.67375 0.315 -0.66846
vn 0.27367 0.22909 -0.93414
vn -0.76458 0.25942 -0.59002
vn 0.96411 0.09587 -0.24759
vn 0.35843 -0.00781 -0.93353
vn -0.19975 0.09591 -0.97514
vn 0.32852 0.19492 -0.92416
vn 0.7839 -0.0856 -0.61496
vn 0.73301 0.63435 -0.24557
vn 0.75109 0.44133 -0.49102
vn 0.76654 0.49011 0.41498
vn -0.27462 0.34316 -0.89823
vn -0.69637 0.32287 -0.64096
vn 0.44729 0.87345 -0.19237
vn 0.89853 0.41037 0.15569
vn 0.50005 0.82863 -0.25165
vn 0.39323 0.87585 -0.27974
vn 0.99971 -0.02015 0.01312
vn 0.96141 0.25749 -0.09685
vn 0.93531 -0.25695 -0.24325
vn 0.92123 0.08744 -0.37905
vn 0.73409 -0.52656 -0.42876
vn 0.55858 0.76701 -0.31573
vn 0.6367 0.60446 -0.4788
vn 0.04008 0.89621 -0.44181
vn 0.58586 0.72882 -0.35438
vn 0.73808 -0.0789 -0.67008
vn 0.47187 0.62582 -0.62103
vn 0.56937 0.41591 -0.70911
vn -0.02084 0.85152 -0.52391
vn 0.23523 0.47001 -0.85074
vn 0.29195 0.17348 -0.94057
vn 0.39373 -0.22813 -0.89047
vn 0.45399 -0.74871 -0.48305
vn 0.20094 -0.35408 -0.91337
vn 0.01761 -0.30282 -0.95288
vn -0.0257 -0.02914 -0.99925
vn -0.06575 0.31741 -0.94601
vn -0.13987 0.76883 -0.62396
vn -0.05732 0.79193 -0.60792
vn 0.39284 0.55158 -0.73582
vn -0.21928 0.80631 -0.54934
vn 0.14679 0.35867 -0.92185
vn -0.21882 0.35599 -0.90851
vn 0.25818 0.01042 -0.96604
vn 0.34994 -0.35616 -0.86643
vn 0.52501 -0.32523 -0.7865
vn -0.02673 -0.42174 -0.90632
vn -0.04176 -0.2393 -0.97005
vn -0.14793 0.1659 -0.97498
vn 0.05663 0.72632 -0.68502
vn 0.27661 -0.12012 -0.95344
vn -0.03649 0.56311 -0.82558
vn -0.08578 -0.12537 -0.98839
vn -0.3027 0.7119 -0.63369
vn -0.20807 0.3646 -0.90762
vn -0.49343 0.18867 -0.84908
vn -0.18354 0.45941 -0.86906
vn -0.68199 0.31719 -0.659
vn -0.25883 -0.44444 -0.8576
vn -0.4307 0.00445 -0.90249
vn -0.50182 0.53606 -0.67883
vn -0.06552 -0.15136 -0.9863
vn -0.48461 0.40582 -0.7749
vn -0.40064 -0.5971 -0.69495
vn -0.24501 -0.3326 -0.91068
vn -0.59028 0.09885 -0.80112
vn -0.33274 -0.23099 -0.91429
vn -0.69314 -0.10135 -0.71364
vn -0.45254 0.13868 -0.88089
vn -0.71571 0.31361 -0.62402
vn -0.44341 0.20509 -0.87254
vn -0.35905 -0.27239 -0.89269
vn -0.45377 0.63675 -0.62341
vn -0.40197 0.69197 -0.59967
vn -0.86102 0.20887 -0.46369
vn -0.60176 -0.46332 -0.65055
vn -0.78302 0.0571 -0.61937
vn -0.74734 0.479 -0.46049
vn -0.62825 0.58161 -0.51676
vn -0.42519 0.90236 0.07044
vn -0.59127 0.73606 -0.32958
vn -0.78602 0.61697 -0.0391
vn -0.953 0.2614 -0.15319
vn -0.95498 -0.11592 -0.2731
vn -0.67077 -0.08568 -0.7367
vn -0.6512 -0.61937 -0.43855
vn -0.50162 0.79462 0.34199
vn -0.68234 0.17272 -0.71034
vn -0.93747 0.20928 -0.2781
vn -0.99385 0.00437 -0.11067
vn -0.96472 -0.25697 0.05721
vn -0.98701 0.01533 0.15994
vn -0.87042 0.40313 0.28257
vn -0.31601 0.85262 0.41615
vn -0.79151 0.49442 0.35925
vn -0.98516 0.02574 0.1697
vn -0.96845 -0.08763 -0.23328
vn -0.95524 0.21008 0.2083
vn -0.89789 0.38858 -0.20689
vn -0.89446 0.34281 0.2871
vn -0.8228 0.36594 0.43485
vn -0.9296 -0.06288 -0.36317
vn -0.64343 0.74185 0.18885
vn -0.50487 0.85733 0.10047
vn -0.94883 0.31381 0.03525
vn -0.82568 0.49986 -0.26153
vn -0.97857 -0.16042 -0.12907
vn -0.91219 0.08454 -0.40095
vn -0.96832 -0.22949 -0.09843
vn -0.88191 -0.16981 -0.43976
vn -0.48408 -0.6642 -0.56966
vn -0.93396 0.17174 -0.3134
vn -0.79874 0.02895 -0.60098
vn -0.86746 0.49468 -0.05298
vn -0.70674 0.68314 -0.18396
vn -0.98243 0.01564 -0.18598
vn -0.56031 0.80062 -0.21227
vn -0.68935 0.30653 -0.65638
vn -0.87725 0.16961 -0.44907
vn -0.80946 -0.49369 -0.31789
vn -0.66555 -0.07923 -0.74214
vn -0.78981 -0.28992 -0.54051
vn -0.61506 -0.31037 -0.72482
vn -0.91492 0.02146 -0.40307
vn -0.40727 -0.28632 -0.86727
vn -0.9711 0.20651 -0.11964
vn -0.01997 -0.74455 -0.66727
vn -0.7543 0.34988 -0.55553
vn -0.86865 0.45564 -0.19452
vn -0.75734 0.30142 -0.57929
vn -0.94769 0.1342 -0.28962
vn -0.74846 0.39986 -0.52908
vn -0.37552 0.17791 -0.90958
vn -0.62437 0.19307 -0.75689
vn -0.47215 -0.35863 -0.80527
vn -0.25097 0.44927 -0.85742
vn -0.42924 0.69739 -0.57393
vn -0.60158 0.49914 -0.62367
vn -0.36355 0.24288 -0.89936
vn -0.45977 -0.86597 0.19673
vn -0.0954 -0.99543 0.00408
vn -0.39041 -0.87218 0.29477
vn -0.31263 -0.87679 0.36538
vn -0.4937 -0.86884 0.03702
vn -0.17538 -0.89597 0.40801
vn -0.49719 -0.86045 -0.11151
vn 0.00185 -0.9089 0.41701
vn -0.43057 -0.87187 -0.23334
vn 0.17654 -0.92394 0.33937
vn -0.31491 -0.86876 -0.38221
vn 0.32302 -0.92457 0.20206
vn -0.19098 -0.8787 -0.43751
vn 0.38402 -0.91893 0.08999
vn -0.05239 -0.88153 -0.46921
vn 0.3982 -0.91728 0.00529
vn 0.06267 -0.88909 -0.45342
vn 0.3847 -0.91636 -0.1109
vn 0.18364 -0.89754 -0.40086
vn 0.30985 -0.91231 -0.26774
vn -0.53177 0.39162 -0.7509
vn -0.85052 0.32503 -0.41349
vn -0.75386 0.3676 -0.54458
vn -0.90004 0.43451 -0.03362
vn -0.91156 0.38272 0.15031
vn -0.7549 0.29284 0.58683
vn -0.6871 0.20922 0.69579
vn -0.93262 0.23178 -0.27658
vn -0.91227 0.28158 0.29747
vn -0.9688 0.16904 -0.18124
vn -0.90528 0.22554 0.36
vn -0.62676 0.17876 0.75843
vn -0.56246 0.71878 0.40864
vn 0 1 0
vn -0.66121 0.71878 0.21483
vn -0.69524 0.71878 -1E-05
vn -0.40866 0.71878 0.56246
vn -0.66121 0.71878 -0.21485
vn -0.21485 0.71878 0.66121
vn -0.56246 0.71878 -0.40866
vn -1E-05 0.71878 0.69524
vn -0.40864 0.71878 -0.56246
vn 0.21483 0.71878 0.66121
vn -0.21483 0.71878 -0.66121
vn 0.40864 0.71878 0.56246
vn 1E-05 0.71878 -0.69524
vn 0.56246 0.71878 0.40866
vn 0.21485 0.71878 -0.66121
vn 0.66121 0.71878 0.21485
vn 0.40866 0.71878 -0.56246
vn 0.69524 0.71878 1E-05
vn 0.56246 0.71878 -0.40864
vn 0.66121 0.71878 -0.21483
vt 0.27595 0.93804
vt 0.27219 0.95316
vt 0.32527 0.96937
vt 0.21833 0.93363
vt 0.22372 0.91931
vt 0.18554 0.90087
vt 0.1758 0.90939
vt 0.14019 0.88547
vt 0.22969 0.91298
vt 0.27781 0.934
vt 0.33172 0.95627
vt 0.37562 0.97849
vt 0.14685 0.87608
vt 0.11147 0.85733
vt 0.10593 0.86623
vt 0.15335 0.86809
vt 0.19266 0.89421
vt 0.07324 0.8348
vt 0.06701 0.84628
vt 0.04118 0.80387
vt 0.02799 0.81735
vt 0.05498 0.78989
vt 0.12097 0.8482
vt 0.08701 0.82104
vt 0.07123 0.77614
vt 0.12633 0.84345
vt 0.09781 0.81147
vt 0.15963 0.8643
vt 0.11178 0.79917
vt 0.09134 0.76047
vt 0.13379 0.83657
vt 0.13018 0.77873
vt 0.11238 0.74081
vt 0.17573 0.84729
vt 0.14941 0.75801
vt 0.12888 0.71818
vt 0.158 0.74467
vt 0.13751 0.71101
vt 0.15173 0.81609
vt 0.17002 0.79745
vt 0.19231 0.83094
vt 0.2055 0.87776
vt 0.1782 0.72972
vt 0.16235 0.6969
vt 0.20035 0.71384
vt 0.1849 0.68219
vt 0.23708 0.90714
vt 0.24782 0.89311
vt 0.21734 0.86119
vt 0.2074 0.80933
vt 0.28609 0.92751
vt 0.27005 0.87746
vt 0.34075 0.93067
vt 0.1827 0.77355
vt 0.21923 0.79095
vt 0.2387 0.84196
vt 0.30455 0.90719
vt 0.1867 0.7668
vt 0.19738 0.76214
vt 0.28599 0.85798
vt 0.25203 0.81906
vt 0.29421 0.84018
vt 0.31828 0.88638
vt 0.35061 0.90978
vt 0.25367 0.81465
vt 0.23122 0.78054
vt 0.21472 0.74728
vt 0.37816 0.94741
vt 0.25356 0.7649
vt 0.22124 0.69405
vt 0.2025 0.66107
vt 0.24484 0.67008
vt 0.2134 0.64219
vt 0.23488 0.62959
vt 0.23536 0.72842
vt 0.41922 0.9595
vt 0.41712 0.98154
vt 0.45539 0.98644
vt 0.26805 0.65016
vt 0.25586 0.61445
vt 0.28967 0.63091
vt 0.27565 0.59779
vt 0.29177 0.5811
vt 0.27394 0.74584
vt 0.25502 0.70897
vt 0.27185 0.69352
vt 0.28754 0.68039
vt 0.29278 0.72898
vt 0.27565 0.79625
vt 0.30336 0.71796
vt 0.29559 0.77845
vt 0.30592 0.82719
vt 0.32093 0.80988
vt 0.31482 0.75714
vt 0.33857 0.85137
vt 0.33702 0.78824
vt 0.35266 0.83541
vt 0.35396 0.76742
vt 0.33269 0.73934
vt 0.38109 0.7652
vt 0.34353 0.7307
vt 0.36435 0.71273
vt 0.32483 0.69717
vt 0.36573 0.81196
vt 0.3783 0.78769
vt 0.40534 0.80697
vt 0.39754 0.83256
vt 0.30661 0.66241
vt 0.32502 0.64476
vt 0.3423 0.67904
vt 0.38782 0.85743
vt 0.423 0.88125
vt 0.43077 0.85017
vt 0.37901 0.87377
vt 0.30823 0.61347
vt 0.32296 0.60208
vt 0.30804 0.57002
vt 0.35907 0.66043
vt 0.34119 0.62786
vt 0.32669 0.59368
vt 0.34269 0.57781
vt 0.31331 0.55409
vt 0.34653 0.61844
vt 0.37282 0.64666
vt 0.37991 0.69183
vt 0.35017 0.54204
vt 0.32445 0.52062
vt 0.34437 0.49141
vt 0.37855 0.63961
vt 0.39389 0.67127
vt 0.37648 0.61337
vt 0.39914 0.65071
vt 0.40274 0.72106
vt 0.41418 0.69834
vt 0.42533 0.67816
vt 0.39189 0.7425
vt 0.42294 0.7607
vt 0.42964 0.74345
vt 0.43857 0.7189
vt 0.43226 0.66759
vt 0.40887 0.6467
vt 0.44599 0.69475
vt 0.46729 0.73553
vt 0.46126 0.7613
vt 0.47187 0.71047
vt 0.41574 0.77378
vt 0.44473 0.7786
vt 0.4863 0.78422
vt 0.44287 0.79847
vt 0.4121 0.78748
vt 0.4901 0.77553
vt 0.49849 0.74973
vt 0.43583 0.82351
vt 0.46833 0.8368
vt 0.47556 0.81081
vt 0.51308 0.8252
vt 0.46535 0.86206
vt 0.52601 0.79008
vt 0.53095 0.7626
vt 0.56204 0.7925
vt 0.52024 0.7982
vt 0.5575 0.81612
vt 0.50393 0.87318
vt 0.46172 0.88717
vt 0.50635 0.85155
vt 0.54616 0.86602
vt 0.55172 0.84123
vt 0.58785 0.85426
vt 0.59256 0.83054
vt 0.50003 0.89109
vt 0.45802 0.89723
vt 0.54445 0.89296
vt 0.57545 0.89229
vt 0.58199 0.87863
vt 0.53841 0.90335
vt 0.49575 0.91203
vt 0.53783 0.92889
vt 0.45636 0.92581
vt 0.57874 0.91487
vt 0.62465 0.86742
vt 0.62107 0.89159
vt 0.66176 0.87202
vt 0.62757 0.84021
vt 0.53503 0.95494
vt 0.49609 0.94059
vt 0.57623 0.94166
vt 0.62536 0.92869
vt 0.62232 0.89926
vt 0.6311 0.96351
vt 0.58132 0.96784
vt 0.66825 0.94943
vt 0.57877 0.98287
vt 0.54059 0.97434
vt 0.53485 0.99094
vt 0.49387 0.99019
vt 0.66196 0.90567
vt 0.70743 0.9393
vt 0.49378 0.96854
vt 0.45114 0.9539
vt 0.41603 0.93988
vt 0.41884 0.91079
vt 0.38013 0.92446
vt 0.38724 0.89817
vt 0.3593 0.88577
vt 0.32802 0.86936
vt 0.33455 0.85938
vt 0.32882 0.06299
vt 0.32996 0.04973
vt 0.29467 0.06299
vt 0.29509 0.04973
vt 0.26229 0.06299
vt 0.33028 0.03364
vt 0.26259 0.04973
vt 0.23093 0.06299
vt 0.29533 0.03364
vt 0.33028 0.02095
vt 0.23113 0.04973
vt 0.20014 0.06299
vt 0.29532 0.02095
vt 0.33028 0.00881
vt 0.29529 0.00881
vt 0.2628 0.03364
vt 0.26287 0.02095
vt 0.2629 0.00881
vt 0.20023 0.04973
vt 0.1696 0.06299
vt 0.23127 0.03364
vt 0.23132 0.02095
vt 0.23134 0.00881
vt 0.1696 0.04973
vt 0.13906 0.06299
vt 0.2003 0.03364
vt 0.20033 0.02095
vt 0.20034 0.00881
vt 0.13897 0.04973
vt 0.10827 0.06299
vt 0.1696 0.03364
vt 0.1696 0.02095
vt 0.1696 0.00881
vt 0.10807 0.04973
vt 0.07691 0.06299
vt 0.1389 0.03364
vt 0.13887 0.02095
vt 0.13886 0.00881
vt 0.07661 0.04973
vt 0.04453 0.06299
vt 0.10793 0.03364
vt 0.10788 0.02095
vt 0.10786 0.00881
vt 0.0441 0.04973
vt 0.01037 0.06299
vt 0.00923 0.04973
vt 0.0764 0.03364
vt 0.07632 0.02095
vt 0.07629 0.00881
vt 0.04387 0.03364
vt 0.00891 0.03364
vt 0.04388 0.02095
vt 0.04391 0.00881
vt 0.00891 0.02095
vt 0.00891 0.00881
vt 0.9898 0.06299
vt 0.99094 0.04973
vt 0.95564 0.06299
vt 0.95607 0.04973
vt 0.92326 0.06299
vt 0.99126 0.03364
vt 0.92357 0.04973
vt 0.89191 0.06299
vt 0.9563 0.03364
vt 0.99126 0.02095
vt 0.8921 0.04973
vt 0.86112 0.06299
vt 0.95629 0.02095
vt 0.99126 0.00881
vt 0.95626 0.00881
vt 0.92378 0.03364
vt 0.92385 0.02095
vt 0.92388 0.00881
vt 0.86121 0.04973
vt 0.83058 0.06299
vt 0.89225 0.03364
vt 0.8923 0.02095
vt 0.89232 0.00881
vt 0.83058 0.04973
vt 0.80004 0.06299
vt 0.86128 0.03364
vt 0.8613 0.02095
vt 0.86132 0.00881
vt 0.79995 0.04973
vt 0.76925 0.06299
vt 0.83058 0.03364
vt 0.83058 0.02095
vt 0.83058 0.00881
vt 0.76905 0.04973
vt 0.73789 0.06299
vt 0.79988 0.03364
vt 0.79985 0.02095
vt 0.79984 0.00881
vt 0.73759 0.04973
vt 0.70552 0.06299
vt 0.76891 0.03364
vt 0.76886 0.02095
vt 0.76884 0.00881
vt 0.70509 0.04973
vt 0.67136 0.06299
vt 0.67022 0.04973
vt 0.73738 0.03364
vt 0.7373 0.02095
vt 0.73727 0.00881
vt 0.70486 0.03364
vt 0.6699 0.03364
vt 0.70486 0.02095
vt 0.70489 0.00881
vt 0.6699 0.02095
vt 0.6699 0.00881
vt 0.03181 0.19848
vt 0.13416 0.61638
vt 0.05924 0.19848
vt 0.14118 0.61638
vt 0.08684 0.19848
vt 0.14326 0.64107
vt 0.14825 0.61638
vt 0.11445 0.19848
vt 0.14854 0.64107
vt 0.1527 0.65733
vt 0.15535 0.61638
vt 0.14204 0.19848
vt 0.15381 0.64107
vt 0.15601 0.65733
vt 0.16161 0.66679
vt 0.16246 0.61638
vt 0.1696 0.19848
vt 0.15907 0.64107
vt 0.16296 0.66679
vt 0.1696 0.67186
vt 0.16448 0.66679
vt 0.16612 0.66679
vt 0.15937 0.65733
vt 0.16276 0.65733
vt 0.1696 0.61638
vt 0.19715 0.19848
vt 0.16434 0.64107
vt 0.16617 0.65733
vt 0.17673 0.61638
vt 0.22474 0.19848
vt 0.1696 0.64107
vt 0.16784 0.66679
vt 0.18385 0.61638
vt 0.25236 0.19848
vt 0.17486 0.64107
vt 0.1696 0.65733
vt 0.19096 0.61638
vt 0.27996 0.19848
vt 0.1696 0.66679
vt 0.18013 0.64107
vt 0.17303 0.65733
vt 0.19801 0.61638
vt 0.30739 0.19848
vt 0.20504 0.61638
vt 0.17135 0.66679
vt 0.18539 0.64107
vt 0.19066 0.64107
vt 0.19594 0.64107
vt 0.17644 0.65733
vt 0.18318 0.65733
vt 0.1865 0.65733
vt 0.17983 0.65733
vt 0.17308 0.66679
vt 0.17472 0.66679
vt 0.17624 0.66679
vt 0.17759 0.66679
vt 0.69279 0.19848
vt 0.79514 0.61638
vt 0.72022 0.19848
vt 0.80216 0.61638
vt 0.74781 0.19848
vt 0.80423 0.64107
vt 0.80922 0.61638
vt 0.77544 0.19848
vt 0.80952 0.64107
vt 0.81368 0.65733
vt 0.81632 0.61638
vt 0.80302 0.19848
vt 0.81478 0.64107
vt 0.817 0.65733
vt 0.82259 0.66679
vt 0.82344 0.61638
vt 0.83058 0.19848
vt 0.82005 0.64107
vt 0.82394 0.66679
vt 0.83058 0.67187
vt 0.82545 0.66679
vt 0.8271 0.66679
vt 0.82034 0.65733
vt 0.82373 0.65733
vt 0.83058 0.61638
vt 0.85813 0.19848
vt 0.82532 0.64107
vt 0.82715 0.65733
vt 0.83771 0.61638
vt 0.88572 0.19848
vt 0.83058 0.64107
vt 0.82882 0.66679
vt 0.84484 0.61638
vt 0.91334 0.19848
vt 0.83584 0.64107
vt 0.83058 0.65733
vt 0.85193 0.61638
vt 0.94094 0.19848
vt 0.83058 0.66679
vt 0.84111 0.64107
vt 0.834 0.65733
vt 0.859 0.61638
vt 0.96837 0.19848
vt 0.86602 0.61638
vt 0.83234 0.66679
vt 0.84637 0.64107
vt 0.85164 0.64107
vt 0.85692 0.64107
vt 0.83742 0.65733
vt 0.84416 0.65733
vt 0.84748 0.65733
vt 0.84081 0.65733
vt 0.83406 0.66679
vt 0.8357 0.66679
vt 0.83722 0.66679
vt 0.83857 0.66679
vt 0.02541 0.15723
vt 0.02537 0.1662
vt 0.05422 0.15723
vt 0.05513 0.1662
vt 0.08337 0.15723
vt 0.02579 0.17607
vt 0.08409 0.1662
vt 0.11227 0.15723
vt 0.05627 0.17607
vt 0.02781 0.18463
vt 0.11274 0.1662
vt 0.141 0.15723
vt 0.05842 0.18463
vt 0.08493 0.17607
vt 0.08718 0.18463
vt 0.14123 0.1662
vt 0.1696 0.15723
vt 0.11329 0.17607
vt 0.11519 0.18463
vt 0.1696 0.1662
vt 0.1982 0.15723
vt 0.1415 0.17607
vt 0.1426 0.18463
vt 0.19797 0.1662
vt 0.22693 0.15723
vt 0.1696 0.17607
vt 0.1696 0.18463
vt 0.22646 0.1662
vt 0.25583 0.15723
vt 0.1977 0.17607
vt 0.1966 0.18463
vt 0.25511 0.1662
vt 0.28498 0.15723
vt 0.22591 0.17607
vt 0.22401 0.18463
vt 0.28406 0.1662
vt 0.31378 0.15723
vt 0.31383 0.1662
vt 0.25427 0.17607
vt 0.25202 0.18463
vt 0.28293 0.17607
vt 0.31341 0.17607
vt 0.28077 0.18463
vt 0.31138 0.18463
vt 0.97236 0.18463
vt 0.94176 0.18463
vt 0.97438 0.17608
vt 0.913 0.18463
vt 0.94391 0.17608
vt 0.97481 0.1662
vt 0.88499 0.18463
vt 0.94504 0.1662
vt 0.97476 0.15723
vt 0.94596 0.15723
vt 0.91525 0.17608
vt 0.91609 0.1662
vt 0.91681 0.15723
vt 0.85758 0.18463
vt 0.88689 0.17608
vt 0.88744 0.1662
vt 0.88791 0.15723
vt 0.83058 0.18463
vt 0.85868 0.17608
vt 0.85895 0.1662
vt 0.85918 0.15723
vt 0.80358 0.18463
vt 0.83058 0.17608
vt 0.83058 0.1662
vt 0.83058 0.15723
vt 0.77617 0.18463
vt 0.80248 0.17608
vt 0.8022 0.1662
vt 0.80198 0.15723
vt 0.74815 0.18463
vt 0.77427 0.17608
vt 0.77372 0.1662
vt 0.77325 0.15723
vt 0.7194 0.18463
vt 0.6888 0.18463
vt 0.74591 0.17608
vt 0.74507 0.1662
vt 0.74435 0.15723
vt 0.71725 0.17608
vt 0.68677 0.17608
vt 0.71612 0.1662
vt 0.7152 0.15723
vt 0.68635 0.1662
vt 0.68639 0.15723
vt 0.32341 0.11132
vt 0.29123 0.11132
vt 0.26004 0.11132
vt 0.22954 0.11132
vt 0.19947 0.11132
vt 0.1696 0.11132
vt 0.13973 0.11132
vt 0.10966 0.11132
vt 0.07916 0.11132
vt 0.04797 0.11132
vt 0.01579 0.11132
vt 0.98439 0.11132
vt 0.9522 0.11132
vt 0.92102 0.11132
vt 0.89052 0.11132
vt 0.86044 0.11132
vt 0.83058 0.11132
vt 0.80071 0.11132
vt 0.77064 0.11132
vt 0.74014 0.11132
vt 0.70895 0.11132
vt 0.67677 0.11132
vt 0.43357 0.4267
vt 0.42149 0.41842
vt 0.39337 0.4475
vt 0.45048 0.38599
vt 0.45658 0.39191
vt 0.48864 0.35369
vt 0.40946 0.45968
vt 0.44793 0.43192
vt 0.4645 0.39568
vt 0.47171 0.40016
vt 0.48074 0.40093
vt 0.48953 0.40287
vt 0.46096 0.43839
vt 0.47592 0.43888
vt 0.43009 0.46628
vt 0.3867 0.48962
vt 0.36464 0.47393
vt 0.4118 0.4974
vt 0.36546 0.51408
vt 0.44835 0.47609
vt 0.49038 0.44158
vt 0.43321 0.51146
vt 0.3781 0.54858
vt 0.39272 0.52236
vt 0.46881 0.47569
vt 0.37164 0.58109
vt 0.45884 0.50966
vt 0.40451 0.56326
vt 0.41741 0.53846
vt 0.40611 0.61102
vt 0.4006 0.58751
vt 0.43538 0.55838
vt 0.44585 0.53781
vt 0.48326 0.51389
vt 0.48834 0.47938
vt 0.50398 0.43666
vt 0.49787 0.40007
vt 0.4335 0.59384
vt 0.43034 0.57767
vt 0.46689 0.56339
vt 0.47497 0.54188
vt 0.50484 0.505
vt 0.50624 0.47169
vt 0.51841 0.43412
vt 0.42393 0.63079
vt 0.50666 0.39846
vt 0.45346 0.64669
vt 0.48066 0.66142
vt 0.46812 0.62599
vt 0.44624 0.60888
vt 0.45514 0.67502
vt 0.47851 0.68701
vt 0.46222 0.58602
vt 0.48001 0.68158
vt 0.50305 0.7236
vt 0.50929 0.69683
vt 0.53503 0.73689
vt 0.4624 0.57718
vt 0.51239 0.68423
vt 0.5452 0.68432
vt 0.53846 0.7079
vt 0.56429 0.77416
vt 0.56837 0.75126
vt 0.49938 0.55544
vt 0.51303 0.67335
vt 0.57299 0.72638
vt 0.50277 0.53446
vt 0.52895 0.4997
vt 0.52514 0.46783
vt 0.52994 0.42511
vt 0.51325 0.39294
vt 0.53305 0.55272
vt 0.53171 0.53024
vt 0.5488 0.4868
vt 0.54076 0.45573
vt 0.57119 0.47632
vt 0.5427 0.41747
vt 0.55651 0.51921
vt 0.52042 0.3882
vt 0.49658 0.56855
vt 0.56367 0.54513
vt 0.59368 0.54002
vt 0.57028 0.563
vt 0.5339 0.56528
vt 0.4948 0.57608
vt 0.53522 0.5719
vt 0.46666 0.59391
vt 0.58274 0.51263
vt 0.60497 0.49348
vt 0.49457 0.58412
vt 0.48325 0.60725
vt 0.50102 0.59156
vt 0.53348 0.57939
vt 0.49233 0.64327
vt 0.50204 0.62009
vt 0.51712 0.66002
vt 0.52312 0.63402
vt 0.54518 0.67452
vt 0.51658 0.60072
vt 0.52891 0.60933
vt 0.55476 0.57809
vt 0.53241 0.59002
vt 0.54811 0.64757
vt 0.55543 0.60018
vt 0.55056 0.62124
vt 0.57615 0.58324
vt 0.57639 0.60663
vt 0.57731 0.62928
vt 0.57705 0.6546
vt 0.57875 0.67696
vt 0.61142 0.67771
vt 0.6117 0.65959
vt 0.60999 0.63385
vt 0.60723 0.61052
vt 0.60325 0.58491
vt 0.57894 0.68146
vt 0.57901 0.70212
vt 0.60956 0.69236
vt 0.60848 0.71473
vt 0.60712 0.55977
vt 0.60575 0.73918
vt 0.60318 0.76343
vt 0.59958 0.78994
vt 0.63676 0.77537
vt 0.63794 0.74861
vt 0.63797 0.72245
vt 0.59558 0.80633
vt 0.63373 0.78625
vt 0.63094 0.81351
vt 0.66227 0.84591
vt 0.63663 0.69787
vt 0.665 0.81929
vt 0.67184 0.77879
vt 0.66945 0.79225
vt 0.70124 0.77294
vt 0.67089 0.75465
vt 0.66865 0.72797
vt 0.66587 0.70127
vt 0.64674 0.6728
vt 0.70025 0.7987
vt 0.70448 0.75608
vt 0.648 0.66506
vt 0.66309 0.67077
vt 0.64473 0.639
vt 0.70131 0.73143
vt 0.69661 0.82424
vt 0.69529 0.70532
vt 0.63938 0.61417
vt 0.69764 0.84991
vt 0.63315 0.59009
vt 0.6276 0.56507
vt 0.68227 0.66405
vt 0.67571 0.64024
vt 0.67045 0.61598
vt 0.66439 0.59133
vt 0.68941 0.67911
vt 0.64256 0.5483
vt 0.65839 0.56667
vt 0.68763 0.56463
vt 0.69661 0.58988
vt 0.70266 0.61421
vt 0.63708 0.54408
vt 0.7069 0.6364
vt 0.67722 0.54067
vt 0.61855 0.52405
vt 0.64725 0.51171
vt 0.66788 0.53183
vt 0.737 0.61642
vt 0.73158 0.59112
vt 0.72429 0.5663
vt 0.71549 0.54483
vt 0.7119 0.52547
vt 0.69944 0.51424
vt 0.73989 0.64115
vt 0.67327 0.49057
vt 0.6315 0.47984
vt 0.65455 0.46058
vt 0.62977 0.42714
vt 0.71015 0.65361
vt 0.7528 0.65873
vt 0.71256 0.65902
vt 0.76505 0.68333
vt 0.72545 0.68367
vt 0.76944 0.7099
vt 0.73313 0.7084
vt 0.77237 0.73832
vt 0.73805 0.73397
vt 0.74026 0.75144
vt 0.77546 0.74911
vt 0.74045 0.76202
vt 0.78954 0.77331
vt 0.75545 0.77623
vt 0.79908 0.80049
vt 0.73005 0.77816
vt 0.73183 0.80261
vt 0.76347 0.80292
vt 0.80533 0.8252
vt 0.73417 0.82864
vt 0.7671 0.83032
vt 0.73526 0.8554
vt 0.77583 0.85982
vt 0.73466 0.87012
vt 0.81137 0.84561
vt 0.69796 0.87362
vt 0.77685 0.86521
vt 0.81863 0.86387
vt 0.77722 0.88762
vt 0.82566 0.88136
vt 0.77849 0.90554
vt 0.69813 0.87822
vt 0.73386 0.91175
vt 0.74161 0.9266
vt 0.6619 0.88678
vt 0.69788 0.88919
vt 0.73591 0.88997
vt 0.69986 0.91187
vt 0.9342 0.69666
vt 0.89691 0.77944
vt 0.95533 0.71223
vt 0.97331 0.73524
vt 0.9069 0.68922
vt 0.98658 0.76142
vt 0.87667 0.69414
vt 0.97895 0.79482
vt 0.84517 0.70813
vt 0.96478 0.82462
vt 0.83231 0.7312
vt 0.94355 0.84552
vt 0.82135 0.75086
vt 0.92185 0.85612
vt 0.81638 0.77522
vt 0.9 0.85762
vt 0.81389 0.80045
vt 0.87867 0.85147
vt 0.83702 0.82377
vt 0.85716 0.84022
vt 0.55866 0.44597
vt 0.57296 0.43173
vt 0.59001 0.45972
vt 0.61241 0.44641
vt 0.58926 0.41916
vt 0.60095 0.40326
vt 0.56995 0.38414
vt 0.5524 0.4064
vt 0.56271 0.39603
vt 0.52555 0.38146
vt 0.5311 0.3751
vt 0.53499 0.36799
vt 0.62581 0.07539
vt 0.50012 0.16671
vt 0.64788 0.1187
vt 0.65548 0.16671
vt 0.59144 0.04102
vt 0.64788 0.21472
vt 0.54813 0.01895
vt 0.62581 0.25802
vt 0.50012 0.01135
vt 0.59144 0.29239
vt 0.45212 0.01895
vt 0.54813 0.31446
vt 0.40881 0.04102
vt 0.50012 0.32206
vt 0.37444 0.07539
vt 0.45212 0.31446
vt 0.35237 0.1187
vt 0.40881 0.29239
vt 0.34477 0.16671
vt 0.37444 0.25802
vt 0.35237 0.21472
usemtl mat0
f 1/1/1 2/2/2 3/3/3
f 2/2/4 1/1/5 4/4/6
f 1/1/5 5/5/7 4/4/6
f 5/5/7 6/6/8 4/4/6
f 6/6/8 7/7/9 4/4/6
f 7/7/9 6/6/8 8/8/10
f 9/9/11 5/5/7 1/1/5
f 5/5/7 9/9/11 6/6/8
f 10/10/12 9/9/11 1/1/5
f 10/10/12 1/1/5 3/3/13
f 11/11/14 10/10/12 3/3/13
f 11/11/14 3/3/13 12/12/15
f 6/6/8 13/13/16 8/8/10
f 13/13/16 14/14/17 8/8/10
f 14/14/17 15/15/18 8/8/10
f 16/16/19 13/13/16 6/6/8
f 13/13/16 16/16/19 14/14/17
f 9/9/11 17/17/20 6/6/8
f 17/17/20 16/16/19 6/6/8
f 14/14/17 18/18/21 15/15/18
f 18/18/21 19/19/22 15/15/18
f 18/18/21 20/20/23 19/19/22
f 20/20/23 21/21/24 19/19/22
f 22/22/25 20/20/23 18/18/21
f 14/14/17 23/23/26 18/18/21
f 16/16/19 23/23/26 14/14/17
f 24/24/27 22/22/25 18/18/21
f 23/23/26 24/24/27 18/18/21
f 25/25/28 22/22/25 24/24/27
f 16/16/19 26/26/29 23/23/26
f 23/23/26 26/26/29 24/24/27
f 27/27/30 25/25/28 24/24/27
f 26/26/29 27/27/30 24/24/27
f 16/16/19 28/28/31 26/26/29
f 17/17/20 28/28/31 16/16/19
f 27/27/30 29/29/32 25/25/28
f 29/29/32 30/30/33 25/25/28
f 26/26/29 31/31/34 27/27/30
f 28/28/31 31/31/34 26/26/29
f 31/31/34 29/29/32 27/27/30
f 29/29/32 32/32/35 30/30/33
f 32/32/35 29/29/32 31/31/34
f 32/32/35 33/33/36 30/30/33
f 28/28/31 34/34/37 31/31/34
f 34/34/37 28/28/31 17/17/20
f 32/32/35 35/35/38 33/33/36
f 35/35/38 36/36/39 33/33/36
f 35/35/38 37/37/40 36/36/39
f 37/37/40 38/38/41 36/36/39
f 39/39/42 32/32/35 31/31/34
f 35/35/38 32/32/35 39/39/42
f 34/34/37 39/39/42 31/31/34
f 40/40/43 35/35/38 39/39/42
f 37/37/40 35/35/38 40/40/43
f 34/34/37 41/41/44 39/39/42
f 41/41/44 40/40/43 39/39/42
f 42/42/45 34/34/37 17/17/20
f 41/41/44 34/34/37 42/42/45
f 37/37/40 43/43/46 38/38/41
f 43/43/46 44/44/47 38/38/41
f 43/43/46 45/45/48 44/44/47
f 45/45/48 46/46/49 44/44/47
f 47/47/50 42/42/45 17/17/20
f 9/9/11 47/47/50 17/17/20
f 10/10/12 47/47/50 9/9/11
f 47/47/50 48/48/51 42/42/45
f 48/48/51 47/47/50 10/10/12
f 49/49/52 41/41/44 42/42/45
f 48/48/51 49/49/52 42/42/45
f 41/41/44 50/50/53 40/40/43
f 50/50/53 41/41/44 49/49/52
f 51/51/54 48/48/51 10/10/12
f 11/11/14 51/51/54 10/10/12
f 48/48/51 52/52/55 49/49/52
f 52/52/55 48/48/51 51/51/54
f 11/11/14 53/53/56 51/51/54
f 53/53/56 11/11/14 12/12/15
f 50/50/53 54/54/57 40/40/43
f 50/50/53 55/55/58 54/54/57
f 54/54/57 37/37/40 40/40/43
f 56/56/59 50/50/53 49/49/52
f 52/52/55 56/56/59 49/49/52
f 55/55/58 50/50/53 56/56/59
f 57/57/60 52/52/55 51/51/54
f 53/53/56 57/57/60 51/51/54
f 58/58/61 37/37/40 54/54/57
f 55/55/58 58/58/61 54/54/57
f 58/58/61 59/59/62 37/37/40
f 59/59/62 58/58/61 55/55/58
f 59/59/62 43/43/46 37/37/40
f 45/45/48 43/43/46 59/59/62
f 52/52/55 60/60/63 56/56/59
f 60/60/63 52/52/55 57/57/60
f 61/61/64 55/55/58 56/56/59
f 60/60/63 61/61/64 56/56/59
f 60/60/63 62/62/65 61/61/64
f 63/63/66 60/60/63 57/57/60
f 62/62/65 60/60/63 63/63/66
f 53/53/56 64/64/67 57/57/60
f 64/64/67 63/63/66 57/57/60
f 65/65/68 55/55/58 61/61/64
f 62/62/65 65/65/68 61/61/64
f 55/55/58 66/66/69 59/59/62
f 65/65/68 66/66/69 55/55/58
f 67/67/70 45/45/48 59/59/62
f 66/66/69 67/67/70 59/59/62
f 64/64/67 53/53/56 68/68/71
f 68/68/71 53/53/56 12/12/15
f 69/69/72 66/66/69 65/65/68
f 66/66/69 69/69/72 67/67/70
f 70/70/73 45/45/48 67/67/70
f 45/45/48 70/70/73 46/46/49
f 70/70/73 71/71/74 46/46/49
f 70/70/73 72/72/75 71/71/74
f 72/72/75 73/73/76 71/71/74
f 72/72/75 74/74/77 73/73/76
f 75/75/78 70/70/73 67/67/70
f 69/69/72 75/75/78 67/67/70
f 72/72/75 70/70/73 75/75/78
f 76/76/79 68/68/71 12/12/15
f 77/77/80 76/76/79 12/12/15
f 76/76/79 77/77/80 78/78/81
f 72/72/75 79/79/82 74/74/77
f 79/79/82 80/80/83 74/74/77
f 79/79/82 81/81/84 80/80/83
f 81/81/84 82/82/85 80/80/83
f 82/82/85 81/81/84 83/83/86
f 69/69/72 84/84/87 75/75/78
f 85/85/88 72/72/75 75/75/78
f 84/84/87 85/85/88 75/75/78
f 79/79/82 72/72/75 86/86/89
f 86/86/89 72/72/75 85/85/88
f 81/81/84 79/79/82 87/87/90
f 87/87/90 79/79/82 86/86/89
f 88/88/91 86/86/89 85/85/88
f 84/84/87 88/88/91 85/85/88
f 84/84/87 69/69/72 89/89/92
f 89/89/92 69/69/72 65/65/68
f 90/90/93 87/87/90 86/86/89
f 88/88/91 90/90/93 86/86/89
f 88/88/91 84/84/87 91/91/94
f 91/91/94 84/84/87 89/89/92
f 92/92/95 89/89/92 65/65/68
f 62/62/65 92/92/95 65/65/68
f 92/92/95 93/93/96 89/89/92
f 93/93/96 91/91/94 89/89/92
f 94/94/97 88/88/91 91/91/94
f 90/90/93 88/88/91 94/94/97
f 95/95/98 92/92/95 62/62/65
f 93/93/96 92/92/95 95/95/98
f 93/93/96 96/96/99 91/91/94
f 96/96/99 94/94/97 91/91/94
f 97/97/100 93/93/96 95/95/98
f 96/96/99 93/93/96 97/97/100
f 96/96/99 98/98/101 94/94/97
f 99/99/102 90/90/93 94/94/97
f 98/98/101 99/99/102 94/94/97
f 99/99/102 98/98/101 100/100/103
f 100/100/103 101/101/104 99/99/102
f 99/99/102 101/101/104 90/90/93
f 101/101/104 100/100/103 102/102/105
f 101/101/104 103/103/106 90/90/93
f 103/103/106 101/101/104 102/102/105
f 90/90/93 103/103/106 87/87/90
f 98/98/101 96/96/99 104/104/107
f 104/104/107 96/96/99 97/97/100
f 98/98/101 105/105/108 100/100/103
f 105/105/108 98/98/101 104/104/107
f 106/106/109 105/105/108 104/104/107
f 105/105/108 106/106/109 100/100/103
f 107/107/110 104/104/107 97/97/100
f 107/107/110 106/106/109 104/104/107
f 103/103/106 108/108/111 87/87/90
f 108/108/111 103/103/106 109/109/112
f 108/108/111 81/81/84 87/87/90
f 81/81/84 108/108/111 109/109/112
f 110/110/113 103/103/106 102/102/105
f 103/103/106 110/110/113 109/109/112
f 111/111/114 107/107/110 97/97/100
f 111/111/114 97/97/100 95/95/98
f 107/107/110 111/111/114 112/112/115
f 113/113/116 107/107/110 112/112/115
f 106/106/109 107/107/110 113/113/116
f 112/112/115 111/111/114 114/114/117
f 114/114/117 111/111/114 95/95/98
f 115/115/118 81/81/84 109/109/112
f 81/81/84 115/115/118 83/83/86
f 115/115/118 116/116/119 83/83/86
f 116/116/119 115/115/118 109/109/112
f 116/116/119 117/117/120 83/83/86
f 110/110/113 118/118/121 109/109/112
f 118/118/121 110/110/113 102/102/105
f 119/119/122 116/116/119 109/109/112
f 118/118/121 119/119/122 109/109/112
f 116/116/119 120/120/123 117/117/120
f 120/120/123 116/116/119 119/119/122
f 117/117/120 120/120/123 121/121/124
f 117/117/120 121/121/124 122/122/125
f 123/123/126 120/120/123 119/119/122
f 120/120/123 123/123/126 121/121/124
f 118/118/121 124/124/127 119/119/122
f 124/124/127 123/123/126 119/119/122
f 125/125/128 118/118/121 102/102/105
f 124/124/127 118/118/121 125/125/128
f 121/121/124 126/126/129 122/122/125
f 126/126/129 127/127/130 122/122/125
f 127/127/130 126/126/129 128/128/131
f 129/129/132 123/123/126 124/124/127
f 130/130/133 124/124/127 125/125/128
f 129/129/132 124/124/127 130/130/133
f 129/129/132 131/131/134 123/123/126
f 123/123/126 131/131/134 121/121/124
f 132/132/135 129/129/132 130/130/133
f 129/129/132 132/132/135 131/131/134
f 133/133/136 125/125/128 102/102/105
f 134/134/137 130/130/133 125/125/128
f 133/133/136 134/134/137 125/125/128
f 135/135/138 132/132/135 130/130/133
f 134/134/137 135/135/138 130/130/133
f 136/136/139 133/133/136 102/102/105
f 100/100/103 136/136/139 102/102/105
f 133/133/136 136/136/139 137/137/140
f 136/136/139 100/100/103 137/137/140
f 134/134/137 133/133/136 138/138/141
f 138/138/141 133/133/136 137/137/140
f 135/135/138 134/134/137 139/139/142
f 139/139/142 134/134/137 138/138/141
f 135/135/138 140/140/143 132/132/135
f 132/132/135 141/141/144 131/131/134
f 140/140/143 141/141/144 132/132/135
f 142/142/145 135/135/138 139/139/142
f 140/140/143 135/135/138 142/142/145
f 143/143/146 139/139/142 138/138/141
f 144/144/147 138/138/141 137/137/140
f 144/144/147 143/143/146 138/138/141
f 145/145/148 142/142/145 139/139/142
f 143/143/146 145/145/148 139/139/142
f 100/100/103 146/146/149 137/137/140
f 147/147/150 144/144/147 137/137/140
f 146/146/149 147/147/150 137/137/140
f 144/144/147 147/147/150 148/148/151
f 147/147/150 146/146/149 149/149/152
f 148/148/151 147/147/150 149/149/152
f 150/150/153 146/146/149 100/100/103
f 146/146/149 150/150/153 149/149/152
f 106/106/109 150/150/153 100/100/103
f 150/150/153 106/106/109 149/149/152
f 143/143/146 144/144/147 151/151/154
f 151/151/154 144/144/147 148/148/151
f 145/145/148 143/143/146 152/152/155
f 152/152/155 143/143/146 151/151/154
f 106/106/109 153/153/156 149/149/152
f 153/153/156 154/154/157 149/149/152
f 153/153/156 106/106/109 113/113/116
f 154/154/157 153/153/156 113/113/116
f 155/155/158 148/148/151 149/149/152
f 154/154/157 155/155/158 149/149/152
f 148/148/151 155/155/158 156/156/159
f 155/155/158 154/154/157 156/156/159
f 157/157/160 154/154/157 113/113/116
f 157/157/160 113/113/116 112/112/115
f 158/158/161 151/151/154 148/148/151
f 159/159/162 152/152/155 151/151/154
f 158/158/161 159/159/162 151/151/154
f 159/159/162 158/158/161 160/160/163
f 158/158/161 148/148/151 161/161/164
f 161/161/164 148/148/151 156/156/159
f 160/160/163 158/158/161 161/161/164
f 162/162/165 161/161/164 156/156/159
f 162/162/165 160/160/163 161/161/164
f 154/154/157 157/157/160 163/163/166
f 164/164/167 157/157/160 112/112/115
f 163/163/166 157/157/160 164/164/167
f 154/154/157 165/165/168 156/156/159
f 165/165/168 154/154/157 163/163/166
f 165/165/168 166/166/169 156/156/159
f 166/166/169 165/165/168 163/163/166
f 167/167/170 162/162/165 156/156/159
f 166/166/169 167/167/170 156/156/159
f 162/162/165 167/167/170 168/168/171
f 167/167/170 166/166/169 168/168/171
f 160/160/163 162/162/165 169/169/172
f 169/169/172 162/162/165 168/168/171
f 170/170/173 163/163/166 164/164/167
f 164/164/167 112/112/115 171/171/174
f 170/170/173 164/164/167 171/171/174
f 172/172/175 166/166/169 163/163/166
f 172/172/175 163/163/166 170/170/173
f 166/166/169 172/172/175 173/173/176
f 166/166/169 174/174/177 168/168/171
f 174/174/177 166/166/169 173/173/176
f 172/172/175 170/170/173 175/175/178
f 173/173/176 172/172/175 175/175/178
f 176/176/179 170/170/173 171/171/174
f 175/175/178 170/170/173 177/177/180
f 170/170/173 176/176/179 177/177/180
f 171/171/174 112/112/115 178/178/181
f 176/176/179 171/171/174 178/178/181
f 179/179/182 173/173/176 175/175/178
f 179/179/182 175/175/178 177/177/180
f 168/168/171 174/174/177 180/180/183
f 174/174/177 173/173/176 181/181/184
f 174/174/177 181/181/184 180/180/183
f 180/180/183 181/181/184 182/182/185
f 180/180/183 183/183/186 168/168/171
f 183/183/186 180/180/183 182/182/185
f 183/183/186 169/169/172 168/168/171
f 177/177/180 176/176/179 184/184/187
f 185/185/188 176/176/179 178/178/181
f 176/176/179 185/185/188 184/184/187
f 186/186/189 179/179/182 177/177/180
f 186/186/189 177/177/180 184/184/187
f 173/173/176 179/179/182 187/187/190
f 173/173/176 188/188/191 181/181/184
f 188/188/191 173/173/176 187/187/190
f 179/179/182 186/186/189 189/189/192
f 187/187/190 179/179/182 189/189/192
f 190/190/193 186/186/189 184/184/187
f 189/189/192 186/186/189 190/190/193
f 191/191/194 187/187/190 189/189/192
f 190/190/193 192/192/195 189/189/192
f 190/190/193 184/184/187 193/193/196
f 190/190/193 193/193/196 192/192/195
f 184/184/187 185/185/188 193/193/196
f 193/193/196 194/194/197 192/192/195
f 195/195/198 194/194/197 193/193/196
f 191/191/194 196/196/199 187/187/190
f 196/196/199 188/188/191 187/187/190
f 196/196/199 191/191/194 197/197/200
f 198/198/201 195/195/198 193/193/196
f 185/185/188 198/198/201 193/193/196
f 78/78/81 195/195/198 198/198/201
f 198/198/201 185/185/188 199/199/202
f 199/199/202 78/78/81 198/198/201
f 76/76/79 78/78/81 199/199/202
f 185/185/188 178/178/181 199/199/202
f 199/199/202 200/200/203 76/76/79
f 200/200/203 199/199/202 178/178/181
f 76/76/79 200/200/203 68/68/71
f 201/201/204 200/200/203 178/178/181
f 112/112/115 201/201/204 178/178/181
f 200/200/203 202/202/205 68/68/71
f 200/200/203 201/201/204 202/202/205
f 202/202/205 64/64/67 68/68/71
f 201/201/204 112/112/115 203/203/206
f 201/201/204 203/203/206 202/202/205
f 112/112/115 114/114/117 203/203/206
f 204/204/207 64/64/67 202/202/205
f 203/203/206 204/204/207 202/202/205
f 114/114/117 204/204/207 203/203/206
f 64/64/67 204/204/207 63/63/66
f 204/204/207 205/205/208 63/63/66
f 204/204/207 114/114/117 205/205/208
f 205/205/208 62/62/65 63/63/66
f 114/114/117 206/206/209 205/205/208
f 206/206/209 62/62/65 205/205/208
f 114/114/117 95/95/98 206/206/209
f 206/206/209 95/95/98 62/62/65
f 207/207/210 208/208/211 209/209/212
f 208/208/211 210/210/213 209/209/212
f 209/209/212 210/210/213 211/211/214
f 208/208/211 212/212/215 210/210/213
f 210/210/213 213/213/216 211/211/214
f 211/211/214 213/213/216 214/214/217
f 212/212/215 215/215/218 210/210/213
f 210/210/213 215/215/218 213/213/216
f 212/212/215 216/216/219 215/215/218
f 213/213/216 217/217/220 214/214/217
f 214/214/217 217/217/220 218/218/221
f 216/216/219 219/219/222 215/215/218
f 216/216/219 220/220/223 219/219/222
f 220/220/223 221/221/224 219/219/222
f 215/215/218 222/222/225 213/213/216
f 215/215/218 219/219/222 222/222/225
f 213/213/216 222/222/225 217/217/220
f 219/219/222 221/221/224 223/223/226
f 219/219/222 223/223/226 222/222/225
f 221/221/224 224/224/227 223/223/226
f 217/217/220 225/225/228 218/218/221
f 218/218/221 225/225/228 226/226/229
f 222/222/225 227/227/230 217/217/220
f 222/222/225 223/223/226 227/227/230
f 217/217/220 227/227/230 225/225/228
f 223/223/226 224/224/227 228/228/231
f 223/223/226 228/228/231 227/227/230
f 224/224/227 229/229/232 228/228/231
f 225/225/228 230/230/233 226/226/229
f 226/226/229 230/230/233 231/231/234
f 227/227/230 232/232/235 225/225/228
f 227/227/230 228/228/231 232/232/235
f 225/225/228 232/232/235 230/230/233
f 228/228/231 229/229/232 233/233/236
f 228/228/231 233/233/236 232/232/235
f 229/229/232 234/234/237 233/233/236
f 230/230/233 235/235/238 231/231/234
f 231/231/234 235/235/238 236/236/239
f 232/232/235 237/237/240 230/230/233
f 232/232/235 233/233/236 237/237/240
f 230/230/233 237/237/240 235/235/238
f 233/233/236 234/234/237 238/238/241
f 233/233/236 238/238/241 237/237/240
f 234/234/237 239/239/242 238/238/241
f 235/235/238 240/240/243 236/236/239
f 236/236/239 240/240/243 241/241/244
f 237/237/240 242/242/245 235/235/238
f 237/237/240 238/238/241 242/242/245
f 235/235/238 242/242/245 240/240/243
f 238/238/241 239/239/242 243/243/246
f 238/238/241 243/243/246 242/242/245
f 239/239/242 244/244/247 243/243/246
f 240/240/243 245/245/248 241/241/244
f 241/241/244 245/245/248 246/246/249
f 242/242/245 247/247/250 240/240/243
f 242/242/245 243/243/246 247/247/250
f 240/240/243 247/247/250 245/245/248
f 243/243/246 244/244/247 248/248/251
f 243/243/246 248/248/251 247/247/250
f 244/244/247 249/249/252 248/248/251
f 245/245/248 250/250/253 246/246/249
f 246/246/249 250/250/253 251/251/254
f 250/250/253 252/252/255 251/251/254
f 247/247/250 253/253/256 245/245/248
f 247/247/250 248/248/251 253/253/256
f 245/245/248 253/253/256 250/250/253
f 248/248/251 249/249/252 254/254/257
f 248/248/251 254/254/257 253/253/256
f 249/249/252 255/255/258 254/254/257
f 250/250/253 256/256/259 252/252/255
f 253/253/256 256/256/259 250/250/253
f 253/253/256 254/254/257 256/256/259
f 256/256/259 257/257/260 252/252/255
f 254/254/257 255/255/258 258/258/261
f 254/254/257 258/258/261 256/256/259
f 256/256/259 258/258/261 257/257/260
f 255/255/258 259/259/262 258/258/261
f 258/258/261 260/260/263 257/257/260
f 258/258/261 259/259/262 260/260/263
f 259/259/262 261/261/264 260/260/263
f 262/262/265 263/263/266 264/264/267
f 263/263/266 265/265/268 264/264/267
f 264/264/267 265/265/268 266/266/269
f 263/263/266 267/267/270 265/265/268
f 265/265/268 268/268/271 266/266/269
f 266/266/269 268/268/271 269/269/272
f 267/267/270 270/270/273 265/265/268
f 265/265/268 270/270/273 268/268/271
f 267/267/270 271/271/274 270/270/273
f 268/268/271 272/272/275 269/269/272
f 269/269/272 272/272/275 273/273/276
f 271/271/274 274/274/277 270/270/273
f 271/271/274 275/275/278 274/274/277
f 275/275/278 276/276/279 274/274/277
f 270/270/273 277/277/280 268/268/271
f 270/270/273 274/274/277 277/277/280
f 268/268/271 277/277/280 272/272/275
f 274/274/277 276/276/279 278/278/281
f 274/274/277 278/278/281 277/277/280
f 276/276/279 279/279/282 278/278/281
f 272/272/275 280/280/283 273/273/276
f 273/273/276 280/280/283 281/281/284
f 277/277/280 282/282/285 272/272/275
f 277/277/280 278/278/281 282/282/285
f 272/272/275 282/282/285 280/280/283
f 278/278/281 279/279/282 283/283/286
f 278/278/281 283/283/286 282/282/285
f 279/279/282 284/284/287 283/283/286
f 280/280/283 285/285/288 281/281/284
f 281/281/284 285/285/288 286/286/289
f 282/282/285 287/287/290 280/280/283
f 282/282/285 283/283/286 287/287/290
f 280/280/283 287/287/290 285/285/288
f 283/283/286 284/284/287 288/288/291
f 283/283/286 288/288/291 287/287/290
f 284/284/287 289/289/292 288/288/291
f 285/285/288 290/290/293 286/286/289
f 286/286/289 290/290/293 291/291/294
f 287/287/290 292/292/295 285/285/288
f 287/287/290 288/288/291 292/292/295
f 285/285/288 292/292/295 290/290/293
f 288/288/291 289/289/292 293/293/296
f 288/288/291 293/293/296 292/292/295
f 289/289/292 294/294/297 293/293/296
f 290/290/293 295/295/298 291/291/294
f 291/291/294 295/295/298 296/296/299
f 292/292/295 297/297/300 290/290/293
f 292/292/295 293/293/296 297/297/300
f 290/290/293 297/297/300 295/295/298
f 293/293/296 294/294/297 298/298/301
f 293/293/296 298/298/301 297/297/300
f 294/294/297 299/299/302 298/298/301
f 295/295/298 300/300/303 296/296/299
f 296/296/299 300/300/303 301/301/304
f 297/297/300 302/302/305 295/295/298
f 297/297/300 298/298/301 302/302/305
f 295/295/298 302/302/305 300/300/303
f 298/298/301 299/299/302 303/303/306
f 298/298/301 303/303/306 302/302/305
f 299/299/302 304/304/307 303/303/306
f 300/300/303 305/305/308 301/301/304
f 301/301/304 305/305/308 306/306/309
f 305/305/308 307/307/310 306/306/309
f 302/302/305 308/308/311 300/300/303
f 302/302/305 303/303/306 308/308/311
f 300/300/303 308/308/311 305/305/308
f 303/303/306 304/304/307 309/309/312
f 303/303/306 309/309/312 308/308/311
f 304/304/307 310/310/313 309/309/312
f 305/305/308 311/311/314 307/307/310
f 308/308/311 311/311/314 305/305/308
f 308/308/311 309/309/312 311/311/314
f 311/311/314 312/312/315 307/307/310
f 309/309/312 310/310/313 313/313/316
f 309/309/312 313/313/316 311/311/314
f 311/311/314 313/313/316 312/312/315
f 310/310/313 314/314/317 313/313/316
f 313/313/316 315/315/318 312/312/315
f 313/313/316 314/314/317 315/315/318
f 314/314/317 316/316/319 315/315/318
f 317/317/320 318/318/321 319/319/322
f 318/318/321 320/320/323 319/319/322
f 319/319/322 320/320/323 321/321/324
f 318/318/321 322/322/325 320/320/323
f 320/320/323 323/323/326 321/321/324
f 321/321/324 323/323/326 324/324/327
f 322/322/325 325/325/328 320/320/323
f 320/320/323 325/325/328 323/323/326
f 322/322/325 326/326/329 325/325/328
f 323/323/326 327/327/330 324/324/327
f 324/324/327 327/327/330 328/328/331
f 325/325/328 329/329/332 323/323/326
f 323/323/326 329/329/332 327/327/330
f 326/326/329 330/330/333 325/325/328
f 325/325/328 330/330/333 329/329/332
f 326/326/329 331/331/334 330/330/333
f 327/327/330 332/332/335 328/328/331
f 328/328/331 332/332/335 333/333/336
f 329/329/332 334/334/337 327/327/330
f 327/327/330 334/334/337 332/332/335
f 331/331/334 335/335/338 330/330/333
f 331/331/334 336/336/339 335/335/338
f 335/335/338 336/336/339 337/337/340
f 337/337/340 336/336/339 338/338/341
f 330/330/333 339/339/342 329/329/332
f 330/330/333 335/335/338 339/339/342
f 335/335/338 337/337/340 339/339/342
f 329/329/332 339/339/342 334/334/337
f 339/339/342 337/337/340 340/340/343
f 339/339/342 340/340/343 334/334/337
f 337/337/340 338/338/341 340/340/343
f 332/332/335 341/341/344 333/333/336
f 333/333/336 341/341/344 342/342/345
f 334/334/337 343/343/346 332/332/335
f 334/334/337 340/340/343 343/343/346
f 332/332/335 343/343/346 341/341/344
f 340/340/343 338/338/341 344/344/347
f 340/340/343 344/344/347 343/343/346
f 341/341/344 345/345/348 342/342/345
f 342/342/345 345/345/348 346/346/349
f 343/343/346 347/347/350 341/341/344
f 343/343/346 344/344/347 347/347/350
f 341/341/344 347/347/350 345/345/348
f 338/338/341 348/348/351 344/344/347
f 338/338/341 336/336/339 348/348/351
f 345/345/348 349/349/352 346/346/349
f 346/346/349 349/349/352 350/350/353
f 347/347/350 351/351/354 345/345/348
f 345/345/348 351/351/354 349/349/352
f 344/344/347 352/352/355 347/347/350
f 344/344/347 348/348/351 352/352/355
f 347/347/350 352/352/355 351/351/354
f 349/349/352 353/353/356 350/350/353
f 350/350/353 353/353/356 354/354/357
f 348/348/351 355/355/358 352/352/355
f 348/348/351 336/336/339 355/355/358
f 351/351/354 356/356/359 349/349/352
f 349/349/352 356/356/359 353/353/356
f 352/352/355 357/357/360 351/351/354
f 352/352/355 355/355/358 357/357/360
f 351/351/354 357/357/360 356/356/359
f 353/353/356 358/358/361 354/354/357
f 354/354/357 358/358/361 359/359/362
f 358/358/361 360/360/363 359/359/362
f 355/355/358 361/361/364 357/357/360
f 355/355/358 336/336/339 361/361/364
f 356/356/359 362/362/365 353/353/356
f 353/353/356 362/362/365 358/358/361
f 358/358/361 363/363/366 360/360/363
f 362/362/365 363/363/366 358/358/361
f 363/363/366 364/364/367 360/360/363
f 357/357/360 365/365/368 356/356/359
f 357/357/360 361/361/364 365/365/368
f 356/356/359 365/365/368 362/362/365
f 363/363/366 366/366/369 364/364/367
f 366/366/369 367/367/370 364/364/367
f 362/362/365 368/368/371 363/363/366
f 365/365/368 368/368/371 362/362/365
f 368/368/371 366/366/369 363/363/366
f 361/361/364 369/369/372 365/365/368
f 365/365/368 369/369/372 368/368/371
f 361/361/364 336/336/339 369/369/372
f 369/369/372 370/370/373 368/368/371
f 368/368/371 370/370/373 366/366/369
f 369/369/372 336/336/339 370/370/373
f 366/366/369 371/371/374 367/367/370
f 370/370/373 371/371/374 366/366/369
f 370/370/373 336/336/339 371/371/374
f 371/371/374 372/372/375 367/367/370
f 371/371/374 336/336/339 372/372/375
f 373/373/376 374/374/377 375/375/378
f 374/374/377 376/376/379 375/375/378
f 375/375/378 376/376/379 377/377/380
f 374/374/377 378/378/381 376/376/379
f 376/376/379 379/379/382 377/377/380
f 377/377/380 379/379/382 380/380/383
f 378/378/381 381/381/384 376/376/379
f 376/376/379 381/381/384 379/379/382
f 378/378/381 382/382/385 381/381/384
f 379/379/382 383/383/386 380/380/383
f 380/380/383 383/383/386 384/384/387
f 381/381/384 385/385/388 379/379/382
f 379/379/382 385/385/388 383/383/386
f 382/382/385 386/386/389 381/381/384
f 381/381/384 386/386/389 385/385/388
f 382/382/385 387/387/390 386/386/389
f 383/383/386 388/388/391 384/384/387
f 384/384/387 388/388/391 389/389/392
f 385/385/388 390/390/393 383/383/386
f 383/383/386 390/390/393 388/388/391
f 387/387/390 391/391/394 386/386/389
f 387/387/390 392/392/395 391/391/394
f 391/391/394 392/392/395 393/393/396
f 393/393/396 392/392/395 394/394/397
f 386/386/389 395/395/398 385/385/388
f 386/386/389 391/391/394 395/395/398
f 391/391/394 393/393/396 395/395/398
f 385/385/388 395/395/398 390/390/393
f 395/395/398 393/393/396 396/396/399
f 395/395/398 396/396/399 390/390/393
f 393/393/396 394/394/397 396/396/399
f 388/388/391 397/397/400 389/389/392
f 389/389/392 397/397/400 398/398/401
f 390/390/393 399/399/402 388/388/391
f 390/390/393 396/396/399 399/399/402
f 388/388/391 399/399/402 397/397/400
f 396/396/399 394/394/397 400/400/403
f 396/396/399 400/400/403 399/399/402
f 397/397/400 401/401/404 398/398/401
f 398/398/401 401/401/404 402/402/405
f 399/399/402 403/403/406 397/397/400
f 399/399/402 400/400/403 403/403/406
f 397/397/400 403/403/406 401/401/404
f 394/394/397 404/404/407 400/400/403
f 394/394/397 392/392/395 404/404/407
f 401/401/404 405/405/408 402/402/405
f 402/402/405 405/405/408 406/406/409
f 403/403/406 407/407/410 401/401/404
f 401/401/404 407/407/410 405/405/408
f 400/400/403 408/408/411 403/403/406
f 400/400/403 404/404/407 408/408/411
f 403/403/406 408/408/411 407/407/410
f 405/405/408 409/409/412 406/406/409
f 406/406/409 409/409/412 410/410/413
f 404/404/407 411/411/414 408/408/411
f 404/404/407 392/392/395 411/411/414
f 407/407/410 412/412/415 405/405/408
f 405/405/408 412/412/415 409/409/412
f 408/408/411 413/413/416 407/407/410
f 408/408/411 411/411/414 413/413/416
f 407/407/410 413/413/416 412/412/415
f 409/409/412 414/414/417 410/410/413
f 410/410/413 414/414/417 415/415/418
f 414/414/417 416/416/419 415/415/418
f 411/411/414 417/417/420 413/413/416
f 411/411/414 392/392/395 417/417/420
f 412/412/415 418/418/421 409/409/412
f 409/409/412 418/418/421 414/414/417
f 414/414/417 419/419/422 416/416/419
f 418/418/421 419/419/422 414/414/417
f 419/419/422 420/420/423 416/416/419
f 413/413/416 421/421/424 412/412/415
f 413/413/416 417/417/420 421/421/424
f 412/412/415 421/421/424 418/418/421
f 419/419/422 422/422/425 420/420/423
f 422/422/425 423/423/426 420/420/423
f 418/418/421 424/424/427 419/419/422
f 421/421/424 424/424/427 418/418/421
f 424/424/427 422/422/425 419/419/422
f 417/417/420 425/425/428 421/421/424
f 421/421/424 425/425/428 424/424/427
f 417/417/420 392/392/395 425/425/428
f 425/425/428 426/426/429 424/424/427
f 424/424/427 426/426/429 422/422/425
f 425/425/428 392/392/395 426/426/429
f 422/422/425 427/427/430 423/423/426
f 426/426/429 427/427/430 422/422/425
f 426/426/429 392/392/395 427/427/430
f 427/427/430 428/428/431 423/423/426
f 427/427/430 392/392/395 428/428/431
f 429/429/432 430/430/433 431/431/434
f 430/430/433 432/432/435 431/431/434
f 431/431/434 432/432/435 433/433/436
f 430/430/433 434/434/437 432/432/435
f 432/432/435 435/435/438 433/433/436
f 433/433/436 435/435/438 436/436/439
f 434/434/437 437/437/440 432/432/435
f 432/432/435 437/437/440 435/435/438
f 434/434/437 438/438/441 437/437/440
f 435/435/438 439/439/442 436/436/439
f 436/436/439 439/439/442 440/440/443
f 438/438/441 441/441/444 437/437/440
f 441/441/444 438/438/441 317/317/445
f 319/319/446 441/441/444 317/317/445
f 437/437/440 442/442/447 435/435/438
f 437/437/440 441/441/444 442/442/447
f 435/435/438 442/442/447 439/439/442
f 443/443/448 441/441/444 319/319/446
f 441/441/444 443/443/448 442/442/447
f 321/321/449 443/443/448 319/319/446
f 439/439/442 444/444/450 440/440/443
f 440/440/443 444/444/450 445/445/451
f 442/442/447 446/446/452 439/439/442
f 442/442/447 443/443/448 446/446/452
f 439/439/442 446/446/452 444/444/450
f 447/447/453 443/443/448 321/321/449
f 443/443/448 447/447/453 446/446/452
f 324/324/454 447/447/453 321/321/449
f 444/444/450 448/448/455 445/445/451
f 445/445/451 448/448/455 449/449/456
f 446/446/452 450/450/457 444/444/450
f 446/446/452 447/447/453 450/450/457
f 444/444/450 450/450/457 448/448/455
f 451/451/458 447/447/453 324/324/454
f 447/447/453 451/451/458 450/450/457
f 328/328/459 451/451/458 324/324/454
f 448/448/455 452/452/460 449/449/456
f 449/449/456 452/452/460 453/453/461
f 450/450/457 454/454/462 448/448/455
f 450/450/457 451/451/458 454/454/462
f 448/448/455 454/454/462 452/452/460
f 455/455/463 451/451/458 328/328/459
f 451/451/458 455/455/463 454/454/462
f 333/333/464 455/455/463 328/328/459
f 452/452/460 456/456/465 453/453/461
f 453/453/461 456/456/465 457/457/466
f 454/454/462 458/458/467 452/452/460
f 454/454/462 455/455/463 458/458/467
f 452/452/460 458/458/467 456/456/465
f 459/459/468 455/455/463 333/333/464
f 455/455/463 459/459/468 458/458/467
f 342/342/469 459/459/468 333/333/464
f 456/456/465 460/460/470 457/457/466
f 457/457/466 460/460/470 461/461/471
f 458/458/467 462/462/472 456/456/465
f 458/458/467 459/459/468 462/462/472
f 456/456/465 462/462/472 460/460/470
f 463/463/473 459/459/468 342/342/469
f 459/459/468 463/463/473 462/462/472
f 346/346/474 463/463/473 342/342/469
f 460/460/470 464/464/475 461/461/471
f 461/461/471 464/464/475 465/465/476
f 464/464/475 466/466/477 465/465/476
f 462/462/472 467/467/478 460/460/470
f 462/462/472 463/463/473 467/467/478
f 460/460/470 467/467/478 464/464/475
f 468/468/479 463/463/473 346/346/474
f 463/463/473 468/468/479 467/467/478
f 350/350/480 468/468/479 346/346/474
f 464/464/475 469/469/481 466/466/477
f 467/467/478 469/469/481 464/464/475
f 467/467/478 468/468/479 469/469/481
f 469/469/481 470/470/482 466/466/477
f 471/471/483 468/468/479 350/350/480
f 468/468/479 471/471/483 469/469/481
f 469/469/481 471/471/483 470/470/482
f 354/354/484 471/471/483 350/350/480
f 471/471/483 472/472/485 470/470/482
f 472/472/485 471/471/483 354/354/484
f 359/359/486 472/472/485 354/354/484
f 415/415/487 473/473/488 410/410/489
f 473/473/488 474/474/490 410/410/489
f 410/410/489 474/474/490 406/406/491
f 474/474/490 473/473/488 475/475/492
f 474/474/490 476/476/493 406/406/491
f 406/406/491 476/476/493 402/402/494
f 477/477/495 474/474/490 475/475/492
f 476/476/493 474/474/490 477/477/495
f 477/477/495 475/475/492 478/478/496
f 476/476/493 479/479/497 402/402/494
f 402/402/494 479/479/497 398/398/498
f 480/480/499 477/477/495 478/478/496
f 480/480/499 478/478/496 481/481/500
f 482/482/501 480/480/499 481/481/500
f 483/483/502 476/476/493 477/477/495
f 483/483/502 477/477/495 480/480/499
f 479/479/497 476/476/493 483/483/502
f 484/484/503 480/480/499 482/482/501
f 484/484/503 483/483/502 480/480/499
f 485/485/504 484/484/503 482/482/501
f 479/479/497 486/486/505 398/398/498
f 398/398/498 486/486/505 389/389/506
f 487/487/507 479/479/497 483/483/502
f 487/487/507 483/483/502 484/484/503
f 486/486/505 479/479/497 487/487/507
f 488/488/508 484/484/503 485/485/504
f 488/488/508 487/487/507 484/484/503
f 489/489/509 488/488/508 485/485/504
f 486/486/505 490/490/510 389/389/506
f 389/389/506 490/490/510 384/384/511
f 491/491/512 486/486/505 487/487/507
f 491/491/512 487/487/507 488/488/508
f 490/490/510 486/486/505 491/491/512
f 492/492/513 488/488/508 489/489/509
f 492/492/513 491/491/512 488/488/508
f 493/493/514 492/492/513 489/489/509
f 490/490/510 494/494/515 384/384/511
f 384/384/511 494/494/515 380/380/516
f 495/495/517 490/490/510 491/491/512
f 495/495/517 491/491/512 492/492/513
f 494/494/515 490/490/510 495/495/517
f 496/496/518 492/492/513 493/493/514
f 496/496/518 495/495/517 492/492/513
f 497/497/519 496/496/518 493/493/514
f 494/494/515 498/498/520 380/380/516
f 380/380/516 498/498/520 377/377/521
f 499/499/522 494/494/515 495/495/517
f 499/499/522 495/495/517 496/496/518
f 498/498/520 494/494/515 499/499/522
f 500/500/523 496/496/518 497/497/519
f 500/500/523 499/499/522 496/496/518
f 501/501/524 500/500/523 497/497/519
f 498/498/520 502/502/525 377/377/521
f 377/377/521 502/502/525 375/375/526
f 503/503/527 498/498/520 499/499/522
f 503/503/527 499/499/522 500/500/523
f 502/502/525 498/498/520 503/503/527
f 504/504/528 500/500/523 501/501/524
f 504/504/528 503/503/527 500/500/523
f 505/505/529 504/504/528 501/501/524
f 502/502/525 506/506/530 375/375/526
f 375/375/526 506/506/530 373/373/531
f 506/506/530 507/507/532 373/373/531
f 508/508/533 502/502/525 503/503/527
f 508/508/533 503/503/527 504/504/528
f 506/506/530 502/502/525 508/508/533
f 509/509/534 504/504/528 505/505/529
f 509/509/534 508/508/533 504/504/528
f 510/510/535 509/509/534 505/505/529
f 507/507/532 506/506/530 511/511/536
f 511/511/536 506/506/530 508/508/533
f 511/511/536 508/508/533 509/509/534
f 512/512/537 507/507/532 511/511/536
f 513/513/538 509/509/534 510/510/535
f 513/513/538 511/511/536 509/509/534
f 512/512/537 511/511/536 513/513/538
f 514/514/539 513/513/538 510/510/535
f 515/515/540 512/512/537 513/513/538
f 515/515/540 513/513/538 514/514/539
f 516/516/541 515/515/540 514/514/539
f 465/465/542 517/517/543 461/461/544
f 517/517/543 518/518/545 461/461/544
f 517/517/543 207/207/546 518/518/545
f 461/461/544 518/518/545 457/457/547
f 207/207/546 209/209/548 518/518/545
f 518/518/545 519/519/549 457/457/547
f 518/518/545 209/209/548 519/519/549
f 457/457/547 519/519/549 453/453/550
f 209/209/548 211/211/551 519/519/549
f 519/519/549 520/520/552 453/453/550
f 519/519/549 211/211/551 520/520/552
f 453/453/550 520/520/552 449/449/553
f 211/211/551 214/214/554 520/520/552
f 520/520/552 521/521/555 449/449/553
f 520/520/552 214/214/554 521/521/555
f 449/449/553 521/521/555 445/445/556
f 214/214/554 218/218/557 521/521/555
f 521/521/555 522/522/558 445/445/556
f 521/521/555 218/218/557 522/522/558
f 445/445/556 522/522/558 440/440/559
f 218/218/557 226/226/560 522/522/558
f 522/522/558 523/523/561 440/440/559
f 522/522/558 226/226/560 523/523/561
f 440/440/559 523/523/561 436/436/562
f 226/226/560 231/231/563 523/523/561
f 523/523/561 524/524/564 436/436/562
f 523/523/561 231/231/563 524/524/564
f 436/436/562 524/524/564 433/433/565
f 231/231/563 236/236/566 524/524/564
f 524/524/564 525/525/567 433/433/565
f 524/524/564 236/236/566 525/525/567
f 433/433/565 525/525/567 431/431/568
f 236/236/566 241/241/569 525/525/567
f 525/525/567 526/526/570 431/431/568
f 525/525/567 241/241/569 526/526/570
f 431/431/568 526/526/570 429/429/571
f 241/241/569 246/246/572 526/526/570
f 526/526/570 527/527/573 429/429/571
f 526/526/570 246/246/572 527/527/573
f 246/246/572 251/251/574 527/527/573
f 481/481/575 528/528/576 482/482/577
f 528/528/576 529/529/578 482/482/577
f 528/528/576 262/262/579 529/529/578
f 482/482/577 529/529/578 485/485/580
f 262/262/579 264/264/581 529/529/578
f 529/529/578 530/530/582 485/485/580
f 529/529/578 264/264/581 530/530/582
f 485/485/580 530/530/582 489/489/583
f 264/264/581 266/266/584 530/530/582
f 530/530/582 531/531/585 489/489/583
f 530/530/582 266/266/584 531/531/585
f 489/489/583 531/531/585 493/493/586
f 266/266/584 269/269/587 531/531/585
f 531/531/585 532/532/588 493/493/586
f 531/531/585 269/269/587 532/532/588
f 493/493/586 532/532/588 497/497/589
f 269/269/587 273/273/590 532/532/588
f 532/532/588 533/533/591 497/497/589
f 532/532/588 273/273/590 533/533/591
f 497/497/589 533/533/591 501/501/592
f 273/273/590 281/281/593 533/533/591
f 533/533/591 534/534/594 501/501/592
f 533/533/591 281/281/593 534/534/594
f 501/501/592 534/534/594 505/505/595
f 281/281/593 286/286/596 534/534/594
f 534/534/594 535/535/597 505/505/595
f 534/534/594 286/286/596 535/535/597
f 505/505/595 535/535/597 510/510/598
f 286/286/596 291/291/599 535/535/597
f 535/535/597 536/536/600 510/510/598
f 535/535/597 291/291/599 536/536/600
f 510/510/598 536/536/600 514/514/601
f 291/291/599 296/296/602 536/536/600
f 536/536/600 537/537/603 514/514/601
f 536/536/600 296/296/602 537/537/603
f 514/514/601 537/537/603 516/516/604
f 296/296/602 301/301/605 537/537/603
f 537/537/603 538/538/606 516/516/604
f 537/537/603 301/301/605 538/538/606
f 301/301/605 306/306/607 538/538/606
f 539/539/608 540/540/609 541/541/610
f 540/540/609 539/539/608 542/542/611
f 539/539/608 543/543/612 542/542/611
f 542/542/611 543/543/612 544/544/613
f 545/545/614 539/539/608 541/541/610
f 539/539/608 546/546/615 543/543/612
f 546/546/615 539/539/608 545/545/614
f 543/543/612 547/547/616 544/544/613
f 546/546/615 547/547/616 543/543/612
f 547/547/616 548/548/617 544/544/613
f 548/548/617 549/549/618 544/544/613
f 549/549/618 550/550/619 544/544/613
f 546/546/615 551/551/620 547/547/616
f 551/551/620 548/548/617 547/547/616
f 552/552/621 549/549/618 548/548/617
f 551/551/620 552/552/621 548/548/617
f 551/551/620 546/546/615 553/553/622
f 553/553/622 546/546/615 545/545/614
f 554/554/623 545/545/614 541/541/610
f 555/555/624 554/554/623 541/541/610
f 554/554/623 555/555/624 128/128/131
f 554/554/623 556/556/625 545/545/614
f 556/556/625 553/553/622 545/545/614
f 557/557/626 554/554/623 128/128/131
f 556/556/625 554/554/623 557/557/626
f 126/126/129 557/557/626 128/128/131
f 558/558/627 551/551/620 553/553/622
f 552/552/621 551/551/620 558/558/627
f 552/552/621 559/559/628 549/549/618
f 559/559/628 550/550/619 549/549/618
f 556/556/625 560/560/629 553/553/622
f 560/560/629 558/558/627 553/553/622
f 126/126/129 561/561/630 557/557/626
f 561/561/630 126/126/129 121/121/124
f 562/562/631 556/556/625 557/557/626
f 560/560/629 556/556/625 562/562/631
f 561/561/630 562/562/631 557/557/626
f 563/563/632 552/552/621 558/558/627
f 559/559/628 552/552/621 563/563/632
f 564/564/633 561/561/630 121/121/124
f 131/131/134 564/564/633 121/121/124
f 560/560/629 565/565/634 558/558/627
f 565/565/634 563/563/632 558/558/627
f 561/561/630 566/566/635 562/562/631
f 566/566/635 561/561/630 564/564/633
f 567/567/636 560/560/629 562/562/631
f 565/565/634 560/560/629 567/567/636
f 566/566/635 567/567/636 562/562/631
f 131/131/134 568/568/637 564/564/633
f 568/568/637 131/131/134 141/141/144
f 569/569/638 566/566/635 564/564/633
f 568/568/637 569/569/638 564/564/633
f 566/566/635 570/570/639 567/567/636
f 570/570/639 566/566/635 569/569/638
f 571/571/640 565/565/634 567/567/636
f 570/570/639 571/571/640 567/567/636
f 565/565/634 572/572/641 563/563/632
f 572/572/641 565/565/634 571/571/640
f 572/572/641 573/573/642 563/563/632
f 573/573/642 559/559/628 563/563/632
f 574/574/643 559/559/628 573/573/642
f 559/559/628 574/574/643 550/550/619
f 574/574/643 575/575/644 550/550/619
f 550/550/619 575/575/644 544/544/613
f 568/568/637 576/576/645 569/569/638
f 577/577/646 570/570/639 569/569/638
f 576/576/645 577/577/646 569/569/638
f 570/570/639 578/578/647 571/571/640
f 578/578/647 570/570/639 577/577/646
f 579/579/648 572/572/641 571/571/640
f 578/578/647 579/579/648 571/571/640
f 572/572/641 580/580/649 573/573/642
f 580/580/649 572/572/641 579/579/648
f 581/581/650 574/574/643 573/573/642
f 580/580/649 581/581/650 573/573/642
f 574/574/643 582/582/651 575/575/644
f 582/582/651 574/574/643 581/581/650
f 576/576/645 568/568/637 583/583/652
f 583/583/652 568/568/637 141/141/144
f 582/582/651 584/584/653 575/575/644
f 575/575/644 584/584/653 544/544/613
f 583/583/652 141/141/144 585/585/654
f 141/141/144 140/140/143 585/585/654
f 585/585/654 140/140/143 586/586/655
f 587/587/656 585/585/654 586/586/655
f 585/585/654 587/587/656 583/583/652
f 588/588/657 576/576/645 583/583/652
f 587/587/656 588/588/657 583/583/652
f 140/140/143 589/589/658 586/586/655
f 589/589/658 140/140/143 142/142/145
f 590/590/659 589/589/658 142/142/145
f 145/145/148 590/590/659 142/142/145
f 591/591/660 576/576/645 588/588/657
f 576/576/645 591/591/660 577/577/646
f 586/586/655 589/589/658 592/592/661
f 590/590/659 592/592/661 589/589/658
f 590/590/659 145/145/148 593/593/662
f 593/593/662 145/145/148 152/152/155
f 592/592/661 590/590/659 594/594/663
f 594/594/663 590/590/659 593/593/662
f 595/595/664 593/593/662 152/152/155
f 159/159/162 595/595/664 152/152/155
f 591/591/660 596/596/665 577/577/646
f 596/596/665 578/578/647 577/577/646
f 592/592/661 597/597/666 586/586/655
f 597/597/666 592/592/661 594/594/663
f 598/598/667 597/597/666 594/594/663
f 599/599/668 598/598/667 594/594/663
f 599/599/668 594/594/663 593/593/662
f 595/595/664 599/599/668 593/593/662
f 595/595/664 159/159/162 600/600/669
f 600/600/669 159/159/162 160/160/163
f 599/599/668 595/595/664 601/601/670
f 601/601/670 595/595/664 600/600/669
f 602/602/671 578/578/647 596/596/665
f 578/578/647 602/602/671 579/579/648
f 597/597/666 603/603/672 586/586/655
f 603/603/672 597/597/666 598/598/667
f 598/598/667 599/599/668 604/604/673
f 604/604/673 599/599/668 601/601/670
f 602/602/671 605/605/674 579/579/648
f 605/605/674 580/580/649 579/579/648
f 606/606/675 580/580/649 605/605/674
f 580/580/649 606/606/675 581/581/650
f 606/606/675 607/607/676 581/581/650
f 607/607/676 582/582/651 581/581/650
f 608/608/677 582/582/651 607/607/676
f 582/582/651 608/608/677 584/584/653
f 608/608/677 609/609/678 584/584/653
f 584/584/653 609/609/678 544/544/613
f 602/602/671 610/610/679 605/605/674
f 611/611/680 606/606/675 605/605/674
f 610/610/679 611/611/680 605/605/674
f 606/606/675 612/612/681 607/607/676
f 612/612/681 606/606/675 611/611/680
f 613/613/682 608/608/677 607/607/676
f 612/612/681 613/613/682 607/607/676
f 612/612/681 614/614/683 613/613/682
f 608/608/677 615/615/684 609/609/678
f 615/615/684 608/608/677 613/613/682
f 616/616/685 612/612/681 611/611/680
f 614/614/683 612/612/681 616/616/685
f 609/609/678 617/617/686 544/544/613
f 615/615/684 617/617/686 609/609/678
f 610/610/679 602/602/671 618/618/687
f 618/618/687 602/602/671 596/596/665
f 610/610/679 619/619/688 611/611/680
f 619/619/688 616/616/685 611/611/680
f 619/619/688 620/620/689 616/616/685
f 620/620/689 619/619/688 621/621/690
f 619/619/688 610/610/679 622/622/691
f 622/622/691 610/610/679 618/618/687
f 621/621/690 619/619/688 622/622/691
f 623/623/692 618/618/687 596/596/665
f 591/591/660 623/623/692 596/596/665
f 624/624/693 622/622/691 618/618/687
f 624/624/693 621/621/690 622/622/691
f 623/623/692 624/624/693 618/618/687
f 623/623/692 591/591/660 625/625/694
f 625/625/694 591/591/660 588/588/657
f 620/620/689 626/626/695 616/616/685
f 626/626/695 620/620/689 627/627/696
f 626/626/695 614/614/683 616/616/685
f 614/614/683 626/626/695 627/627/696
f 624/624/693 623/623/692 628/628/697
f 628/628/697 623/623/692 625/625/694
f 629/629/698 625/625/694 588/588/657
f 587/587/656 629/629/698 588/588/657
f 630/630/699 628/628/697 625/625/694
f 629/629/698 630/630/699 625/625/694
f 631/631/700 624/624/693 628/628/697
f 630/630/699 631/631/700 628/628/697
f 629/629/698 587/587/656 632/632/701
f 632/632/701 587/587/656 586/586/655
f 630/630/699 629/629/698 633/633/702
f 633/633/702 629/629/698 632/632/701
f 634/634/703 632/632/701 586/586/655
f 603/603/672 634/634/703 586/586/655
f 634/634/703 635/635/704 632/632/701
f 635/635/704 633/633/702 632/632/701
f 636/636/705 634/634/703 603/603/672
f 635/635/704 634/634/703 636/636/705
f 598/598/667 636/636/705 603/603/672
f 637/637/706 630/630/699 633/633/702
f 631/631/700 630/630/699 637/637/706
f 635/635/704 638/638/707 633/633/702
f 638/638/707 637/637/706 633/633/702
f 624/624/693 631/631/700 639/639/708
f 621/621/690 624/624/693 639/639/708
f 640/640/709 631/631/700 637/637/706
f 638/638/707 640/640/709 637/637/706
f 638/638/707 635/635/704 641/641/710
f 641/641/710 635/635/704 636/636/705
f 639/639/708 631/631/700 642/642/711
f 631/631/700 640/640/709 642/642/711
f 640/640/709 638/638/707 643/643/712
f 643/643/712 638/638/707 641/641/710
f 642/642/711 640/640/709 643/643/712
f 644/644/713 639/639/708 642/642/711
f 644/644/713 621/621/690 639/639/708
f 645/645/714 642/642/711 643/643/712
f 645/645/714 644/644/713 642/642/711
f 646/646/715 643/643/712 641/641/710
f 646/646/715 645/645/714 643/643/712
f 647/647/716 641/641/710 636/636/705
f 647/647/716 646/646/715 641/641/710
f 648/648/717 647/647/716 636/636/705
f 647/647/716 648/648/717 649/649/718
f 648/648/717 636/636/705 598/598/667
f 646/646/715 647/647/716 650/650/719
f 650/650/719 647/647/716 649/649/718
f 645/645/714 646/646/715 651/651/720
f 651/651/720 646/646/715 650/650/719
f 644/644/713 645/645/714 652/652/721
f 652/652/721 645/645/714 651/651/720
f 621/621/690 644/644/713 653/653/722
f 653/653/722 644/644/713 652/652/721
f 654/654/723 648/648/717 598/598/667
f 648/648/717 654/654/723 649/649/718
f 654/654/723 598/598/667 655/655/724
f 655/655/724 598/598/667 604/604/673
f 656/656/725 654/654/723 655/655/724
f 656/656/725 649/649/718 654/654/723
f 657/657/726 655/655/724 604/604/673
f 657/657/726 656/656/725 655/655/724
f 658/658/727 621/621/690 653/653/722
f 658/658/727 620/620/689 621/621/690
f 659/659/728 657/657/726 604/604/673
f 659/659/728 604/604/673 601/601/670
f 660/660/729 659/659/728 601/601/670
f 660/660/729 601/601/670 600/600/669
f 661/661/730 660/660/729 600/600/669
f 661/661/730 600/600/669 160/160/163
f 659/659/728 660/660/729 662/662/731
f 662/662/731 660/660/729 661/661/730
f 657/657/726 659/659/728 663/663/732
f 663/663/732 659/659/728 662/662/731
f 656/656/725 657/657/726 664/664/733
f 664/664/733 657/657/726 663/663/732
f 661/661/730 160/160/163 665/665/734
f 665/665/734 160/160/163 169/169/172
f 666/666/735 661/661/730 665/665/734
f 666/666/735 662/662/731 661/661/730
f 667/667/736 665/665/734 169/169/172
f 667/667/736 666/666/735 665/665/734
f 183/183/186 667/667/736 169/169/172
f 667/667/736 183/183/186 668/668/737
f 668/668/737 183/183/186 182/182/185
f 669/669/738 656/656/725 664/664/733
f 649/649/718 656/656/725 669/669/738
f 666/666/735 667/667/736 670/670/739
f 670/670/739 667/667/736 668/668/737
f 671/671/740 662/662/731 666/666/735
f 672/672/741 666/666/735 670/670/739
f 671/671/740 666/666/735 672/672/741
f 673/673/742 671/671/740 672/672/741
f 671/671/740 674/674/743 662/662/731
f 674/674/743 671/671/740 673/673/742
f 674/674/743 663/663/732 662/662/731
f 675/675/744 664/664/733 663/663/732
f 674/674/743 675/675/744 663/663/732
f 676/676/745 669/669/738 664/664/733
f 675/675/744 676/676/745 664/664/733
f 677/677/746 649/649/718 669/669/738
f 676/676/745 677/677/746 669/669/738
f 678/678/747 672/672/741 670/670/739
f 678/678/747 673/673/742 672/672/741
f 675/675/744 674/674/743 679/679/748
f 679/679/748 674/674/743 673/673/742
f 677/677/746 680/680/749 649/649/718
f 680/680/749 650/650/719 649/649/718
f 681/681/750 680/680/749 677/677/746
f 681/681/750 677/677/746 676/676/745
f 680/680/749 682/682/751 650/650/719
f 682/682/751 680/680/749 681/681/750
f 682/682/751 651/651/720 650/650/719
f 676/676/745 675/675/744 683/683/752
f 683/683/752 675/675/744 679/679/748
f 684/684/753 678/678/747 670/670/739
f 684/684/753 670/670/739 668/668/737
f 681/681/750 676/676/745 685/685/754
f 685/685/754 676/676/745 683/683/752
f 682/682/751 686/686/755 651/651/720
f 686/686/755 652/652/721 651/651/720
f 687/687/756 684/684/753 668/668/737
f 687/687/756 668/668/737 182/182/185
f 686/686/755 688/688/757 652/652/721
f 688/688/757 653/653/722 652/652/721
f 688/688/757 689/689/758 653/653/722
f 689/689/758 658/658/727 653/653/722
f 682/682/751 681/681/750 690/690/759
f 686/686/755 682/682/751 691/691/760
f 691/691/760 682/682/751 690/690/759
f 688/688/757 686/686/755 692/692/761
f 692/692/761 686/686/755 691/691/760
f 689/689/758 688/688/757 693/693/762
f 693/693/762 688/688/757 692/692/761
f 690/690/759 681/681/750 694/694/763
f 694/694/763 681/681/750 685/685/754
f 689/689/758 695/695/764 658/658/727
f 696/696/765 689/689/758 693/693/762
f 689/689/758 696/696/765 695/695/764
f 697/697/766 696/696/765 693/693/762
f 696/696/765 697/697/766 695/695/764
f 698/698/767 693/693/762 692/692/761
f 698/698/767 697/697/766 693/693/762
f 699/699/768 692/692/761 691/691/760
f 699/699/768 698/698/767 692/692/761
f 658/658/727 695/695/764 700/700/769
f 620/620/689 658/658/727 700/700/769
f 701/701/770 691/691/760 690/690/759
f 701/701/770 699/699/768 691/691/760
f 697/697/766 702/702/771 695/695/764
f 695/695/764 702/702/771 700/700/769
f 703/703/772 620/620/689 700/700/769
f 620/620/689 703/703/772 627/627/696
f 704/704/773 703/703/772 700/700/769
f 703/703/772 704/704/773 627/627/696
f 702/702/771 705/705/774 700/700/769
f 705/705/774 704/704/773 700/700/769
f 698/698/767 699/699/768 706/706/775
f 707/707/776 698/698/767 706/706/775
f 697/697/766 698/698/767 707/707/776
f 708/708/777 697/697/766 707/707/776
f 697/697/766 708/708/777 709/709/778
f 702/702/771 697/697/766 709/709/778
f 710/710/779 702/702/771 709/709/778
f 702/702/771 710/710/779 705/705/774
f 710/710/779 711/711/780 705/705/774
f 706/706/775 699/699/768 712/712/781
f 711/711/780 713/713/782 705/705/774
f 713/713/782 704/704/773 705/705/774
f 699/699/768 701/701/770 712/712/781
f 704/704/773 713/713/782 714/714/783
f 713/713/782 715/715/784 714/714/783
f 704/704/773 714/714/783 627/627/696
f 715/715/784 716/716/785 714/714/783
f 712/712/781 701/701/770 717/717/786
f 712/712/781 717/717/786 718/718/787
f 717/717/786 701/701/770 690/690/759
f 717/717/786 719/719/788 718/718/787
f 719/719/788 717/717/786 690/690/759
f 718/718/787 719/719/788 720/720/789
f 719/719/788 690/690/759 694/694/763
f 719/719/788 721/721/790 720/720/789
f 721/721/790 719/719/788 694/694/763
f 720/720/789 721/721/790 722/722/791
f 721/721/790 694/694/763 685/685/754
f 721/721/790 723/723/792 722/722/791
f 723/723/792 721/721/790 685/685/754
f 685/685/754 683/683/752 723/723/792
f 722/722/791 723/723/792 724/724/793
f 683/683/752 725/725/794 723/723/792
f 723/723/792 725/725/794 724/724/793
f 725/725/794 683/683/752 679/679/748
f 724/724/793 725/725/794 726/726/795
f 726/726/795 725/725/794 679/679/748
f 727/727/796 724/724/793 726/726/795
f 726/726/795 679/679/748 728/728/797
f 727/727/796 726/726/795 728/728/797
f 727/727/796 728/728/797 729/729/798
f 679/679/748 673/673/742 728/728/797
f 728/728/797 730/730/799 729/729/798
f 729/729/798 730/730/799 731/731/800
f 728/728/797 673/673/742 732/732/801
f 730/730/799 728/728/797 732/732/801
f 732/732/801 673/673/742 733/733/802
f 730/730/799 732/732/801 733/733/802
f 673/673/742 678/678/747 733/733/802
f 730/730/799 734/734/803 731/731/800
f 734/734/803 730/730/799 733/733/802
f 731/731/800 734/734/803 735/735/804
f 733/733/802 678/678/747 736/736/805
f 734/734/803 733/733/802 736/736/805
f 678/678/747 684/684/753 736/736/805
f 734/734/803 737/737/806 735/735/804
f 737/737/806 734/734/803 736/736/805
f 736/736/805 684/684/753 738/738/807
f 737/737/806 736/736/805 738/738/807
f 684/684/753 687/687/756 738/738/807
f 735/735/804 737/737/806 739/739/808
f 739/739/808 737/737/806 738/738/807
f 739/739/808 738/738/807 740/740/809
f 741/741/810 735/735/804 739/739/808
f 738/738/807 687/687/756 742/742/811
f 740/740/809 738/738/807 742/742/811
f 742/742/811 687/687/756 182/182/185
f 741/741/810 739/739/808 743/743/812
f 739/739/808 740/740/809 743/743/812
f 744/744/813 741/741/810 743/743/812
f 744/744/813 743/743/812 745/745/814
f 743/743/812 740/740/809 745/745/814
f 746/746/815 744/744/813 745/745/814
f 747/747/816 746/746/815 745/745/814
f 748/748/817 742/742/811 182/182/185
f 740/740/809 742/742/811 748/748/817
f 749/749/818 747/747/816 745/745/814
f 747/747/816 749/749/818 750/750/819
f 750/750/819 749/749/818 197/197/200
f 751/751/820 748/748/817 182/182/185
f 181/181/184 751/751/820 182/182/185
f 181/181/184 188/188/191 751/751/820
f 188/188/191 196/196/199 751/751/820
f 748/748/817 751/751/820 752/752/821
f 740/740/809 748/748/817 752/752/821
f 751/751/820 196/196/199 752/752/821
f 740/740/809 753/753/822 745/745/814
f 753/753/822 749/749/818 745/745/814
f 753/753/822 740/740/809 752/752/821
f 749/749/818 753/753/822 752/752/821
f 749/749/818 754/754/823 197/197/200
f 754/754/823 196/196/199 197/197/200
f 196/196/199 754/754/823 752/752/821
f 754/754/823 749/749/818 752/752/821
f 755/755/824 756/756/825 757/757/826
f 757/757/826 756/756/825 758/758/827
f 759/759/828 756/756/825 755/755/824
f 758/758/827 756/756/825 760/760/829
f 761/761/830 756/756/825 759/759/828
f 760/760/829 756/756/825 762/762/831
f 763/763/832 756/756/825 761/761/830
f 762/762/831 756/756/825 764/764/833
f 765/765/834 756/756/825 763/763/832
f 764/764/833 756/756/825 766/766/835
f 767/767/836 756/756/825 765/765/834
f 766/766/835 756/756/825 768/768/837
f 769/769/838 756/756/825 767/767/836
f 768/768/837 756/756/825 770/770/839
f 771/771/840 756/756/825 769/769/838
f 770/770/839 756/756/825 772/772/841
f 773/773/842 756/756/825 771/771/840
f 772/772/841 756/756/825 774/774/843
f 774/774/843 756/756/825 773/773/842
f 614/614/683 775/775/844 613/613/682
f 775/775/844 614/614/683 776/776/845
f 775/775/844 615/615/684 613/613/682
f 615/615/684 775/775/844 776/776/845
f 614/614/683 777/777/846 776/776/845
f 777/777/846 614/614/683 627/627/696
f 778/778/847 777/777/846 627/627/696
f 777/777/846 778/778/847 776/776/845
f 714/714/783 778/778/847 627/627/696
f 716/716/785 778/778/847 714/714/783
f 778/778/847 716/716/785 779/779/848
f 778/778/847 779/779/848 776/776/845
f 716/716/785 780/780/849 779/779/848
f 780/780/849 781/781/850 779/779/848
f 782/782/851 615/615/684 776/776/845
f 615/615/684 782/782/851 617/617/686
f 779/779/848 783/783/852 776/776/845
f 781/781/850 783/783/852 779/779/848
f 783/783/852 782/782/851 776/776/845
f 782/782/851 784/784/853 617/617/686
f 782/782/851 783/783/852 784/784/853
f 617/617/686 784/784/853 544/544/613
f 783/783/852 781/781/850 785/785/854
f 783/783/852 785/785/854 784/784/853
f 784/784/853 785/785/854 544/544/613
f 781/781/850 786/786/855 785/785/854
f 785/785/854 786/786/855 544/544/613
f 787/787/856 788/788/857 789/789/858
f 789/789/858 788/788/857 790/790/859
f 791/791/860 788/788/857 787/787/856
f 790/790/859 788/788/857 792/792/861
f 793/793/862 788/788/857 791/791/860
f 792/792/861 788/788/857 794/794/863
f 795/795/864 788/788/857 793/793/862
f 794/794/863 788/788/857 796/796/865
f 797/797/866 788/788/857 795/795/864
f 796/796/865 788/788/857 798/798/867
f 799/799/868 788/788/857 797/797/866
f 798/798/867 788/788/857 800/800/869
f 801/801/870 788/788/857 799/799/868
f 800/800/869 788/788/857 802/802/871
f 803/803/872 788/788/857 801/801/870
f 802/802/871 788/788/857 804/804/873
f 805/805/874 788/788/857 803/803/872
f 804/804/873 788/788/857 806/806/875
f 807/807/876 788/788/857 805/805/874
f 806/806/875 788/788/857 807/807/876
# Vertices: 807, normals: 876, texture coordinates: 807, faces: 1418

