# File generated by ImageToStl.com - Free Image and 3D model conversion tools

mtllib Katana.mtl

o obj1
v 0.00519663 -0.00426629 -0.11627483
v 0.0051968 -0.00653215 -0.09945595
v 0 -0.00871401 -0.09961315
v 0.00816384 0.0169583 -0.12286533
v 0.00869878 0.01616118 -0.12373601
v 0.00791142 0.01859568 -0.12269068
v 0.00825281 0.01904978 -0.12343638
v 0.00519699 0.02440511 -0.12206689
v 0.00882679 0.01598716 -0.12779194
v 0.0082727 0.01995942 -0.12988712
v 0.00895892 0.01528221 -0.1287701
v 0.00954531 0.01150938 -0.12920447
v 0.00539164 0.02510622 -0.12281252
v 0 0.02653276 -0.12183306
v 0.00541145 0.02596343 -0.12917426
v 0 0.02732408 -0.12258364
v -0.00519699 0.02440511 -0.12206689
v 0 0.02816239 -0.12891696
v -0.00539164 0.02510622 -0.12281252
v -0.00791142 0.01859568 -0.12269068
v -0.00825281 0.01904978 -0.12343638
v -0.00869878 0.01616118 -0.12373601
v -0.00816384 0.0169583 -0.12286533
v -0.00882679 0.01598716 -0.12779194
v -0.0082727 0.01995942 -0.12988712
v -0.00895892 0.01528221 -0.1287701
v -0.00954531 0.01150938 -0.12920447
v -0.00541145 0.02596343 -0.12917426
v 0 0.02737109 -0.13043682
v -0.00475052 0.02549712 -0.1305858
v -0.00739956 0.01999194 -0.1312702
v 0.00475052 0.02549712 -0.1305858
v -0.00955039 0.01175741 -0.13086335
v -0.00827358 0.00355828 -0.13180941
v -0.00889497 0.00732465 -0.12967558
v -0.00877072 0.006404 -0.12886551
v -0.00872885 0.0119362 -0.13220048
v -0.00825274 0.00250517 -0.12515751
v -0.00870331 0.00542185 -0.1248532
v -0.00818953 0.00452685 -0.12418829
v -0.00791114 0.00272215 -0.12437988
v -0.00539163 -0.00355307 -0.12579341
v -0.00519654 -0.00309164 -0.12499391
v 0 -0.00577047 -0.12602688
v 0 -0.0052207 -0.12521362
v 0.00519654 -0.00309164 -0.12499391
v -0.00740625 0.00389014 -0.13315217
v -0.0053896 -0.00246221 -0.13250999
v 0.00539163 -0.00355307 -0.12579341
v 0.00791114 0.00272215 -0.12437988
v -0.00472472 -0.00163562 -0.13378687
v 0 -0.00463958 -0.1327659
v 0 -0.00349512 -0.13404168
v -0.00509269 0.0054677 -0.13396089
v -0.00333599 0.00136735 -0.13441461
v -0.00612902 0.01206935 -0.13322107
v 0 -1.84E-06 -0.13455534
v 0 0.01213658 -0.13379799
v -0.00508093 0.01866817 -0.13242279
v 0.00333599 0.00136735 -0.13441461
v -0.00333012 0.02269454 -0.13192217
v 0 0.02409798 -0.13175324
v 0.00472472 -0.00163562 -0.13378687
v 0.00333012 0.02269454 -0.13192217
v 0.00739956 0.01999194 -0.1312702
v 0.00509269 0.0054677 -0.13396089
v 0.0053896 -0.00246221 -0.13250999
v 0.00508093 0.01866817 -0.13242279
v 0.00955039 0.01175741 -0.13086335
v 0.00827358 0.00355828 -0.13180941
v 0.00889497 0.00732465 -0.12967558
v 0.00877072 0.006404 -0.12886551
v 0.00872885 0.0119362 -0.13220048
v 0.00612902 0.01206935 -0.13322107
v 0.00740625 0.00389014 -0.13315217
v 0.00825274 0.00250517 -0.12515751
v 0.00870331 0.00542185 -0.1248532
v 0.00818953 0.00452685 -0.12418829
v 0.01903212 0.01419033 0.1258598
v 0.01903214 0.01387644 0.12002346
v 0.02108359 0.01696831 0.11990345
v 0.02108368 0.01728215 0.12574051
v 0.02147423 0.02091987 0.11975078
v 0.02147419 0.02123394 0.12558712
v 0.01978276 0.02632536 0.11954169
v 0.01978277 0.02663952 0.12537815
v 0.01624116 0.03000526 0.11939872
v 0.01624118 0.03031914 0.12523529
v 0.01155835 0.03323514 0.11927424
v 0.01155825 0.03354906 0.12511063
v 0.00552783 0.03491749 0.11920886
v 0.00552778 0.03523164 0.12504528
v 0 0.03518727 0.11919829
v -6E-08 0.03550146 0.12503479
v -0.00552781 0.03523164 0.12504528
v -0.00552784 0.03491731 0.11920886
v -0.01155815 0.03354916 0.12511055
v -0.01155833 0.0332354 0.11927409
v -0.01624121 0.03031923 0.12523532
v -0.0162412 0.03000566 0.11939868
v -0.01978276 0.02663934 0.12537815
v -0.01978284 0.02632554 0.11954169
v -0.02147424 0.02123385 0.1255872
v -0.02147419 0.02092014 0.11975075
v -0.02108365 0.01728251 0.12574051
v -0.0210836 0.01696817 0.11990337
v -0.0190321 0.01418988 0.12585987
v -0.01903209 0.01387577 0.12002353
v 0.01903199 -0.01412999 0.12695628
v 0.02108367 -0.01709813 0.12707153
v 0.01903205 -0.01444338 0.12111972
v 0.02108368 -0.01741229 0.12123501
v 0.02147416 -0.02086191 0.12721775
v 0.02147426 -0.02117584 0.12138103
v 0.01978279 -0.02618594 0.12742351
v 0.0197828 -0.0265001 0.12158707
v 0.01624116 -0.0299268 0.12756801
v 0.01624119 -0.03024059 0.12173146
v 0.01155823 -0.03324394 0.12769668
v 0.01155827 -0.03355769 0.12186012
v 0.00552782 -0.03496639 0.1277636
v 0.00552787 -0.0352801 0.12192711
v 0 -0.03524674 0.12777446
v 0 -0.03556044 0.12193814
v -0.00552788 -0.03528028 0.12192708
v -0.00552781 -0.03496644 0.1277636
v -0.01155833 -0.03355791 0.12186043
v -0.01155824 -0.03324398 0.12769684
v -0.01624114 -0.03024037 0.12173153
v -0.01624116 -0.02992684 0.12756805
v -0.01978272 -0.0265001 0.12158715
v -0.01978282 -0.0261863 0.12742363
v -0.02147414 -0.02117557 0.12138107
v -0.02147422 -0.02086155 0.12721744
v -0.02108359 -0.01741233 0.12123501
v -0.02108365 -0.017098 0.12707148
v -0.01903209 -0.01444342 0.12111976
v -0.01903204 -0.01413008 0.12695625
v 0.0225032 0.0145306 0.12584679
v 0.02250324 0.01421685 0.12001026
v 0.02603567 0.01260423 0.12592144
v 0.02603565 0.01228985 0.12008495
v 0.02955041 0.0091586 0.1260545
v 0.02955039 0.00884508 0.12021801
v 0.03164382 0.00500847 0.12621555
v 0.03164382 0.00469476 0.12037914
v 0.03209593 0.00028766 0.12639804
v 0.03209595 -2.636E-05 0.12056171
v 0.0316438 -0.00460376 0.12658802
v 0.03164373 -0.00491751 0.12075153
v 0.0294317 -0.00987353 0.12679195
v 0.02943174 -0.01018746 0.12095524
v 0.02603558 -0.01267129 0.12690036
v 0.02603548 -0.0129854 0.1210638
v 0.02250315 -0.01449256 0.12697048
v 0.02250334 -0.01480658 0.12113392
v -0.02250319 0.01453069 0.12584679
v -0.02250324 0.01421681 0.12001011
v -0.02603549 0.01260409 0.12592152
v -0.02603558 0.01228989 0.12008502
v -0.02955034 0.00915842 0.1260545
v -0.0295505 0.00884548 0.12021808
v -0.03164377 0.00500865 0.12621547
v -0.03164374 0.00469463 0.12037914
v -0.03209601 0.00028757 0.12639804
v -0.03209591 -2.618E-05 0.12056164
v -0.03164381 -0.00460385 0.12658794
v -0.0316438 -0.00491738 0.12075146
v -0.02943181 -0.00987358 0.12679188
v -0.02943183 -0.01018746 0.12095531
v -0.02603558 -0.01267107 0.12690036
v -0.02603555 -0.012985 0.12106388
v -0.02250312 -0.01449251 0.12697051
v -0.02250319 -0.01480635 0.12113372
v 0.00449645 0.07667463 0.62982684
v 0.00481029 0.08295148 0.65399963
v 0.00492527 0.07597951 0.65009809
v 0.00492935 0.07096486 0.64547622
v 0.00492776 0.06632302 0.64037305
v 0.0049717 0.0624857 0.63391113
v 0.00525219 0.0510489 0.58907002
v 0.00463249 0.06663926 0.58515471
v 0.00560135 0.04000695 0.53581983
v 0.00480661 0.05627427 0.53244156
v 0.00501917 0.0469767 0.47968268
v 0.00596376 0.03006306 0.4820751
v 0.00508116 0.04042239 0.43638343
v 0.006032 0.02338218 0.43832359
v 0.00512354 0.03514334 0.39836591
v 0.00606037 0.01806857 0.40006575
v 0.00516813 0.02956121 0.35489684
v 0.00608528 0.01245028 0.35625595
v 0.00520993 0.02478845 0.3113372
v 0.00610573 0.00764463 0.31235516
v 0.00525074 0.02103905 0.26726457
v 0.00612559 0.00385518 0.26793036
v 0.00529478 0.01786399 0.21899395
v 0.00614874 0.00061912 0.21919449
v 0.00544846 0.01497901 0.16795063
v 0.00618608 -0.00235978 0.1680928
v 0.00585336 0.01323759 0.11687072
v 0.00625875 -0.00432085 0.11695297
v -0.00481028 0.08295152 0.65399963
v -0.00449644 0.07667463 0.62982684
v -0.00492526 0.07597951 0.65009809
v -0.00492935 0.07096486 0.64547622
v -0.00492776 0.06632302 0.64037305
v -0.00497169 0.06248574 0.63391113
v -0.00525219 0.0510489 0.58907002
v -0.00463249 0.06663926 0.58515471
v -0.00560134 0.04000691 0.53581983
v -0.00480661 0.05627427 0.53244156
v -0.00501917 0.0469767 0.47968268
v -0.00596376 0.03006302 0.4820751
v -0.00508116 0.04042239 0.43638343
v -0.006032 0.02338218 0.43832359
v -0.00512354 0.03514334 0.39836591
v -0.00606037 0.01806861 0.40006575
v -0.00516813 0.02956121 0.35489684
v -0.00608528 0.01245028 0.35625595
v -0.00520993 0.02478849 0.3113372
v -0.00610572 0.00764463 0.31235516
v -0.00525075 0.02103905 0.26726457
v -0.00612558 0.00385518 0.26793036
v -0.00529478 0.01786399 0.21899395
v -0.00614875 0.00061912 0.21919449
v -0.00544845 0.01497901 0.16795063
v -0.00618608 -0.00235978 0.1680928
v -0.00585336 0.01323763 0.11687072
v -0.00625873 -0.00432085 0.11695297
v -0 0.01428846 0.11701816
v -0 0.01581149 0.16821392
v -0 0.0186425 0.21937126
v 0 0.02182145 0.26758757
v -0 0.0255726 0.31161609
v 0 0.03034635 0.35513258
v -0 0.03593001 0.39855841
v -0 0.04121303 0.43654707
v 0 0.04777787 0.47985068
v 0 0.05710244 0.53264219
v 0 0.06745122 0.58521235
v 0 0.07755777 0.63021874
v -0.00325931 0.08715143 0.66702026
v 1E-08 0.08786638 0.6685704
v -0 0.01428846 0.11701816
v -0 0.01581149 0.16821392
v -0 0.0186425 0.21937126
v 0 0.02182145 0.26758757
v -0 0.0255726 0.31161609
v 0 0.03034635 0.35513258
v -0 0.03593001 0.39855841
v -0 0.04121303 0.43654707
v 0 0.04777787 0.47985068
v 0 0.05710244 0.53264219
v 0 0.06745122 0.58521235
v 0 0.07755777 0.63021874
v 0.00325932 0.08715143 0.66702026
v 1E-08 0.08786638 0.6685704
v 1E-08 0.08635217 0.66941774
v 0.00325932 0.08715143 0.66702026
v 1E-08 0.08786638 0.6685704
v 0.00335571 0.07818227 0.6671114
v 0.00481029 0.08295148 0.65399963
v -0 0.07830945 0.66911536
v 0.00492527 0.07597951 0.65009809
v 0.00339271 0.07218759 0.66526967
v -0 0.07148618 0.66695929
v 0.0034211 0.06648591 0.66097409
v 0.00492935 0.07096486 0.64547622
v -0 0.06564225 0.66273403
v 0.00342086 0.06119378 0.65442479
v -0 0.06028104 0.65606159
v 0.00492776 0.06632302 0.64037305
v 0.00341444 0.05738148 0.6463899
v -0 0.05582253 0.64702863
v 0.00339113 0.05374398 0.63713771
v 0.0049717 0.0624857 0.63391113
v -0 0.05236131 0.63764799
v 0.00342944 0.04244457 0.59176964
v 0.00525219 0.0510489 0.58907002
v -0 0.04108364 0.59219664
v 0.00347712 0.03120423 0.538001
v 0.00560135 0.04000695 0.53581983
v 0 0.02981187 0.53834611
v 0.00596376 0.03006306 0.4820751
v 0.00352661 0.02095627 0.48350662
v -0 0.01951584 0.48373297
v 0.006032 0.02338218 0.43832359
v 0.00353594 0.01417446 0.43944076
v 0 0.01271804 0.43961746
v 0.00606037 0.01806857 0.40006575
v 0.00353981 0.00880206 0.401063
v -0 0.00733634 0.40122077
v 0.00608528 0.01245028 0.35625595
v 0.00354321 0.00311705 0.35709953
v -0 0.0016408 0.35723296
v 0.00610573 0.00764463 0.31235516
v 0.003546 -0.00175456 0.31304389
v -0 -0.00324122 0.31315285
v 0.00612559 0.00385518 0.26793036
v 0.00354872 -0.0056126 0.26845828
v 0 -0.00711013 0.26854178
v 0.00614874 0.00061912 0.21919449
v 0.00355187 -0.00893029 0.21951053
v 0.00355697 -0.01200669 0.16832188
v -0 -0.01044071 0.21956046
v 0.00618608 -0.00235978 0.1680928
v -0 -0.01353254 0.16835812
v 0.00625875 -0.00432085 0.11695297
v -0 -0.01565626 0.11711612
v 0.0035669 -0.01410818 0.11709385
v 1E-08 0.08786638 0.6685704
v -0.00325931 0.08715143 0.66702026
v 1E-08 0.08635217 0.66941774
v -0.00335572 0.07818227 0.6671114
v -0.00481028 0.08295152 0.65399963
v -0 0.07830945 0.66911536
v -0 0.07148618 0.66695929
v -0.00492526 0.07597951 0.65009809
v -0.00339271 0.07218759 0.66526967
v -0 0.06564225 0.66273403
v -0.00342111 0.06648591 0.66097409
v -0.00492935 0.07096486 0.64547622
v -0 0.06028104 0.65606159
v -0.00342086 0.06119378 0.65442479
v -0 0.05582253 0.64702863
v -0.00492776 0.06632302 0.64037305
v -0.00341445 0.05738148 0.6463899
v -0 0.05236131 0.63764799
v -0.00339113 0.05374398 0.63713771
v -0.00497169 0.06248574 0.63391113
v -0 0.04108364 0.59219664
v -0.00342944 0.04244457 0.59176964
v -0.00525219 0.0510489 0.58907002
v 0 0.02981187 0.53834611
v -0.00347712 0.0312042 0.538001
v -0.00560134 0.04000691 0.53581983
v -0.00596376 0.03006302 0.4820751
v -0.00352662 0.02095627 0.48350662
v -0 0.01951584 0.48373297
v -0.006032 0.02338218 0.43832359
v 0 0.01271804 0.43961746
v -0.00353593 0.01417446 0.43944076
v -0.00606037 0.01806861 0.40006575
v -0 0.00733634 0.40122077
v -0.00353981 0.00880206 0.401063
v -0.00608528 0.01245028 0.35625595
v -0 0.0016408 0.35723296
v -0.00354321 0.00311705 0.35709953
v -0.00610572 0.00764463 0.31235516
v -0 -0.00324122 0.31315285
v -0.00354601 -0.00175456 0.31304389
v -0.00612558 0.00385518 0.26793036
v 0 -0.00711013 0.26854178
v -0.00354871 -0.0056126 0.26845828
v -0 -0.01044071 0.21956046
v -0.00614875 0.00061912 0.21919449
v -0.00355188 -0.00893029 0.21951053
v -0 -0.01353254 0.16835812
v -0.00355698 -0.01200669 0.16832188
v -0.00618608 -0.00235978 0.1680928
v -0 -0.01565626 0.11711612
v -0.00625873 -0.00432085 0.11695297
v -0.0035669 -0.01410818 0.11709385
v 0.00399606 -0.01325944 0.15155387
v -0 -0.01494653 0.15165843
v -0 -0.01621015 0.12116998
v 0.00400196 -0.01450767 0.12112537
v 0.0069856 -0.00310598 0.15094933
v 0.0070003 -0.00425742 0.1209218
v 0.00680666 0.01357648 0.12079486
v 0.00645907 0.01457746 0.15015629
v -0.00698559 -0.00310598 0.15094933
v -0.00645907 0.01457749 0.15015629
v -0.00680666 0.01357652 0.12079486
v -0.00700028 -0.00425742 0.1209218
v -0.00399607 -0.01325944 0.15155387
v -0.00400196 -0.01450767 0.12112537
v -0 -0.01494653 0.15165843
v -0 -0.01621015 0.12116998
v -0.00645907 0.01457749 0.15015629
v -0.00557883 0.01494786 0.15018047
v -0.0056454 0.01460164 0.13976845
v -0.00680666 0.01357652 0.12079486
v -0 0.01496 0.12085845
v -0 0.01552563 0.13987263
v 0.0056454 0.01460164 0.13976845
v 0.00680666 0.01357648 0.12079486
v 0.00645907 0.01457746 0.15015629
v 0.00557883 0.01494782 0.15018047
v 0.00645907 0.01457746 0.15015629
v 0.00557883 0.01494782 0.15018047
v 0.0069856 -0.00310598 0.15094933
v 0.00577799 -0.00310598 0.15094933
v 0.00399606 -0.01325944 0.15155387
v -0 -0.01325944 0.15155387
v -0 -0.01494653 0.15165843
v -0.00399607 -0.01325944 0.15155387
v -0.00577798 -0.00310598 0.15094933
v -0.00698559 -0.00310598 0.15094933
v -0.00557883 0.01494786 0.15018047
v -0.00645907 0.01457749 0.15015629
v -0.00577798 -0.00310598 0.15094933
v -0.0056454 -0.00350332 0.14029975
v -0.0056454 0.01460164 0.13976845
v -0.00557883 0.01494786 0.15018047
v 0.0056454 -0.00350332 0.14029975
v 0.00577799 -0.00310598 0.15094933
v 0.00557883 0.01494782 0.15018047
v 0.0056454 0.01460164 0.13976845
v -0 0.01552563 0.13987263
v -0.0056454 0.01460164 0.13976845
v -0.0056454 -0.00350332 0.14029975
v 0.0056454 -0.00350332 0.14029975
v 0.0056454 0.01460164 0.13976845
v -0.00559017 -0.01587479 0.1154674
v 0.00559014 -0.01587496 0.11546738
v 0 -0.01841446 0.11558996
v 0.00847305 -0.00935243 0.11518183
v -0.00847304 -0.0093524 0.11518167
v 0.00971808 -0.00040815 0.11476081
v -0.0097181 -0.00040819 0.11476094
v 0.00847279 0.00851795 0.11434424
v -0.00847281 0.00851805 0.11434411
v 0.00558989 0.01501251 0.11406541
v -0.00558987 0.01501243 0.11406535
v 0 0.01755041 0.11394355
v -0.00818953 0.00452685 -0.12418829
v -0.00791114 0.00272215 -0.12437988
v -0.00795404 0.00283535 -0.12307128
v -0.00519654 -0.00309164 -0.12499391
v -0.00868389 0.0020275 -0.11902966
v -0.00996685 0.00627785 -0.11665323
v -0.00902991 0.00769753 -0.11974209
v -0.00965732 0.00549249 -0.11283367
v -0.00519663 -0.00426629 -0.11627483
v 0 -0.0052207 -0.12521362
v -0.00791119 0.00148157 -0.11482479
v -0.00791123 0.00058478 -0.10791765
v -0.00867635 0.00546562 -0.1096025
v -0.0051968 -0.00653215 -0.09945595
v -0.00791127 -0.00056917 -0.09902979
v 0.00519654 -0.00309164 -0.12499391
v -0.00913526 0.00757265 -0.09845439
v -0.00913524 0.00880452 -0.10847136
v -0.0085154 0.01294037 -0.10850396
v -0.00778727 -0.0027416 -0.07720283
v -0.00505781 -0.00879361 -0.07762124
v -0.00904973 0.00550643 -0.07663432
v -0.00791131 0.01571791 -0.09788571
v -0.00787778 0.01374392 -0.07607103
v -0.00791134 0.01666385 -0.10603925
v -0.00986084 0.01354603 -0.11237609
v -0.00867218 0.01714321 -0.11017115
v -0.00963744 0.01328819 -0.11674851
v -0.00519686 0.02248855 -0.10477091
v -0.00913566 0.00366714 -0.05525995
v -0.00791363 -0.00466714 -0.05581745
v -0.00791008 0.01200465 -0.05470787
v -0.00791138 0.01762258 -0.11430305
v -0.00519693 0.02346412 -0.11357493
v 0 0.02386297 -0.09732346
v -0.0051968 0.02168001 -0.09747428
v -0.00521472 0.01976023 -0.07566153
v -0.00795883 0.0181583 -0.12161609
v -0.00889796 0.01274949 -0.11910546
v -0.00519699 0.02440511 -0.12206689
v -0.00791142 0.01859568 -0.12269068
v -0.00816384 0.0169583 -0.12286533
v 0 0.02653276 -0.12183306
v -0.00519403 0.01810927 -0.05430805
v 0 0.02194396 -0.07550897
v 0.00519693 0.02346412 -0.11357493
v 0.00519699 0.02440511 -0.12206689
v 0 0.02034335 -0.05416111
v 0.00795883 0.0181583 -0.12161609
v 0.00791142 0.01859568 -0.12269068
v 0.00816384 0.0169583 -0.12286533
v 0.00791138 0.01762258 -0.11430305
v 0.00889796 0.01274949 -0.11910546
v 0.00963744 0.01328819 -0.11674851
v 0.00867218 0.01714321 -0.11017115
v 0.00986084 0.01354603 -0.11237609
v 0.00519686 0.02248855 -0.10477091
v 0.00791134 0.01666385 -0.10603925
v 0.0085154 0.01294037 -0.10850396
v 0.0051968 0.02168001 -0.09747428
v 0.00791131 0.01571791 -0.09788571
v 0.00521472 0.01976023 -0.07566153
v 0.00913526 0.00757265 -0.09845439
v 0.00913524 0.00880452 -0.10847136
v 0.00867921 0.00546519 -0.10960256
v 0.00787778 0.01374392 -0.07607103
v 0.00519403 0.01810927 -0.05430805
v 0 0.01919731 -0.03331534
v -0.0051967 0.01691875 -0.03343241
v -0.00791125 0.01069644 -0.03375253
v -0.00913512 0.00219806 -0.03419096
v 0.00791127 -0.00056917 -0.09902979
v 0.00904973 0.00550643 -0.07663432
v 0.00791008 0.01200465 -0.05470787
v 0.00519675 0.01691879 -0.03343237
v 0 0.01804718 -0.012013
v -0.00519671 0.01575546 -0.01209494
v -0.00791134 0.00949978 -0.01232178
v 0.00791123 0.00058478 -0.10791765
v 0.00965732 0.00549249 -0.11283367
v 0.00913566 0.00366714 -0.05525995
v 0.0079113 0.01069641 -0.0337525
v 0.00519684 0.0157555 -0.01209494
v -0 0.01742115 0.00935222
v 0.00778727 -0.0027416 -0.07720283
v -0.0051967 0.01510597 0.00930383
v 0.00791119 0.00148157 -0.11482479
v 0.00868389 0.0020275 -0.11902966
v 0.00996685 0.00627785 -0.11665323
v 0.00795404 0.00283535 -0.12307128
v 0.00902991 0.00769753 -0.11974209
v 0.00791114 0.00272215 -0.12437988
v 0.00818953 0.00452685 -0.12418829
v 0.00505781 -0.00879361 -0.07762124
v 0.00791363 -0.00466714 -0.05581745
v 0 -0.0110267 -0.07777401
v 0.0052005 -0.01076791 -0.05622873
v 0.00913516 0.00219821 -0.03419102
v -0.0052005 -0.01076791 -0.05622873
v 0 -0.01299817 -0.05638128
v 0.00791137 -0.00629815 -0.03462986
v 0.00791131 0.00949947 -0.01232184
v -0.0079113 -0.00629811 -0.03462978
v 0.0051967 -0.01251637 -0.03495071
v 0.0091352 0.00095581 -0.01263224
v 0.00519669 0.0151059 0.00930391
v -0.00519675 -0.01251648 -0.03495071
v -0.0091352 0.0009555 -0.01263216
v 0.00791135 -0.00758656 -0.01294277
v 0.00791129 0.00878578 0.00917034
v -1E-08 0.01669377 0.0348547
v -0.0079113 0.00878575 0.00917042
v -0.00791129 -0.00758675 -0.01294269
v 0.00913519 0.00015305 0.00898815
v 0.0051967 0.01438664 0.03484695
v -0.00519681 0.01438664 0.03484691
v -0.0091351 0.00015301 0.00898815
v 0.00791128 0.0080843 0.0348247
v -0 0.01632329 0.06115364
v -0.00791135 0.00808423 0.03482462
v 0.00519667 0.01401136 0.06119194
v -0.0051968 0.01401147 0.06119201
v 0 0.01645921 0.08775282
v -0.00791131 -0.00847893 0.00880598
v -0.00913516 -0.00052486 0.0347941
v -0.00791131 0.0076901 0.0612949
v -0.00519684 0.01413949 0.08783535
v -0.00519672 -0.01383869 -0.01317028
v 0 -0.01478955 -0.03506881
v 0.0051967 -0.01383858 -0.01317032
v 0 -0.01612465 -0.01325254
v -0.00519676 -0.01479812 0.00867245
v 0.00791133 -0.00847889 0.00880591
v 0.00519674 -0.01479831 0.00867247
v 0.00913522 -0.00052452 0.0347941
v -0.00791136 -0.00913471 0.03476337
v 0 -0.01711075 0.00862347
v 0.00791133 -0.00913501 0.03476345
v 0.00791131 0.0076901 0.06129482
v -0.00913517 -0.00094768 0.06143387
v -0.00519676 -0.01543857 0.03474146
v 0.00519683 -0.01543853 0.0347415
v 0.00913514 -0.0009479 0.0614339
v 0.00519672 0.01413934 0.08783539
v -0.00791124 0.00780015 0.08806026
v 0 0.01682768 0.10798229
v 0.00791131 0.00780008 0.08806022
v 0.0079112 -0.00958571 0.06157337
v -0.00519669 0.01447443 0.10808986
v 0.0051968 0.01447454 0.10808986
v 0.00913518 -0.00086066 0.08836655
v 0 0.01706739 0.11559078
v -0.00519679 0.0146704 0.11571088
v 0.00519678 0.01467047 0.11571096
v -0.00791127 0.00840991 0.11598424
v 0.00791127 0.00840983 0.11598436
v 0.00791123 0.00817976 0.10835873
v 0.00913515 -0.00059164 0.108759
v 0.00913514 -0.00035816 0.11639962
v 0.00791126 -0.00952135 0.08867302
v 0.00791134 -0.00938379 0.10916363
v 0.0079113 -0.0091441 0.11681851
v -0.00791131 0.00817991 0.10835857
v 0.00519675 -0.01591147 0.06167652
v 0.00519684 -0.01571177 0.10943881
v 0.00519677 -0.01543126 0.11709704
v 0.00519675 -0.01586207 0.08889738
v -0.00913516 -0.00059164 0.10875911
v -0.00913516 -0.0003582 0.11639977
v -0.00913519 -0.00086066 0.08836658
v 0 -0.01774421 0.03473523
v 0 -0.01822879 0.0617152
v -0 -0.01818362 0.08898073
v -0.00791131 -0.00938379 0.10916336
v -0.0079113 -0.00914405 0.11681839
v -0.00791127 -0.00958575 0.06157337
v -0.00519674 -0.01591151 0.06167652
v -0.00791135 -0.00952132 0.08867298
v -0.00519672 -0.01586192 0.08889744
v -0.00519679 -0.01571165 0.10943881
v -0.00519682 -0.01543108 0.11709705
v 0 -0.01806559 0.10954647
v 0 -0.01782954 0.11721727
v 0.00869878 0.01616118 -0.12373601
v 0.00816384 0.0169583 -0.12286533
v 0.00795883 0.0181583 -0.12161609
v 0.00963512 0.01324155 -0.12201821
v 0.00955449 0.01264898 -0.12472322
v 0.00889796 0.01274949 -0.11910546
v 0.00955908 0.00903426 -0.12508909
v 0.00875674 0.01018793 -0.11978674
v 0.00967993 0.00793494 -0.12255783
v 0.00902991 0.00769753 -0.11974209
v 0.00870331 0.00542185 -0.1248532
v 0.00795404 0.00283535 -0.12307128
v 0.00818953 0.00452685 -0.12418829
v -0.00816384 0.0169583 -0.12286533
v -0.00869878 0.01616118 -0.12373601
v -0.00795883 0.0181583 -0.12161609
v -0.00963512 0.01324155 -0.12201821
v -0.00955449 0.01264898 -0.12472322
v -0.00889796 0.01274949 -0.11910546
v -0.00955908 0.00903426 -0.12508909
v -0.00875674 0.01018793 -0.11978674
v -0.00967993 0.00793494 -0.12255783
v -0.00902991 0.00769753 -0.11974209
v -0.00870331 0.00542185 -0.1248532
v -0.00795404 0.00283535 -0.12307128
v -0.00818953 0.00452685 -0.12418829
v 0.00501153 -0.01662433 0.12829536
v -0.00501153 -0.01662429 0.12829539
v -1E-08 -0.01819585 0.12835549
v -0.0079819 -0.01336512 0.12816092
v 0.00798191 -0.01336515 0.12816083
v 0.01002807 -0.0085292 0.12796001
v -0.01002809 -0.00852928 0.12796013
v 0.01106815 -0.00020133 0.12754886
v -0.01106816 -0.0002013 0.12754869
v 0.01004163 0.00769714 0.12717706
v -0.01004163 0.00769712 0.12717718
v 0.00792763 0.01373893 0.1268789
v -0.00792766 0.01373878 0.1268789
v 0.00475745 0.01668335 0.12679854
v -0.00475747 0.01668327 0.12679853
v -1E-08 0.01780301 0.12673044
v -0.00869878 0.01616118 -0.12373601
v -0.00882679 0.01598716 -0.12779194
v -0.01025849 0.01416437 -0.12732723
v -0.00895892 0.01528221 -0.1287701
v -0.00954531 0.01150938 -0.12920447
v -0.01024044 0.01422858 -0.12546018
v -0.00955449 0.01264898 -0.12472322
v -0.01026441 0.00827219 -0.12798472
v -0.00889497 0.00732465 -0.12967558
v -0.00877072 0.006404 -0.12886551
v -0.00870331 0.00542185 -0.1248532
v -0.01025092 0.00788101 -0.12611575
v -0.00955908 0.00903426 -0.12508909
v 0.01025849 0.01416437 -0.12732723
v 0.00882679 0.01598716 -0.12779194
v 0.00869878 0.01616118 -0.12373601
v 0.00895892 0.01528221 -0.1287701
v 0.00954531 0.01150938 -0.12920447
v 0.01024044 0.01422858 -0.12546018
v 0.00955449 0.01264898 -0.12472322
v 0.01025092 0.00788101 -0.12611575
v 0.00955908 0.00903426 -0.12508909
v 0.00870331 0.00542185 -0.1248532
v 0.01026441 0.00827219 -0.12798472
v 0.00889497 0.00732465 -0.12967558
v 0.00877072 0.006404 -0.12886551
v -0.01105114 0.00697118 -0.11068552
v -0.01077534 0.01258588 -0.10945998
v -0.01210853 0.00719933 -0.11398323
v -0.01201094 0.01258231 -0.11296292
v -0.01152277 0.01257874 -0.11646586
v -0.00875674 0.01018793 -0.11978674
v -0.01144213 0.00742748 -0.11728094
v 0.01152277 0.01257874 -0.11646586
v 0.00875674 0.01018793 -0.11978674
v 0.01144213 0.00742748 -0.11728094
v 0.01201094 0.01258231 -0.11296292
v 0.01210853 0.00719933 -0.11398323
v 0.01077534 0.01258588 -0.10945998
v 0.01105114 0.00697118 -0.11068552
v -0.02250319 -0.01480635 0.12113372
v 0 -0.00018984 0.12056911
v -0.01903209 -0.01444342 0.12111976
v 0 -0.0132749 0.1211663
v -0.02603555 -0.012985 0.12106388
v -0.02108359 -0.01741233 0.12123501
v -0.02943183 -0.01018746 0.12095531
v -0.02147414 -0.02117557 0.12138107
v -0.0316438 -0.00491738 0.12075146
v -0.03209591 -2.618E-05 0.12056164
v -0.03164374 0.00469463 0.12037914
v -0.0295505 0.00884548 0.12021808
v -0.02603558 0.01228989 0.12008502
v -0.01978272 -0.0265001 0.12158715
v -0.02250324 0.01421681 0.12001011
v -0.01624114 -0.03024037 0.12173153
v -0.01155833 -0.03355791 0.12186043
v -0.00552788 -0.03528028 0.12192708
v 0 -0.03556044 0.12193814
v 0.00552787 -0.0352801 0.12192711
v 0.01155827 -0.03355769 0.12186012
v 0.01624119 -0.03024059 0.12173146
v 0.0197828 -0.0265001 0.12158707
v 0.02147426 -0.02117584 0.12138103
v 0.02108368 -0.01741229 0.12123501
v 0.01903205 -0.01444338 0.12111972
v 0.02250334 -0.01480658 0.12113392
v 0.02603548 -0.0129854 0.1210638
v 0.02943174 -0.01018746 0.12095524
v 0.03164373 -0.00491751 0.12075153
v 0.03209595 -2.636E-05 0.12056171
v 0.03164382 0.00469476 0.12037914
v 0.02955039 0.00884508 0.12021801
v 0.02603565 0.01228985 0.12008495
v 0.02250324 0.01421685 0.12001026
v 0.01903214 0.01387644 0.12002346
v 0 0.01282999 0.11997501
v 0.02108359 0.01696831 0.11990345
v 0.02147423 0.02091987 0.11975078
v 0.01978276 0.02632536 0.11954169
v 0.01624116 0.03000526 0.11939872
v 0.01155835 0.03323514 0.11927424
v 0.00552783 0.03491749 0.11920886
v 0 0.03518727 0.11919829
v -0.00552784 0.03491731 0.11920886
v -0.01155833 0.0332354 0.11927409
v -0.0162412 0.03000566 0.11939868
v -0.01978284 0.02632554 0.11954169
v -0.02147419 0.02092014 0.11975075
v -0.0210836 0.01696817 0.11990337
v -0.01903209 0.01387577 0.12002353
v 0.00501153 -0.01662433 0.12829536
v -1E-08 -0.01819585 0.12835549
v 0.00501153 -0.01656936 0.12706076
v 0.00798191 -0.01336515 0.12816083
v -0 -0.01815962 0.12712629
v 0.00798191 -0.01329932 0.12691979
v -0.00501153 -0.01662429 0.12829539
v -0.00501157 -0.01656934 0.12706082
v 0.0100281 -0.00848466 0.12671612
v 0.01002807 -0.0085292 0.12796001
v 0.01106815 -0.00020133 0.12754886
v 0.01106813 -0.00015973 0.12629214
v 0.01004163 0.00769714 0.12717706
v 0.0100416 0.00773399 0.12590943
v -0.0079819 -0.01336512 0.12816092
v -0.00798195 -0.0132993 0.12691991
v 0.00792763 0.01373893 0.1268789
v 0.00792757 0.01374327 0.12560749
v -0.01002806 -0.00848471 0.12671624
v -0.01002809 -0.00852928 0.12796013
v -0.01106816 -0.0002013 0.12754869
v -0.01106817 -0.00015965 0.12629199
v -0.01004163 0.00769712 0.12717718
v -0.01004162 0.00773394 0.12590943
v -0.00792766 0.01373878 0.1268789
v -0.00792768 0.01374306 0.12560748
v -0.00475747 0.01668327 0.12679853
v -0.00475747 0.0167036 0.12552138
v 0.00475742 0.01670372 0.12552141
v 0.00475745 0.01668335 0.12679854
v -1E-08 0.01780301 0.12673044
v -0 0.0178424 0.12544793
v -0.00558987 0.01501243 0.11406535
v -0.00847281 0.00851805 0.11434411
v -0.00847277 0.00871748 0.1209563
v -0.0097181 -0.00040819 0.11476094
v -0.00558995 0.01518236 0.12067352
v -0.0097181 -0.00020577 0.12138613
v -0.00847304 -0.0093524 0.11518167
v -0.00847303 -0.00914452 0.12181932
v -0.00559017 -0.01587479 0.1154674
v -0.0055902 -0.0156315 0.12210783
v 0 0.01775827 0.12054086
v 0 0.01755041 0.11394355
v 0 -0.01841446 0.11558996
v 0 -0.01820979 0.12224128
v 0.00559008 -0.01563173 0.1221078
v 0.00559014 -0.01587496 0.11546738
v 0.00847301 -0.00914459 0.12181936
v 0.00847305 -0.00935243 0.11518183
v 0.00971807 -0.0002057 0.12138597
v 0.00971808 -0.00040815 0.11476081
v 0.00558989 0.01501251 0.11406541
v 0.00558987 0.0151824 0.12067363
v 0.00847282 0.00871744 0.12095642
v 0.00847279 0.00851795 0.11434424
v -0.02250312 -0.01449251 0.12697051
v -0.01903204 -0.01413008 0.12695625
v 0 7.605E-05 0.12640552
v 0 -0.01300817 0.1270026
v -0.02603558 -0.01267107 0.12690036
v -0.02108365 -0.017098 0.12707148
v -0.02943181 -0.00987358 0.12679188
v -0.02147422 -0.02086155 0.12721744
v -0.03164381 -0.00460385 0.12658794
v -0.03209601 0.00028757 0.12639804
v -0.03164377 0.00500865 0.12621547
v -0.02955034 0.00915842 0.1260545
v -0.02603549 0.01260409 0.12592152
v -0.01978282 -0.0261863 0.12742363
v -0.02250319 0.01453069 0.12584679
v -0.01624116 -0.02992684 0.12756805
v -0.01155824 -0.03324398 0.12769684
v -0.00552781 -0.03496644 0.1277636
v 0 -0.03524674 0.12777446
v 0.00552782 -0.03496639 0.1277636
v 0.01155823 -0.03324394 0.12769668
v 0.01624116 -0.0299268 0.12756801
v 0.01978279 -0.02618594 0.12742351
v 0.02147416 -0.02086191 0.12721775
v 0.02108367 -0.01709813 0.12707153
v 0.01903199 -0.01412999 0.12695628
v 0.02250315 -0.01449256 0.12697048
v 0.02603558 -0.01267129 0.12690036
v 0.0294317 -0.00987353 0.12679195
v 0.0316438 -0.00460376 0.12658802
v 0.03209593 0.00028766 0.12639804
v 0.03164382 0.00500847 0.12621555
v 0.02955041 0.0091586 0.1260545
v 0.02603567 0.01260423 0.12592144
v 0.0225032 0.0145306 0.12584679
v 0.01903212 0.01419033 0.1258598
v -0 0.0130963 0.12581146
v 0.02108368 0.01728215 0.12574051
v 0.02147419 0.02123394 0.12558712
v 0.01978277 0.02663952 0.12537815
v 0.01624118 0.03031914 0.12523529
v 0.01155825 0.03354906 0.12511063
v 0.00552778 0.03523164 0.12504528
v -6E-08 0.03550146 0.12503479
v -0.00552781 0.03523164 0.12504528
v -0.01155815 0.03354916 0.12511055
v -0.01624121 0.03031923 0.12523532
v -0.01978276 0.02663934 0.12537815
v -0.02147424 0.02123385 0.1255872
v -0.02108365 0.01728251 0.12574051
v -0.0190321 0.01418988 0.12585987
vn 0.58611 -0.80352 -0.1041
vn 0.71248 -0.69768 -0.0749
vn 0 -0.9937 -0.1121
vn 0.88339 0.0881 0.46029
vn 0.98622 0.1437 0.082
vn 0.82486 0.24439 0.50978
vn 0.92181 0.3679 0.1221
vn 0.61083 0.48253 0.62773
vn 0.98827 0.1507 0.0246
vn 0.92503 0.36241 -0.1139
vn 0.98823 0.1509 0.025
vn 0.99997 -0.007 0.0016
vn 0.70409 0.69089 0.1641
vn 0 0.68729 0.72639
vn 0.70579 0.70839 -0.0057
vn 0.0001 0.97768 0.2101
vn -0.6108 0.4825 0.62779
vn 0.0005 0.99953 0.0306
vn -0.70409 0.69089 0.1641
vn -0.82486 0.24439 0.50978
vn -0.92181 0.3679 0.1221
vn -0.98622 0.1437 0.082
vn -0.88339 0.0881 0.46029
vn -0.98827 0.1507 0.0246
vn -0.92503 0.36241 -0.1139
vn -0.98823 0.15091 0.0249
vn -0.99997 -0.007 0.0016
vn -0.70579 0.70839 -0.0057
vn 0 0.6526 -0.7577
vn -0.40411 0.51651 -0.75492
vn -0.57588 0.26649 -0.77288
vn 0.40408 0.51648 -0.75496
vn -0.95278 0.0346 -0.30169
vn -0.9211 -0.3255 -0.2136
vn -0.98826 -0.15139 -0.0203
vn -0.98829 -0.1512 -0.0206
vn -0.60087 0.0935 -0.79386
vn -0.92128 -0.38889 0.0035
vn -0.98688 -0.1566 0.0394
vn -0.8811 -0.1818 0.4366
vn -0.82452 -0.34561 0.44801
vn -0.69729 -0.71509 -0.0493
vn -0.6129 -0.6048 0.5085
vn 0 -0.99613 -0.0879
vn 0 -0.82955 0.55843
vn 0.6129 -0.6048 0.5085
vn -0.57533 -0.0795 -0.81405
vn -0.70608 -0.67818 -0.20379
vn 0.69729 -0.71509 -0.0493
vn 0.82452 -0.34561 0.44801
vn -0.4012 -0.3231 -0.85711
vn 0.0002 -0.96804 -0.25081
vn 0 -0.45579 -0.89009
vn -0.22819 0.0491 -0.97238
vn -0.1442 -0.018 -0.98939
vn -0.2444 0.1126 -0.96311
vn 0 -0.0528 -0.99861
vn 0 0.1159 -0.99326
vn -0.22881 0.17761 -0.95713
vn 0.1443 -0.018 -0.98937
vn -0.1471 0.2474 -0.95768
vn 0 0.28401 -0.95882
vn 0.4012 -0.3231 -0.85711
vn 0.1471 0.2473 -0.95771
vn 0.57588 0.26649 -0.77288
vn 0.22819 0.0491 -0.97238
vn 0.70608 -0.67818 -0.20379
vn 0.22881 0.17761 -0.95713
vn 0.95277 0.0347 -0.30169
vn 0.92112 -0.32551 -0.2135
vn 0.98825 -0.15149 -0.0201
vn 0.98829 -0.1512 -0.0206
vn 0.60087 0.0935 -0.79386
vn 0.24449 0.1127 -0.96308
vn 0.57533 -0.0795 -0.81405
vn 0.92128 -0.38889 0.0035
vn 0.98688 -0.1566 0.0394
vn 0.88092 -0.1819 0.43691
vn 0.83343 -0.55182 0.0297
vn 0.94417 -0.32899 0.0177
vn 0.94562 -0.32481 0.0175
vn 0.99074 0.1356 -0.0073
vn 0.99024 0.1392 -0.0075
vn 0.86762 0.49651 -0.0267
vn 0.86572 0.49981 -0.0269
vn 0.64401 0.76392 -0.041
vn 0.64303 0.76474 -0.0411
vn 0.41769 0.90728 -0.0488
vn 0.41639 0.90788 -0.0488
vn 0.16679 0.98457 -0.053
vn 0.1665 0.98462 -0.053
vn 0 0.99855 -0.0538
vn -0.1665 0.98462 -0.053
vn -0.16679 0.98457 -0.053
vn -0.41639 0.90788 -0.0488
vn -0.41761 0.90732 -0.0488
vn -0.64303 0.76474 -0.041
vn -0.64401 0.76392 -0.041
vn -0.86572 0.49981 -0.0269
vn -0.86762 0.49651 -0.0267
vn -0.99024 0.1392 -0.0075
vn -0.99074 0.1356 -0.0073
vn -0.94562 -0.32481 0.0175
vn -0.94417 -0.32899 0.0177
vn -0.83346 -0.55178 0.0297
vn 0.82281 0.5675 -0.0305
vn 0.93938 0.34239 -0.0184
vn 0.9409 0.3382 -0.0182
vn 0.99018 -0.1396 0.0075
vn 0.98966 -0.14319 0.0077
vn 0.86711 -0.4974 0.0268
vn 0.86525 -0.50063 0.0269
vn 0.65191 -0.75721 0.0407
vn 0.65099 -0.75799 0.0408
vn 0.42649 -0.90319 0.0485
vn 0.42528 -0.90376 0.0486
vn 0.17099 -0.98385 0.0529
vn 0.1707 -0.9839 0.0529
vn 0 -0.99856 0.0537
vn -0.1706 -0.98392 0.0529
vn -0.17099 -0.98385 0.0529
vn -0.42528 -0.90376 0.0486
vn -0.42649 -0.90318 0.0486
vn -0.65104 -0.75795 0.0407
vn -0.65191 -0.75721 0.0407
vn -0.86527 -0.50058 0.0269
vn -0.86711 -0.4974 0.0267
vn -0.98965 -0.14329 0.0077
vn -0.99018 -0.1396 0.0075
vn -0.94087 0.33829 -0.0182
vn -0.93938 0.34239 -0.0184
vn -0.82281 0.5675 -0.0305
vn -0.82276 0.56757 -0.0305
vn -0.0976 0.99379 -0.0534
vn 0.22049 0.97397 -0.0525
vn 0.22161 0.97373 -0.0524
vn 0.60583 0.79444 -0.0429
vn 0.60709 0.79349 -0.0427
vn 0.8039 0.5939 -0.0319
vn 0.80539 0.59189 -0.0318
vn 0.96076 0.27699 -0.0149
vn 0.96173 0.27361 -0.0147
vn 1 0.0011 -0.0001
vn 1 -0.0008 0
vn 0.96769 -0.2518 0.0135
vn 0.96698 -0.25449 0.0137
vn 0.82227 -0.56828 0.0306
vn 0.82022 -0.57122 0.0307
vn 0.55539 -0.83039 0.0447
vn 0.55442 -0.83103 0.0448
vn 0.20449 -0.97745 0.0526
vn 0.20349 -0.97766 0.0527
vn -0.104 -0.99314 0.0534
vn -0.1041 -0.99314 0.0533
vn -0.2204 0.974 -0.0524
vn 0.0978 0.99377 -0.0535
vn -0.22151 0.97374 -0.0525
vn -0.60583 0.79444 -0.0427
vn -0.60709 0.79348 -0.0428
vn -0.8039 0.5939 -0.0319
vn -0.80539 0.59189 -0.0318
vn -0.96078 0.2769 -0.0149
vn -0.96168 0.27379 -0.0147
vn -1 0.0011 -0.0001
vn -1 -0.0008 0
vn -0.96769 -0.2518 0.0135
vn -0.967 -0.2544 0.0135
vn -0.82231 -0.56821 0.0306
vn -0.82022 -0.57122 0.0307
vn -0.55539 -0.83039 0.0447
vn -0.55449 -0.83099 0.0447
vn -0.20451 -0.97744 0.0527
vn -0.20349 -0.97766 0.0526
vn 0.104 -0.99314 0.0534
vn 0.1041 -0.99314 0.0533
vn 0.99938 0.035 -0.0049
vn 0.99941 0.0278 -0.0202
vn 0.99946 0.0259 -0.0203
vn 0.99959 0.0203 -0.0202
vn 0.99955 0.0256 -0.0157
vn 0.99937 0.0353 -0.0044
vn 0.9992 0.0399 -0.0039
vn 0.99886 0.0476 -0.0038
vn 0.99885 0.0477 -0.0039
vn 0.99857 0.0532 -0.0052
vn 0.99856 0.0533 -0.0053
vn 0.99847 0.0549 -0.0067
vn 0.99848 0.0548 -0.0067
vn 0.9985 0.0543 -0.0063
vn 0.99852 0.054 -0.0064
vn 0.99857 0.0532 -0.0055
vn 0.99858 0.0529 -0.0056
vn 0.99863 0.0521 -0.0043
vn 0.99865 0.0518 -0.0044
vn 0.9987 0.0509 -0.0031
vn 0.99871 0.0506 -0.0032
vn 0.99884 0.0482 -0.0017
vn 0.99884 0.0481 -0.0016
vn 0.99899 0.0449 0.0016
vn 0.99906 0.0434 0.0013
vn 0.99963 0.0271 0.0018
vn 0.99973 0.0231 0.0005
vn -0.99941 0.0278 -0.0202
vn -0.99938 0.035 -0.0049
vn -0.99947 0.0254 -0.0203
vn -0.99959 0.0203 -0.0202
vn -0.99955 0.0254 -0.016
vn -0.99937 0.0353 -0.0044
vn -0.9992 0.0399 -0.0039
vn -0.99921 0.0396 -0.004
vn -0.99886 0.0476 -0.0039
vn -0.99885 0.0477 -0.0038
vn -0.99857 0.0532 -0.0052
vn -0.99856 0.0533 -0.0053
vn -0.99847 0.0549 -0.0067
vn -0.99848 0.0548 -0.0067
vn -0.9985 0.0543 -0.0063
vn -0.99852 0.054 -0.0064
vn -0.99857 0.0532 -0.0055
vn -0.99858 0.0529 -0.0056
vn -0.99863 0.0521 -0.0043
vn -0.99865 0.0518 -0.0044
vn -0.9987 0.0509 -0.0031
vn -0.99871 0.0506 -0.0032
vn -0.99884 0.0481 -0.0017
vn -0.99884 0.0482 -0.0016
vn -0.99899 0.0448 0.0016
vn -0.99906 0.0434 0.0013
vn -0.99963 0.0271 0.0018
vn -0.99973 0.0231 0.0005
vn -0.1632 0.98611 -0.0308
vn -0.15401 0.98713 -0.043
vn -0.1546 0.98708 -0.0422
vn -0.14329 0.98785 -0.0601
vn -0.14349 0.98786 -0.0596
vn -0.1424 0.98697 -0.0749
vn -0.14239 0.98706 -0.0737
vn -0.143 0.98502 -0.0964
vn -0.1432 0.98509 -0.0953
vn -0.1438 0.98263 -0.1173
vn -0.1441 0.98268 -0.1165
vn -0.1455 0.98061 -0.1313
vn -0.1458 0.98062 -0.1309
vn -0.148 0.97867 -0.1425
vn -0.1479 0.97878 -0.1418
vn -0.1524 0.9751 -0.1611
vn -0.1522 0.97528 -0.1602
vn -0.15871 0.97074 -0.18021
vn -0.1592 0.97048 -0.1812
vn -0.16539 0.96526 -0.20229
vn -0.16529 0.96546 -0.20139
vn -0.16581 0.95874 -0.23091
vn -0.1676 0.9592 -0.2277
vn -0.0988 0.96089 -0.2587
vn -0.41798 0.87796 -0.23339
vn -0.088 0.96197 -0.25859
vn 0.1632 0.98611 -0.0308
vn 0.15469 0.98706 -0.0422
vn 0.15401 0.98713 -0.043
vn 0.14349 0.98786 -0.0596
vn 0.14329 0.98785 -0.0601
vn 0.14241 0.98704 -0.074
vn 0.14249 0.98696 -0.0749
vn 0.1431 0.98511 -0.0953
vn 0.1432 0.98499 -0.0964
vn 0.1439 0.98271 -0.1165
vn 0.144 0.9826 -0.1173
vn 0.14559 0.98065 -0.13089
vn 0.1457 0.98059 -0.1312
vn 0.1478 0.97877 -0.142
vn 0.14811 0.97864 -0.14261
vn 0.1521 0.9753 -0.1602
vn 0.1523 0.97512 -0.1611
vn 0.15869 0.97076 -0.18009
vn 0.1591 0.97051 -0.1811
vn 0.16531 0.96544 -0.20151
vn 0.16551 0.96524 -0.20231
vn 0.1676 0.9592 -0.2277
vn 0.16581 0.95874 -0.23091
vn 0.0988 0.96089 -0.2587
vn 0.088 0.96197 -0.25859
vn 0.41798 0.87796 -0.23339
vn 0.5667 0.0485 0.8225
vn 0.94876 0.0195 0.31539
vn 0.4629 0.4329 0.77351
vn 0.92661 -0.067 0.37
vn 0.99453 -0.0234 0.1018
vn 0.49661 -0.1662 0.85191
vn 0.99476 -0.0569 0.085
vn 0.92784 -0.17341 0.33021
vn 0.48371 -0.39661 0.78021
vn 0.94392 -0.231 0.23591
vn 0.99398 -0.079 0.0759
vn 0.46921 -0.60951 0.63901
vn 0.91867 -0.33289 0.21269
vn 0.44438 -0.75146 0.48768
vn 0.99079 -0.1167 0.0687
vn 0.87868 -0.43679 0.1927
vn 0.4236 -0.83219 0.3578
vn 0.89354 -0.43232 0.12121
vn 0.98414 -0.16981 0.0513
vn 0.39601 -0.88611 0.2408
vn 0.89122 -0.44171 0.1031
vn 0.97977 -0.19439 0.0476
vn 0.3857 -0.89961 0.2048
vn 0.88103 -0.46351 0.0946
vn 0.97352 -0.2236 0.0475
vn 0.38159 -0.90658 0.1803
vn 0.96846 -0.24519 0.0444
vn 0.87315 -0.48007 0.0845
vn 0.38198 -0.91065 0.15749
vn 0.96581 -0.2564 0.0382
vn 0.87121 -0.4856 0.072
vn 0.38318 -0.91386 0.13429
vn 0.96532 -0.2587 0.0351
vn 0.87151 -0.486 0.0654
vn 0.38442 -0.91494 0.12291
vn 0.9651 -0.26 0.0314
vn 0.87127 -0.48729 0.0586
vn 0.3858 -0.91601 0.1099
vn 0.96502 -0.26091 0.0258
vn 0.87158 -0.48789 0.0481
vn 0.38751 -0.91742 0.0904
vn 0.96499 -0.2615 0.0203
vn 0.87245 -0.48727 0.0375
vn 0.38939 -0.91838 0.0704
vn 0.96495 -0.26189 0.0169
vn 0.87362 -0.48561 0.0311
vn 0.87393 -0.48542 0.0248
vn 0.39141 -0.91833 0.0588
vn 0.96473 -0.26291 0.0136
vn 0.39421 -0.91783 0.0467
vn 0.96446 -0.26399 0.0112
vn 0.39619 -0.91738 0.0379
vn 0.87293 -0.48742 0.0204
vn -0.4629 0.4329 0.77351
vn -0.94876 0.0195 0.31539
vn -0.5667 0.0485 0.8225
vn -0.9266 -0.0671 0.37
vn -0.99453 -0.0236 0.1017
vn -0.49668 -0.16619 0.85187
vn -0.48371 -0.39661 0.78021
vn -0.99476 -0.0569 0.085
vn -0.92784 -0.17341 0.33021
vn -0.46932 -0.60942 0.63902
vn -0.94392 -0.231 0.23591
vn -0.99399 -0.0788 0.076
vn -0.4444 -0.7515 0.4876
vn -0.91867 -0.33289 0.21269
vn -0.4236 -0.83219 0.3578
vn -0.99079 -0.1167 0.0687
vn -0.8787 -0.4368 0.1926
vn -0.39601 -0.88613 0.24071
vn -0.89354 -0.43232 0.12121
vn -0.98414 -0.16981 0.0513
vn -0.3857 -0.89961 0.2048
vn -0.89122 -0.44171 0.1031
vn -0.97977 -0.19439 0.0475
vn -0.38138 -0.90665 0.18039
vn -0.88103 -0.46351 0.0946
vn -0.97352 -0.2236 0.0475
vn -0.96846 -0.24519 0.0444
vn -0.87319 -0.48 0.0845
vn -0.38201 -0.91062 0.1576
vn -0.96571 -0.2568 0.0381
vn -0.38309 -0.91388 0.1344
vn -0.87117 -0.48568 0.072
vn -0.96532 -0.2587 0.0351
vn -0.38431 -0.91493 0.1233
vn -0.8715 -0.486 0.0655
vn -0.9651 -0.26 0.0314
vn -0.3858 -0.91601 0.1099
vn -0.87127 -0.48729 0.0586
vn -0.96502 -0.26091 0.0258
vn -0.38739 -0.91747 0.0904
vn -0.87158 -0.48789 0.0481
vn -0.96499 -0.2615 0.0203
vn -0.3893 -0.9184 0.0706
vn -0.87249 -0.48719 0.0375
vn -0.39129 -0.91839 0.0588
vn -0.96495 -0.26189 0.0169
vn -0.87364 -0.48557 0.0311
vn -0.39409 -0.91789 0.0466
vn -0.87393 -0.48542 0.0248
vn -0.96473 -0.26291 0.0136
vn -0.39619 -0.91738 0.0379
vn -0.96449 -0.2639 0.0112
vn -0.87293 -0.48742 0.0204
vn 0.85991 -0.51001 0.021
vn 0.39039 -0.91987 0.038
vn 0.3908 -0.9197 0.0379
vn 0.85998 -0.50989 0.021
vn 0.98904 -0.14731 0.0096
vn 0.9883 -0.1524 0.0065
vn 0.99984 0.0174 0.0037
vn 0.99949 0.0302 0.0108
vn -0.98905 -0.14729 0.0096
vn -0.99949 0.0302 0.0108
vn -0.99984 0.0174 0.0037
vn -0.98828 -0.1525 0.0063
vn -0.85998 -0.50989 0.021
vn -0.85991 -0.51001 0.021
vn -0.39039 -0.91987 0.0379
vn -0.39071 -0.91973 0.038
vn -0.3852 0.92241 -0.028
vn -0.38702 0.92164 -0.0282
vn -0.23731 0.97095 -0.0307
vn -0.20011 0.97893 -0.0406
vn 0 0.99921 -0.0397
vn 0 0.99956 -0.0297
vn 0.23731 0.97095 -0.0307
vn 0.20011 0.97893 -0.0406
vn 0.3852 0.92241 -0.028
vn 0.38702 0.92164 -0.0282
vn 0.0194 0.044 0.99884
vn 0.0152 0.0474 0.99876
vn 0.0121 0.0498 0.99869
vn 0 0.0599 0.9982
vn 0 0.06 0.9982
vn 0 0.0619 0.99808
vn -0.0121 0.0498 0.99869
vn -0.0152 0.0474 0.99876
vn -0.0194 0.044 0.99884
vn 0.99998 -0.0054 0.0033
vn -0.99998 -0.0054 0.0033
vn 0 0.0268 0.99964
vn -0.0232 0.0293 0.9993
vn -0.0022 0.0231 0.99973
vn 0.0023 0.0231 0.99973
vn 0.0232 0.0293 0.9993
vn 0 -0.0445 -0.99901
vn 0 -0.044 -0.99903
vn 0 -0.0482 -0.99884
vn 0 -0.0457 -0.99896
vn 0 -0.0468 -0.9989
vn 0 -0.0451 -0.99898
vn 0 -0.0456 -0.99896
vn 0 -0.0438 -0.99904
vn 0 -0.0433 -0.99906
vn 0 -0.0479 -0.99885
vn -0.98843 -0.15041 -0.0194
vn -0.92653 -0.37621 0.0022
vn -0.93589 -0.287 -0.2043
vn -0.6532 -0.7478 -0.1188
vn -0.91489 -0.3965 -0.0759
vn -0.97375 -0.19781 -0.11261
vn -0.95563 -0.0099 -0.29441
vn -0.94438 -0.32599 0.0434
vn -0.586 -0.80361 -0.104
vn 0 -0.9909 -0.1346
vn -0.90712 -0.42071 0.0121
vn -0.93549 -0.351 -0.0408
vn -0.99072 -0.1285 0.0442
vn -0.71248 -0.69768 -0.0749
vn -0.96375 -0.26579 -0.0232
vn 0.58607 -0.80356 -0.10399
vn 0.6532 -0.7478 -0.1188
vn -0.99999 -0.0021 0.003
vn -0.99983 0.0182 0.0022
vn -0.99101 0.1074 0.0798
vn -0.96356 -0.26629 -0.0255
vn -0.7242 -0.6863 -0.0672
vn -0.99999 -0.0033 -0.0006
vn -0.96193 0.27191 0.0274
vn -0.96506 0.26109 0.0224
vn -0.94197 0.32559 0.0817
vn -0.96549 0.2557 0.0494
vn -0.9108 0.4085 0.0597
vn -0.95589 0.2844 -0.0735
vn -0.74782 0.65912 0.0796
vn -0.99999 -0.0021 -0.0025
vn -0.96464 -0.26241 -0.0247
vn -0.96567 0.25919 0.0176
vn -0.92034 0.39052 -0.0215
vn -0.63192 0.77103 0.0787
vn 0 0.99576 0.092
vn -0.73829 0.67159 0.0625
vn -0.7228 0.6887 0.0571
vn -0.92551 0.3782 0.02
vn -0.96238 0.26279 -0.069
vn -0.78101 0.621 0.0662
vn -0.92188 0.37139 0.1105
vn -0.98845 0.15049 0.0176
vn 0 0.99399 0.1095
vn -0.72802 0.68402 0.046
vn 0 0.99664 0.0819
vn 0.63192 0.77103 0.0787
vn 0.78101 0.621 0.0662
vn 0 0.99782 0.066
vn 0.92551 0.3782 0.02
vn 0.92188 0.37139 0.1105
vn 0.98845 0.15049 0.0176
vn 0.92031 0.3906 -0.0215
vn 0.96238 0.26279 -0.069
vn 0.95591 0.2843 -0.0736
vn 0.9108 0.4085 0.0597
vn 0.96549 0.2557 0.0494
vn 0.74788 0.65898 0.0801
vn 0.94197 0.32559 0.0818
vn 0.99101 0.1074 0.0798
vn 0.73829 0.67159 0.0625
vn 0.96193 0.27191 0.0274
vn 0.7228 0.6887 0.0571
vn 0.99999 -0.0021 0.003
vn 0.99983 0.0185 0.0023
vn 0.99071 -0.1286 0.0442
vn 0.96506 0.26109 0.0224
vn 0.72802 0.68402 0.046
vn 0 0.99848 0.0552
vn -0.73188 0.68038 0.038
vn -0.96603 0.25801 0.0151
vn -1 -0.0007 -0.0003
vn 0.96375 -0.26579 -0.0232
vn 0.99999 -0.0033 -0.0006
vn 0.96567 0.25919 0.0176
vn 0.73188 0.68038 0.038
vn 0 0.99913 0.0418
vn -0.73627 0.67607 0.0288
vn -0.96682 0.25521 0.0113
vn 0.93544 -0.35111 -0.0409
vn 0.94431 -0.3262 0.0432
vn 0.99999 -0.0021 -0.0025
vn 0.96603 0.25801 0.0151
vn 0.73627 0.67608 0.0287
vn 0 0.99957 0.0293
vn 0.96356 -0.26629 -0.0255
vn -0.73676 0.67587 0.0197
vn 0.90712 -0.42071 0.0121
vn 0.91489 -0.3965 -0.0759
vn 0.97375 -0.19781 -0.11261
vn 0.93589 -0.287 -0.2043
vn 0.95563 -0.0099 -0.29441
vn 0.92653 -0.37621 0.0022
vn 0.98843 -0.15041 -0.0194
vn 0.7242 -0.6863 -0.0672
vn 0.96464 -0.26241 -0.0247
vn 0 -0.99517 -0.0982
vn 0.72782 -0.68302 -0.0613
vn 1 -0.0007 -0.0003
vn -0.72782 -0.68302 -0.0613
vn 0.96561 -0.2594 -0.0177
vn 0.9668 0.2553 0.0113
vn -0.96561 -0.2594 -0.0177
vn 0.72938 -0.68238 -0.0485
vn 1 -0.001 -0.0002
vn 0.73676 0.67586 0.0198
vn -0.72938 -0.68238 -0.0485
vn -1 -0.0011 -0.0002
vn 0.96619 -0.2575 -0.013
vn 0.96697 0.25479 0.0076
vn 0 0.99978 0.0212
vn -0.96697 0.25479 0.0076
vn -0.96619 -0.2575 -0.0132
vn 1 -0.0009 -0.0001
vn 0.73793 0.67473 0.0142
vn -0.73793 0.67473 0.0142
vn -1 -0.0009 -0.0001
vn 0.96713 0.25421 0.0053
vn 0 0.99999 0.0046
vn -0.96713 0.25421 0.0053
vn 0.73871 0.67401 0.0032
vn -0.73871 0.67401 0.0032
vn 0 0.99995 -0.0103
vn -0.96661 -0.2561 -0.0084
vn -1 -0.0005 0
vn -0.96733 0.25351 0.0013
vn -0.73932 0.67332 -0.0069
vn -0.7329 -0.6794 -0.0355
vn 0 -0.99742 -0.0718
vn 0.7329 -0.6794 -0.0355
vn 0 -0.99862 -0.0525
vn -0.7349 -0.6778 -0.0226
vn 0.96661 -0.2561 -0.0084
vn 0.7348 -0.6779 -0.0226
vn 1 -0.0009 0
vn -0.96677 -0.25559 -0.0054
vn 0 -0.99943 -0.0338
vn 0.96677 -0.25559 -0.0054
vn 0.96733 0.25351 0.0013
vn -0.73606 -0.67677 -0.0142
vn 0.73606 -0.67677 -0.0142
vn 0.73932 0.67332 -0.0069
vn -0.96754 0.25271 -0.0025
vn 0 0.99979 -0.0205
vn 0.96754 0.25271 -0.0025
vn 0.96676 -0.25569 -0.0019
vn -0.74008 0.67238 -0.0137
vn 0.74008 0.67238 -0.0137
vn 1 -0.0012 -0.0002
vn 0 0.9996 -0.0284
vn -0.74059 0.67169 -0.0191
vn 0.74059 0.67169 -0.0191
vn -0.9678 0.2516 -0.0072
vn 0.9678 0.2516 -0.0072
vn 0.96774 0.25191 -0.0051
vn 1 -0.0018 -0.0003
vn 1 -0.0013 0.0001
vn 0.9671 -0.2544 0.0012
vn 0.96701 -0.2547 0.0037
vn 0.96735 -0.25329 0.0084
vn -0.96777 0.25179 -0.0051
vn 0.73603 -0.67693 -0.0053
vn 0.7361 -0.6768 0.0095
vn 0.73839 -0.67399 0.0228
vn 0.73728 -0.67558 0.0027
vn -1 -0.0019 -0.0003
vn -1 -0.0013 0.0001
vn -1 -0.0013 -0.0002
vn 0 -0.99978 -0.0209
vn 0 -0.99997 -0.008
vn 0 -0.99999 0.0044
vn -0.96701 -0.2547 0.0037
vn -0.96735 -0.25331 0.0082
vn -0.96676 -0.25569 -0.0019
vn -0.73603 -0.67693 -0.0053
vn -0.9671 -0.2544 0.0012
vn -0.73728 -0.67558 0.0027
vn -0.7361 -0.6768 0.0095
vn -0.73839 -0.67399 0.0227
vn 0 -0.9999 0.014
vn 0 -0.99944 0.0336
vn 0.95172 0.30691 -0.0064
vn -0.0714 0.7135 -0.697
vn 0.93683 0.31021 0.16161
vn 0.98443 0.1319 0.1162
vn 0.99733 0.0561 -0.0467
vn 0.95711 0.122 0.2628
vn 0.99755 -0.0376 -0.059
vn 0.95509 -0.019 0.2957
vn 0.98737 -0.1404 0.0734
vn 0.96367 -0.16709 0.20839
vn 0.95066 -0.29779 -0.087
vn 0.94218 -0.32929 0.0621
vn -0.1583 -0.52871 -0.83391
vn 0.0714 0.7135 -0.697
vn -0.95172 0.30691 -0.0064
vn -0.93684 0.31018 0.16159
vn -0.98443 0.1319 0.1162
vn -0.99733 0.0561 -0.0467
vn -0.95711 0.122 0.2628
vn -0.99755 -0.0376 -0.059
vn -0.95509 -0.019 0.2957
vn -0.98737 -0.1404 0.0734
vn -0.96367 -0.16709 0.20839
vn -0.95066 -0.29779 -0.087
vn -0.94218 -0.32929 0.0621
vn 0.1583 -0.52871 -0.83391
vn 0 0.0409 0.99916
vn 0 0.0382 0.99927
vn 0 0.0414 0.99914
vn 0 0.0472 0.99889
vn 0 0.0473 0.99888
vn 0 0.0482 0.99884
vn 0 0.048 0.99885
vn 0 0.0463 0.99893
vn 0 0.0466 0.99891
vn 0 0.0281 0.99961
vn 0 0.0286 0.99959
vn 0 0.0607 0.99816
vn -0.85078 0.47909 0.21599
vn -0.79215 0.60766 -0.057
vn -0.97623 0.17311 -0.1304
vn -0.81351 0.3135 -0.48981
vn -0.88058 0.0524 -0.47099
vn -0.97434 0.105 0.19911
vn -0.78598 -0.0528 0.61599
vn -0.97343 -0.1422 -0.1795
vn -0.81276 -0.19509 -0.54897
vn -0.80793 -0.56112 -0.18001
vn -0.85669 -0.5116 0.0659
vn -0.9754 -0.1374 0.1724
vn -0.78622 -0.073 0.61362
vn 0.97623 0.17311 -0.1304
vn 0.79215 0.60766 -0.057
vn 0.85078 0.47909 0.21599
vn 0.81351 0.3135 -0.48981
vn 0.88058 0.0524 -0.47099
vn 0.97434 0.105 0.19911
vn 0.78598 -0.0528 0.61599
vn 0.9754 -0.1374 0.1724
vn 0.78622 -0.073 0.61362
vn 0.85669 -0.5116 0.0659
vn 0.97343 -0.1422 -0.1795
vn 0.81276 -0.19509 -0.54897
vn 0.80793 -0.56112 -0.18001
vn -0.88711 -0.2188 0.4064
vn -0.61201 -0.57431 0.54371
vn -0.63311 -0.1399 0.76131
vn -0.57657 -0.81556 0.0492
vn -0.85252 0.1862 0.48841
vn -0.40729 0.44279 0.79878
vn -0.38401 0.92001 0.0782
vn -0.98632 -0.1561 0.0529
vn -0.5035 -0.8241 -0.2595
vn -0.98207 0.1523 0.1111
vn -0.92069 0.2353 -0.3114
vn -0.36989 0.91169 -0.1789
vn -0.6939 0.2545 -0.6736
vn -0.7228 0.1006 -0.6837
vn -0.92136 -0.1128 -0.37198
vn -0.70327 -0.1137 -0.70177
vn 0.36989 0.91169 -0.1789
vn 0.92071 0.2352 -0.3114
vn 0.6939 0.2545 -0.6736
vn 0.7228 0.1006 -0.6837
vn 0.38392 0.92005 0.0782
vn 0.92136 -0.1128 -0.37198
vn 0.70327 -0.1137 -0.70177
vn 0.5035 -0.8241 -0.2595
vn 0.98206 0.15229 0.1112
vn 0.98632 -0.1561 0.0529
vn 0.57669 -0.81549 0.0491
vn 0.85252 0.1862 0.48841
vn 0.40729 0.44279 0.79878
vn 0.63319 -0.1397 0.76129
vn 0.88715 -0.21869 0.40638
vn 0.61253 -0.57393 0.54352
vn -0.0001 -0.0385 -0.99926
vn 0.0036 -0.0424 -0.99909
vn 0 -0.0425 -0.9991
vn 0 -0.0386 -0.99925
vn 0.0046 -0.0398 -0.9992
vn 0 -0.0387 -0.99925
vn 0.0039 -0.0379 -0.99927
vn 0 -0.0387 -0.99925
vn 0.0033 -0.0367 -0.99932
vn 0 -0.0388 -0.99925
vn 0.0026 -0.0357 -0.99936
vn 0.0017 -0.0352 -0.99938
vn 0.0007 -0.0347 -0.9994
vn 0 -0.0346 -0.9994
vn -0.0007 -0.0347 -0.9994
vn -0.0018 -0.0352 -0.99938
vn -0.0026 -0.0357 -0.99936
vn -0.0033 -0.0367 -0.99932
vn -0.0039 -0.0379 -0.99927
vn -0.0046 -0.0401 -0.99919
vn -0.0036 -0.0423 -0.9991
vn 0 -0.0385 -0.99926
vn 0.0034 -0.0423 -0.9991
vn 0 -0.0426 -0.99909
vn 0.0043 -0.0394 -0.99921
vn 0.0039 -0.0381 -0.99927
vn 0.0032 -0.0368 -0.99932
vn 0.0024 -0.0358 -0.99936
vn 0.0016 -0.0352 -0.99938
vn 0.0007 -0.0348 -0.99939
vn 0 -0.0347 -0.9994
vn -0.0007 -0.0348 -0.99939
vn -0.0016 -0.0352 -0.99938
vn -0.0024 -0.0358 -0.99936
vn -0.0032 -0.0368 -0.99932
vn -0.0039 -0.0381 -0.99927
vn -0.0044 -0.0399 -0.99919
vn -0.0034 -0.0423 -0.9991
vn 0.51198 -0.85827 -0.0354
vn 0 -0.99932 -0.037
vn 0.52498 -0.85038 -0.0354
vn 0.84479 -0.5345 -0.0252
vn 0.85377 -0.52008 -0.0244
vn -0.51191 -0.85831 -0.0354
vn -0.52491 -0.85042 -0.0353
vn 0.97498 -0.2221 -0.0091
vn 0.97197 -0.23489 -0.0097
vn 0.99998 -0.0067 -0.0004
vn 0.99998 0.0065 -0
vn 0.97643 0.21581 0.0046
vn 0.97423 0.22551 0.0047
vn -0.84479 -0.5345 -0.0252
vn -0.85374 -0.52013 -0.0244
vn 0.86409 0.5033 0.0062
vn 0.8586 0.5126 0.0062
vn -0.97498 -0.2221 -0.0091
vn -0.97197 -0.23489 -0.0097
vn -0.99998 -0.0068 -0.0004
vn -0.99998 0.0065 -0
vn -0.97643 0.21581 0.0046
vn -0.97423 0.22551 0.0047
vn -0.86409 0.5033 0.0062
vn -0.8586 0.5126 0.0063
vn -0.46051 0.88752 0.0158
vn -0.45331 0.89121 0.016
vn 0.45331 0.89121 0.016
vn 0.46051 0.88752 0.0158
vn 0 0.99973 0.0233
vn -0.72791 0.68541 -0.0191
vn -0.96569 0.2596 -0.0076
vn -0.96635 0.25711 -0.0074
vn -1 0.0016 -0
vn -0.73211 0.68091 -0.0193
vn -1 -0.0018 0.0001
vn -0.96643 -0.25681 0.0085
vn -0.96581 -0.2591 0.0084
vn -0.73167 -0.68127 0.023
vn -0.72959 -0.68349 0.0233
vn 0 0.99959 -0.0285
vn 0 0.99959 -0.0286
vn 0 -0.99943 0.0338
vn 0.72959 -0.68349 0.0231
vn 0.73162 -0.68132 0.023
vn 0.96581 -0.2591 0.0086
vn 0.96643 -0.25681 0.0085
vn 1 -0.0018 0.0001
vn 1 0.0016 -0
vn 0.7279 0.6854 -0.0195
vn 0.73221 0.68081 -0.0193
vn 0.96635 0.25711 -0.0074
vn 0.96566 0.25969 -0.0074
vn 0.0001 0.0386 0.99925
vn -0.0035 0.0424 0.99909
vn 0 0.0439 0.99904
vn 0 0.0429 0.99908
vn 0 0.0387 0.99925
vn -0.0045 0.0401 0.99919
vn -0.0039 0.0379 0.99927
vn 0 0.0387 0.99925
vn 0 0.0386 0.99925
vn -0.0032 0.0367 0.99932
vn -0.0025 0.0358 0.99936
vn -0.0017 0.0353 0.99938
vn -0.0007 0.0348 0.99939
vn 0 0.0347 0.9994
vn 0.0007 0.0348 0.99939
vn 0.0017 0.0353 0.99938
vn 0.0025 0.0358 0.99936
vn 0.0032 0.0367 0.99932
vn 0.004 0.0382 0.99926
vn 0.0044 0.0397 0.9992
vn 0.0035 0.0424 0.99909
vn -0.0001 0.0386 0.99925
vn 0 0.0388 0.99925
vn -0.0036 0.0423 0.9991
vn 0 0.0426 0.99909
vn -0.0046 0.04 0.99919
vn -0.004 0.0382 0.99926
vn -0.0033 0.0367 0.99932
vn -0.0017 0.0352 0.99938
vn 0 0.0346 0.9994
vn 0.0017 0.0352 0.99938
vn 0.0033 0.0367 0.99932
vn 0.0046 0.04 0.99919
vn 0.0036 0.0423 0.9991
vt 0.95136 0.05253
vt 0.88042 0.05254
vt 0.87975 0.01169
vt 0.1356 0.43321
vt 0.13037 0.43321
vt 0.1356 0.44546
vt 0.13037 0.45403
vt 0.13563 0.49822
vt 0.1058 0.43321
vt 0.09024 0.45381
vt 0.10021 0.42842
vt 0.10021 0.40669
vt 0.13037 0.49825
vt 0.13564 0.54247
vt 0.09054 0.49825
vt 0.13037 0.54247
vt 0.13563 0.49822
vt 0.09061 0.54247
vt 0.13037 0.49825
vt 0.1356 0.44546
vt 0.13037 0.45403
vt 0.1356 0.43321
vt 0.10577 0.43321
vt 0.09018 0.45381
vt 0.10021 0.40669
vt 0.09049 0.49825
vt 0.08018 0.54004
vt 0.08046 0.49721
vt 0.07984 0.4527
vt 0.09 0.40669
vt 0.08971 0.36591
vt 0.10021 0.38576
vt 0.10558 0.38185
vt 0.07967 0.40669
vt 0.13037 0.36559
vt 0.13037 0.38185
vt 0.13557 0.38185
vt 0.13557 0.36548
vt 0.13037 0.32137
vt 0.13558 0.32144
vt 0.13037 0.27715
vt 0.13564 0.27715
vt 0.13557 0.32144
vt 0.0796 0.36675
vt 0.08951 0.32137
vt 0.13556 0.36548
vt 0.07995 0.32237
vt 0.08941 0.27715
vt 0.07949 0.27962
vt 0.06324 0.36788
vt 0.06192 0.33305
vt 0.06235 0.40778
vt 0.04474 0.30866
vt 0.014 0.4084
vt 0.06332 0.45065
vt 0.0621 0.33295
vt 0.06216 0.48626
vt 0.0444 0.51107
vt 0.06202 0.48609
vt 0.07988 0.4527
vt 0.06326 0.36792
vt 0.08954 0.32137
vt 0.06335 0.45065
vt 0.09005 0.40669
vt 0.08975 0.36591
vt 0.10021 0.38576
vt 0.10561 0.38185
vt 0.07972 0.40669
vt 0.06236 0.40779
vt 0.07964 0.36674
vt 0.13037 0.36559
vt 0.13557 0.38185
vt 0.8441 0.27654
vt 0.8441 0.31028
vt 0.85437 0.31028
vt 0.85437 0.27654
vt 0.87237 0.31028
vt 0.87237 0.27654
vt 0.89532 0.31028
vt 0.89532 0.27654
vt 0.91339 0.31028
vt 0.91339 0.27654
vt 0.933 0.31028
vt 0.933 0.27654
vt 0.95387 0.31028
vt 0.95387 0.27654
vt 0.97213 0.31028
vt 0.97213 0.27654
vt 0.87237 0.27654
vt 0.87237 0.31028
vt 0.85437 0.27654
vt 0.85437 0.31028
vt 0.67953 0.27654
vt 0.67208 0.27654
vt 0.67953 0.31028
vt 0.67208 0.31028
vt 0.65316 0.27654
vt 0.65316 0.31028
vt 0.63168 0.27654
vt 0.63168 0.31028
vt 0.61344 0.27654
vt 0.61344 0.31028
vt 0.59362 0.27654
vt 0.59362 0.31028
vt 0.57271 0.27654
vt 0.57271 0.31028
vt 0.55446 0.27654
vt 0.55446 0.31028
vt 0.65316 0.31028
vt 0.65316 0.27654
vt 0.67208 0.31028
vt 0.67208 0.27654
vt 0.83233 0.27654
vt 0.83233 0.31028
vt 0.81355 0.27654
vt 0.81355 0.31028
vt 0.79402 0.27654
vt 0.79402 0.31028
vt 0.77702 0.27654
vt 0.77702 0.31028
vt 0.75929 0.27654
vt 0.75929 0.31028
vt 0.74066 0.27654
vt 0.74066 0.31028
vt 0.71989 0.27654
vt 0.71989 0.31028
vt 0.70338 0.27654
vt 0.70338 0.31028
vt 0.68683 0.27654
vt 0.68683 0.31028
vt 0.74119 0.27654
vt 0.74119 0.31028
vt 0.70338 0.27654
vt 0.70338 0.31028
vt 0.09009 0.92317
vt 0.04886 0.92317
vt 0.05607 0.91245
vt 0.06487 0.90342
vt 0.07682 0.89617
vt 0.09009 0.89119
vt 0.17715 0.89119
vt 0.17798 0.92317
vt 0.2743 0.89119
vt 0.27477 0.92317
vt 0.36763 0.92317
vt 0.36838 0.89119
vt 0.44222 0.92317
vt 0.44314 0.89119
vt 0.50739 0.92317
vt 0.50834 0.89119
vt 0.58144 0.92317
vt 0.58255 0.89119
vt 0.65538 0.92317
vt 0.65644 0.89119
vt 0.72977 0.92317
vt 0.73081 0.89119
vt 0.81082 0.92317
vt 0.81223 0.89119
vt 0.89473 0.92317
vt 0.89576 0.89119
vt 0.97936 0.92317
vt 0.97936 0.89119
vt 0.04886 0.94822
vt 0.09009 0.94822
vt 0.05607 0.95894
vt 0.06487 0.96797
vt 0.07682 0.97522
vt 0.09009 0.9802
vt 0.17716 0.9802
vt 0.178 0.94822
vt 0.27434 0.9802
vt 0.27481 0.94822
vt 0.36775 0.94822
vt 0.36849 0.9802
vt 0.44226 0.94822
vt 0.44317 0.9802
vt 0.50731 0.94822
vt 0.50827 0.9802
vt 0.58132 0.94822
vt 0.58244 0.9802
vt 0.65532 0.94822
vt 0.6564 0.9802
vt 0.72978 0.94822
vt 0.73083 0.9802
vt 0.81083 0.94822
vt 0.81226 0.9802
vt 0.89475 0.94822
vt 0.89577 0.9802
vt 0.97936 0.94822
vt 0.97936 0.9802
vt 0.97936 0.93837
vt 0.89426 0.93837
vt 0.81012 0.93837
vt 0.72914 0.93837
vt 0.65472 0.93837
vt 0.58077 0.93837
vt 0.50681 0.93837
vt 0.44179 0.93837
vt 0.36724 0.93837
vt 0.27419 0.93837
vt 0.17757 0.93837
vt 0.09009 0.93837
vt 0.02615 0.9409
vt 0.02325 0.93837
vt 0.97936 0.93302
vt 0.89423 0.93302
vt 0.81011 0.93302
vt 0.72913 0.93302
vt 0.65478 0.93302
vt 0.58089 0.93302
vt 0.50689 0.93302
vt 0.44175 0.93302
vt 0.36712 0.93302
vt 0.27415 0.93302
vt 0.17756 0.93302
vt 0.09009 0.93302
vt 0.02615 0.93049
vt 0.02325 0.93302
vt 0.02384 0.85257
vt 0.02437 0.85575
vt 0.02278 0.8539
vt 0.03264 0.85574
vt 0.02736 0.86839
vt 0.0318 0.85257
vt 0.04229 0.86839
vt 0.04 0.85574
vt 0.03942 0.85257
vt 0.04951 0.85574
vt 0.0549 0.86839
vt 0.04864 0.85257
vt 0.06054 0.85574
vt 0.05946 0.85257
vt 0.06787 0.86839
vt 0.07062 0.85574
vt 0.07095 0.85257
vt 0.08233 0.85574
vt 0.08305 0.86839
vt 0.08214 0.85257
vt 0.16463 0.85574
vt 0.16591 0.86839
vt 0.16442 0.85257
vt 0.26287 0.85573
vt 0.26365 0.86839
vt 0.26275 0.85257
vt 0.35963 0.86839
vt 0.35984 0.85573
vt 0.35988 0.85257
vt 0.43603 0.86839
vt 0.43643 0.85573
vt 0.43649 0.85257
vt 0.50227 0.86839
vt 0.50268 0.85573
vt 0.50275 0.85257
vt 0.57775 0.86839
vt 0.57821 0.85573
vt 0.57828 0.85257
vt 0.65282 0.86839
vt 0.6532 0.85573
vt 0.65327 0.85257
vt 0.72814 0.86839
vt 0.72846 0.85574
vt 0.72851 0.85257
vt 0.8103 0.86839
vt 0.81077 0.85573
vt 0.89623 0.85573
vt 0.81085 0.85257
vt 0.89583 0.86839
vt 0.8963 0.85257
vt 0.97957 0.86839
vt 0.97957 0.85257
vt 0.97957 0.85573
vt 0.0237 0.83915
vt 0.02535 0.83723
vt 0.0248 0.84053
vt 0.0338 0.83729
vt 0.02866 0.82431
vt 0.03297 0.84054
vt 0.0406 0.84054
vt 0.04347 0.82431
vt 0.04118 0.83729
vt 0.04985 0.84054
vt 0.05071 0.83729
vt 0.05606 0.82431
vt 0.06065 0.84054
vt 0.06172 0.83729
vt 0.07207 0.84054
vt 0.06895 0.82431
vt 0.07174 0.83729
vt 0.08324 0.84054
vt 0.08343 0.83729
vt 0.08415 0.82431
vt 0.16547 0.84054
vt 0.16568 0.83729
vt 0.16696 0.82431
vt 0.26352 0.84054
vt 0.26364 0.83729
vt 0.26442 0.82431
vt 0.36021 0.82431
vt 0.36043 0.83729
vt 0.36047 0.84054
vt 0.43648 0.82431
vt 0.43694 0.84054
vt 0.43688 0.83729
vt 0.50268 0.82431
vt 0.50315 0.84054
vt 0.50308 0.83729
vt 0.57806 0.82431
vt 0.57859 0.84054
vt 0.57852 0.83729
vt 0.65301 0.82431
vt 0.65346 0.84054
vt 0.6534 0.83729
vt 0.72831 0.82431
vt 0.72868 0.84054
vt 0.72863 0.83729
vt 0.81094 0.84054
vt 0.81038 0.82431
vt 0.81086 0.83729
vt 0.89637 0.84054
vt 0.8963 0.83729
vt 0.8959 0.82431
vt 0.97957 0.84054
vt 0.97957 0.82431
vt 0.97957 0.83729
vt 0.25797 0.29035
vt 0.25797 0.27715
vt 0.41864 0.27714
vt 0.4186 0.29029
vt 0.25797 0.34566
vt 0.41695 0.34559
vt 0.4134 0.43807
vt 0.25797 0.43805
vt 0.25797 0.34566
vt 0.25797 0.43805
vt 0.4134 0.43807
vt 0.41695 0.34559
vt 0.25797 0.29035
vt 0.4186 0.29029
vt 0.25797 0.27715
vt 0.41864 0.27714
vt 0.37613 0.64246
vt 0.37001 0.64264
vt 0.37001 0.5854
vt 0.37618 0.48207
vt 0.35005 0.48164
vt 0.35011 0.5854
vt 0.33025 0.5854
vt 0.32388 0.48206
vt 0.32397 0.6424
vt 0.33025 0.64258
vt 0.29044 0.62191
vt 0.28467 0.62394
vt 0.29044 0.52521
vt 0.28467 0.5252
vt 0.27548 0.46894
vt 0.26506 0.46893
vt 0.26507 0.45958
vt 0.25464 0.46892
vt 0.24525 0.52516
vt 0.23947 0.52516
vt 0.24525 0.62394
vt 0.23947 0.6219
vt 0.41505 0.58898
vt 0.47421 0.58898
vt 0.47421 0.68837
vt 0.41505 0.68837
vt 0.41486 0.58899
vt 0.47402 0.58899
vt 0.47402 0.68837
vt 0.41486 0.68837
vt 0.43917 0.56549
vt 0.41956 0.56549
vt 0.41965 0.46176
vt 0.45886 0.46179
vt 0.4588 0.56549
vt 0.48791 0.37385
vt 0.50495 0.37392
vt 0.49642 0.37776
vt 0.50939 0.36399
vt 0.48356 0.36388
vt 0.51134 0.35035
vt 0.48172 0.35023
vt 0.5095 0.33672
vt 0.48367 0.33662
vt 0.50515 0.3268
vt 0.48811 0.32673
vt 0.49664 0.32289
vt 0.98812 0.10315
vt 0.98811 0.09339
vt 0.98273 0.09419
vt 0.98813 0.05253
vt 0.96539 0.0924
vt 0.95747 0.11729
vt 0.97164 0.12216
vt 0.94188 0.11578
vt 0.98818 0.01169
vt 0.94773 0.09139
vt 0.91888 0.09338
vt 0.92797 0.11697
vt 0.8815 0.09338
vt 0.88274 0.136
vt 0.92507 0.13476
vt 0.92649 0.15553
vt 0.79111 0.09356
vt 0.79047 0.05254
vt 0.79191 0.13633
vt 0.88384 0.17506
vt 0.79261 0.17506
vt 0.91813 0.17525
vt 0.94331 0.15638
vt 0.93573 0.17676
vt 0.96074 0.15227
vt 0.91533 0.21591
vt 0.70388 0.13633
vt 0.70352 0.09338
vt 0.70421 0.17506
vt 0.95316 0.17898
vt 0.95242 0.21591
vt 0.88474 0.25675
vt 0.88458 0.2159
vt 0.79306 0.2159
vt 0.98349 0.17505
vt 0.9717 0.14868
vt 0.9882 0.21591
vt 0.98818 0.17566
vt 0.98817 0.16754
vt 0.98818 0.25675
vt 0.70441 0.2159
vt 0.79318 0.25675
vt 0.70457 0.25675
vt 0.98817 0.17565
vt 0.95316 0.17898
vt 0.97172 0.14874
vt 0.96078 0.15243
vt 0.93573 0.17676
vt 0.91813 0.17526
vt 0.88384 0.17506
vt 0.92507 0.13476
vt 0.79261 0.17506
vt 0.61901 0.25675
vt 0.61894 0.21591
vt 0.61873 0.17506
vt 0.61837 0.13633
vt 0.70421 0.17506
vt 0.61894 0.2159
vt 0.53211 0.25675
vt 0.53204 0.21591
vt 0.53183 0.17506
vt 0.94188 0.11578
vt 0.61873 0.17506
vt 0.44571 0.25675
vt 0.4456 0.2159
vt 0.97165 0.12224
vt 0.79021 0.01169
vt 0.70323 0.05254
vt 0.70329 0.01169
vt 0.61792 0.09338
vt 0.53183 0.17506
vt 0.61753 0.05254
vt 0.53147 0.13633
vt 0.4456 0.21591
vt 0.53103 0.09338
vt 0.44535 0.17506
vt 0.34305 0.25675
vt 0.44535 0.17506
vt 0.44493 0.13633
vt 0.3429 0.21591
vt 0.34246 0.17506
vt 0.23709 0.25675
vt 0.23689 0.21591
vt 0.13014 0.25675
vt 0.4445 0.09338
vt 0.34189 0.13633
vt 0.23636 0.17506
vt 0.12991 0.21591
vt 0.53067 0.05254
vt 0.61738 0.01169
vt 0.53051 0.01169
vt 0.44419 0.05254
vt 0.34189 0.13634
vt 0.34131 0.09338
vt 0.44406 0.01169
vt 0.23564 0.13634
vt 0.34088 0.05254
vt 0.1293 0.17506
vt 0.0485 0.25675
vt 0.23489 0.09338
vt 0.04836 0.21591
vt 0.12846 0.13634
vt 0.01732 0.25675
vt 0.01733 0.21591
vt 0.01733 0.17506
vt 0.01732 0.17506
vt 0.04803 0.17506
vt 0.04759 0.13634
vt 0.01733 0.13634
vt 0.1276 0.09338
vt 0.04712 0.09338
vt 0.01733 0.09338
vt 0.23433 0.05254
vt 0.04673 0.05254
vt 0.01732 0.05254
vt 0.12691 0.05254
vt 0.04759 0.13634
vt 0.34072 0.01169
vt 0.23411 0.01169
vt 0.12664 0.01169
vt 0.04712 0.09338
vt 0.04654 0.0117
vt 0.01732 0.01169
vt 0.98074 0.78209
vt 0.97669 0.78924
vt 0.96857 0.79677
vt 0.96805 0.76404
vt 0.98448 0.75844
vt 0.94895 0.76398
vt 0.9838 0.73548
vt 0.95058 0.74711
vt 0.96711 0.73096
vt 0.94896 0.73119
vt 0.97903 0.71228
vt 0.96536 0.69716
vt 0.97508 0.70561
vt 0.97669 0.78924
vt 0.98074 0.78209
vt 0.96857 0.79677
vt 0.96805 0.76404
vt 0.98448 0.75844
vt 0.94895 0.76398
vt 0.9838 0.73548
vt 0.95058 0.74711
vt 0.96711 0.73096
vt 0.94896 0.73119
vt 0.97903 0.71228
vt 0.96536 0.69716
vt 0.97508 0.70561
vt 0.02828 0.73745
vt 0.02805 0.6885
vt 0.01673 0.71255
vt 0.05118 0.6661
vt 0.05154 0.75732
vt 0.08605 0.77213
vt 0.08554 0.65109
vt 0.14551 0.77934
vt 0.14495 0.64469
vt 0.20176 0.7711
vt 0.20112 0.65258
vt 0.24661 0.75726
vt 0.24613 0.66697
vt 0.26461 0.73719
vt 0.26445 0.68814
vt 0.27217 0.71149
vt 0.89078 0.77843
vt 0.91768 0.77443
vt 0.91309 0.76094
vt 0.92379 0.76895
vt 0.9243 0.74307
vt 0.90063 0.76272
vt 0.89452 0.75365
vt 0.91352 0.72337
vt 0.92461 0.71411
vt 0.91841 0.7082
vt 0.89071 0.70449
vt 0.9006 0.72198
vt 0.89443 0.72932
vt 0.89078 0.77843
vt 0.9243 0.74307
vt 0.91352 0.72337
vt 0.93612 0.12662
vt 0.93403 0.14919
vt 0.94749 0.12673
vt 0.94564 0.14692
vt 0.95722 0.14571
vt 0.97357 0.1364
vt 0.95839 0.1255
vt 0.9736 0.13645
vt 0.94748 0.12673
vt 0.64487 0.65448
vt 0.73809 0.5201
vt 0.645 0.632
vt 0.63406 0.5201
vt 0.65816 0.67443
vt 0.62691 0.64193
vt 0.6793 0.69316
vt 0.59809 0.64292
vt 0.70683 0.70678
vt 0.73675 0.71114
vt 0.7645 0.70678
vt 0.79171 0.69316
vt 0.813 0.67443
vt 0.55871 0.63445
vt 0.8315 0.65218
vt 0.52867 0.61541
vt 0.50713 0.58406
vt 0.49797 0.55083
vt 0.49541 0.5201
vt 0.49772 0.48977
vt 0.50899 0.4554
vt 0.53099 0.42491
vt 0.55819 0.40497
vt 0.59086 0.39711
vt 0.62446 0.39965
vt 0.645 0.41249
vt 0.64487 0.39591
vt 0.65559 0.37609
vt 0.67311 0.35554
vt 0.70326 0.33999
vt 0.73675 0.33523
vt 0.77103 0.3398
vt 0.8009 0.35554
vt 0.82157 0.37609
vt 0.83057 0.39591
vt 0.82791 0.41336
vt 0.84216 0.5201
vt 0.84963 0.40266
vt 0.88156 0.39979
vt 0.91963 0.40664
vt 0.94857 0.42491
vt 0.97124 0.4554
vt 0.98181 0.48977
vt 0.98376 0.5201
vt 0.98093 0.55083
vt 0.96815 0.58371
vt 0.94221 0.61476
vt 0.91628 0.63445
vt 0.8849 0.64292
vt 0.85115 0.63891
vt 0.83086 0.62537
vt 0.19992 0.29877
vt 0.19992 0.27715
vt 0.15851 0.29885
vt 0.19992 0.32672
vt 0.15851 0.27715
vt 0.15851 0.32682
vt 0.19992 0.29877
vt 0.15851 0.29885
vt 0.15851 0.35903
vt 0.19992 0.35902
vt 0.19992 0.40968
vt 0.15851 0.4097
vt 0.19992 0.45781
vt 0.15851 0.45784
vt 0.19992 0.32671
vt 0.15851 0.32682
vt 0.19992 0.49765
vt 0.15851 0.4975
vt 0.15851 0.35903
vt 0.19992 0.35902
vt 0.19992 0.40968
vt 0.15851 0.4097
vt 0.19992 0.45781
vt 0.15851 0.45784
vt 0.19992 0.49765
vt 0.15851 0.49749
vt 0.19992 0.52282
vt 0.15851 0.52274
vt 0.15851 0.52275
vt 0.19992 0.52283
vt 0.19992 0.54247
vt 0.15851 0.54247
vt 0.20484 0.50594
vt 0.20484 0.46363
vt 0.15841 0.46363
vt 0.20484 0.40994
vt 0.15841 0.50581
vt 0.15841 0.40992
vt 0.20484 0.35615
vt 0.15841 0.35612
vt 0.20484 0.31369
vt 0.15841 0.31381
vt 0.20484 0.54247
vt 0.20484 0.27715
vt 0.15851 0.31381
vt 0.20484 0.31369
vt 0.15851 0.35612
vt 0.20484 0.35615
vt 0.15851 0.40992
vt 0.20484 0.40994
vt 0.20484 0.50594
vt 0.15851 0.50581
vt 0.15851 0.46363
vt 0.20484 0.46362
vt 0.73809 0.5201
vt 0.63403 0.5201
vt 0.65816 0.67443
vt 0.59809 0.64292
vt 0.70683 0.70678
vt 0.813 0.67443
vt 0.64487 0.39591
vt 0.70326 0.33999
vt 0.84211 0.5201
vt 0.97124 0.4554
vt 0.96815 0.58371
usemtl mat0
f 1/1/1 2/2/2 3/3/3
f 4/4/4 5/5/5 6/6/6
f 5/5/5 7/7/7 6/6/6
f 8/8/8 6/6/6 7/7/7
f 7/7/7 5/5/5 9/9/9
f 7/7/7 9/9/9 10/10/10
f 10/10/10 9/9/9 11/11/11
f 11/11/11 12/12/12 10/10/10
f 13/13/13 8/8/8 7/7/7
f 14/14/14 8/8/8 13/13/13
f 7/7/7 10/10/10 15/15/15
f 13/13/13 7/7/7 15/15/15
f 16/16/16 14/14/14 13/13/13
f 17/17/17 14/14/14 16/16/16
f 16/16/16 13/13/13 18/18/18
f 13/13/13 15/15/15 18/18/18
f 19/19/19 17/17/17 16/16/16
f 19/19/19 16/16/16 18/18/18
f 20/20/20 17/17/17 19/19/19
f 21/21/21 20/20/20 19/19/19
f 21/21/21 22/5/22 20/20/20
f 22/5/22 23/22/23 20/20/20
f 22/5/22 21/21/21 24/23/24
f 24/23/24 21/21/21 25/24/25
f 24/23/24 25/24/25 26/11/26
f 26/11/26 25/24/25 27/25/27
f 21/21/21 19/19/19 28/26/28
f 28/26/28 19/19/19 18/18/18
f 25/24/25 21/21/21 28/26/28
f 29/27/29 18/18/18 15/15/15
f 30/28/30 28/26/28 18/18/18
f 29/27/29 30/28/30 18/18/18
f 31/29/31 25/24/25 28/26/28
f 30/28/30 31/29/31 28/26/28
f 32/28/32 29/27/29 15/15/15
f 15/15/15 10/10/10 32/28/32
f 25/24/25 33/30/33 27/25/27
f 27/25/27 33/30/33 34/31/34
f 35/32/35 27/25/27 34/31/34
f 34/31/34 36/33/36 35/32/35
f 33/30/33 25/24/25 37/34/37
f 25/24/25 31/29/31 37/34/37
f 38/35/38 36/33/36 34/31/34
f 39/36/39 36/33/36 38/35/38
f 39/36/39 38/35/38 40/37/40
f 38/35/38 41/38/41 40/37/40
f 38/35/38 42/39/42 41/38/41
f 38/35/38 34/31/34 42/39/42
f 42/39/42 43/40/43 41/38/41
f 42/39/42 44/41/44 43/40/43
f 44/41/44 45/42/45 43/40/43
f 45/42/45 44/41/44 46/43/46
f 47/44/47 34/31/34 33/30/33
f 37/34/37 47/44/47 33/30/33
f 34/31/34 48/45/48 42/39/42
f 42/39/42 48/45/48 44/41/44
f 44/41/44 49/39/49 46/43/46
f 46/43/46 49/39/49 50/46/50
f 47/44/47 51/47/51 34/31/34
f 51/47/51 48/45/48 34/31/34
f 48/45/48 52/48/52 44/41/44
f 44/41/44 52/48/52 49/39/49
f 48/45/48 51/47/51 53/49/53
f 52/48/52 48/45/48 53/49/53
f 54/50/54 47/44/47 37/34/37
f 51/47/51 47/44/47 55/51/55
f 47/44/47 54/50/54 55/51/55
f 56/52/56 54/50/54 37/34/37
f 37/34/37 31/29/31 56/52/56
f 51/47/51 55/51/55 57/53/57
f 53/49/53 51/47/51 57/53/57
f 54/50/54 58/54/58 55/51/55
f 58/54/58 54/50/54 56/52/56
f 55/51/55 58/54/58 57/53/57
f 56/52/56 59/55/59 58/54/58
f 31/29/31 59/55/59 56/52/56
f 58/54/58 60/56/60 57/53/57
f 53/49/53 57/53/57 60/56/60
f 59/55/59 31/29/31 30/28/30
f 61/57/61 59/55/59 30/28/30
f 58/54/58 59/55/59 61/57/61
f 61/57/61 30/28/30 29/27/29
f 62/58/62 61/57/61 29/27/29
f 58/54/58 61/57/61 62/58/62
f 62/58/62 29/27/29 32/28/32
f 63/47/63 53/49/53 60/56/60
f 52/48/52 53/49/53 63/47/63
f 64/59/64 62/58/62 32/28/32
f 64/59/64 58/54/58 62/58/62
f 32/28/32 65/60/65 64/59/64
f 10/10/10 65/60/65 32/28/32
f 63/47/63 60/56/60 66/61/66
f 58/54/58 66/61/66 60/56/60
f 67/62/67 52/48/52 63/47/63
f 52/48/52 67/62/67 49/39/49
f 68/63/68 58/54/58 64/59/64
f 65/60/65 68/63/68 64/59/64
f 10/10/10 69/64/69 65/60/65
f 12/12/12 69/64/69 10/10/10
f 70/65/70 69/64/69 12/12/12
f 71/66/71 70/65/70 12/12/12
f 72/67/72 70/65/70 71/66/71
f 69/64/69 73/68/73 65/60/65
f 65/60/65 73/68/73 68/63/68
f 69/64/69 70/65/70 73/68/73
f 74/69/74 58/54/58 68/63/68
f 73/68/73 74/69/74 68/63/68
f 74/69/74 66/61/66 58/54/58
f 73/68/73 75/70/75 74/69/74
f 75/70/75 66/61/66 74/69/74
f 70/65/70 75/70/75 73/68/73
f 70/65/70 67/62/67 75/70/75
f 75/70/75 63/47/63 66/61/66
f 67/62/67 63/47/63 75/70/75
f 72/67/72 76/71/76 70/65/70
f 67/62/67 70/65/70 76/71/76
f 49/39/49 67/62/67 76/71/76
f 77/36/77 76/71/76 72/67/72
f 49/39/49 76/71/76 50/46/50
f 50/46/50 76/71/76 77/36/77
f 78/72/78 50/46/50 77/36/77
f 79/73/79 80/74/79 81/75/80
f 82/76/81 79/73/79 81/75/80
f 82/76/81 81/75/80 83/77/82
f 84/78/83 82/76/81 83/77/82
f 84/78/83 83/77/82 85/79/84
f 86/80/85 84/78/83 85/79/84
f 86/80/85 85/79/84 87/81/86
f 88/82/87 86/80/85 87/81/86
f 88/82/87 87/81/86 89/83/88
f 90/84/89 88/82/87 89/83/88
f 90/84/89 89/83/88 91/85/90
f 92/86/91 90/84/89 91/85/90
f 92/86/91 91/85/90 93/87/92
f 94/88/92 92/86/91 93/87/92
f 95/86/93 94/88/92 93/87/92
f 96/85/94 95/86/93 93/87/92
f 97/84/95 95/86/93 96/85/94
f 98/83/96 97/84/95 96/85/94
f 99/82/97 97/84/95 98/83/96
f 100/81/98 99/82/97 98/83/96
f 101/80/99 99/82/97 100/81/98
f 102/79/100 101/80/99 100/81/98
f 103/89/101 101/80/99 102/79/100
f 104/90/102 103/89/101 102/79/100
f 105/91/103 103/89/101 104/90/102
f 106/92/104 105/91/103 104/90/102
f 107/73/105 105/91/103 106/92/104
f 108/74/105 107/73/105 106/92/104
f 109/93/106 110/94/107 111/95/106
f 110/94/107 112/96/108 111/95/106
f 110/94/107 113/97/109 112/96/108
f 113/97/109 114/98/110 112/96/108
f 113/97/109 115/99/111 114/98/110
f 115/99/111 116/100/112 114/98/110
f 115/99/111 117/101/113 116/100/112
f 117/101/113 118/102/114 116/100/112
f 117/101/113 119/103/115 118/102/114
f 119/103/115 120/104/116 118/102/114
f 119/103/115 121/105/117 120/104/116
f 121/105/117 122/106/118 120/104/116
f 121/105/117 123/107/119 122/106/118
f 123/107/119 124/108/119 122/106/118
f 124/108/119 123/107/119 125/106/120
f 123/107/119 126/105/121 125/106/120
f 125/106/120 126/105/121 127/104/122
f 126/105/121 128/103/123 127/104/122
f 127/104/122 128/103/123 129/102/124
f 128/103/123 130/101/125 129/102/124
f 129/102/124 130/101/125 131/100/126
f 130/101/125 132/99/127 131/100/126
f 131/100/126 132/99/127 133/109/128
f 132/99/127 134/110/129 133/109/128
f 133/109/128 134/110/129 135/111/130
f 134/110/129 136/112/131 135/111/130
f 135/111/130 136/112/131 137/95/132
f 136/112/131 138/93/133 137/95/132
f 79/73/134 139/113/135 80/74/134
f 139/113/135 140/114/136 80/74/134
f 139/113/135 141/115/137 140/114/136
f 141/115/137 142/116/138 140/114/136
f 141/115/137 143/117/139 142/116/138
f 143/117/139 144/118/140 142/116/138
f 143/117/139 145/119/141 144/118/140
f 145/119/141 146/120/142 144/118/140
f 145/119/141 147/121/143 146/120/142
f 147/121/143 148/122/144 146/120/142
f 147/121/143 149/123/145 148/122/144
f 149/123/145 150/124/146 148/122/144
f 149/123/145 151/125/147 150/124/146
f 151/125/147 152/126/148 150/124/146
f 151/125/147 153/127/149 152/126/148
f 153/127/149 154/128/150 152/126/148
f 153/127/149 155/129/151 154/128/150
f 155/129/151 156/130/152 154/128/150
f 155/129/151 109/93/153 156/130/152
f 109/93/153 111/95/154 156/130/152
f 157/113/155 107/73/156 108/74/156
f 158/114/157 157/113/155 108/74/156
f 159/115/158 157/113/155 158/114/157
f 160/116/159 159/115/158 158/114/157
f 161/117/160 159/115/158 160/116/159
f 162/118/161 161/117/160 160/116/159
f 163/119/162 161/117/160 162/118/161
f 164/120/163 163/119/162 162/118/161
f 165/121/164 163/119/162 164/120/163
f 166/122/165 165/121/164 164/120/163
f 167/131/166 165/121/164 166/122/165
f 168/132/167 167/131/166 166/122/165
f 169/125/168 167/131/166 168/132/167
f 170/126/169 169/125/168 168/132/167
f 171/133/170 169/125/168 170/126/169
f 172/134/171 171/133/170 170/126/169
f 173/129/172 171/133/170 172/134/171
f 174/130/173 173/129/172 172/134/171
f 138/93/174 173/129/172 174/130/173
f 137/95/175 138/93/174 174/130/173
f 175/135/176 176/136/177 177/137/178
f 175/135/176 177/137/178 178/138/179
f 175/135/176 178/138/179 179/139/180
f 175/135/176 179/139/180 180/140/181
f 180/140/181 181/141/182 175/135/176
f 181/141/182 182/142/182 175/135/176
f 181/141/182 183/143/183 182/142/182
f 183/143/183 184/144/184 182/142/182
f 184/144/184 183/143/183 185/145/185
f 183/143/183 186/146/186 185/145/185
f 185/145/185 186/146/186 187/147/187
f 186/146/186 188/148/188 187/147/187
f 187/147/187 188/148/188 189/149/189
f 188/148/188 190/150/190 189/149/189
f 189/149/189 190/150/190 191/151/191
f 190/150/190 192/152/192 191/151/191
f 191/151/191 192/152/192 193/153/193
f 192/152/192 194/154/194 193/153/193
f 193/153/193 194/154/194 195/155/195
f 194/154/194 196/156/196 195/155/195
f 195/155/195 196/156/196 197/157/197
f 196/156/196 198/158/198 197/157/197
f 197/157/197 198/158/198 199/159/199
f 198/158/198 200/160/200 199/159/199
f 201/161/201 199/159/199 200/160/200
f 201/161/201 200/160/200 202/162/202
f 203/163/203 204/164/204 205/165/205
f 205/165/205 204/164/204 206/166/206
f 206/166/206 204/164/204 207/167/207
f 207/167/207 204/164/204 208/168/208
f 209/169/209 208/168/208 204/164/204
f 210/170/210 209/169/209 204/164/204
f 211/171/211 209/169/209 210/170/210
f 212/172/212 211/171/211 210/170/210
f 211/171/211 212/172/212 213/173/213
f 214/174/214 211/171/211 213/173/213
f 214/174/214 213/173/213 215/175/215
f 216/176/216 214/174/214 215/175/215
f 216/176/216 215/175/215 217/177/217
f 218/178/218 216/176/216 217/177/217
f 218/178/218 217/177/217 219/179/219
f 220/180/220 218/178/218 219/179/219
f 220/180/220 219/179/219 221/181/221
f 222/182/222 220/180/220 221/181/221
f 222/182/222 221/181/221 223/183/223
f 224/184/224 222/182/222 223/183/223
f 224/184/224 223/183/223 225/185/225
f 226/186/226 224/184/224 225/185/225
f 226/186/226 225/185/225 227/187/227
f 228/188/228 226/186/226 227/187/227
f 228/188/228 227/187/227 229/189/229
f 228/188/228 229/189/229 230/190/230
f 231/191/231 229/189/231 232/192/232
f 229/189/231 227/187/233 232/192/232
f 232/192/232 227/187/233 233/193/234
f 227/187/233 225/185/235 233/193/234
f 233/193/234 225/185/235 234/194/236
f 225/185/235 223/183/237 234/194/236
f 234/194/236 223/183/237 235/195/238
f 223/183/237 221/181/239 235/195/238
f 235/195/238 221/181/239 236/196/240
f 221/181/239 219/179/241 236/196/240
f 236/196/240 219/179/241 237/197/242
f 219/179/241 217/177/243 237/197/242
f 237/197/242 217/177/243 238/198/244
f 217/177/243 215/175/245 238/198/244
f 238/198/244 215/175/245 239/199/246
f 215/175/245 213/173/247 239/199/246
f 213/173/247 212/172/248 239/199/246
f 212/172/248 240/200/249 239/199/246
f 240/200/249 212/172/248 241/201/250
f 212/172/248 210/170/251 241/201/250
f 241/201/250 210/170/251 242/202/252
f 210/170/251 204/164/253 242/202/252
f 242/202/252 204/164/253 243/203/254
f 204/164/253 203/163/255 243/203/254
f 243/203/254 244/204/256 242/202/252
f 201/161/257 245/205/257 199/159/258
f 245/205/257 246/206/259 199/159/258
f 199/159/258 246/206/259 197/157/260
f 246/206/259 247/207/261 197/157/260
f 197/157/260 247/207/261 195/155/262
f 247/207/261 248/208/263 195/155/262
f 195/155/262 248/208/263 193/153/264
f 248/208/263 249/209/265 193/153/264
f 193/153/264 249/209/265 191/151/266
f 249/209/265 250/210/267 191/151/266
f 191/151/266 250/210/267 189/149/268
f 250/210/267 251/211/269 189/149/268
f 189/149/268 251/211/269 187/147/270
f 251/211/269 252/212/271 187/147/270
f 187/147/270 252/212/271 185/145/272
f 252/212/271 253/213/273 185/145/272
f 184/144/274 185/145/272 253/213/273
f 254/214/275 184/144/274 253/213/273
f 184/144/274 254/214/275 182/142/276
f 254/214/275 255/215/277 182/142/276
f 182/142/276 255/215/277 175/135/278
f 255/215/277 256/216/279 175/135/278
f 257/217/280 175/135/278 256/216/279
f 256/216/279 258/218/281 257/217/280
f 257/217/280 176/136/282 175/135/278
f 259/219/283 260/220/284 261/221/285
f 262/222/286 260/220/284 259/219/283
f 262/222/286 263/223/287 260/220/284
f 259/219/283 264/224/288 262/222/286
f 262/222/286 265/225/289 263/223/287
f 262/222/286 264/224/288 266/226/290
f 262/222/286 266/226/290 265/225/289
f 264/224/288 267/227/291 266/226/290
f 266/226/290 268/228/292 265/225/289
f 266/226/290 267/227/291 268/228/292
f 268/228/292 269/229/293 265/225/289
f 267/227/291 270/230/294 268/228/292
f 268/228/292 271/231/295 269/229/293
f 268/228/292 270/230/294 271/231/295
f 270/230/294 272/232/296 271/231/295
f 271/231/295 273/233/297 269/229/293
f 271/231/295 272/232/296 274/234/298
f 271/231/295 274/234/298 273/233/297
f 272/232/296 275/235/299 274/234/298
f 274/234/298 276/236/300 273/233/297
f 274/234/298 275/235/299 276/236/300
f 276/236/300 277/237/301 273/233/297
f 275/235/299 278/238/302 276/236/300
f 276/236/300 279/239/303 277/237/301
f 276/236/300 278/238/302 279/239/303
f 279/239/303 280/240/304 277/237/301
f 278/238/302 281/241/305 279/239/303
f 279/239/303 282/242/306 280/240/304
f 279/239/303 281/241/305 282/242/306
f 282/242/306 283/243/307 280/240/304
f 281/241/305 284/244/308 282/242/306
f 283/243/307 282/242/306 285/245/309
f 282/242/306 284/244/308 286/246/310
f 282/242/306 286/246/310 285/245/309
f 284/244/308 287/247/311 286/246/310
f 285/245/309 286/246/310 288/248/312
f 286/246/310 287/247/311 289/249/313
f 286/246/310 289/249/313 288/248/312
f 287/247/311 290/250/314 289/249/313
f 288/248/312 289/249/313 291/251/315
f 289/249/313 290/250/314 292/252/316
f 289/249/313 292/252/316 291/251/315
f 290/250/314 293/253/317 292/252/316
f 291/251/315 292/252/316 294/254/318
f 292/252/316 293/253/317 295/255/319
f 292/252/316 295/255/319 294/254/318
f 293/253/317 296/256/320 295/255/319
f 294/254/318 295/255/319 297/257/321
f 295/255/319 296/256/320 298/258/322
f 295/255/319 298/258/322 297/257/321
f 296/256/320 299/259/323 298/258/322
f 297/257/321 298/258/322 300/260/324
f 298/258/322 299/259/323 301/261/325
f 298/258/322 301/261/325 300/260/324
f 299/259/323 302/262/326 301/261/325
f 300/260/324 301/261/325 303/263/327
f 301/261/325 302/262/326 304/264/328
f 301/261/325 304/264/328 303/263/327
f 304/264/328 305/265/329 303/263/327
f 302/262/326 306/266/330 304/264/328
f 304/264/328 306/266/330 305/265/329
f 305/265/329 307/267/331 303/263/327
f 306/266/330 308/268/332 305/265/329
f 309/269/333 307/267/331 305/265/329
f 305/265/329 308/268/332 310/270/334
f 311/271/335 309/269/333 305/265/329
f 311/271/335 305/265/329 310/270/334
f 312/272/336 313/273/337 314/274/338
f 314/274/338 313/273/337 315/275/339
f 315/275/339 313/273/337 316/276/340
f 315/275/339 317/277/341 314/274/338
f 318/278/342 317/277/341 315/275/339
f 315/275/339 316/276/340 319/279/343
f 320/280/344 318/278/342 315/275/339
f 320/280/344 315/275/339 319/279/343
f 321/281/345 318/278/342 320/280/344
f 322/282/346 320/280/344 319/279/343
f 322/282/346 321/281/345 320/280/344
f 323/283/347 322/282/346 319/279/343
f 324/284/348 321/281/345 322/282/346
f 325/285/349 322/282/346 323/283/347
f 325/285/349 324/284/348 322/282/346
f 326/286/350 324/284/348 325/285/349
f 327/287/351 325/285/349 323/283/347
f 328/288/352 326/286/350 325/285/349
f 328/288/352 325/285/349 327/287/351
f 329/289/353 326/286/350 328/288/352
f 330/290/354 328/288/352 327/287/351
f 330/290/354 329/289/353 328/288/352
f 331/291/355 330/290/354 327/287/351
f 332/292/356 329/289/353 330/290/354
f 333/293/357 330/290/354 331/291/355
f 333/293/357 332/292/356 330/290/354
f 334/294/358 333/293/357 331/291/355
f 335/295/359 332/292/356 333/293/357
f 336/296/360 333/293/357 334/294/358
f 336/296/360 335/295/359 333/293/357
f 337/297/361 336/296/360 334/294/358
f 336/296/360 337/297/361 338/298/362
f 335/295/359 336/296/360 339/299/363
f 339/299/363 336/296/360 338/298/362
f 340/300/364 335/295/359 339/299/363
f 339/299/363 338/298/362 341/301/365
f 342/302/366 340/300/364 339/299/363
f 343/303/367 339/299/363 341/301/365
f 343/303/367 342/302/366 339/299/363
f 343/303/367 341/301/365 344/304/368
f 345/305/369 342/302/366 343/303/367
f 346/306/370 343/303/367 344/304/368
f 346/306/370 345/305/369 343/303/367
f 346/306/370 344/304/368 347/307/371
f 348/308/372 345/305/369 346/306/370
f 349/309/373 346/306/370 347/307/371
f 349/309/373 348/308/372 346/306/370
f 349/309/373 347/307/371 350/310/374
f 351/311/375 348/308/372 349/309/373
f 352/312/376 349/309/373 350/310/374
f 352/312/376 351/311/375 349/309/373
f 352/312/376 350/310/374 353/313/377
f 354/314/378 351/311/375 352/312/376
f 355/315/379 352/312/376 353/313/377
f 355/315/379 354/314/378 352/312/376
f 356/316/380 354/314/378 355/315/379
f 355/315/379 353/313/377 357/317/381
f 358/318/382 356/316/380 355/315/379
f 358/318/382 355/315/379 357/317/381
f 359/319/383 356/316/380 358/318/382
f 360/320/384 358/318/382 357/317/381
f 360/320/384 359/319/383 358/318/382
f 361/321/385 360/320/384 357/317/381
f 362/322/386 359/319/383 360/320/384
f 360/320/384 361/321/385 363/323/387
f 364/324/388 362/322/386 360/320/384
f 364/324/388 360/320/384 363/323/387
f 365/325/389 366/326/390 367/327/391
f 368/328/392 365/325/389 367/327/391
f 365/325/389 368/328/392 369/329/393
f 368/328/392 370/330/394 369/329/393
f 369/329/393 370/330/394 371/331/395
f 369/329/393 371/331/395 372/332/396
f 373/333/397 374/334/398 375/335/399
f 373/333/397 375/335/399 376/336/400
f 377/337/401 373/333/397 376/336/400
f 378/338/402 377/337/401 376/336/400
f 377/337/401 378/338/402 379/339/403
f 378/338/402 380/340/404 379/339/403
f 381/341/405 382/342/406 383/343/407
f 383/343/407 384/344/408 381/341/405
f 383/343/407 385/345/409 384/344/408
f 383/343/407 386/346/410 385/345/409
f 385/345/409 386/346/410 387/347/411
f 385/345/409 387/347/411 388/348/412
f 388/348/412 387/347/411 389/349/413
f 387/347/411 390/350/414 389/349/413
f 391/351/415 392/352/415 393/353/416
f 392/352/415 394/354/417 393/353/416
f 394/354/417 395/355/418 393/353/416
f 396/356/419 395/355/418 394/354/417
f 395/355/418 396/356/419 397/357/420
f 396/356/419 398/358/418 397/357/420
f 396/356/419 399/359/421 398/358/418
f 398/358/418 399/359/421 400/360/422
f 399/359/421 401/361/423 400/360/422
f 401/361/423 402/362/423 400/360/422
f 403/363/424 404/364/424 405/365/424
f 406/366/424 403/363/424 405/365/424
f 407/367/425 408/368/425 409/369/425
f 410/370/425 407/367/425 409/369/425
f 411/371/426 412/372/427 413/373/428
f 413/373/428 414/374/429 411/371/426
f 415/375/430 411/371/426 414/374/429
f 416/376/431 417/377/432 418/378/433
f 416/376/431 419/379/434 417/377/432
f 420/380/434 419/379/434 416/376/431
f 420/380/434 421/381/435 419/379/434
f 422/382/435 421/381/435 420/380/434
f 422/382/435 423/383/436 421/381/435
f 424/384/437 423/383/436 422/382/435
f 424/384/437 425/385/438 423/383/436
f 426/386/439 425/385/438 424/384/437
f 426/386/439 427/387/440 425/385/438
f 428/388/441 429/389/442 430/390/443
f 431/391/444 430/390/443 429/389/442
f 432/392/445 430/390/443 431/391/444
f 430/390/443 432/392/445 433/393/446
f 433/393/446 434/394/447 430/390/443
f 435/395/448 433/393/446 432/392/445
f 431/391/444 436/1/449 432/392/445
f 436/1/449 431/391/444 437/396/450
f 432/392/445 438/397/451 435/395/448
f 438/397/451 432/392/445 436/1/449
f 435/395/448 438/397/451 439/398/452
f 439/398/452 438/397/451 436/1/449
f 439/398/452 440/399/453 435/395/448
f 436/1/449 437/396/450 3/3/3
f 436/1/449 441/2/454 439/398/452
f 3/3/3 441/2/454 436/1/449
f 439/398/452 442/400/455 440/399/453
f 442/400/455 439/398/452 441/2/454
f 437/396/450 1/1/456 3/3/3
f 437/396/450 443/391/457 1/1/456
f 440/399/453 442/400/455 444/401/458
f 440/399/453 444/401/458 445/402/459
f 444/401/458 446/403/460 445/402/459
f 447/404/461 442/400/455 441/2/454
f 448/405/462 441/2/454 3/3/3
f 448/405/462 447/404/461 441/2/454
f 449/406/463 444/401/458 442/400/455
f 447/404/461 449/406/463 442/400/455
f 450/407/464 446/403/460 444/401/458
f 449/406/463 451/408/465 444/401/458
f 451/408/465 450/407/464 444/401/458
f 446/403/460 450/407/464 452/409/466
f 453/410/467 446/403/460 452/409/466
f 452/409/466 454/411/468 453/410/467
f 455/412/469 453/410/467 454/411/468
f 452/409/466 450/407/464 456/413/470
f 452/409/466 456/413/470 454/411/468
f 457/414/471 449/406/463 447/404/461
f 458/415/472 447/404/461 448/405/462
f 458/415/472 457/414/471 447/404/461
f 459/416/473 451/408/465 449/406/463
f 457/414/471 459/416/473 449/406/463
f 454/411/468 460/417/474 455/412/469
f 454/411/468 456/413/470 461/418/475
f 461/418/475 460/417/474 454/411/468
f 456/413/470 462/419/476 461/418/475
f 450/407/464 463/420/477 456/413/470
f 456/413/470 463/420/477 462/419/476
f 451/408/465 464/421/478 450/407/464
f 464/421/478 463/420/477 450/407/464
f 455/412/469 460/417/474 465/422/479
f 466/423/480 455/412/469 465/422/479
f 460/417/474 461/418/475 467/424/481
f 465/422/479 460/417/474 467/424/481
f 468/425/482 465/422/479 467/424/481
f 469/426/483 465/422/479 468/425/482
f 470/427/484 467/424/481 461/418/475
f 461/418/475 462/419/476 470/427/484
f 471/428/485 464/421/478 451/408/465
f 459/416/473 471/428/485 451/408/465
f 464/421/478 472/429/486 463/420/477
f 472/429/486 462/419/476 463/420/477
f 470/427/484 462/419/476 473/418/487
f 473/418/487 474/424/488 470/427/484
f 471/428/485 475/430/489 464/421/478
f 475/430/489 472/429/486 464/421/478
f 476/422/490 474/424/488 473/418/487
f 476/422/490 477/431/491 474/424/488
f 478/426/492 477/431/491 476/422/490
f 479/432/493 476/422/490 473/418/487
f 480/433/494 476/422/490 479/432/493
f 481/434/495 480/433/494 479/432/493
f 481/434/495 479/432/493 482/435/496
f 482/435/496 479/432/493 473/418/487
f 482/435/496 483/410/497 481/434/495
f 462/419/476 484/413/498 473/418/487
f 473/418/487 484/413/498 482/435/496
f 483/410/497 482/435/496 485/436/499
f 485/436/499 482/435/496 484/413/498
f 485/436/499 486/403/500 483/410/497
f 462/419/476 472/429/486 487/420/501
f 487/420/501 484/413/498 462/419/476
f 485/436/499 484/413/498 488/437/502
f 486/403/500 485/436/499 488/437/502
f 484/413/498 487/420/501 488/437/502
f 472/429/486 489/421/503 487/420/501
f 487/420/501 489/421/503 488/437/502
f 472/429/486 475/430/489 489/421/503
f 486/403/500 488/437/502 490/401/504
f 486/403/500 490/401/504 491/438/505
f 490/401/504 492/399/506 491/438/505
f 489/421/503 493/439/507 488/437/502
f 488/437/502 493/439/507 490/401/504
f 475/430/489 494/428/508 489/421/503
f 489/421/503 494/428/508 493/439/507
f 475/430/489 495/440/509 494/428/508
f 495/440/509 475/430/489 471/428/485
f 496/441/510 495/440/509 471/428/485
f 496/441/510 471/428/485 459/416/473
f 497/442/511 496/441/510 459/416/473
f 497/442/511 459/416/473 457/414/471
f 498/443/512 497/442/511 457/414/471
f 498/443/512 457/414/471 458/415/472
f 499/400/513 492/399/506 490/401/504
f 493/439/507 500/406/514 490/401/504
f 490/401/504 500/406/514 499/400/513
f 494/428/508 501/444/515 493/439/507
f 493/439/507 501/444/515 500/406/514
f 495/440/509 502/445/516 494/428/508
f 494/428/508 502/445/516 501/444/515
f 503/446/517 495/440/509 496/441/510
f 495/440/509 503/446/517 502/445/516
f 504/447/518 496/441/510 497/442/511
f 504/447/518 503/446/517 496/441/510
f 505/448/519 497/442/511 498/443/512
f 505/448/519 504/447/518 497/442/511
f 506/398/520 492/399/506 499/400/513
f 507/449/521 492/399/506 506/398/520
f 501/444/515 508/414/522 500/406/514
f 502/445/516 509/450/523 501/444/515
f 501/444/515 509/450/523 508/414/522
f 503/446/517 510/447/524 502/445/516
f 502/445/516 510/447/524 509/450/523
f 511/451/525 503/446/517 504/447/518
f 503/446/517 511/451/525 510/447/524
f 500/406/514 512/404/526 499/400/513
f 500/406/514 508/414/522 512/404/526
f 513/452/527 504/447/518 505/448/519
f 513/452/527 511/451/525 504/447/518
f 506/398/520 499/400/513 2/2/2
f 499/400/513 512/404/526 2/2/2
f 506/398/520 514/397/528 507/449/521
f 506/398/520 2/2/2 1/1/456
f 1/1/456 514/397/528 506/398/520
f 507/449/521 514/397/528 515/392/529
f 1/1/456 515/392/529 514/397/528
f 515/392/529 516/393/530 507/449/521
f 515/392/529 1/1/456 443/391/457
f 516/393/530 515/392/529 517/390/531
f 443/391/457 517/390/531 515/392/529
f 517/390/531 518/453/532 516/393/530
f 443/391/457 519/389/533 517/390/531
f 517/390/531 519/389/533 520/388/534
f 512/404/526 521/405/535 2/2/2
f 2/2/2 521/405/535 3/3/3
f 512/404/526 522/415/536 521/405/535
f 508/414/522 522/415/536 512/404/526
f 521/405/535 523/454/537 3/3/3
f 523/454/537 448/405/462 3/3/3
f 522/415/536 524/455/538 521/405/535
f 521/405/535 524/455/538 523/454/537
f 508/414/522 525/443/539 522/415/536
f 509/450/523 525/443/539 508/414/522
f 526/455/540 448/405/462 523/454/537
f 526/455/540 458/415/472 448/405/462
f 524/455/538 527/456/44 523/454/537
f 527/456/44 526/455/540 523/454/537
f 522/415/536 528/457/541 524/455/538
f 525/443/539 528/457/541 522/415/536
f 509/450/523 529/458/542 525/443/539
f 510/447/524 529/458/542 509/450/523
f 530/457/543 458/415/472 526/455/540
f 530/457/543 498/443/512 458/415/472
f 524/455/538 531/459/544 527/456/44
f 528/457/541 531/459/544 524/455/538
f 525/443/539 532/460/545 528/457/541
f 529/458/542 532/460/545 525/443/539
f 510/447/524 533/461/546 529/458/542
f 511/451/525 533/461/546 510/447/524
f 534/459/547 526/455/540 527/456/44
f 534/459/547 530/457/543 526/455/540
f 535/460/548 498/443/512 530/457/543
f 535/460/548 505/448/519 498/443/512
f 528/457/541 536/462/549 531/459/544
f 532/460/545 536/462/549 528/457/541
f 529/458/542 537/463/550 532/460/545
f 533/461/546 537/463/550 529/458/542
f 511/451/525 538/464/551 533/461/546
f 538/464/551 511/451/525 513/452/527
f 539/465/552 513/452/527 505/448/519
f 539/465/552 505/448/519 535/460/548
f 540/462/553 535/460/548 530/457/543
f 540/462/553 530/457/543 534/459/547
f 532/460/545 541/466/554 536/462/549
f 537/463/550 541/466/554 532/460/545
f 537/463/550 533/461/546 542/467/555
f 538/464/551 542/467/555 533/461/546
f 543/467/556 538/464/551 513/452/527
f 513/452/527 539/465/552 543/467/556
f 544/466/557 539/465/552 535/460/548
f 544/466/557 535/460/548 540/462/553
f 537/463/550 545/468/558 541/466/554
f 545/468/558 537/463/550 542/467/555
f 538/464/551 546/469/559 542/467/555
f 546/469/559 538/464/551 543/467/556
f 539/465/552 547/468/560 543/467/556
f 547/468/560 539/465/552 544/466/557
f 545/468/558 542/467/555 548/470/561
f 546/469/559 548/470/561 542/467/555
f 549/470/562 546/469/559 543/467/556
f 543/467/556 547/468/560 549/470/562
f 546/469/559 550/471/563 548/470/561
f 550/471/563 546/469/559 549/470/562
f 551/472/564 544/466/557 540/462/553
f 552/473/565 547/468/560 544/466/557
f 552/473/565 544/466/557 551/472/564
f 547/468/560 553/474/566 549/470/562
f 553/474/566 547/468/560 552/473/565
f 554/475/567 550/471/563 549/470/562
f 549/470/562 553/474/566 554/475/567
f 551/472/564 540/462/553 555/476/568
f 555/476/568 540/462/553 534/459/547
f 555/476/568 534/459/547 556/477/569
f 556/477/569 534/459/547 527/456/44
f 531/459/544 556/477/569 527/456/44
f 531/459/544 557/476/570 556/477/569
f 536/462/549 557/476/570 531/459/544
f 558/478/571 555/476/568 556/477/569
f 557/476/570 558/478/571 556/477/569
f 559/479/572 551/472/564 555/476/568
f 559/479/572 555/476/568 558/478/571
f 536/462/549 560/472/573 557/476/570
f 541/466/554 560/472/573 536/462/549
f 557/476/570 561/479/574 558/478/571
f 560/472/573 561/479/574 557/476/570
f 541/466/554 562/480/575 560/472/573
f 545/468/558 562/480/575 541/466/554
f 563/481/576 551/472/564 559/479/572
f 563/481/576 552/473/565 551/472/564
f 564/482/577 559/479/572 558/478/571
f 561/479/574 564/482/577 558/478/571
f 560/472/573 565/481/578 561/479/574
f 562/480/575 565/481/578 560/472/573
f 545/468/558 566/474/579 562/480/575
f 566/474/579 545/468/558 548/470/561
f 567/483/557 552/473/565 563/481/576
f 567/483/557 553/474/566 552/473/565
f 568/484/580 563/481/576 559/479/572
f 568/484/580 559/479/572 564/482/577
f 561/479/574 569/484/581 564/482/577
f 565/481/578 569/484/581 561/479/574
f 562/480/575 570/483/554 565/481/578
f 566/474/579 570/483/554 562/480/575
f 566/474/579 548/470/561 571/475/582
f 550/471/563 571/475/582 548/470/561
f 572/485/583 553/474/566 567/483/557
f 553/474/566 572/485/583 554/475/567
f 573/486/584 550/471/563 554/475/567
f 550/471/563 573/486/584 571/475/582
f 574/485/585 566/474/579 571/475/582
f 566/474/579 574/485/585 570/483/554
f 570/483/554 575/487/586 565/481/578
f 565/481/578 575/487/586 569/484/581
f 554/475/567 572/485/583 576/488/587
f 576/488/587 573/486/584 554/475/567
f 573/486/584 577/488/588 571/475/582
f 574/485/585 571/475/582 577/488/588
f 574/485/585 578/489/589 570/483/554
f 570/483/554 578/489/589 575/487/586
f 579/490/590 573/486/584 576/488/587
f 573/486/584 579/490/590 577/488/588
f 580/491/591 579/490/590 576/488/587
f 579/490/590 581/491/592 577/488/588
f 580/491/591 576/488/587 582/492/593
f 577/488/588 581/491/592 583/493/594
f 584/494/595 574/485/585 577/488/588
f 584/494/595 577/488/588 583/493/594
f 574/485/585 584/494/595 578/489/589
f 584/494/595 583/493/594 585/495/596
f 584/494/595 585/495/596 578/489/589
f 583/493/594 586/496/597 585/495/596
f 578/489/589 587/497/598 575/487/586
f 578/489/589 585/495/596 587/497/598
f 585/495/596 586/496/597 588/498/599
f 585/495/596 588/498/599 587/497/598
f 586/496/597 589/499/600 588/498/599
f 576/488/587 590/494/601 582/492/593
f 572/485/583 590/494/601 576/488/587
f 575/487/586 587/497/598 591/500/602
f 575/487/586 591/500/602 569/484/581
f 588/498/599 589/499/600 592/501/603
f 589/499/600 593/502/604 592/501/603
f 587/497/598 588/498/599 594/503/605
f 587/497/598 594/503/605 591/500/602
f 588/498/599 592/501/603 594/503/605
f 582/492/593 590/494/601 595/504/606
f 596/496/607 582/492/593 595/504/606
f 590/494/601 572/485/583 597/489/608
f 595/504/606 590/494/601 597/489/608
f 597/489/608 572/485/583 567/483/557
f 569/484/581 591/500/602 598/505/609
f 569/484/581 598/505/609 564/482/577
f 598/505/609 568/484/580 564/482/577
f 591/500/602 594/503/605 599/506/610
f 591/500/602 599/506/610 598/505/609
f 594/503/605 592/501/603 600/507/611
f 594/503/605 600/507/611 599/506/610
f 596/496/607 595/504/606 601/508/612
f 602/499/613 596/496/607 601/508/612
f 597/489/608 567/483/557 603/487/614
f 603/487/614 567/483/557 563/481/576
f 603/487/614 563/481/576 568/484/580
f 604/500/615 568/484/580 598/505/609
f 599/506/610 604/500/615 598/505/609
f 604/500/615 603/487/614 568/484/580
f 595/504/606 597/489/608 605/497/616
f 605/497/616 597/489/608 603/487/614
f 605/497/616 603/487/614 604/500/615
f 601/508/612 595/504/606 605/497/616
f 606/503/617 604/500/615 599/506/610
f 606/503/617 605/497/616 604/500/615
f 601/508/612 605/497/616 606/503/617
f 600/507/611 606/503/617 599/506/610
f 602/499/613 601/508/612 607/501/618
f 607/501/618 601/508/612 606/503/617
f 607/501/618 606/503/617 600/507/611
f 608/502/619 602/499/613 607/501/618
f 609/509/620 607/501/618 600/507/611
f 608/502/619 607/501/618 609/509/620
f 592/501/603 609/509/620 600/507/611
f 610/510/621 608/502/619 609/509/620
f 592/501/603 593/502/604 609/509/620
f 593/502/604 610/510/621 609/509/620
f 611/511/622 612/512/623 613/513/624
f 613/513/624 614/514/625 611/511/622
f 614/514/625 615/515/626 611/511/622
f 613/513/624 616/516/627 614/514/625
f 615/515/626 614/514/625 617/517/628
f 618/518/629 614/514/625 616/516/627
f 614/514/625 619/519/630 617/517/628
f 618/518/629 619/519/630 614/514/625
f 620/520/631 619/519/630 618/518/629
f 619/519/630 621/521/632 617/517/628
f 620/520/631 622/522/633 619/519/630
f 621/521/632 619/519/630 622/522/633
f 622/522/633 623/523/634 621/521/632
f 624/524/635 625/525/636 626/526/637
f 627/527/638 626/526/637 625/525/636
f 628/528/639 627/527/638 625/525/636
f 629/529/640 626/526/637 627/527/638
f 627/527/638 628/528/639 630/530/641
f 627/527/638 631/531/642 629/529/640
f 632/532/643 627/527/638 630/530/641
f 632/532/643 631/531/642 627/527/638
f 631/531/642 632/532/643 633/533/644
f 634/534/645 632/532/643 630/530/641
f 635/535/646 633/533/644 632/532/643
f 632/532/643 634/534/645 635/535/646
f 636/536/647 635/535/646 634/534/645
f 637/537/648 638/538/648 639/539/649
f 637/537/648 640/540/650 638/538/648
f 641/541/650 640/540/650 637/537/648
f 642/542/651 640/540/650 641/541/650
f 642/542/651 643/543/652 640/540/650
f 644/544/653 643/543/652 642/542/651
f 644/544/653 645/545/653 643/543/652
f 646/546/654 645/545/653 644/544/653
f 646/546/654 647/547/654 645/545/653
f 648/548/655 647/547/654 646/546/654
f 648/548/655 649/549/656 647/547/654
f 650/550/657 649/549/656 648/548/655
f 651/551/658 649/549/656 650/550/657
f 650/550/657 652/552/659 651/551/658
f 653/553/660 654/554/661 655/555/662
f 654/554/661 656/556/663 655/555/662
f 657/557/664 655/555/662 656/556/663
f 655/555/662 658/558/665 653/553/660
f 658/558/665 659/559/666 653/553/660
f 660/560/667 655/555/662 657/557/664
f 658/558/665 655/555/662 660/560/667
f 660/560/667 657/557/664 661/561/668
f 660/560/667 661/561/668 662/562/669
f 660/560/667 662/562/669 663/563/670
f 658/558/665 664/564/671 659/559/666
f 664/564/671 658/558/665 660/560/667
f 663/563/670 664/564/671 660/560/667
f 664/564/671 665/565/672 659/559/666
f 663/563/670 665/565/672 664/564/671
f 666/555/673 667/554/674 668/566/675
f 669/556/676 667/554/674 666/555/673
f 666/555/673 670/567/677 669/556/676
f 668/566/675 671/558/678 666/555/673
f 668/566/675 672/559/679 671/558/678
f 673/564/680 671/558/678 672/559/679
f 666/555/673 671/558/678 673/564/680
f 674/565/681 673/564/680 672/559/679
f 673/564/680 674/565/681 675/563/682
f 666/555/673 676/568/683 670/567/677
f 676/568/683 666/555/673 673/564/680
f 676/568/683 673/564/680 675/563/682
f 670/567/677 676/568/683 677/561/684
f 675/563/682 678/562/685 676/568/683
f 677/561/684 676/568/683 678/562/685
f 679/569/686 440/399/687 445/402/688
f 679/569/686 435/395/689 440/399/687
f 679/569/686 445/402/688 680/570/690
f 446/403/691 680/570/690 445/402/688
f 680/570/690 446/403/691 453/410/692
f 681/571/693 435/395/689 679/569/686
f 433/393/694 435/395/689 681/571/693
f 680/570/690 682/572/695 679/569/686
f 453/410/692 682/572/695 680/570/690
f 682/572/695 681/571/693 679/569/686
f 682/572/695 453/410/692 683/573/696
f 682/572/695 683/573/696 681/571/693
f 683/573/696 453/410/692 455/412/697
f 683/573/696 455/412/697 466/423/698
f 466/423/698 684/574/699 683/573/696
f 681/571/693 685/575/700 433/393/694
f 683/573/696 685/575/700 681/571/693
f 683/573/696 684/574/699 685/575/700
f 433/393/694 685/575/700 434/394/701
f 685/575/700 684/574/699 434/394/701
f 481/434/702 686/573/703 480/433/704
f 480/433/704 686/573/703 687/576/705
f 481/434/702 483/410/706 686/573/703
f 687/576/705 686/573/703 688/575/707
f 687/576/705 688/575/707 518/453/708
f 516/393/709 518/453/708 688/575/707
f 483/410/706 689/572/710 686/573/703
f 688/575/707 686/573/703 689/572/710
f 516/393/709 688/575/707 690/577/711
f 690/577/711 688/575/707 689/572/710
f 690/577/711 507/449/712 516/393/709
f 691/570/713 689/572/710 483/410/706
f 690/577/711 689/572/710 691/570/713
f 483/410/706 486/403/714 691/570/713
f 491/438/715 691/570/713 486/403/714
f 507/449/712 690/577/711 692/569/716
f 692/569/716 690/577/711 691/570/713
f 491/438/715 692/569/716 691/570/713
f 492/399/717 507/449/712 692/569/716
f 492/399/717 692/569/716 491/438/715
f 693/578/718 694/579/439 695/580/719
f 696/581/720 695/580/719 694/579/439
f 697/582/721 694/579/439 693/578/718
f 695/580/719 696/581/720 698/583/722
f 699/584/723 694/579/439 697/582/721
f 698/583/722 696/581/720 700/585/724
f 701/586/723 694/579/439 699/584/723
f 702/587/723 694/579/439 701/586/723
f 703/588/723 694/579/439 702/587/723
f 704/589/725 694/579/439 703/588/723
f 705/590/723 694/579/439 704/589/725
f 700/585/724 696/581/720 706/591/726
f 707/592/727 694/579/439 705/590/723
f 706/591/726 696/581/720 708/593/728
f 708/593/728 696/581/720 709/594/729
f 709/594/729 696/581/720 710/595/730
f 710/595/730 696/581/720 711/596/731
f 696/581/720 712/597/732 711/596/731
f 696/581/720 713/598/733 712/597/732
f 696/581/720 714/599/734 713/598/733
f 696/581/720 715/600/735 714/599/734
f 696/581/720 716/601/736 715/600/735
f 696/581/720 717/602/737 716/601/736
f 696/581/720 718/603/738 717/602/737
f 718/603/738 696/581/720 694/579/439
f 694/579/439 719/604/739 718/603/738
f 694/579/439 720/605/723 719/604/739
f 694/579/439 721/606/723 720/605/723
f 694/579/439 722/607/723 721/606/723
f 694/579/439 723/608/723 722/607/723
f 694/579/439 724/609/723 723/608/723
f 694/579/439 725/610/725 724/609/723
f 694/579/439 726/611/723 725/610/725
f 694/579/439 727/612/725 726/611/723
f 694/579/439 728/613/740 727/612/725
f 728/613/740 694/579/439 729/614/741
f 729/614/741 730/615/742 728/613/740
f 729/614/741 731/616/743 730/615/742
f 729/614/741 732/617/744 731/616/743
f 729/614/741 733/618/745 732/617/744
f 729/614/741 734/619/746 733/618/745
f 729/614/741 735/620/747 734/619/746
f 729/614/741 736/621/748 735/620/747
f 736/621/748 729/614/741 737/622/749
f 737/622/749 729/614/741 738/623/750
f 738/623/750 729/614/741 739/624/751
f 739/624/751 729/614/741 740/625/752
f 740/625/752 729/614/741 741/626/753
f 741/626/753 729/614/741 742/627/754
f 742/627/754 729/614/741 743/628/755
f 694/579/439 743/628/755 729/614/741
f 743/628/755 694/579/439 707/592/727
f 744/629/756 745/630/757 746/631/758
f 744/629/756 746/631/758 747/632/759
f 745/630/757 748/633/757 746/631/758
f 746/631/758 749/634/760 747/632/759
f 748/633/757 745/630/757 750/635/761
f 751/636/762 748/633/757 750/635/761
f 747/632/759 749/634/760 752/637/763
f 753/638/764 747/632/759 752/637/763
f 753/638/764 752/637/763 754/639/765
f 752/637/763 755/640/766 754/639/765
f 754/639/765 755/640/766 756/641/767
f 755/640/766 757/642/768 756/641/767
f 751/636/762 750/635/761 758/643/769
f 759/644/770 751/636/762 758/643/769
f 756/641/767 757/642/768 760/645/771
f 757/642/768 761/646/772 760/645/771
f 759/644/770 758/643/769 762/647/773
f 758/643/769 763/648/774 762/647/773
f 762/647/773 763/648/774 764/649/775
f 765/650/776 762/647/773 764/649/775
f 765/650/776 764/649/775 766/651/777
f 767/652/778 765/650/776 766/651/777
f 767/652/778 766/651/777 768/653/779
f 769/654/780 767/652/778 768/653/779
f 769/654/780 768/653/779 770/655/781
f 771/656/782 769/654/780 770/655/781
f 760/645/771 761/646/772 772/657/783
f 773/658/784 760/645/771 772/657/783
f 771/656/782 770/655/781 774/659/785
f 773/658/784 772/657/783 774/659/785
f 775/660/785 771/656/782 774/659/785
f 772/657/783 775/660/785 774/659/785
f 776/661/786 777/662/787 778/663/788
f 778/663/788 777/662/787 779/664/789
f 780/665/790 776/661/786 778/663/788
f 781/666/791 778/663/788 779/664/789
f 781/666/791 779/664/789 782/667/792
f 783/668/793 781/666/791 782/667/792
f 783/668/793 782/667/792 784/669/794
f 785/670/795 783/668/793 784/669/794
f 780/665/790 786/660/796 776/661/786
f 786/660/796 787/671/797 776/661/786
f 785/670/795 784/669/794 788/672/798
f 789/633/621 785/670/795 788/672/798
f 790/673/799 789/633/621 788/672/798
f 791/674/800 790/673/799 788/672/798
f 792/675/801 790/673/799 791/674/800
f 793/676/802 792/675/801 791/674/800
f 794/677/803 792/675/801 793/676/802
f 795/678/804 794/677/803 793/676/802
f 787/671/797 786/660/796 796/679/805
f 786/660/796 797/680/806 796/679/805
f 798/681/807 794/677/803 795/678/804
f 796/679/805 797/680/806 798/681/807
f 799/682/808 798/681/807 795/678/804
f 799/682/808 796/679/805 798/681/807
f 800/578/809 801/580/810 802/683/811
f 801/580/810 803/684/812 802/683/811
f 800/578/809 802/683/811 804/685/813
f 801/580/810 805/583/814 803/684/812
f 804/685/813 802/683/811 806/584/813
f 805/583/814 807/686/815 803/684/812
f 806/584/813 802/683/811 808/687/816
f 808/687/816 802/683/811 809/587/813
f 809/587/813 802/683/811 810/588/813
f 810/588/813 802/683/811 811/589/813
f 811/589/813 802/683/811 812/688/817
f 813/591/818 803/684/812 807/686/815
f 814/592/813 812/688/817 802/683/811
f 815/593/819 803/684/812 813/591/818
f 816/594/820 803/684/812 815/593/819
f 817/595/821 803/684/812 816/594/820
f 818/596/822 803/684/812 817/595/821
f 803/684/812 818/596/822 819/597/823
f 803/684/812 819/597/823 820/598/824
f 803/684/812 820/598/824 821/599/825
f 803/684/812 821/599/825 822/600/826
f 803/684/812 822/600/826 823/601/827
f 823/601/827 824/602/828 803/684/812
f 824/602/828 825/603/829 803/684/812
f 803/684/812 825/603/829 802/683/811
f 825/603/829 826/689/830 802/683/811
f 802/683/811 826/689/830 827/605/813
f 802/683/811 827/605/813 828/606/813
f 802/683/811 828/606/813 829/690/831
f 802/683/811 829/690/831 830/608/813
f 802/683/811 830/608/813 831/609/813
f 802/683/811 831/609/813 832/610/813
f 802/683/811 832/610/813 833/611/817
f 833/611/817 834/612/813 802/683/811
f 834/612/813 835/613/832 802/683/811
f 802/683/811 835/613/832 836/691/833
f 835/613/832 837/615/834 836/691/833
f 836/691/833 837/615/834 838/616/835
f 836/691/833 838/616/835 839/617/836
f 836/691/833 839/617/836 840/618/819
f 836/691/833 840/618/819 841/692/837
f 836/691/833 841/692/837 842/620/821
f 836/691/833 842/620/821 843/621/838
f 844/622/823 836/691/833 843/621/838
f 845/693/839 836/691/833 844/622/823
f 846/624/825 836/691/833 845/693/839
f 847/625/840 836/691/833 846/624/825
f 848/626/827 836/691/833 847/625/840
f 849/627/841 836/691/833 848/626/827
f 849/627/841 850/628/842 836/691/833
f 850/628/842 802/683/811 836/691/833
f 850/628/842 814/592/813 802/683/811
# Vertices: 850, normals: 842, texture coordinates: 693, faces: 1093

