# File generated by ImageToStl.com - Free Image and 3D model conversion tools

mtllib umamusume_taiki_shuttles_revolver.mtl

o obj1
v 0.00533473 0.0981302 -0.0433001
v 0.00533473 0.12015616 -0.0433001
v -0 0.12015616 -0.04263782
v -0 0.08988547 -0.04263782
v 0 0.06720035 -0.04263781
v 0.00533473 0.06720035 -0.04330009
v -0.00533473 0.06720035 -0.04330009
v 0.00533473 0.08988547 -0.0433001
v 0.01028802 0.08988547 -0.0453902
v 0.01028803 0.06720035 -0.0453902
v 0.01457476 0.06720035 -0.04863483
v -0.00533473 0.08988547 -0.0433001
v -0.01028803 0.08988547 -0.0453902
v -0.01028803 0.06720035 -0.0453902
v -0.01457475 0.06720035 -0.04863483
v -0.00533473 0.0981302 -0.0433001
v -0.00533473 0.12015616 -0.0433001
v 0.01457476 0.08988547 -0.04863483
v 0.01781567 0.08988547 -0.0529237
v 0.01781567 0.06720035 -0.0529237
v 0.01990948 0.06720035 -0.05787485
v -0.01457476 0.08988547 -0.04863483
v -0.01781567 0.08988547 -0.0529237
v -0.01781567 0.06720035 -0.0529237
v -0.01457476 0.0981302 -0.04863483
v -0.01781567 0.12015615 -0.0529237
v -0.01457476 0.12015615 -0.04863484
v 0.01990948 0.08988547 -0.05787486
v 0.02057605 0.08988547 -0.06320958
v 0.02057605 0.06720035 -0.06320958
v 0.01990949 0.06720035 -0.06854431
v -0.01216913 0.09100037 -0.04672469
v -0.00932589 0.09419287 -0.04705666
v -0.01333189 0.09384337 -0.04775111
v -0.01196292 0.0981302 -0.04959716
v -0.01195259 0.12015615 -0.04942078
v -0.00852797 0.0981302 -0.04843871
v -0.00960891 0.12015615 -0.04906281
v -0.00744702 0.12015615 -0.04781463
v -0.00580724 0.0981302 -0.04604318
v -0.00596517 0.12015616 -0.04596394
v -0.00819178 0.09100037 -0.04442836
v -0.00672148 0.09384337 -0.0439346
v 0.01457476 0.0981302 -0.04863483
v 0.01457475 0.12015615 -0.04863483
v 0.01195259 0.12015615 -0.04942078
v 0.01196292 0.0981302 -0.04959716
v 0.00960891 0.12015615 -0.04906281
v 0.00852797 0.0981302 -0.04843871
v 0.00932589 0.09419287 -0.04705666
v 0.00744702 0.12015615 -0.04781463
v 0.00596517 0.12015616 -0.04596394
v 0.00580724 0.0981302 -0.04604318
v 0.00672148 0.09384337 -0.0439346
v 0.00819178 0.09100037 -0.04442836
v 0.01333189 0.09384337 -0.04775111
v 0.01216913 0.09100037 -0.04672469
v 0.01781567 0.12015615 -0.0529237
v 0.01990948 0.0981302 -0.05787486
v 0.01990948 0.12015615 -0.05787485
v 0.02005337 0.09384337 -0.05939307
v 0.02036091 0.09100036 -0.06091327
v 0.01865179 0.09419287 -0.06320958
v 0.01777016 0.0981302 -0.05965561
v 0.01791776 0.12015615 -0.05975276
v 0.01705594 0.0981302 -0.06320958
v 0.01705594 0.12015615 -0.06196142
v 0.01705594 0.12015615 -0.06445776
v 0.01777016 0.0981302 -0.06676356
v 0.01791776 0.12015615 -0.06666642
v 0.01990949 0.0981302 -0.06854431
v 0.01990949 0.12015615 -0.06854432
v 0.02005337 0.09384336 -0.0670261
v 0.02036091 0.09100036 -0.06550591
v 0.01990949 0.08988547 -0.06854431
v 0.01781567 0.08988547 -0.07349547
v 0.01781567 0.06720035 -0.07349547
v 0.01457475 0.06720035 -0.07778434
v 0.01781567 0.12015615 -0.07349548
v 0.01457475 0.0981302 -0.07778434
v 0.01457476 0.12015615 -0.07778434
v 0.01457475 0.08988546 -0.07778434
v 0.01028802 0.08988546 -0.08102897
v 0.01028802 0.06720035 -0.08102896
v 0.00533473 0.06720035 -0.08311907
v 0.01333189 0.09384336 -0.07866805
v 0.01216913 0.09100036 -0.07969448
v 0.00932589 0.09419287 -0.07936251
v 0.01196292 0.0981302 -0.076822
v 0.01195259 0.12015615 -0.0769984
v 0.00852797 0.0981302 -0.07798046
v 0.00960891 0.12015615 -0.07735637
v 0.00744702 0.12015615 -0.07860455
v 0.00580724 0.0981302 -0.08037599
v 0.00596517 0.12015615 -0.08045524
v 0.00533473 0.0981302 -0.08311908
v 0.00533473 0.12015615 -0.08311908
v 0.00672148 0.09384336 -0.08248458
v 0.00819178 0.09100036 -0.08199081
v 0.00533473 0.08988546 -0.08311907
v 0 0.08988546 -0.08378136
v 0 0.06720035 -0.08378135
v -0.00533473 0.06720035 -0.08311907
v 0 0.12015615 -0.08378136
v -0.00533473 0.0981302 -0.08311908
v -0.00533473 0.12015615 -0.08311908
v -0.00533473 0.08988546 -0.08311907
v -0.01028803 0.08988546 -0.08102897
v -0.01028803 0.06720035 -0.08102896
v -0.01457476 0.06720035 -0.07778434
v -0.00672148 0.09384336 -0.08248458
v -0.00819178 0.09100036 -0.08199081
v -0.00932589 0.09419287 -0.07936251
v -0.00580724 0.0981302 -0.08037599
v -0.00596517 0.12015615 -0.08045524
v -0.00852797 0.0981302 -0.07798046
v -0.00744702 0.12015615 -0.07860455
v -0.00960891 0.12015615 -0.07735637
v -0.01196292 0.0981302 -0.07682201
v -0.01195259 0.12015615 -0.0769984
v -0.01457475 0.0981302 -0.07778434
v -0.01457475 0.12015615 -0.07778435
v -0.01333189 0.09384336 -0.07866805
v -0.01216913 0.09100036 -0.07969448
v -0.01457475 0.08988546 -0.07778434
v -0.01781567 0.08988547 -0.07349547
v -0.01781567 0.06720035 -0.07349547
v -0.01990948 0.06720035 -0.06854431
v -0.01781567 0.12015615 -0.07349548
v -0.01990948 0.0981302 -0.06854431
v -0.01990948 0.12015615 -0.06854432
v -0.01990948 0.08988547 -0.06854431
v -0.02057605 0.08988547 -0.06320958
v -0.02057605 0.06720035 -0.06320958
v -0.01990949 0.06720035 -0.05787484
v -0.02005337 0.09384336 -0.0670261
v -0.02036091 0.09100036 -0.06550591
v -0.01865179 0.09419287 -0.06320958
v -0.01777016 0.0981302 -0.06676356
v -0.01791776 0.12015615 -0.06666642
v -0.01705594 0.0981302 -0.06320958
v -0.01705594 0.12015615 -0.06445776
v -0.01705594 0.12015615 -0.06196142
v -0.01777016 0.0981302 -0.05965561
v -0.01791776 0.12015615 -0.05975276
v -0.01990949 0.0981302 -0.05787486
v -0.01990949 0.12015615 -0.05787486
v -0.02005337 0.09384337 -0.05939307
v -0.02036091 0.09100036 -0.06091327
v -0.01990949 0.08988547 -0.05787486
v -0.01781567 0.08988547 -0.0529237
v -0.01781567 0.06720035 -0.0529237
v -0.01781567 0.12015615 -0.0529237
v -0.00266848 0.05728693 -0.0924769
v -0.00266848 0.0539774 -0.08949855
v -0.00266848 0.06083862 -0.09081812
v -0.00266848 0.06083858 -0.08315228
v -0.00266848 0.0598415 -0.07994415
v -0.00266848 0.05120421 -0.08680664
v -0.00266848 0.0575498 -0.07665933
v -0.00266848 0.04797555 -0.0846126
v -0.00266848 0.05449061 -0.07271788
v -0.00266848 0.04397755 -0.07531351
v -0.00266848 0.03916904 -0.07756947
v -0.00266848 0.04331848 -0.08498943
v -0.00266848 0.03494758 -0.08155301
v -0.00266848 0.03946863 -0.08647258
v -0.00266848 0.04184993 -0.06870361
v -0.00266848 0.05260045 -0.06870851
v -0.00266848 0.05217533 -0.06227869
v -0.00266848 0.04148021 -0.06250083
v -0.00266848 0.03104121 -0.08817835
v -0.00266848 0.03589908 -0.09088653
v -0.00266848 0.03230168 -0.09441196
v -0.00266848 0.02913075 -0.09137351
v -0.00266847 0.02922212 -0.09650214
v -0.00266847 0.02705518 -0.09273591
v -0.00266847 0.02528941 -0.09756099
v -0.00266847 0.02411747 -0.09452507
v -0.00266847 0.02361303 -0.09697145
v -0.00266847 0.0224234 -0.09536361
v -0.00266848 0.05586744 -0.05608549
v -0.00266848 0.04223459 -0.05608549
v -0.00266848 0.04733012 -0.04040308
v -0.00266848 0.03763786 -0.05374333
v -0.00266848 0.06067037 -0.05020273
v -0.00266848 0.06301252 -0.04549861
v -0.00266848 0.06381957 -0.04040309
v -0.00266848 0.03398986 -0.05009535
v -0.00266848 0.03084066 -0.04040308
v -0.00266848 0.0316477 -0.04549861
v 0.00266848 0.04148021 -0.06250083
v 0.00266848 0.04223459 -0.05608549
v -0.00266848 0.04223459 -0.05608549
v -0.00266848 0.04148021 -0.06250083
v 0.00266848 0.04184993 -0.06870361
v -0.00266848 0.04184993 -0.06870361
v -0.00266848 0.04397755 -0.07531351
v 0.00266848 0.04397755 -0.07531351
v 0.00266848 0.0539774 -0.08949855
v 0.00266848 0.05728693 -0.0924769
v 0.00266848 0.06083862 -0.09081812
v 0.00266848 0.06083858 -0.08315228
v 0.00266848 0.0598415 -0.07994415
v 0.00266848 0.05120421 -0.08680664
v 0.00266848 0.0575498 -0.07665933
v 0.00266848 0.04797555 -0.0846126
v 0.00266848 0.05449061 -0.07271788
v 0.00266848 0.04397755 -0.07531351
v 0.00266848 0.03916904 -0.07756947
v 0.00266848 0.04331848 -0.08498943
v 0.00266848 0.03494758 -0.08155301
v 0.00266848 0.03946863 -0.08647258
v 0.00266848 0.04184993 -0.06870361
v 0.00266848 0.05260045 -0.06870851
v 0.00266848 0.05217533 -0.06227869
v 0.00266848 0.04148021 -0.06250083
v 0.00266848 0.03104121 -0.08817835
v 0.00266848 0.03589908 -0.09088653
v 0.00266848 0.03230168 -0.09441196
v 0.00266848 0.02913075 -0.09137351
v 0.00266848 0.05586744 -0.05608549
v 0.00266847 0.02922212 -0.09650214
v 0.00266847 0.02705518 -0.09273591
v 0.00266847 0.02411747 -0.09452507
v 0.00266847 0.02528941 -0.09756099
v 0.00266847 0.02361303 -0.09697145
v 0.00266847 0.0224234 -0.09536361
v 0.00266848 0.04223459 -0.05608549
v 0.00266848 0.04733012 -0.04040308
v 0.00266848 0.03763786 -0.05374333
v 0.00266848 0.06067037 -0.05020273
v 0.00266848 0.06301252 -0.04549861
v 0.00266848 0.06381957 -0.04040309
v 0.00266848 0.03398986 -0.05009535
v 0.00266848 0.03084066 -0.04040308
v 0.00266848 0.0316477 -0.04549861
v 0.00266848 0.06083862 -0.09081812
v -0.00266848 0.06083862 -0.09081812
v -0.00266848 0.06083858 -0.08315228
v 0.00266848 0.06083858 -0.08315228
v -0.00266848 0.0598415 -0.07994415
v 0.00266848 0.0598415 -0.07994415
v -0.00266848 0.0575498 -0.07665933
v 0.00266848 0.0575498 -0.07665933
v -0.00266848 0.05449061 -0.07271788
v 0.00266848 0.05449061 -0.07271788
v -0.00266848 0.05260045 -0.06870851
v 0.00266848 0.05260045 -0.06870851
v -0.00266848 0.05217533 -0.06227869
v 0.00266848 0.05217533 -0.06227869
v -0.00266848 0.05586744 -0.05608549
v 0.00266848 0.05586744 -0.05608549
v -0.00266848 0.06067037 -0.05020273
v 0.00266848 0.06067037 -0.05020273
v -0.00266848 0.06301252 -0.04549861
v 0.00266848 0.06301252 -0.04549861
v -0.00266848 0.06381957 -0.04040309
v 0.00266848 0.06381957 -0.04040309
v 0.00266848 0.05728693 -0.0924769
v 0.00266848 0.0539774 -0.08949855
v -0.00266848 0.05728693 -0.0924769
v -0.00266848 0.0539774 -0.08949855
v 0.00266848 0.05120421 -0.08680664
v -0.00266848 0.05120421 -0.08680664
v 0.00266848 0.04797555 -0.0846126
v -0.00266848 0.04797555 -0.0846126
v 0.00266848 0.04331848 -0.08498943
v -0.00266848 0.04331848 -0.08498943
v 0.00266848 0.03946863 -0.08647258
v -0.00266848 0.03946863 -0.08647258
v 0.00266848 0.03589908 -0.09088653
v -0.00266848 0.03589908 -0.09088653
v 0.00266848 0.03230168 -0.09441196
v -0.00266848 0.03230168 -0.09441196
v 0.00266847 0.02922212 -0.09650214
v -0.00266847 0.02922212 -0.09650214
v 0.00266847 0.02528941 -0.09756099
v -0.00266847 0.02528941 -0.09756099
v 0.00266847 0.02361303 -0.09697145
v -0.00266847 0.02361303 -0.09697145
v 0.00266847 0.0224234 -0.09536361
v -0.00266847 0.0224234 -0.09536361
v -0.00266848 0.03916904 -0.07756947
v 0.00266848 0.03916904 -0.07756947
v -0.00266848 0.03494758 -0.08155301
v 0.00266848 0.03494758 -0.08155301
v -0.00266848 0.03104121 -0.08817835
v 0.00266848 0.03104121 -0.08817835
v -0.00266848 0.02913075 -0.09137351
v 0.00266848 0.02913075 -0.09137351
v -0.00266847 0.02705518 -0.09273591
v 0.00266847 0.02705518 -0.09273591
v -0.00266847 0.02411747 -0.09452507
v 0.00266847 0.02411747 -0.09452507
v -0.00266847 0.0224234 -0.09536361
v 0.00266847 0.0224234 -0.09536361
v 0.00266848 0.03763786 -0.05374333
v -0.00266848 0.03763786 -0.05374333
v 0.00266848 0.03398986 -0.05009535
v -0.00266848 0.03398986 -0.05009535
v 0.00266848 0.0316477 -0.04549861
v -0.00266848 0.0316477 -0.04549861
v 0.00266848 0.03084066 -0.04040308
v -0.00266848 0.03084066 -0.04040308
v 0.00266848 0.06381957 -0.04040309
v -0.00266848 0.06381957 -0.04040309
v -0.00266848 0.04733012 -0.04040308
v 0.00266848 0.04733012 -0.04040308
v -0.00266848 0.03084066 -0.04040308
v 0.00266848 0.03084066 -0.04040308
v -0.00137412 0.0616513 -0.02777758
v -0.00137412 0.06261727 -0.02185383
v -0.00137412 0.06749511 -0.02776196
v -0.00137412 0.0671087 -0.0223356
v -0.00137412 0.06439337 -0.01522384
v -0.00137412 0.06747751 -0.01676143
v -0.00137412 0.0667257 -0.0106747
v -0.00137412 0.06917323 -0.01206542
v -0.00137412 0.06960261 -0.00753128
v -0.00137412 0.07134228 -0.00864815
v -0.00137412 0.07312657 -0.00437252
v -0.00137412 0.07417026 -0.00534703
v 0.00137412 0.06261727 -0.02185383
v 0.00137412 0.0616513 -0.02777758
v 0.00137412 0.06749511 -0.02776196
v 0.00137412 0.0671087 -0.0223356
v 0.00137412 0.06439337 -0.01522384
v 0.00137412 0.06747751 -0.01676143
v 0.00137412 0.0667257 -0.0106747
v 0.00137412 0.06917323 -0.01206542
v 0.00137412 0.06960261 -0.00753128
v 0.00137412 0.07134228 -0.00864815
v 0.00137412 0.07312657 -0.00437252
v 0.00137412 0.07417026 -0.00534703
v 0.00137412 0.06749511 -0.02776196
v -0.00137412 0.06749511 -0.02776196
v -0.00137412 0.0671087 -0.0223356
v 0.00137412 0.0671087 -0.0223356
v -0.00137412 0.06747751 -0.01676143
v 0.00137412 0.06747751 -0.01676143
v -0.00137412 0.06917323 -0.01206542
v 0.00137412 0.06917323 -0.01206542
v -0.00137412 0.07134228 -0.00864815
v 0.00137412 0.07134228 -0.00864815
v -0.00137412 0.07417026 -0.00534703
v 0.00137412 0.07417026 -0.00534703
v 0.00137412 0.0616513 -0.02777758
v 0.00137412 0.06261727 -0.02185383
v -0.00137412 0.0616513 -0.02777758
v -0.00137412 0.06261727 -0.02185383
v 0.00137412 0.06439337 -0.01522384
v -0.00137412 0.06439337 -0.01522384
v 0.00137412 0.0667257 -0.0106747
v -0.00137412 0.0667257 -0.0106747
v 0.00137412 0.06960261 -0.00753128
v -0.00137412 0.06960261 -0.00753128
v 0.00137412 0.07312657 -0.00437252
v -0.00137412 0.07312657 -0.00437252
v -0.00137412 0.07312657 -0.00437252
v 0.00137412 0.07312657 -0.00437252
v 0 0.2357595 -0.06029964
v -0.00260088 0.2357595 -0.06029964
v -0.00260088 0.23289247 -0.06029964
v 0 0.23289247 -0.06029964
v 0.00153704 0.2357595 -0.06072266
v 0.00153704 0.23289247 -0.06072266
v 0.00253904 0.23289243 -0.0621579
v 0.00253904 0.2357595 -0.0621579
v 0.00253904 0.23575952 -0.06663973
v 0.00253904 0.23289247 -0.06663973
v 0.00153704 0.23289247 -0.06072266
v 0 0.23289247 -0.06029964
v -0 0.23289243 -0.06320961
v -0.00260088 0.23289247 -0.06029964
v 0 0.23289247 -0.06595785
v -0.00260088 0.23289247 -0.06365209
v -0.00162625 0.23289247 -0.06518027
v 0.00153704 0.2357595 -0.06072266
v 0 0.2357595 -0.06029964
v 0 0.2357595 -0.06320961
v -0.00260088 0.2357595 -0.06029964
v -0.00260088 0.23575952 -0.06365209
v 0 0.2357595 -0.06595785
v -0.00162625 0.23575952 -0.06518027
v -0.00253904 0.14016035 -0.0642613
v -0.00253904 0.14966533 -0.0642613
v -0.0010517 0.14016036 -0.06574863
v -0.0010517 0.14966534 -0.06574863
v 0.00105171 0.14016034 -0.06574864
v 0.00105171 0.14966532 -0.06574863
v 0.00253905 0.14016035 -0.0642613
v 0.00253905 0.14966533 -0.0642613
v 0.00253905 0.14016035 -0.06215789
v 0.00253905 0.14966533 -0.06215788
v 0.00105171 0.14016035 -0.06067055
v 0.00105171 0.14966533 -0.06067054
v -0.0010517 0.14016035 -0.06067055
v -0.0010517 0.14966533 -0.06067054
v -0.00253904 0.14016035 -0.06215789
v -0.00253904 0.14966533 -0.06215788
v -0.00253904 0.14016035 -0.0642613
v -0.00253904 0.14966533 -0.0642613
v -0.00260088 0.14016035 -0.06029962
v -0.00260088 0.24580339 -0.06029964
v -0.00461982 0.14016035 -0.05982639
v -0.00461982 0.24580336 -0.0598264
v -0.00768714 0.14016035 -0.05980544
v -0.00768714 0.24580339 -0.05980545
v -0.0106909 0.14016035 -0.06211029
v -0.0106909 0.24580338 -0.06211031
v -0.01118509 0.14016034 -0.06586405
v -0.01118509 0.24580338 -0.06586407
v -0.00888023 0.14016035 -0.06886779
v -0.00888023 0.24580338 -0.06886781
v -0.00692187 0.24580336 -0.06935898
v -0.00692187 0.14016034 -0.06935896
v -0.00692187 0.24580336 -0.06935898
v -0.00888023 0.24580338 -0.06886781
v -0.00480942 0.24580338 -0.06724653
v -0.00640681 0.24580338 -0.06458373
v -0.01118509 0.24580338 -0.06586407
v -0.0106909 0.24580338 -0.06211031
v -0.00768714 0.24580339 -0.05980545
v -0.00461982 0.24580336 -0.0598264
v -0.00260088 0.24580339 -0.06029964
v -0.00260088 0.24580338 -0.06365209
v -0.00162625 0.24580338 -0.06518027
v 0 0.24580336 -0.06595786
v 0 0.14016034 -0.06595784
v 0 0.24580336 -0.06595786
v -0.00162625 0.24580338 -0.06518027
v -0.00162625 0.14016034 -0.06518026
v -0.00260088 0.14016035 -0.06365208
v -0.00260088 0.24580338 -0.06365209
v -0.00274824 0.09185072 -0.02932754
v -0.00274824 0.07996316 -0.02772348
v -0.00274824 0.08349404 -0.02455971
v -0.00274824 0.08951061 -0.02590752
v -0.00274824 0.08884093 -0.02203752
v -0.00274824 0.08495387 -0.02129284
v -0.00274824 0.08627547 -0.01591487
v -0.00274824 0.08889856 -0.01631229
v -0.00274824 0.08684216 -0.01035288
v -0.00274824 0.08970831 -0.01070634
v -0.00274824 0.08673106 -0.00514741
v -0.00274824 0.09153932 -0.00560003
v -0.00274824 0.09271347 -0.00357111
v -0.00274824 0.08775201 -0.00250509
v -0.00274824 0.07822934 -0.00371312
v -0.00274824 0.07861173 -0.00098916
v -0.00274824 0.06839519 -0.00240727
v -0.00274824 0.06838467 0.00056787
v -0.00274824 0.06207349 -0.00352275
v -0.00274824 0.06129989 -0.00042355
v -0.00274824 0.05706123 -0.0069849
v -0.00274824 0.05390081 -0.00548308
v -0.00274824 0.05475892 -0.01186705
v -0.00274824 0.05124566 -0.01106327
v -0.00274824 0.04836016 -0.01491345
v -0.00274824 0.05402333 -0.01623709
v -0.00274824 0.04055195 -0.01692778
v -0.00274824 0.05425896 -0.01884466
v 0.00274824 0.07996316 -0.02772348
v 0.00274824 0.09185072 -0.02932754
v 0.00274824 0.08349404 -0.02455971
v 0.00274824 0.08951061 -0.02590752
v 0.00274824 0.08884093 -0.02203752
v 0.00274824 0.08495387 -0.02129284
v 0.00274824 0.08627547 -0.01591487
v 0.00274824 0.08889856 -0.01631229
v 0.00274824 0.08684216 -0.01035288
v 0.00274824 0.08970831 -0.01070634
v 0.00274824 0.08673106 -0.00514741
v 0.00274824 0.09153932 -0.00560003
v 0.00274824 0.09271347 -0.00357111
v 0.00274824 0.08775201 -0.00250509
v 0.00274824 0.07822934 -0.00371312
v 0.00274824 0.07861173 -0.00098916
v 0.00274824 0.06839519 -0.00240727
v 0.00274824 0.06838467 0.00056787
v 0.00274824 0.06207349 -0.00352275
v 0.00274824 0.06129989 -0.00042355
v 0.00274824 0.05706123 -0.0069849
v 0.00274824 0.05390081 -0.00548308
v 0.00274824 0.05475892 -0.01186705
v 0.00274824 0.05124566 -0.01106327
v 0.00274824 0.04836016 -0.01491345
v 0.00274824 0.05402333 -0.01623709
v 0.00274824 0.04055195 -0.01692778
v 0.00274824 0.05425896 -0.01884466
v 0.00274824 0.07996316 -0.02772348
v 0.00274824 0.08349404 -0.02455971
v -0.00274824 0.07996316 -0.02772348
v -0.00274824 0.08349404 -0.02455971
v 0.00274824 0.08495387 -0.02129284
v -0.00274824 0.08495387 -0.02129284
v 0.00274824 0.08627547 -0.01591487
v -0.00274824 0.08627547 -0.01591487
v 0.00274824 0.08684216 -0.01035288
v -0.00274824 0.08684216 -0.01035288
v 0.00274824 0.08673106 -0.00514741
v -0.00274824 0.08673106 -0.00514741
v 0.00274824 0.09185072 -0.02932754
v -0.00274824 0.09185072 -0.02932754
v -0.00274824 0.08951061 -0.02590752
v 0.00274824 0.08951061 -0.02590752
v -0.00274824 0.08884093 -0.02203752
v 0.00274824 0.08884093 -0.02203752
v -0.00274824 0.08889856 -0.01631229
v 0.00274824 0.08889856 -0.01631229
v -0.00274824 0.08970831 -0.01070634
v 0.00274824 0.08970831 -0.01070634
v -0.00274824 0.09153932 -0.00560003
v 0.00274824 0.09153932 -0.00560003
v -0.00274824 0.09271347 -0.00357111
v 0.00274824 0.09271347 -0.00357111
v 0.00274824 0.09271347 -0.00357111
v -0.00274824 0.09271347 -0.00357111
v -0.00274824 0.08775201 -0.00250509
v 0.00274824 0.08775201 -0.00250509
v -0.00274824 0.07861173 -0.00098916
v 0.00274824 0.07861173 -0.00098916
v -0.00274824 0.06838467 0.00056787
v 0.00274824 0.06838467 0.00056787
v -0.00274824 0.06129989 -0.00042355
v 0.00274824 0.06129989 -0.00042355
v -0.00274824 0.05390081 -0.00548308
v 0.00274824 0.05390081 -0.00548308
v -0.00274824 0.05124566 -0.01106327
v 0.00274824 0.05124566 -0.01106327
v -0.00274824 0.04836016 -0.01491345
v 0.00274824 0.04836016 -0.01491345
v -0.00274824 0.04055195 -0.01692778
v 0.00274824 0.04055195 -0.01692778
v 0.00274824 0.07822934 -0.00371312
v -0.00274824 0.07822934 -0.00371312
v 0.00274824 0.06839519 -0.00240727
v -0.00274824 0.06839519 -0.00240727
v 0.00274824 0.06207349 -0.00352275
v -0.00274824 0.06207349 -0.00352275
v 0.00274824 0.05706123 -0.0069849
v -0.00274824 0.05706123 -0.0069849
v 0.00274824 0.05475892 -0.01186705
v -0.00274824 0.05475892 -0.01186705
v 0.00274824 0.05402333 -0.01623709
v -0.00274824 0.05402333 -0.01623709
v 0.00274824 0.05425896 -0.01884466
v -0.00274824 0.05425896 -0.01884466
v -0.00191726 0.23653842 -0.08772901
v -0.00339903 0.23645005 -0.08377381
v -0.00339902 0.25134859 -0.08377381
v -0.00191726 0.24857921 -0.08772902
v -0.00085344 0.24431269 -0.09120565
v -0.00085343 0.23668939 -0.09120564
v -0.00085344 0.24268894 -0.09190158
v -0.00085343 0.23831316 -0.09190158
v 0.003399 0.23645005 -0.08377381
v 0.00191724 0.23653842 -0.08772901
v 0.003399 0.25134859 -0.08377381
v 0.00191723 0.24857923 -0.08772902
v 0.00085453 0.23668939 -0.09120564
v 0.00085453 0.24431269 -0.09120565
v 0.00085453 0.23831316 -0.09190158
v 0.00085453 0.24268894 -0.09190158
v 0.00191724 0.23653842 -0.08772901
v 0.003399 0.23645005 -0.08377381
v -0.00339903 0.23645005 -0.08377381
v -0.00191726 0.23653842 -0.08772901
v -0.00085343 0.23668939 -0.09120564
v 0.00085453 0.23668939 -0.09120564
v -0.00339902 0.25134859 -0.08377381
v 0.003399 0.25134859 -0.08377381
v -0.00191726 0.24857921 -0.08772902
v 0.00191723 0.24857923 -0.08772902
v 0.00085453 0.24431269 -0.09120565
v -0.00085344 0.24431269 -0.09120565
v 0.00085453 0.24268894 -0.09190158
v -0.00085344 0.24268894 -0.09190158
v -0.00085343 0.23831316 -0.09190158
v 0.00085453 0.23831316 -0.09190158
v -0.00480943 0.14021501 -0.06724652
v -0 0.14021502 -0.06595784
v -0 0.26388592 -0.06595786
v -0.00480943 0.26388592 -0.06724654
v -0.00833017 0.140215 -0.07076726
v -0.00833017 0.26388592 -0.07076728
v -0.00961885 0.14021501 -0.07557669
v -0.00961885 0.26388592 -0.07557671
v -0.00833017 0.140215 -0.08038611
v -0.00833017 0.26388592 -0.08038613
v -0.00480943 0.140215 -0.08390685
v -0.00480943 0.26388592 -0.08390687
v -0 0.14021501 -0.08519553
v -0 0.26388592 -0.08519555
v 0.00480942 0.140215 -0.08390685
v 0.00480942 0.26388592 -0.08390687
v 0.00833016 0.140215 -0.08038611
v 0.00833016 0.26388592 -0.08038613
v 0.00961884 0.26388592 -0.07557671
v 0.00961884 0.14021501 -0.07557669
v 0.00833016 0.140215 -0.07076726
v 0.00833016 0.26388592 -0.07076728
v 0.00480942 0.14021501 -0.06724652
v 0.00480942 0.26388592 -0.06724654
v -0 0.14021502 -0.06595784
v -0 0.26388592 -0.06595786
v 0 0.26388592 -0.06868542
v 0 0.23154627 -0.06868542
v -0.00344564 0.26388592 -0.06960867
v -0.00344564 0.23154627 -0.06960867
v -0.00596803 0.26388592 -0.07213106
v -0.00596803 0.23154627 -0.07213106
v -0.00689129 0.26388592 -0.07557671
v -0.00689129 0.23154627 -0.0755767
v -0.00596803 0.2638859 -0.07902235
v -0.00596803 0.23154625 -0.07902234
v -0.00344564 0.26388592 -0.08154473
v -0.00344564 0.23154627 -0.08154473
v 0 0.26388592 -0.08246799
v 0 0.23154627 -0.08246799
v 0.00344564 0.26388592 -0.08154473
v 0.00344564 0.23154627 -0.08154473
v 0.00596803 0.2638859 -0.07902235
v 0.00596803 0.23154625 -0.07902234
v 0.00689129 0.26388592 -0.07557671
v 0.00689129 0.23154627 -0.0755767
v 0.00596803 0.26388592 -0.07213106
v 0.00596803 0.23154627 -0.07213106
v 0.00344564 0.26388592 -0.06960867
v 0.00344564 0.23154627 -0.06960867
v 0 0.26388592 -0.06868542
v 0 0.23154627 -0.06868542
v -0.00083348 0.05449062 -0.07356448
v -0.00083348 0.06412654 -0.07356448
v -0.00201219 0.05449062 -0.07474318
v -0.00201219 0.06412654 -0.0747432
v -0.0020122 0.05449062 -0.07641015
v -0.0020122 0.06412654 -0.07641015
v -0.00083348 0.05449062 -0.07758885
v -0.00083348 0.06412654 -0.07758887
v 0.00083348 0.05449062 -0.07758887
v 0.00083348 0.06412654 -0.07758887
v 0.0020122 0.05449062 -0.07641015
v 0.0020122 0.06412654 -0.07641015
v 0.0020122 0.05449062 -0.07474318
v 0.0020122 0.06412654 -0.0747432
v 0.00083348 0.05449062 -0.07356448
v 0.00083348 0.06412654 -0.07356448
v -0.00083348 0.05449062 -0.07356448
v -0.00083348 0.06412654 -0.07356448
v -0.00695117 -0.03895705 0.05032279
v -0.01310783 -0.03129652 0.05032281
v -0.00695117 -0.03679785 0.04189646
v -0.01328344 -0.02966958 0.04189647
v -0.00695117 -0.0336031 0.03064964
v -0.01514722 -0.01565773 0.05032282
v -0.01332264 -0.02686507 0.03064965
v -0.00695117 -0.03021436 0.01848321
v -0.01511592 -0.01556901 0.04189649
v -0.01505615 -0.00136167 0.05032281
v -0.01317863 -0.02275354 0.01848319
v -0.00695117 -0.02448468 0.00219468
v -0.01487439 -0.01427822 0.03064966
v -0.01500191 -0.00221781 0.04189648
v -0.01256014 -0.01644396 0.00236464
v -0.00695117 -0.01809613 -0.01022158
v -0.0145115 -0.01022512 0.01848321
v -0.01165697 -0.0102364 -0.01001247
v -0.00695117 -0.01209582 -0.02020229
v -0.01285929 0.01012714 0.04189649
v -0.01225274 0.01191359 0.05032283
v -0.00695117 0.01924978 0.05032281
v -0.00695117 0.01721756 0.04189649
v -0.00695117 0.01616288 0.03064967
v -0.01272884 0.00955941 0.03064967
v -0.00695117 0.01602057 0.01848321
v -0.01456916 -0.00200029 0.03064966
v -0.01219708 0.00966969 0.0184832
v -0.00695117 0.01830429 0.00220974
v -0.01434264 -0.00147102 0.01848319
v -0.01404954 -0.00102233 0.00219501
v -0.01156559 0.0129054 0.00220032
v -0.00695117 0.02250132 -0.00712716
v -0.01263013 0.00544409 -0.01022631
v -0.01123989 0.01816037 -0.01022751
v -0.01056932 0.02448858 -0.01731928
v -0.00695117 0.02811672 -0.01292393
v -0.01071296 -0.00359534 -0.01999012
v -0.00695117 -0.00435683 -0.02929552
v -0.01167886 0.01006594 -0.0191487
v -0.01066828 0.01541018 -0.02929552
v -0.00967202 0.00398773 -0.02911457
v -0.00695117 0.00308831 -0.03653077
v -0.00912797 0.00980078 -0.03631377
v -0.00695117 0.01120611 -0.04208
v -0.00932269 0.0342798 -0.02082998
v -0.00695117 0.03308758 -0.01520588
v -0.00695117 0.04055195 -0.01692778
v -0.00695117 0.04054479 -0.02167687
v -0.00844975 0.01707453 -0.04208
v -0.00695117 0.01661863 -0.044444
v -0.00695117 0.02197538 -0.04555547
v -0.01051965 0.02448858 -0.02929549
v -0.00932269 0.03459485 -0.02929549
v -0.00695117 0.04054258 -0.02740322
v -0.00890451 0.03459485 -0.03653076
v -0.00695117 0.0405432 -0.04230426
v -0.00983924 0.01952849 -0.03653079
v -0.00859205 0.02386708 -0.04208
v -0.00695117 0.02653808 -0.0458011
v -0.00695117 0.03185687 -0.04606115
v -0.00983924 0.02664565 -0.03653076
v -0.00849449 0.02976513 -0.04234116
v -0.00695117 0.04054322 -0.04606115
v -0.01225274 0.01191359 0.05032283
v -0.00695117 0.01191359 0.05032283
v -0.00695117 0.01924978 0.05032281
v -0.01505615 -0.00136167 0.05032281
v -0.00695117 -0.01021185 0.05032281
v -0.01514722 -0.01565773 0.05032282
v -0.01310783 -0.03129652 0.05032281
v -0.00695117 -0.03129652 0.05032281
v -0.00695117 -0.03895705 0.05032279
v 0.01310783 -0.03129652 0.05032281
v 0.00695117 -0.03895705 0.05032279
v 0.00695117 -0.03679785 0.04189646
v 0.01328344 -0.02966958 0.04189647
v 0.00695117 -0.0336031 0.03064964
v 0.01514722 -0.01565773 0.05032282
v 0.01332264 -0.02686507 0.03064965
v 0.00695117 -0.03021436 0.01848321
v 0.01511592 -0.01556901 0.04189649
v 0.01505615 -0.00136167 0.05032281
v 0.01317863 -0.02275354 0.01848319
v 0.00695117 -0.02448468 0.00219468
v 0.01487439 -0.01427822 0.03064966
v 0.01500191 -0.00221781 0.04189648
v 0.01256014 -0.01644396 0.00236464
v 0.00695117 -0.01809613 -0.01022158
v 0.0145115 -0.01022512 0.01848321
v 0.01165697 -0.0102364 -0.01001247
v 0.00695117 -0.01209582 -0.02020229
v 0.01285929 0.01012714 0.04189649
v 0.01225274 0.01191359 0.05032283
v 0.00695117 0.01924978 0.05032281
v 0.00695117 0.01721756 0.04189649
v 0.00695117 0.01616288 0.03064967
v 0.01272884 0.00955941 0.03064967
v 0.00695117 0.01602057 0.01848321
v 0.01456916 -0.00200029 0.03064966
v 0.01219708 0.00966969 0.0184832
v 0.00695117 0.01830429 0.00220974
v 0.01434264 -0.00147102 0.01848319
v 0.01404954 -0.00102233 0.00219501
v 0.01156559 0.0129054 0.00220032
v 0.00695117 0.02250132 -0.00712716
v 0.01263013 0.00544409 -0.01022631
v 0.01123989 0.01816037 -0.01022751
v 0.01056932 0.02448858 -0.01731928
v 0.00695117 0.02811672 -0.01292393
v 0.01071296 -0.00359534 -0.01999012
v 0.00695117 -0.00435683 -0.02929552
v 0.00932269 0.0342798 -0.02082998
v 0.00695117 0.03308758 -0.01520588
v 0.00695117 0.04055195 -0.01692778
v 0.00695117 0.04054479 -0.02167687
v 0.00932269 0.03459485 -0.02929549
v 0.00695117 0.04054258 -0.02740322
v 0.01051965 0.02448858 -0.02929549
v 0.01066828 0.01541018 -0.02929552
v 0.01167886 0.01006594 -0.0191487
v 0.00967202 0.00398773 -0.02911457
v 0.00695117 0.00308831 -0.03653077
v 0.00890451 0.03459485 -0.03653076
v 0.00695117 0.0405432 -0.04230426
v 0.00912797 0.00980078 -0.03631377
v 0.00695117 0.01120611 -0.04208
v 0.00983924 0.02664565 -0.03653076
v 0.00849449 0.02976513 -0.04234116
v 0.00695117 0.04054322 -0.04606115
v 0.00695117 0.03185687 -0.04606115
v 0.00983924 0.01952849 -0.03653079
v 0.00844975 0.01707453 -0.04208
v 0.00695117 0.01661863 -0.044444
v 0.00695117 0.02197538 -0.04555547
v 0.00859205 0.02386708 -0.04208
v 0.00695117 0.02653808 -0.0458011
v 0.00695117 0.01191359 0.05032283
v 0.01225274 0.01191359 0.05032283
v 0.00695117 0.01924978 0.05032281
v 0.01505615 -0.00136167 0.05032281
v 0.00695117 -0.01021185 0.05032281
v 0.01514722 -0.01565773 0.05032282
v 0.01310783 -0.03129652 0.05032281
v 0.00695117 -0.03129652 0.05032281
v 0.00695117 -0.03895705 0.05032279
v -0.00578514 0.12169209 -0.05957398
v -0.00578514 0.14016035 -0.05957398
v -0.00854974 0.14016035 -0.05900906
v -0.00854974 0.12169208 -0.05900906
v -0.01205412 0.12169208 -0.06169805
v -0.01205412 0.14016035 -0.06169806
v -0.01231895 0.12169208 -0.06607744
v -0.01231895 0.14016034 -0.06607744
v -0.00964318 0.12169207 -0.06987219
v -0.00964318 0.14016032 -0.06987219
v -0.01099297 0.14016034 -0.07557669
v -0.01099297 0.12169208 -0.07557668
v -0.00952019 0.14016032 -0.08107317
v -0.00952019 0.12169206 -0.08107317
v -0.00703103 0.14016034 -0.08358586
v -0.00695121 0.12169207 -0.08358587
v -0.00695121 0.12169207 -0.08533466
v -0.00695122 0.06617334 -0.08607887
v -0.00695122 0.06617333 -0.08358585
v -0.00695116 0.06083861 -0.08607887
v -0.00695116 0.06083861 -0.0836845
v -0.00695121 0.06617333 -0.08195883
v -0.00695119 0.06083861 -0.0812565
v -0.00520346 0.06083861 -0.08803378
v -0.00561164 0.06617333 -0.08890533
v -0.00266847 0.06083861 -0.089373
v -0.00266848 0.06617333 -0.09054214
v 0 0.06083861 -0.089373
v -0.00520348 0.12169207 -0.08816113
v -0.00695122 0.137749 -0.08504393
v -0.00520348 0.13783088 -0.08661227
v -0.00524339 0.14016032 -0.08527521
v -0.00266848 0.12169207 -0.08979793
v -0.00266848 0.13791277 -0.0873625
v -0.00266848 0.14016034 -0.08607857
v 0 0.06617334 -0.09054214
v 0 0.12169207 -0.08979793
v 0 0.13791277 -0.08753706
v 0 0.14016032 -0.08634214
v 0.00266848 0.14016034 -0.08607857
v 0.00266848 0.13791277 -0.0873625
v 0.00524339 0.14016032 -0.08527521
v 0.00266848 0.06617333 -0.09054214
v 0.00266847 0.06083861 -0.089373
v 0.00266848 0.12169207 -0.08979793
v 0.00520348 0.13783088 -0.08661227
v 0.00703103 0.14016034 -0.08358586
v 0.00561164 0.06617333 -0.08890533
v 0.00520346 0.06083861 -0.08803378
v 0.00520348 0.12169207 -0.08816113
v 0.00695122 0.06617334 -0.08607887
v 0.00695116 0.06083861 -0.08607887
v 0.00695122 0.137749 -0.08504393
v 0.00695121 0.12169207 -0.08533466
v 0.00695122 0.06617333 -0.08358585
v 0.00695116 0.06083861 -0.0836845
v 0.00695121 0.06617333 -0.08195883
v 0.00695119 0.06083861 -0.0812565
v 0.00695121 0.12169207 -0.08358587
v 0.00952019 0.12169206 -0.08107317
v 0.00952019 0.14016032 -0.08107317
v 0.01099297 0.12169208 -0.07557668
v 0.01099297 0.14016034 -0.07557669
v 0.00952019 0.12169207 -0.0700802
v 0.00952019 0.14016032 -0.0700802
v 0.00578514 0.14016034 -0.06650669
v 0.00578514 0.12169209 -0.0665067
v 0.00654196 0.14016032 -0.06320959
v 0.00654196 0.12169209 -0.06320959
v 0.00578514 0.14016035 -0.05957398
v 0.00578514 0.12169209 -0.05957398
v 0.00311426 0.14016035 -0.05721124
v 0.00311425 0.12169209 -0.0571898
v 0.00541666 0.13143075 -0.0425262
v 0.00541666 0.12169208 -0.04252618
v 0.00541666 0.11910995 -0.03444616
v 0.00541666 0.13143075 -0.0425262
v 0.00695117 0.06617334 -0.04252619
v 0.00513655 0.12941194 -0.03597834
v 0.004876 0.13559189 -0.04252619
v 0.0046777 0.13294059 -0.03683059
v 0.00270053 0.13727253 -0.04252619
v 0.00270053 0.13462123 -0.03707771
v 0 0.13762761 -0.04252619
v 0 0.13497632 -0.03707771
v -0.00270053 0.13462123 -0.03707771
v -0.00270053 0.13727253 -0.04252619
v -0.0046777 0.13294059 -0.03683059
v -0.004876 0.13559189 -0.04252619
v -0.00513655 0.12941194 -0.03597834
v -0.00541666 0.13143075 -0.0425262
v -0.00541666 0.11910995 -0.03444616
v -0.00541666 0.12169208 -0.04252618
v -0.00695117 0.06617334 -0.04252619
v -0.00628427 0.06612084 -0.02947278
v -0.00645874 0.05546518 -0.02847267
v -0.00595332 0.06615925 -0.02586083
v -0.00541666 0.11855739 -0.03293122
v -0.00603047 0.05842275 -0.0248169
v -0.00603047 0.05425896 -0.01884466
v -0.00695117 0.04054479 -0.02167687
v -0.00695117 0.04055195 -0.01692778
v -0.00695117 0.04054258 -0.02740322
v -0.00695117 0.0405432 -0.04230426
v -0.00695117 0.05592129 -0.04243742
v -0.00695117 0.04054322 -0.04606115
v -0.00695117 0.05585188 -0.04722178
v -0.00695117 0.06083861 -0.04516266
v -0.00695117 0.06617334 -0.04446032
v -0.00695117 0.04054322 -0.0496088
v -0.00703523 0.05146959 -0.05068801
v -0.00695118 0.04832298 -0.05608263
v -0.00695117 0.0422346 -0.05608549
v -0.00695117 0.03763786 -0.05374334
v -0.00695117 0.03328823 -0.0493359
v -0.00695117 0.03185687 -0.04606115
v -0.00695117 0.06083861 -0.04516266
v -0.00695117 0.06617334 -0.04446032
v -0.01030591 0.06617334 -0.04535923
v -0.00995474 0.06083861 -0.04596746
v -0.01464699 0.06617335 -0.04856259
v -0.00695117 0.05585188 -0.04722178
v -0.0141479 0.06083861 -0.04906168
v -0.01785036 0.06617334 -0.05290368
v -0.00892518 0.05586743 -0.04775072
v -0.00703523 0.05146959 -0.05068801
v -0.01724212 0.06083861 -0.05325484
v -0.02000815 0.06617335 -0.05784841
v -0.01268466 0.05586743 -0.05052491
v -0.0193264 0.06083861 -0.05803108
v -0.02061182 0.06617334 -0.06320958
v -0.01545886 0.05586743 -0.0542844
v -0.01262211 0.05159858 -0.0559222
v -0.01990949 0.06083861 -0.06320958
v -0.02000815 0.06617335 -0.06857075
v -0.01732757 0.05586743 -0.05856667
v -0.0193264 0.06083861 -0.06838808
v -0.01785036 0.06617334 -0.07351549
v -0.01785036 0.05586743 -0.06320958
v -0.01724212 0.06083861 -0.07316432
v -0.01464699 0.06617334 -0.07785657
v -0.00892518 0.04832299 -0.05805663
v -0.00695118 0.04832298 -0.05608263
v -0.00695119 0.04737883 -0.05919632
v -0.00413187 0.04751411 -0.05601445
v -0.01095219 0.04939266 -0.05956589
v -0.01030591 0.04832299 -0.06320958
v -0.01394997 0.05159858 -0.05936542
v -0.01241596 0.05047851 -0.05958795
v -0.01242385 0.04994814 -0.06320959
v -0.01457475 0.05159859 -0.06320958
v -0.01394889 0.05159858 -0.06705775
v -0.01241596 0.05047851 -0.06683121
v -0.01262211 0.05159857 -0.07049696
v -0.01732757 0.05586743 -0.06785249
v -0.01545886 0.05586743 -0.07213476
v -0.0141479 0.0608386 -0.07735749
v -0.01030591 0.06617334 -0.08105994
v -0.01268466 0.05586744 -0.07589424
v -0.00706326 0.05142662 -0.07566763
v -0.00892518 0.04832299 -0.06836253
v -0.01095219 0.04939265 -0.06685327
v -0.00995474 0.06083861 -0.0804517
v -0.00892518 0.05586743 -0.07866844
v -0.00695119 0.06083861 -0.0812565
v -0.00695121 0.06617333 -0.08195883
v -0.00695121 0.05586743 -0.07919737
v -0.00266848 0.05586743 -0.08034492
v -0.00266848 0.06083861 -0.08240405
v -0.00266848 0.05159857 -0.07706932
v -0.00266848 0.04832299 -0.07280047
v -0.00515295 0.04832299 -0.07213476
v -0.00266811 0.04626416 -0.06782986
v -0.0069512 0.04832298 -0.0703365
v -0.00695119 0.04737884 -0.06722286
v -0.00462001 0.04626385 -0.06587694
v -0.00266848 0.04596718 -0.06475023
v -0.00266848 0.04591284 -0.06320958
v -0.00533473 0.04626386 -0.06320958
v -0.00266848 0.04596718 -0.06166894
v -0.00695119 0.04693341 -0.06320958
v -0.00462001 0.04626385 -0.06054221
v -0.00266811 0.04626416 -0.05858929
v -0.00266848 0.04731111 -0.05606503
v -0.00266848 0.06083863 -0.08034492
v -0.00266848 0.05586743 -0.08034492
v -0.00266848 0.06083861 -0.08240405
v -0.00266848 0.06083859 -0.07706932
v -0.00266848 0.05159857 -0.07706932
v -0.00266848 0.06083856 -0.07280048
v -0.00266848 0.04832299 -0.07280047
v -0.00266811 0.06083854 -0.06782986
v -0.00266811 0.04626416 -0.06782986
v -0.00266848 0.06083853 -0.06320958
v -0.00266848 0.04596718 -0.06475023
v -0.00266848 0.04591284 -0.06320958
v -0.00266848 0.04596718 -0.06166894
v -0.00266811 0.06083855 -0.0585893
v -0.00266811 0.04626416 -0.05858929
v -0.00266848 0.0608386 -0.05606503
v -0.00266848 0.04731111 -0.05606503
v -0.00266848 0.06083865 -0.04194948
v -0.00266848 0.04731111 -0.04194947
v -0.00266848 0.0405432 -0.04194947
v -0.00266848 0.0422346 -0.05608549
v -0.00266847 0.03716953 -0.04194945
v -0.00266847 0.03763786 -0.05374334
v -0.00266847 0.03238439 -0.04194939
v -0.00266848 0.03328823 -0.0493359
v -0.00266847 0.03185687 -0.04606115
v -0.00695121 0.12169207 -0.08358587
v -0.00695122 0.06617333 -0.08358585
v -0.00266848 0.12169207 -0.08509688
v -0.00266848 0.06617334 -0.08509687
v 0 0.12169207 -0.08509688
v 0 0.06617333 -0.08533465
v 0.00266848 0.06617334 -0.08509687
v 0.00266848 0.12169207 -0.08509688
v 0.00695122 0.06617333 -0.08358585
v 0.00695121 0.12169207 -0.08358587
v -0.00695116 0.06083861 -0.08607887
v -0.00520346 0.06083861 -0.08803378
v -0.00266847 0.06083861 -0.089373
v -0.00266847 0.06083861 -0.08519552
v 0 0.06083861 -0.089373
v -0.00695116 0.06083861 -0.0836845
v 0.00266847 0.06083861 -0.08519552
v 0.00266847 0.06083861 -0.089373
v -0.00266848 0.06083861 -0.08240405
v -0.00695119 0.06083861 -0.0812565
v 0.00266848 0.06083861 -0.08240405
v -0.00266848 0.06083863 -0.08034492
v 0.00695116 0.06083861 -0.08607887
v 0.00520346 0.06083861 -0.08803378
v 0.00695116 0.06083861 -0.0836845
v 0.00695119 0.06083861 -0.0812565
v 0.00266848 0.06083863 -0.08034492
v -0.00266848 0.06083859 -0.07706932
v 0.00266848 0.06083859 -0.07706932
v -0.00266848 0.06083856 -0.07280048
v 0.00266848 0.06083856 -0.07280048
v -0.00266811 0.06083854 -0.06782986
v 0.00266811 0.06083854 -0.06782986
v -0.00266848 0.06083853 -0.06320958
v 0.00266848 0.06083853 -0.06320958
v 0.00266811 0.06083855 -0.0585893
v -0.00266811 0.06083855 -0.0585893
v 0.00266848 0.0608386 -0.05606503
v -0.00266848 0.0608386 -0.05606503
v -0.00266848 0.06083865 -0.04194948
v 0.00266848 0.06083865 -0.04194948
v 0 0.12169208 -0.04252618
v -0.00541666 0.12169208 -0.04252618
v -0.00311425 0.12169209 -0.0571898
v 0 0.12169209 -0.056742
v 0 0.12169209 -0.06320959
v -0.00578514 0.12169209 -0.05957398
v 0.00311425 0.12169209 -0.0571898
v 0.00541666 0.12169208 -0.04252618
v 0.00578514 0.12169209 -0.05957398
v 0.00654196 0.12169209 -0.06320959
v 0.00578514 0.12169209 -0.0665067
v -0.00654196 0.12169209 -0.06320959
v -0.00784731 0.12169208 -0.06408017
v -0.00854974 0.12169208 -0.05900906
v -0.01205412 0.12169208 -0.06169805
v -0.01231895 0.12169208 -0.06607744
v -0.00964318 0.12169207 -0.06987219
v -0.00578514 0.12169209 -0.0665067
v 0 0.12169209 -0.06595784
v 0 0.12169208 -0.07557668
v -0.01099297 0.12169208 -0.07557668
v 0.00952019 0.12169207 -0.0700802
v -0.00952019 0.12169206 -0.08107317
v 0.01099297 0.12169208 -0.07557668
v -0.00695121 0.12169207 -0.08358587
v 0.00952019 0.12169206 -0.08107317
v -0.00266848 0.12169207 -0.08509688
v 0.00695121 0.12169207 -0.08358587
v 0 0.12169207 -0.08509688
v 0.00266848 0.12169207 -0.08509688
v -0.0046777 0.13294059 -0.03683059
v -0.00513655 0.12941194 -0.03597834
v -0.00270053 0.13462123 -0.03707771
v -0.00266848 0.12941194 -0.03597834
v -0.00541666 0.11910995 -0.03444616
v -0.00266848 0.11910995 -0.03444616
v 0 0.13497632 -0.03707771
v 0 0.12941194 -0.03597834
v 0 0.11910995 -0.03444616
v 0.00266848 0.11910995 -0.03444616
v 0.00266848 0.12941194 -0.03597834
v 0.00541666 0.11910995 -0.03444616
v 0.00270053 0.13462123 -0.03707771
v 0.00513655 0.12941194 -0.03597834
v 0.0046777 0.13294059 -0.03683059
v -0.00541666 0.13143075 -0.0425262
v -0.004876 0.13559189 -0.04252619
v -0.00266848 0.13143075 -0.0425262
v -0.00270053 0.13727253 -0.04252619
v 0 0.13143075 -0.0425262
v 0 0.13762761 -0.04252619
v 0.00270053 0.13727253 -0.04252619
v 0.00266848 0.13143075 -0.0425262
v 0.004876 0.13559189 -0.04252619
v 0.00541666 0.13143075 -0.0425262
v -0.00695117 0.06617334 -0.04252619
v -0.00541666 0.12169208 -0.04252618
v 0 0.06617334 -0.04252619
v 0 0.12169208 -0.04252618
v 0.00541666 0.12169208 -0.04252618
v 0.00695117 0.06617334 -0.04252619
v -0.00695117 0.06617334 -0.04446032
v -0.00695117 0.06617334 -0.04252619
v 0 0.06617334 -0.04252619
v -0.00695118 0.06617337 -0.05260682
v -0.01030591 0.06617334 -0.04535923
v -0.01464699 0.06617335 -0.04856259
v -0.00940524 0.06617337 -0.05435158
v 0 0.06617342 -0.06320958
v 0 0.06617337 -0.0503592
v -0.01112875 0.06617337 -0.05678439
v -0.01785036 0.06617334 -0.05290368
v -0.02000815 0.06617335 -0.05784841
v 0.00695118 0.06617337 -0.05260682
v -0.01247403 0.06617337 -0.05986718
v -0.01285038 0.06617335 -0.06320958
v -0.02061182 0.06617334 -0.06320958
v -0.02000815 0.06617335 -0.06857075
v 0.00695117 0.06617334 -0.04446032
v 0.00695117 0.06617334 -0.04252619
v 0.01030591 0.06617334 -0.04535923
v 0.01464699 0.06617335 -0.04856259
v 0.00940524 0.06617337 -0.05435158
v 0.01785036 0.06617334 -0.05290368
v 0.01112875 0.06617337 -0.05678439
v 0.02000815 0.06617335 -0.05784841
v -0.01247403 0.06617337 -0.06655199
v 0.01247403 0.06617337 -0.05986718
v -0.01112875 0.06617337 -0.06963477
v -0.01785036 0.06617334 -0.07351549
v 0.02061182 0.06617334 -0.06320958
v -0.01464699 0.06617334 -0.07785657
v 0.01285038 0.06617335 -0.06320958
v 0.02000815 0.06617335 -0.06857075
v 0.01247403 0.06617337 -0.06655199
v 0.01785036 0.06617334 -0.07351549
v 0.01112875 0.06617337 -0.06963477
v 0.01464699 0.06617334 -0.07785657
v 0.00940526 0.06617336 -0.07206756
v 0.01030591 0.06617334 -0.08105994
v 0.0069512 0.06617336 -0.07381232
v 0.00695121 0.06617333 -0.08195883
v 0 0.06617336 -0.07605996
v -0.0069512 0.06617336 -0.07381232
v -0.00940526 0.06617336 -0.07206756
v -0.01030591 0.06617334 -0.08105994
v -0.00695121 0.06617333 -0.08195883
v 0 0.06617333 -0.08371047
v 0.00266848 0.06617334 -0.08509687
v 0.00695122 0.06617333 -0.08358585
v 0 0.06617333 -0.08533465
v -0.00266848 0.06617334 -0.08509687
v -0.00695122 0.06617333 -0.08358585
v -0.00695118 0.04832298 -0.05608263
v -0.00413187 0.04751411 -0.05601445
v -0.00695117 0.0422346 -0.05608549
v -0.00266848 0.0422346 -0.05608549
v -0.00266848 0.04731111 -0.05606503
v -0.00266847 0.03763786 -0.05374334
v -0.00695117 0.03763786 -0.05374334
v -0.00266848 0.03328823 -0.0493359
v -0.00695117 0.03328823 -0.0493359
v -0.00266847 0.03185687 -0.04606115
v -0.00695117 0.03185687 -0.04606115
v -0.00541666 0.11910995 -0.03444616
v -0.00541666 0.11855739 -0.03293122
v -0.00266848 0.11910995 -0.03444616
v -0.00266848 0.11855739 -0.03293122
v 0 0.11910995 -0.03444616
v 0.00266848 0.11855739 -0.03293122
v 0.00266848 0.11910995 -0.03444616
v 0.00541666 0.11855739 -0.03293122
v 0.00541666 0.11910995 -0.03444616
v -0.00695117 0.04055195 -0.01692778
v -0.00266842 0.04055195 -0.01692778
v -0.00266845 0.05425896 -0.01884466
v -0.00603047 0.05425896 -0.01884466
v -0.00266847 0.05842275 -0.0248169
v -0.00603047 0.05842275 -0.0248169
v 0.00266847 0.05842275 -0.0248169
v 0.00266845 0.05425896 -0.01884466
v -0.00266847 0.06615925 -0.02586083
v -0.00595332 0.06615925 -0.02586083
v 0.00603047 0.05425896 -0.01884466
v 0.00266842 0.04055195 -0.01692778
v 0.00695117 0.04055195 -0.01692778
v 0.00603047 0.05842275 -0.0248169
v 0.00266847 0.06611008 -0.02585419
v 0.0059515 0.06615925 -0.02586083
v 0.00266847 0.07996316 -0.02772348
v 0.00266848 0.09185072 -0.02932754
v -0.00266847 0.07996316 -0.02772348
v -0.00266848 0.09185072 -0.02932754
v -0.00695117 0.04055195 -0.01692778
v -0.00695117 0.03308758 -0.01520588
v -0.00266842 0.04055195 -0.01692778
v -0.00274825 0.03308758 -0.01520588
v 0.00266842 0.04055195 -0.01692778
v -0.00278019 0.02811672 -0.01292393
v -0.00695117 0.02811672 -0.01292393
v 0.00274825 0.03308758 -0.01520588
v -0.00282809 0.02250132 -0.00712716
v -0.00695117 0.02250132 -0.00712716
v -0.00695117 0.01830429 0.00220974
v 0.00695117 0.03308758 -0.01520588
v 0.00695117 0.04055195 -0.01692778
v 0.00278019 0.02811672 -0.01292393
v 0.00695117 0.02811672 -0.01292393
v 0.00282809 0.02250132 -0.00712716
v 0.00695117 0.02250132 -0.00712716
v 0.00695117 0.01830429 0.00220974
v -0.00266837 0.01830429 0.00220974
v -0.00695117 0.01602057 0.01848321
v 0.00266837 0.01830429 0.00220974
v 0.00695117 0.01602057 0.01848321
v -0.00266845 0.01602057 0.01848321
v -0.00695117 0.01616288 0.03064967
v 0.00266845 0.01602057 0.01848321
v 0.00695117 0.01616288 0.03064967
v -0.00266845 0.01616288 0.03064967
v -0.00695117 0.01721756 0.04189649
v 0.00266845 0.01616288 0.03064967
v 0.00695117 0.01721756 0.04189649
v -0.00266845 0.01721756 0.04189647
v -0.00695117 0.01924978 0.05032281
v -0.00266845 0.01924978 0.05032281
v 0.00266845 0.01721756 0.04189647
v 0.00695117 0.01924978 0.05032281
v 0.00266845 0.01924978 0.05032281
v -0.00695117 0.01924978 0.05032281
v -0.00695117 0.01191359 0.05032283
v -0.00266845 0.01924978 0.05032281
v -0.00266845 0.01191359 0.05032283
v -0.00695117 -0.01021185 0.05032281
v 0.00266845 0.01924978 0.05032281
v -0.00266845 -0.01021185 0.05032281
v -0.00695117 -0.03129652 0.05032281
v 0.00266845 0.01191359 0.05032283
v -0.00266845 -0.03129652 0.05032281
v -0.00695117 -0.03895705 0.05032279
v -0.00266845 -0.03895705 0.05032279
v 0.00695117 0.01191359 0.05032283
v 0.00695117 0.01924978 0.05032281
v 0.00695117 -0.01021185 0.05032281
v 0.00266845 -0.01021185 0.05032281
v 0.00695117 -0.03129652 0.05032281
v 0.00266845 -0.03129652 0.05032281
v 0.00266845 -0.03895705 0.05032279
v 0.00695117 -0.03895705 0.05032279
v -0.00695117 -0.03895705 0.05032279
v -0.00695117 -0.03679785 0.04189646
v -0.00266845 -0.03895705 0.05032279
v -0.00266845 -0.03679785 0.04189646
v -0.00695117 -0.0336031 0.03064964
v 0.00266845 -0.03895705 0.05032279
v -0.00266845 -0.0336031 0.03064964
v -0.00695117 -0.03021436 0.01848321
v 0.00266845 -0.03679785 0.04189646
v -0.00266845 -0.03021436 0.01848321
v -0.00695117 -0.02448468 0.00219468
v 0.00695117 -0.03679785 0.04189646
v 0.00695117 -0.03895705 0.05032279
v 0.00695117 -0.0336031 0.03064964
v 0.00266845 -0.0336031 0.03064964
v 0.00695117 -0.03021436 0.01848321
v 0.00266845 -0.03021436 0.01848321
v 0.00695117 -0.02448468 0.00219468
v -0.00266845 -0.02448468 0.00219468
v -0.00695117 -0.01809613 -0.01022158
v 0.00266845 -0.02448468 0.00219468
v 0.00695117 -0.01809613 -0.01022158
v -0.00266845 -0.01809613 -0.01022158
v -0.00695117 -0.01209582 -0.02020229
v 0.00266845 -0.01809613 -0.01022158
v 0.00695117 -0.01209582 -0.02020229
v -0.00266845 -0.01209582 -0.02020229
v -0.00695117 -0.00435683 -0.02929552
v 0.00266845 -0.01209582 -0.02020229
v 0.00695117 -0.00435683 -0.02929552
v -0.00266845 -0.00435683 -0.02929552
v -0.00695117 0.00308831 -0.03653077
v 0.00266845 -0.00435683 -0.02929552
v 0.00695117 0.00308831 -0.03653077
v -0.00266845 0.00308831 -0.03653077
v -0.00695117 0.01120611 -0.04208
v 0.00266845 0.00308831 -0.03653077
v 0.00695117 0.01120611 -0.04208
v -0.00266845 0.01120611 -0.04208
v -0.00695117 0.01661863 -0.044444
v 0.00266845 0.01120611 -0.04208
v 0.00695117 0.01661863 -0.044444
v -0.00266845 0.01661863 -0.044444
v -0.00695117 0.02197538 -0.04555547
v 0.00266845 0.01661863 -0.044444
v 0.00695117 0.02197538 -0.04555547
v -0.00266845 0.02197538 -0.04555547
v -0.00695117 0.02653808 -0.0458011
v 0.00266845 0.02197538 -0.04555547
v 0.00695117 0.02653808 -0.0458011
v -0.00266846 0.02653807 -0.04580111
v -0.00695117 0.03185687 -0.04606115
v -0.00266847 0.03185687 -0.04606115
v 0.00266846 0.02653807 -0.04580111
v 0.00695117 0.03185687 -0.04606115
v 0.00266847 0.03185687 -0.04606115
v -0.00578514 0.14016035 -0.05957398
v -0.00578514 0.12169209 -0.05957398
v -0.00311426 0.14016035 -0.05721124
v -0.00311425 0.12169209 -0.0571898
v -0.00541666 0.13143075 -0.0425262
v 0.00695117 0.06617334 -0.04446032
v 0.00695117 0.06083861 -0.04516266
v 0.01030591 0.06617334 -0.04535923
v 0.00995474 0.06083861 -0.04596746
v 0.00695117 0.05585188 -0.04722178
v 0.0141479 0.06083861 -0.04906168
v 0.01464699 0.06617335 -0.04856259
v 0.01785036 0.06617334 -0.05290368
v 0.00892518 0.05586743 -0.04775072
v 0.00703523 0.05146959 -0.05068801
v 0.01268466 0.05586743 -0.05052491
v 0.01262211 0.05159858 -0.0559222
v 0.00695118 0.04832298 -0.05608263
v 0.01724212 0.06083861 -0.05325484
v 0.01545886 0.05586743 -0.0542844
v 0.0193264 0.06083861 -0.05803108
v 0.02000815 0.06617335 -0.05784841
v 0.02061182 0.06617334 -0.06320958
v 0.01732757 0.05586743 -0.05856667
v 0.01990949 0.06083861 -0.06320958
v 0.0193264 0.06083861 -0.06838808
v 0.02000815 0.06617335 -0.06857075
v 0.01785036 0.06617334 -0.07351549
v 0.01785036 0.05586743 -0.06320958
v 0.01732757 0.05586743 -0.06785249
v 0.01457475 0.05159859 -0.06320958
v 0.01262211 0.05159857 -0.07049696
v 0.01724212 0.06083861 -0.07316432
v 0.01102732 0.04887654 -0.06320958
v 0.0141479 0.0608386 -0.07735749
v 0.01464699 0.06617334 -0.07785657
v 0.01030591 0.06617334 -0.08105994
v 0.01545886 0.05586743 -0.07213476
v 0.01268466 0.05586744 -0.07589424
v 0.00706326 0.05142662 -0.07566763
v 0.00995474 0.06083861 -0.0804517
v 0.00892518 0.04832299 -0.05805663
v 0.00892518 0.05586743 -0.07866844
v 0.00695119 0.06083861 -0.0812565
v 0.00695121 0.06617333 -0.08195883
v 0.00695121 0.05586743 -0.07919737
v 0.00266848 0.05586743 -0.08034492
v 0.00266848 0.06083861 -0.08240405
v 0.00266848 0.05159857 -0.07706932
v 0.00266848 0.04832299 -0.07280047
v 0.00515295 0.04832299 -0.07213476
v 0.00266811 0.04626416 -0.06782986
v 0.0069512 0.04832298 -0.0703365
v 0.00892518 0.04832299 -0.06836253
v 0.00695119 0.04737884 -0.06722286
v 0.00695119 0.04693341 -0.06320958
v 0.00462001 0.04626385 -0.06587694
v 0.00266848 0.04596718 -0.06475023
v 0.00266848 0.04591284 -0.06320958
v 0.00533473 0.04626386 -0.06320958
v 0.00695119 0.04737883 -0.05919632
v 0.00462001 0.04626385 -0.06054221
v 0.00266848 0.04596718 -0.06166894
v 0.00266811 0.04626416 -0.05858929
v 0.00413187 0.04751411 -0.05601445
v 0.00266848 0.04731111 -0.05606503
v 0.00266848 0.05586743 -0.08034492
v 0.00266848 0.06083863 -0.08034492
v 0.00266848 0.06083861 -0.08240405
v 0.00266848 0.06083859 -0.07706932
v 0.00266848 0.05159857 -0.07706932
v 0.00266848 0.06083856 -0.07280048
v 0.00266848 0.04832299 -0.07280047
v 0.00266811 0.06083854 -0.06782986
v 0.00266811 0.04626416 -0.06782986
v 0.00266848 0.06083853 -0.06320958
v 0.00266848 0.04596718 -0.06475023
v 0.00266848 0.04591284 -0.06320958
v 0.00266848 0.04596718 -0.06166894
v 0.00266811 0.06083855 -0.0585893
v 0.00266811 0.04626416 -0.05858929
v 0.00266848 0.0608386 -0.05606503
v 0.00266848 0.04731111 -0.05606503
v 0.00266848 0.06083865 -0.04194948
v 0.00266848 0.04731111 -0.04194947
v 0.00266848 0.0405432 -0.04194947
v 0.00266848 0.0422346 -0.05608549
v 0.00266847 0.03716953 -0.04194945
v 0.00266847 0.03763786 -0.05374334
v 0.00266848 0.03328823 -0.0493359
v 0.00266847 0.03238439 -0.04194939
v 0.00266847 0.03185687 -0.04606115
v 0.00695117 0.06617334 -0.04446032
v 0.00695117 0.06083861 -0.04516266
v 0.00695117 0.05592129 -0.04243742
v 0.00695117 0.05585188 -0.04722178
v 0.00645874 0.05546518 -0.02847267
v 0.00597182 0.06615721 -0.02947619
v 0.0059515 0.06615925 -0.02586083
v 0.00541666 0.11855739 -0.03293122
v 0.00603047 0.05842275 -0.0248169
v 0.00603047 0.05425896 -0.01884466
v 0.00695117 0.04054479 -0.02167687
v 0.00695117 0.04055195 -0.01692778
v 0.00695117 0.04054258 -0.02740322
v 0.00695117 0.0405432 -0.04230426
v 0.00695117 0.04054322 -0.04606115
v 0.00695117 0.04054322 -0.0496088
v 0.00703523 0.05146959 -0.05068801
v 0.00695118 0.04832298 -0.05608263
v 0.00695117 0.0422346 -0.05608549
v 0.00695117 0.03763786 -0.05374334
v 0.00695117 0.03328823 -0.0493359
v 0.00695117 0.03185687 -0.04606115
v 0.00266847 0.03238439 -0.04194939
v -0.00266847 0.03238439 -0.04194939
v 0.00266847 0.03716953 -0.04194945
v -0.00266847 0.03716953 -0.04194945
v -0.00266848 0.0405432 -0.04194947
v 0.00266848 0.0405432 -0.04194947
v -0.00266848 0.04731111 -0.04194947
v 0.00266848 0.04731111 -0.04194947
v 0.00413187 0.04751411 -0.05601445
v 0.00695118 0.04832298 -0.05608263
v 0.00695117 0.0422346 -0.05608549
v 0.00266848 0.0422346 -0.05608549
v 0.00266848 0.04731111 -0.05606503
v 0.00266847 0.03763786 -0.05374334
v 0.00695117 0.03763786 -0.05374334
v 0.00266848 0.03328823 -0.0493359
v 0.00695117 0.03328823 -0.0493359
v 0.00266847 0.03185687 -0.04606115
v 0.00695117 0.03185687 -0.04606115
v 0.00266847 0.03185687 -0.04606115
v -0.00266847 0.03185687 -0.04606115
v -0.00947747 0.06527073 -0.06011781
v -0.01262211 0.06527077 -0.0559222
v -0.01262211 0.05159858 -0.0559222
v -0.01241596 0.05047851 -0.05958795
v -0.00829308 0.06527073 -0.06320959
v -0.01242385 0.04994814 -0.06320959
v -0.00947747 0.06527074 -0.06630136
v -0.01241596 0.05047851 -0.06683121
v -0.01262211 0.06527077 -0.07049696
v -0.01262211 0.05159857 -0.07049696
v -0.01262211 0.05159858 -0.0559222
v -0.01262211 0.06527077 -0.0559222
v -0.00947747 0.06527073 -0.06011781
v -0.01095219 0.04939266 -0.05956589
v -0.01030591 0.04832299 -0.06320958
v -0.00829308 0.06527073 -0.06320959
v -0.00947747 0.06527074 -0.06630136
v -0.01095219 0.04939265 -0.06685327
v 0 0.06720035 -0.04263781
v 0 0.06720035 -0.06320958
v 0.00533473 0.06720035 -0.04330009
v 0.01028803 0.06720035 -0.0453902
v -0.00533473 0.06720035 -0.04330009
v 0.01457476 0.06720035 -0.04863483
v -0.01028803 0.06720035 -0.0453902
v 0.01781567 0.06720035 -0.0529237
v -0.01457475 0.06720035 -0.04863483
v 0.01990948 0.06720035 -0.05787485
v -0.01781567 0.06720035 -0.0529237
v 0.02057605 0.06720035 -0.06320958
v -0.01990949 0.06720035 -0.05787484
v 0.01990949 0.06720035 -0.06854431
v -0.02057605 0.06720035 -0.06320958
v 0.01781567 0.06720035 -0.07349547
v -0.01990948 0.06720035 -0.06854431
v 0.01457475 0.06720035 -0.07778434
v -0.01781567 0.06720035 -0.07349547
v 0.01028802 0.06720035 -0.08102896
v -0.01457476 0.06720035 -0.07778434
v 0.00533473 0.06720035 -0.08311907
v -0.01028803 0.06720035 -0.08102896
v 0 0.06720035 -0.08378135
v -0.00533473 0.06720035 -0.08311907
v 0.01781567 0.12015615 -0.0529237
v 0 0.12015615 -0.06320959
v 0.01457475 0.12015615 -0.04863483
v 0.01195259 0.12015615 -0.04942078
v 0.01990948 0.12015615 -0.05787485
v 0.00960891 0.12015615 -0.04906281
v 0.01791776 0.12015615 -0.05975276
v 0.00744702 0.12015615 -0.04781463
v 0.01705594 0.12015615 -0.06196142
v 0.00596517 0.12015616 -0.04596394
v 0.01705594 0.12015615 -0.06445776
v 0.00533473 0.12015616 -0.0433001
v 0.01791776 0.12015615 -0.06666642
v -0 0.12015616 -0.04263782
v 0.01990949 0.12015615 -0.06854432
v -0.00533473 0.12015616 -0.0433001
v 0.01781567 0.12015615 -0.07349548
v -0.00596517 0.12015616 -0.04596394
v 0.01457476 0.12015615 -0.07778434
v -0.00744702 0.12015615 -0.04781463
v 0.01195259 0.12015615 -0.0769984
v -0.00960891 0.12015615 -0.04906281
v 0.00960891 0.12015615 -0.07735637
v -0.01195259 0.12015615 -0.04942078
v 0.00744702 0.12015615 -0.07860455
v -0.01457476 0.12015615 -0.04863484
v 0.00596517 0.12015615 -0.08045524
v -0.01781567 0.12015615 -0.0529237
v 0.00533473 0.12015615 -0.08311908
v -0.01990949 0.12015615 -0.05787486
v 0 0.12015615 -0.08378136
v -0.01791776 0.12015615 -0.05975276
v -0.00533473 0.12015615 -0.08311908
v -0.01705594 0.12015615 -0.06196142
v -0.00596517 0.12015615 -0.08045524
v -0.01705594 0.12015615 -0.06445776
v -0.00744702 0.12015615 -0.07860455
v -0.01791776 0.12015615 -0.06666642
v -0.00960891 0.12015615 -0.07735637
v -0.01990948 0.12015615 -0.06854432
v -0.01195259 0.12015615 -0.0769984
v -0.01781567 0.12015615 -0.07349548
v -0.01457475 0.12015615 -0.07778435
v -0.00480943 0.26388592 -0.06724654
v -0.00344564 0.26388592 -0.06960867
v -0.00596803 0.26388592 -0.07213106
v 0 0.26388592 -0.06868542
v -0.00833017 0.26388592 -0.07076728
v -0 0.26388592 -0.06595786
v -0.00961885 0.26388592 -0.07557671
v 0.00344564 0.26388592 -0.06960867
v -0.00689129 0.26388592 -0.07557671
v 0.00480942 0.26388592 -0.06724654
v -0.00833017 0.26388592 -0.08038613
v 0.00596803 0.26388592 -0.07213106
v -0.00596803 0.2638859 -0.07902235
v 0.00833016 0.26388592 -0.07076728
v -0.00480943 0.26388592 -0.08390687
v 0.00689129 0.26388592 -0.07557671
v -0.00344564 0.26388592 -0.08154473
v 0.00961884 0.26388592 -0.07557671
v -0 0.26388592 -0.08519555
v 0.00596803 0.2638859 -0.07902235
v 0 0.26388592 -0.08246799
v 0.00833016 0.26388592 -0.08038613
v 0.00480942 0.26388592 -0.08390687
v 0.00344564 0.26388592 -0.08154473
v 0.00344564 0.23154627 -0.08154473
v 0 0.23154627 -0.0755767
v 0.00596803 0.23154625 -0.07902234
v 0.00689129 0.23154627 -0.0755767
v 0 0.23154627 -0.08246799
v 0.00596803 0.23154627 -0.07213106
v -0.00344564 0.23154627 -0.08154473
v 0.00344564 0.23154627 -0.06960867
v -0.00596803 0.23154625 -0.07902234
v 0 0.23154627 -0.06868542
v -0.00689129 0.23154627 -0.0755767
v -0.00344564 0.23154627 -0.06960867
v -0.00596803 0.23154627 -0.07213106
v 0 0.14016035 -0.05676345
v -0.0016922 0.14016035 -0.05676345
v 0 0.14016032 -0.06320959
v -0.00311426 0.14016035 -0.05721124
v -0.00578514 0.14016035 -0.05957398
v 0.0016922 0.14016035 -0.05676345
v 0.00311426 0.14016035 -0.05721124
v 0.00578514 0.14016035 -0.05957398
v 0.00654196 0.14016032 -0.06320959
v 0 0.14016034 -0.06595784
v 0.00578514 0.14016034 -0.06650669
v 0 0.14016034 -0.07557669
v 0.00952019 0.14016032 -0.0700802
v 0.01099297 0.14016034 -0.07557669
v 0.00952019 0.14016032 -0.08107317
v 0.00703103 0.14016034 -0.08358586
v 0.00524339 0.14016032 -0.08527521
v 0.00266848 0.14016034 -0.08607857
v 0 0.14016032 -0.08634214
v -0.00266848 0.14016034 -0.08607857
v -0.00524339 0.14016032 -0.08527521
v -0.00703103 0.14016034 -0.08358586
v -0.00952019 0.14016032 -0.08107317
v -0.01099297 0.14016034 -0.07557669
v -0.00964318 0.14016032 -0.06987219
v -0.00578514 0.14016034 -0.06650669
v -0.00654196 0.14016032 -0.06320959
v -0.00784731 0.14016035 -0.06408016
v -0.01231895 0.14016034 -0.06607744
v -0.00854974 0.14016035 -0.05900906
v -0.01205412 0.14016035 -0.06169806
v -0.00059187 0.15069655 -0.06463849
v 0.00059187 0.15069655 -0.06463849
v 0.00105171 0.14966532 -0.06574863
v 0 0.15103342 -0.06320959
v -0.0010517 0.14966534 -0.06574863
v 0.00253905 0.14966533 -0.0642613
v -0.0014289 0.15069655 -0.06380146
v -0.00253904 0.14966533 -0.0642613
v 0.00142891 0.15069655 -0.06380146
v 0.00253905 0.14966533 -0.06215788
v -0.0014289 0.15069655 -0.06261772
v -0.00253904 0.14966533 -0.06215788
v 0.0014289 0.15069655 -0.06261772
v 0.00105171 0.14966533 -0.06067054
v -0.00059187 0.15069655 -0.06178069
v -0.0010517 0.14966533 -0.06067054
v 0.00059187 0.15069655 -0.06178069
v -0.00046906 0.06595634 -0.07670907
v 0.00046906 0.06595636 -0.07670908
v 0.00083348 0.06412654 -0.07758887
v 0 0.0672359 -0.07557666
v -0.00083348 0.06412654 -0.07758887
v 0.0020122 0.06412654 -0.07641015
v -0.00113241 0.06595636 -0.07604573
v -0.0020122 0.06412654 -0.07641015
v 0.00113241 0.06595636 -0.07604573
v 0.0020122 0.06412654 -0.0747432
v -0.00113241 0.06595636 -0.07510761
v -0.00201219 0.06412654 -0.0747432
v 0.00113241 0.06595636 -0.07510761
v 0.00083348 0.06412654 -0.07356448
v -0.00046906 0.06595636 -0.07444427
v -0.00083348 0.06412654 -0.07356448
v 0.00046906 0.06595635 -0.07444426
vn 0.35365 -0.93536 0.00488
vn 0.1232 -0.99238 0
vn 2E-05 -1 -1E-05
vn 2E-05 -1 1E-05
vn -0 -1 -0
vn 0.25844 -0.96603 0
vn -2E-05 -1 0
vn -0.25844 -0.96603 -0
vn 0.24978 -0.9683 9E-05
vn 0.49997 -0.86596 0.01219
vn 0.5 -0.86603 0
vn 0.70739 -0.70683 0
vn -0.24978 -0.9683 9E-05
vn -0.49997 -0.86596 0.01219
vn -0.5 -0.86603 -0
vn -0.70739 -0.70683 -0
vn 0.35367 -0.93536 0.00486
vn -0.35375 -0.93533 0.00489
vn -2E-05 -1 -1E-05
vn -0.1232 -0.99238 -0
vn 0.71368 -0.70047 9E-05
vn 0.86603 -0.5 -0
vn 0.86603 -0.5 -0
vn 0.96582 -0.2592 -0
vn -0.71369 -0.70047 9E-05
vn -0.86601 -0.50002 1E-05
vn -0.86601 -0.50002 1E-05
vn -0.63314 -0.77402 0.00489
vn -0.86601 -0.50002 -1E-05
vn -0.79783 -0.60288 -0
vn 0.96346 -0.26784 9E-05
vn 0.99993 0 0.01219
vn 1 -0 -0
vn 0.96582 0.2592 0
vn -0.39309 -0.88592 0.24624
vn -0.46082 -0.79817 0.38804
vn -0.29966 -0.91737 0.262
vn 0.00897 -0.99901 0.04366
vn 0.02108 -0.99978 5E-05
vn 0.31681 -0.94848 -0.00387
vn -0.49955 -0.86524 0.04262
vn -0.32519 -0.94564 0.00268
vn -0.65634 -0.75446 0.00264
vn -0.86964 -0.49175 0.04365
vn -0.87638 -0.48163 4E-05
vn -0.57068 -0.78338 0.24624
vn -0.64463 -0.7182 0.26201
vn -0.97981 -0.19987 -0.00387
vn 0.63318 -0.77399 0.00488
vn -0.31682 -0.94848 -0.00387
vn -0.02109 -0.99978 4E-05
vn -0.00898 -0.99901 0.04366
vn 0.32521 -0.94564 0.00264
vn 0.49954 -0.86524 0.04262
vn 0.46082 -0.79817 0.38804
vn 0.65636 -0.75444 0.00268
vn 0.87637 -0.48163 5E-05
vn 0.86964 -0.49175 0.04366
vn 0.97981 -0.19987 -0.00387
vn 0.64463 -0.7182 0.262
vn 0.57069 -0.78338 0.24623
vn 0.29966 -0.91736 0.262
vn 0.39309 -0.88592 0.24623
vn 0.86603 -0.5 -0
vn 0.79783 -0.60288 -0
vn 0.98688 -0.16136 0.00488
vn 0.92103 -0.3895 -0
vn 0.94429 0.19918 0.26199
vn 0.96377 0.10254 0.24623
vn 0.92166 0 0.388
vn 0.86068 0.50727 0.04366
vn 0.85529 0.51814 5E-05
vn 0.66301 0.7486 -0.00387
vn 0.99909 -0 0.04262
vn 0.98155 0.1912 0.00268
vn 0.98155 -0.19118 0.00264
vn 0.86069 -0.50726 0.04365
vn 0.85529 -0.51815 4E-05
vn 0.98689 0.16131 0.00489
vn 0.663 -0.74861 -0.00387
vn 0.94429 -0.19917 0.262
vn 0.96377 -0.10253 0.24624
vn 0.96346 0.26784 9E-05
vn 0.86603 0.5 0
vn 0.86603 0.5 0
vn 0.70739 0.70683 0
vn 0.86603 0.5 0
vn 0.92103 0.3895 0
vn 0.63318 0.77399 0.00488
vn 0.79783 0.60289 0
vn 0.71368 0.70047 9E-05
vn 0.49996 0.86596 0.01219
vn 0.5 0.86603 -0
vn 0.25844 0.96603 -0
vn 0.29965 0.91737 0.26199
vn 0.39309 0.88592 0.24624
vn 0.46081 0.79815 0.38808
vn -0.00897 0.99901 0.04366
vn -0.02109 0.99978 5E-05
vn -0.31681 0.94848 -0.00387
vn 0.49955 0.86524 0.04262
vn 0.32519 0.94564 0.00268
vn 0.65635 0.75446 0.00264
vn 0.86964 0.49175 0.04365
vn 0.87638 0.48163 4E-05
vn 0.3537 0.93535 0.00488
vn 0.97981 0.19987 -0.00387
vn 0.64463 0.7182 0.262
vn 0.57068 0.78338 0.24623
vn 0.24978 0.9683 9E-05
vn 0 1 0
vn 0 1 -0
vn -0.25844 0.96603 0
vn 0 1 -0
vn 0.1232 0.99238 -0
vn -0.3537 0.93535 0.00488
vn -0.1232 0.99238 0
vn -0.24978 0.9683 9E-05
vn -0.49997 0.86596 0.01219
vn -0.5 0.86603 0
vn -0.70739 0.70683 0
vn -0.64464 0.71819 0.26199
vn -0.57068 0.78338 0.24624
vn -0.46083 0.79818 0.388
vn -0.86965 0.49174 0.04366
vn -0.87637 0.48163 5E-05
vn -0.97981 0.19987 -0.00387
vn -0.49954 0.86524 0.04262
vn -0.65636 0.75445 0.00263
vn -0.32521 0.94564 0.00264
vn 0.00895 0.99901 0.04365
vn 0.02109 0.99978 4E-05
vn -0.63314 0.77402 0.00489
vn 0.31681 0.94848 -0.00387
vn -0.29966 0.91737 0.262
vn -0.39309 0.88592 0.24623
vn -0.71368 0.70047 9E-05
vn -0.86603 0.5 0
vn -0.86603 0.5 0
vn -0.96582 0.2592 0
vn -0.86603 0.5 -0
vn -0.79783 0.60289 -0
vn -0.98689 0.16131 0.00489
vn -0.92103 0.3895 -0
vn -0.96346 0.26784 9E-05
vn -0.99993 -1E-05 0.01219
vn -1 0 0
vn -0.96582 -0.2592 0
vn -0.94429 -0.19918 0.26199
vn -0.96377 -0.10253 0.24624
vn -0.92168 0 0.38796
vn -0.86068 -0.50727 0.04366
vn -0.85529 -0.51815 5E-05
vn -0.663 -0.74861 -0.00387
vn -0.99909 0 0.04262
vn -0.98155 -0.1912 0.00268
vn -0.98155 0.19118 0.00264
vn -0.86069 0.50726 0.04365
vn -0.85529 0.51815 4E-05
vn -0.98688 -0.16136 0.00488
vn -0.663 0.74861 -0.00387
vn -0.94429 0.19917 0.262
vn -0.96377 0.10253 0.24624
vn -0.96346 -0.26784 9E-05
vn -0.86604 -0.49998 -1E-05
vn -0.86604 -0.49998 1E-05
vn -0.86604 -0.49998 -1E-05
vn -0.92103 -0.3895 -0
vn -1 0 0
vn -1 0 -0
vn -1 0 -0
vn -1 0 -0
vn -1 0 -0
vn -1 -0 0
vn -1 0 -0
vn -1 -0 0
vn -1 -0 0
vn -1 -0 0
vn -1 -0 0
vn -1 -0 0
vn -1 -0 0
vn -1 0 0
vn -1 0 -0
vn -1 0 -0
vn -1 0 -0
vn -1 0 -0
vn -1 0 -0
vn -1 0 -0
vn -1 0 -0
vn -1 0 -0
vn -1 0 0
vn -1 0 0
vn -1 0 0
vn -1 -0 0
vn -1 0 -0
vn -1 -0 0
vn 0 -0.0304 -0.99954
vn 0 -0.11679 -0.99316
vn 0 -0.11679 -0.99316
vn -0 -0.03044 -0.99954
vn -0 0.19133 -0.98153
vn 0 0.19131 -0.98153
vn 0 0.3064 -0.9519
vn 0 0.3064 -0.9519
vn 1 -0 0
vn 1 0 0
vn 1 -0 0
vn 1 0 -0
vn 1 0 -0
vn 1 0 -0
vn 1 -0 0
vn 1 0 -0
vn 1 -0 0
vn 1 0 -0
vn 1 -0 0
vn 1 -0 0
vn 1 -0 0
vn 1 -0 0
vn 1 -0 0
vn 1 -0 0
vn 1 -0 0
vn 1 0 0
vn 1 0 -0
vn 1 0 -0
vn 1 0 0
vn 1 0 -0
vn 1 0 -0
vn 1 0 -0
vn 1 0 -0
vn 1 0 -0
vn 1 0 -0
vn 1 0 0
vn 1 0 0
vn 1 -0 0
vn 1 0 -0
vn 1 -0 0
vn 0 -0 1
vn 0 -1E-05 1
vn -0 -0.09133 0.99582
vn 0 -0.09136 0.99582
vn 0 -0.45185 0.89209
vn 0 -0.45187 0.89208
vn 0 -0.59507 0.80367
vn 0 -0.59507 0.80367
vn 0 -0.52845 0.84896
vn 0 -0.52845 0.84896
vn -0 -0.21653 0.97628
vn 0 -0.21653 0.97628
vn -0 0.25054 0.96811
vn 0 0.25056 0.9681
vn 0 0.57535 0.8179
vn 0 0.57536 0.8179
vn -0 0.5594 0.8289
vn -0 0.5594 0.8289
vn 0 0.30592 0.95206
vn 0 0.30586 0.95208
vn 0 0.15643 0.98769
vn 0 0.74332 -0.66894
vn 0 0.73142 -0.68193
vn 0 0.74332 -0.66894
vn 0 0.73142 -0.68193
vn 0 0.77524 -0.63166
vn 0 0.77556 -0.63127
vn 0 0.97446 -0.22457
vn 0 0.97446 -0.22457
vn 0 0.97692 0.21361
vn -0 0.97692 0.21361
vn 0 0.78286 0.6222
vn 0 0.78286 0.6222
vn -0 0.67008 0.74229
vn 0 0.67009 0.74228
vn 0 0.7653 0.64367
vn 0 0.76532 0.64366
vn -0 0.91224 0.40966
vn 0 0.91224 0.40965
vn 0 0.99652 0.08334
vn -0 0.99652 0.08334
vn 0 0.79361 -0.60842
vn -0 0.79361 -0.60843
vn 0 0.59479 -0.80388
vn 0 0.59479 -0.80388
vn 0 0.90605 0.42316
vn 0 0.90605 0.42316
vn 0 -0.90532 -0.42474
vn 0 -0.82273 -0.56844
vn 0 -0.82272 -0.56845
vn 0 -0.60819 -0.79379
vn 0 -0.60816 -0.79382
vn 0 -0.50972 -0.86034
vn 0 -0.5098 -0.86029
vn 0 -0.65835 -0.75271
vn 0 -0.65834 -0.75272
vn 0 -0.8466 -0.53223
vn 0 -0.84663 -0.53219
vn 0 -0.86978 -0.49344
vn -0 -0.86979 -0.49342
vn 0 -0.89622 -0.44362
vn 0 -0.89622 -0.44362
vn 0 0.89101 -0.45399
vn 0 0.80902 -0.58778
vn 0 0.89101 -0.45399
vn 0 0.80901 -0.58779
vn 0 0.58779 -0.80901
vn 0 0.58778 -0.80902
vn 0 0.30902 -0.95105
vn 0 0.30901 -0.95106
vn 0 0.15643 -0.98769
vn 0 0.15643 -0.98769
vn 0 -1 -0
vn -1 0 -0
vn -1 0 -0
vn -1 0 -0
vn -1 -0 0
vn -1 -0 0
vn -1 -0 0
vn -1 -0 0
vn -1 -0 0
vn 1 0 -0
vn 1 -0 0
vn 1 0 -0
vn 1 0 -0
vn 1 0 -0
vn 1 0 -0
vn 1 -0 0
vn 1 -0 0
vn 1 -0 0
vn 1 -0 0
vn 1 0 -0
vn 0 -0.07103 0.99747
vn 0 -0.07103 0.99747
vn -0 -0.00172 1
vn 0 -0.00172 1
vn 0 0.19706 0.98039
vn 0 0.1971 0.98038
vn 0 0.43007 0.90279
vn 0 0.43006 0.9028
vn 0 0.59677 0.80242
vn 0 0.5968 0.80239
vn 0 0.65059 0.75943
vn 0 0.65059 0.75943
vn 0 -0.16094 -0.98696
vn 0 -0.21338 -0.97697
vn 0 -0.16094 -0.98696
vn -0 -0.21337 -0.97697
vn -1E-05 -0.34497 -0.93861
vn 0 -0.34498 -0.93861
vn 0 -0.56071 -0.82801
vn 0 -0.56072 -0.828
vn 0 -0.71255 -0.70162
vn -0 -0.71255 -0.70162
vn 0 -0.74464 -0.66747
vn 0 -0.74464 -0.66747
vn 0 -0.73092 0.68247
vn 0 -0.73092 0.68247
vn 0.10172 -0.99481 -0
vn 0.10169 -0.99482 -0
vn 0.59057 -0.80699 0
vn 0.59058 -0.80698 -0
vn 0.98596 -0.16699 0
vn 0.98596 -0.16698 0
vn 1E-05 -6E-05 -1
vn -0 -2E-05 -1
vn 0 -1E-05 -1
vn -1E-05 0 -1
vn -0 1E-05 -1
vn -1E-05 -1E-05 -1
vn -1E-05 2E-05 -1
vn -2E-05 0 -1
vn -1E-05 1E-05 -1
vn 0 -6E-05 1
vn -0 -1E-05 1
vn 0 -1E-05 1
vn 0 -0 1
vn 0 -0 1
vn -1E-05 -0 1
vn 1E-05 -0 1
vn -0 -0 1
vn 1E-05 -0 1
vn -0.92386 0.38272 2E-05
vn -0.92127 0.38165 0.07484
vn -0.38268 0.92388 0
vn -0.38161 0.92129 0.07484
vn 0.38269 0.92388 0
vn 0.38161 0.92129 0.07484
vn 0.92388 0.38268 0
vn 0.92129 0.38161 0.07484
vn 0.92388 -0.38269 -0
vn 0.92129 -0.38161 0.07484
vn 0.38268 -0.92388 -0
vn 0.38161 -0.92129 0.07484
vn -0.38269 -0.92388 -0
vn -0.38161 -0.92129 0.07484
vn -0.92388 -0.38268 -0
vn -0.92129 -0.38161 0.07484
vn -0.92389 0.38265 2E-05
vn -0.9213 0.38157 0.07484
vn 0.22821 -0.97361 -0
vn 0.22821 -0.97361 -0
vn 0.09674 -0.99531 1E-05
vn 0.09673 -0.99531 0
vn -0.35209 -0.93597 -0
vn -0.35211 -0.93596 -0
vn -0.86602 -0.5 -0
vn -0.86603 -0.5 -0
vn -0.96593 0.25882 0
vn -0.96592 0.25882 -0
vn -0.63396 0.77337 -0
vn -0.63395 0.77337 0
vn -0.24327 0.96996 -0
vn -0.24327 0.96996 0
vn 1E-05 4E-05 1
vn 0 1E-05 1
vn 0 -0 1
vn 0 -0 1
vn 0 -0 1
vn 0 -0 1
vn -0 -0 1
vn -1E-05 -0 1
vn 0 -1E-05 1
vn 0 -0 1
vn 1E-05 1E-05 1
vn 0.43137 -0.90218 -0
vn 0.43137 -0.90218 -0
vn 0.66322 -0.74842 0
vn 0.66329 -0.74836 -0
vn 0.98063 -0.19585 -0
vn 0.98063 -0.19586 0
vn -1 0 -0
vn -1 -0 -0
vn -1 -0 -0
vn -1 0 -0
vn -1 -0 -0
vn -1 -0 -0
vn -1 -0 -0
vn -1 -0 -0
vn -1 -0 -0
vn -1 -0 -0
vn -1 0 -0
vn -1 -0 -0
vn -1 0 -0
vn -1 0 -0
vn -1 0 -0
vn -1 -0 -0
vn -1 0 -0
vn -1 0 -0
vn -1 0 -0
vn -1 0 -0
vn -1 0 -0
vn -1 0 -0
vn -1 0 -0
vn -1 0 -0
vn -1 0 -0
vn 1 -0 -0
vn 1 0 -0
vn 1 -0 -0
vn 1 0 -0
vn 1 0 -0
vn 1 -0 -0
vn 1 0 -0
vn 1 -0 0
vn 1 -0 0
vn 1 0 -0
vn 1 -0 -0
vn 1 0 -0
vn 1 -0 0
vn 1 -0 -0
vn 1 -0 -0
vn 1 -0 -0
vn 1 -0 0
vn 1 0 -0
vn 1 0 -0
vn 1 -0 0
vn 1 -0 0
vn 1 -0 0
vn 1 0 -0
vn 1 0 -0
vn 1 0 -0
vn 0 -0.74476 -0.66733
vn 0 -0.61309 -0.79001
vn 0 -0.74476 -0.66733
vn -0 -0.61311 -0.79
vn -0 -0.30629 -0.95194
vn 0 -0.30629 -0.95194
vn 0 -0.17042 -0.98537
vn 0 -0.17009 -0.98543
vn 0 -0.04228 -0.99911
vn -0 -0.04228 -0.99911
vn 0 0.02134 -0.99977
vn 0 0.02134 -0.99977
vn 0 -0.5647 0.8253
vn 0 -0.5647 0.8253
vn 0 -0.3816 0.92433
vn 0 -0.3816 0.92433
vn -0 -0.06366 0.99797
vn 0 -0.06369 0.99797
vn 0 0.07668 0.99706
vn 0 0.07668 0.99706
vn 0 0.23937 0.97093
vn 0 0.23933 0.97094
vn 0 0.38817 0.92159
vn -0 0.38815 0.9216
vn 0 0.50088 0.86552
vn 0 0.50087 0.86552
vn 0 -0.97769 0.21007
vn 0 -0.97769 0.21007
vn 0 -0.98365 0.18009
vn -0 -0.98364 0.18013
vn 0 -0.98759 0.15707
vn 0 -0.98759 0.15707
vn -0 -0.99947 0.03266
vn 0 -0.99947 0.03265
vn 0 -0.92272 -0.38547
vn -1E-05 -0.92272 -0.38547
vn -0 -0.68682 -0.72683
vn 0 -0.68683 -0.72682
vn 0 -0.50657 -0.8622
vn 0 -0.5066 -0.86218
vn -0 -0.87679 -0.48087
vn 0 -0.8768 -0.48086
vn 0 -0.9683 -0.2498
vn 0 0.98607 -0.16635
vn -0 0.98901 -0.14784
vn 0 0.98607 -0.16635
vn 0 0.98901 -0.14784
vn 0 0.99993 -0.01175
vn 1E-05 0.99993 -0.01176
vn 0 0.92722 0.37452
vn -0 0.92723 0.37448
vn 0 0.65916 0.752
vn -0 0.65918 0.75199
vn 0 0.31195 0.9501
vn 0 0.31197 0.95009
vn 0 0.07147 0.99744
vn -0 0.07147 0.99744
vn 0 -0.09 0.99594
vn 0 -0.09 0.99594
vn -0.94432 0.32904 -0
vn -0.93644 0.35083 0
vn -0.93644 0.35082 0
vn -0.94009 0.34094 0
vn -0.95786 0.28725 -0
vn -0.95865 0.28459 -0
vn -1 -0 -0
vn -1 1E-05 -0
vn 0.93644 0.35083 0
vn 0.94435 0.32895 0
vn 0.93644 0.35083 0
vn 0.94009 0.34092 0
vn 0.95873 0.2843 0
vn 0.95793 0.28699 0
vn 0 0.02724 -0.99963
vn 0 0.02234 -0.99975
vn 0 0.02234 -0.99975
vn -0 0.02724 -0.99963
vn 0 0.04337 -0.99906
vn 0 0.04338 -0.99906
vn 0 0.57356 0.81917
vn -0 0.57356 0.81916
vn -0 0.64022 0.76819
vn -0 0.64025 0.76817
vn 0 0.80077 0.59897
vn -0 0.80077 0.59898
vn 0 0.99334 0.11526
vn -0 0.99333 0.11526
vn -0 0.99334 -0.11526
vn 0 0.99333 -0.11527
vn 0 0.91914 -0.39394
vn 0 0.91914 -0.39393
vn -0.5 -0.86603 -0
vn -5E-05 -1 1E-05
vn -6E-05 -1 -1E-05
vn -0.5 -0.86602 -0
vn -0.86602 -0.5 -0
vn -0.86603 -0.5 -0
vn -1 -0 -0
vn -1 0 0
vn -0.86603 0.5 0
vn -0.86602 0.5 0
vn -0.5 0.86603 0
vn -0 1 0
vn 0 1 0
vn 0.5 0.86603 0
vn 0.5 0.86603 0
vn 0.86603 0.5 0
vn 0.86603 0.5 0
vn 1 -0 -0
vn 1 -0 -0
vn 0.86603 -0.5 -0
vn 0.86602 -0.5 -0
vn 0.5 -0.86602 -0
vn 0.5 -0.86603 -0
vn 5E-05 -1 1E-05
vn 6E-05 -1 -1E-05
vn 5E-05 1 0
vn 5E-05 1 0
vn 0.5 0.86603 0
vn 0.86602 0.5 0
vn 0.86603 0.5 0
vn 1 0 0
vn 1 -0 -0
vn 0.86603 -0.5 -0
vn 0.86603 -0.5 -0
vn 0.5 -0.86602 -0
vn 0.5 -0.86603 -0
vn 0 -1 -0
vn -0 -1 -0
vn -0.5 -0.86603 -0
vn -0.5 -0.86603 -0
vn -0.86603 -0.5 -0
vn -0.86603 -0.5 -0
vn -1 -0 -0
vn -1 0 0
vn -0.86603 0.5 0
vn -0.86602 0.5 0
vn -0.5 0.86603 0
vn -0.5 0.86603 0
vn -5E-05 1 0
vn -5E-05 1 -0
vn -0.38271 -0.92387 2E-05
vn -0.382 -0.92219 0.06041
vn -0.92388 -0.38269 0
vn -0.92219 -0.38198 0.06038
vn -0.92388 0.38269 0
vn -0.92219 0.38199 0.06038
vn -0.38268 0.92388 -0
vn -0.38199 0.92219 0.06038
vn 0.38268 0.92388 -0
vn 0.38199 0.92219 0.06038
vn 0.92388 0.38268 0
vn 0.92219 0.38199 0.06038
vn 0.92388 -0.38269 0
vn 0.92219 -0.38199 0.06038
vn 0.38268 -0.92388 0
vn 0.38198 -0.92219 0.06038
vn -0.38265 -0.92389 2E-05
vn -0.38197 -0.9222 0.06041
vn -0.54329 0.18944 -0.81789
vn -0.92487 0.06643 -0.37443
vn -0.54474 0.20551 -0.81303
vn -0.92749 0.08114 -0.36494
vn -0.53568 0.23142 -0.81209
vn -0.99792 0.00502 -0.06419
vn -0.92117 0.11378 -0.37215
vn -0.5545 0.26781 -0.78792
vn -0.99787 0.01903 -0.06241
vn -0.99478 0.00135 0.10206
vn -0.92714 0.14431 -0.34581
vn -0.58525 0.32452 -0.74309
vn -0.99758 0.03765 -0.05844
vn -0.99592 0.01642 0.08878
vn -0.94212 0.17104 -0.28837
vn -0.61119 0.39882 -0.68366
vn -0.99633 0.057 -0.06386
vn -0.9496 0.20612 -0.23615
vn -0.62656 0.46928 -0.62225
vn -0.92805 0.03857 0.37046
vn -0.91343 0.05318 0.40351
vn -0.78486 0.10993 0.60984
vn -0.77209 0.07895 0.63059
vn -0.76066 0.03457 0.64822
vn -0.92403 0.03088 0.38108
vn -0.76333 -0.04512 0.64444
vn -0.99521 0.02577 0.0943
vn -0.93236 -0.00567 0.36148
vn -0.76079 -0.16595 0.62743
vn -0.99243 0.01661 0.1217
vn -0.99756 0.06455 0.02672
vn -0.94165 -0.04802 0.33314
vn -0.78103 -0.3058 0.5445
vn -0.99663 0.07891 0.02261
vn -0.94336 -0.12675 0.3066
vn -0.98032 -0.10038 0.16998
vn -0.83658 -0.41298 0.35998
vn -0.95198 0.22684 -0.20563
vn -0.88927 0.32362 -0.32322
vn -0.99577 0.09188 0.00166
vn -0.99603 0.08889 -0.00395
vn -0.94607 0.24964 -0.20645
vn -0.90608 0.3154 -0.28203
vn -0.95491 0.24938 -0.16109
vn -0.518 0.73398 -0.43926
vn -0.97578 -0.09967 0.19472
vn -0.86953 -0.44289 0.21855
vn -0.95005 -0.21731 0.22402
vn -0.93303 -0.00605 0.35974
vn -0.94949 0.29845 -0.09689
vn -0.22019 0.92859 -0.29871
vn -0.502 0.8591 -0.0997
vn -0.99635 0.04099 0.07489
vn -0.97623 0.01762 0.21603
vn -0.93719 0.00514 0.34879
vn -0.97137 0.06362 0.22889
vn -0.96916 0.04905 0.2415
vn -0.9864 0.16119 -0.03209
vn -0.95744 0.28815 -0.01669
vn -0.91434 0.40471 -0.01353
vn -0.96591 0.25885 -0.00275
vn -0.99098 0.1194 0.06084
vn -0.96389 0.26181 0.04881
vn -0.99989 0.00567 0.01362
vn 0 -1 -0
vn -0 -1 0
vn 0 -1 0
vn -0 -1 -0
vn -0 -1 -0
vn 0 -1 -0
vn 0 -1 -0
vn 0 -1 -0
vn 0 -1 -0
vn 0.92487 0.06643 -0.37443
vn 0.54329 0.18944 -0.81789
vn 0.54474 0.20551 -0.81303
vn 0.92749 0.08113 -0.36494
vn 0.53568 0.23142 -0.81209
vn 0.99792 0.00502 -0.06419
vn 0.92117 0.11378 -0.37215
vn 0.5545 0.26782 -0.78791
vn 0.99787 0.01903 -0.06241
vn 0.99478 0.00135 0.10206
vn 0.92714 0.1443 -0.34582
vn 0.58525 0.32452 -0.74308
vn 0.99758 0.03765 -0.05844
vn 0.99592 0.01642 0.08878
vn 0.94212 0.17104 -0.28837
vn 0.61119 0.39882 -0.68365
vn 0.99633 0.05699 -0.06386
vn 0.9496 0.20612 -0.23615
vn 0.62656 0.46932 -0.62223
vn 0.92805 0.03857 0.37046
vn 0.91343 0.05318 0.4035
vn 0.78486 0.10993 0.60984
vn 0.77209 0.07895 0.63059
vn 0.76066 0.03457 0.64822
vn 0.92403 0.03087 0.38108
vn 0.76331 -0.04517 0.64445
vn 0.99521 0.02572 0.0943
vn 0.93236 -0.00568 0.36148
vn 0.76079 -0.16595 0.62742
vn 0.99243 0.01661 0.1217
vn 0.99756 0.06455 0.02672
vn 0.94165 -0.04803 0.33314
vn 0.78103 -0.3058 0.5445
vn 0.99663 0.07891 0.02261
vn 0.94336 -0.12675 0.3066
vn 0.98032 -0.10038 0.16998
vn 0.83659 -0.41299 0.35994
vn 0.95198 0.22684 -0.20563
vn 0.88927 0.32362 -0.32322
vn 0.97578 -0.09967 0.19472
vn 0.86954 -0.44288 0.21855
vn 0.95005 -0.21732 0.22402
vn 0.93303 -0.00605 0.35974
vn 0.97623 0.01763 0.21603
vn 0.93719 0.00514 0.34879
vn 0.99635 0.04099 0.07489
vn 0.99603 0.08889 -0.00396
vn 0.99577 0.09188 0.00166
vn 0.94607 0.24965 -0.20645
vn 0.90608 0.3154 -0.28203
vn 0.97137 0.06362 0.22889
vn 0.96916 0.04904 0.2415
vn 0.95491 0.24938 -0.16108
vn 0.518 0.73399 -0.43924
vn 0.99098 0.1194 0.06084
vn 0.96389 0.26181 0.04881
vn 0.99989 0.00568 0.01361
vn 0.96591 0.25885 -0.00275
vn 0.9864 0.16119 -0.03209
vn 0.94949 0.29845 -0.09689
vn 0.22019 0.92862 -0.29862
vn 0.502 0.8591 -0.09968
vn 0.95744 0.28815 -0.01669
vn 0.91434 0.40471 -0.01353
vn 0 -1 0
vn 0 -1 -0
vn 0 -1 0
vn 0 -1 -0
vn 0 -1 -0
vn -0 -1 -0
vn -0 -1 -0
vn 0 -1 -0
vn 0 -1 -0
vn -0.31571 -0.94886 0.00026
vn -0.31571 -0.94886 -0
vn -0.32089 -0.94712 -0
vn -0.3209 -0.94711 -0
vn -0.88241 -0.47048 -0
vn -0.8824 -0.47049 0
vn -0.95915 0.2829 0
vn -0.95915 0.28289 -0
vn -0.9904 0.13826 0
vn -0.99039 0.13828 -0
vn -0.99994 0.01102 0
vn -0.99994 0.01101 -0
vn -0.89455 0.44697 -0.00061
vn -0.89455 0.44696 -0.0014
vn -0.76146 0.64786 0.02159
vn -0.9709 0.23949 -0.0008
vn -0.94727 0.32029 0.0092
vn -0.9539 0.30011 0.00183
vn -1 -0 -1E-05
vn -0.95174 0.3039 -0.04284
vn -1 0 -1E-05
vn -1 0 -1E-05
vn -1 1E-05 -1E-05
vn -0.66964 0.73022 -0.13552
vn -0.71655 0.69753 -0.00031
vn -0.26712 0.94205 -0.20296
vn -0.28644 0.95809 -0.00489
vn 0 0.97682 -0.21408
vn -0.70103 0.71269 0.02518
vn -0.92698 0.3721 0.04745
vn -0.60209 0.78918 0.12119
vn -0.47532 0.76503 0.43451
vn -0.27832 0.95971 0.03864
vn -0.23092 0.95666 0.17743
vn -0.17444 0.85871 0.48187
vn 1E-05 0.99998 -0.00702
vn 0 0.99907 0.04308
vn -1E-05 0.98184 0.1897
vn 0 0.87568 0.4829
vn 0.17444 0.85871 0.48187
vn 0.23091 0.95666 0.17743
vn 0.47532 0.76503 0.43451
vn 0.28643 0.95809 -0.00489
vn 0.26712 0.94205 -0.20296
vn 0.27832 0.95971 0.03865
vn 0.60209 0.78918 0.12119
vn 0.76145 0.64786 0.02159
vn 0.71655 0.69753 -0.00031
vn 0.66964 0.73022 -0.13552
vn 0.70103 0.71269 0.02518
vn 0.9539 0.30012 0.00183
vn 0.95174 0.3039 -0.04284
vn 0.92698 0.3721 0.04744
vn 0.94727 0.32029 0.0092
vn 1 -0 -1E-05
vn 1 0 -1E-05
vn 1 0 -1E-05
vn 1 1E-05 -1E-05
vn 0.9709 0.23949 -0.0008
vn 0.89455 0.44697 -0.00061
vn 0.89455 0.44697 0
vn 1 -1E-05 -0
vn 1 1E-05 0
vn 0.8672 -0.49795 -0
vn 0.86721 -0.49794 -0
vn 0.91752 -0.3977 -0
vn 0.91752 -0.39768 -0
vn 1 -1E-05 -0
vn 1 -1E-05 0
vn 0.86862 -0.49547 0.00022
vn 0.8686 -0.49552 0.00023
vn 0.98829 -0.15256 5E-05
vn 0.99776 -0.0669 0.00035
vn 0.99398 0.10882 0.01273
vn 0.99806 0.06085 0.01332
vn 0.99961 -0.01777 0.0215
vn 0.99806 0.06081 0.01332
vn 0.99399 0.10877 0.01275
vn 0.99772 -0.0644 0.02001
vn 0.99888 -0.03373 0.0333
vn 0.83639 -0.2509 0.48734
vn 0.81907 -0.45543 0.34886
vn 0.32466 -0.41468 0.85008
vn 0.27009 -0.69951 0.66161
vn -0 -0.43755 0.89919
vn -2E-05 -0.75537 0.6553
vn -0.27011 -0.69951 0.66161
vn -0.32466 -0.41468 0.85008
vn -0.81907 -0.45543 0.34887
vn -0.83639 -0.2509 0.48735
vn -0.99888 -0.03373 0.0333
vn -0.99399 0.10877 0.01275
vn -0.99932 -0.02805 0.02407
vn -0.99806 0.06081 0.01332
vn -0.99879 -0.04571 0.0179
vn -0.99832 -0.05482 0.01881
vn -0.99926 -0.03082 0.02292
vn -0.9971 -0.07298 0.02164
vn -0.99757 -0.06648 0.02089
vn -0.99581 -0.08241 0.03964
vn -0.99753 -0.03551 0.06054
vn -0.99812 -0.02789 0.05456
vn -0.99761 -0.03468 0.05981
vn -0.9997 -0.01427 0.01976
vn -0.99983 -0.01336 0.01306
vn -0.99969 -0.02212 0.01143
vn -0.99989 0.00565 0.01359
vn -1 -0.00294 -0.00046
vn -1 -0 -0
vn -1 -0 0
vn -0.99999 -0.00315 -0.00234
vn -0.99997 -0.0067 -0.00318
vn -0.99997 0.00643 -0.00535
vn -0.99997 0.00575 -0.00479
vn -0.96593 0.2588 -0.00275
vn -0.25233 -0.93989 -0.2301
vn -0.25675 -0.95821 -0.12615
vn -0.4702 -0.87286 -0.13047
vn -0.46502 -0.85019 -0.24685
vn -0.701 -0.701 -0.13116
vn -0.23519 -0.86993 -0.43348
vn -0.68422 -0.68422 -0.25237
vn -0.85862 -0.49572 -0.13053
vn -0.43607 -0.77507 -0.45728
vn -0.46483 -0.52064 -0.71614
vn -0.83808 -0.48386 -0.25199
vn -0.95758 -0.25659 -0.13116
vn -0.61592 -0.61992 -0.48615
vn -0.93467 -0.25045 -0.25232
vn -0.99144 -0 -0.13053
vn -0.77113 -0.44522 -0.45512
vn -0.5505 -0.43255 -0.71404
vn -0.96773 0 -0.25199
vn -0.95758 0.25658 -0.13116
vn -0.859 -0.22655 -0.45912
vn -0.93466 0.25044 -0.25237
vn -0.85862 0.49572 -0.13053
vn -0.88942 1E-05 -0.45709
vn -0.83808 0.48386 -0.25199
vn -0.701 0.701 -0.13116
vn -0.44505 -0.36165 -0.81923
vn -0.40056 -0.40785 -0.82049
vn -0.32923 -0.19509 -0.92388
vn -0.26337 -0.29134 -0.91965
vn -0.56105 -0.18103 -0.80775
vn -0.42056 -0 -0.90726
vn -0.71791 -0.18219 -0.67187
vn -0.56706 -0.15892 -0.8082
vn -0.60236 6E-05 -0.79822
vn -0.7427 0.00011 -0.66962
vn -0.71792 0.18223 -0.67185
vn -0.56706 0.15886 -0.80821
vn -0.55159 0.43164 -0.71374
vn -0.85899 0.22653 -0.45916
vn -0.77116 0.44522 -0.45508
vn -0.68422 0.68422 -0.25237
vn -0.47021 0.87286 -0.13047
vn -0.61611 0.62005 -0.48574
vn -0.33573 0.61515 -0.71335
vn -0.44539 0.35971 -0.8199
vn -0.56105 0.18103 -0.80775
vn -0.46494 0.85021 -0.24691
vn -0.43527 0.77497 -0.45821
vn -0.24733 0.92304 -0.29467
vn -0.25675 0.95821 -0.12615
vn -0.22965 0.84514 -0.4827
vn -0.2303 0.84539 -0.48195
vn -0.2403 0.89681 -0.37147
vn -0.1971 0.7161 -0.66959
vn -0.14922 0.55688 -0.81708
vn -0.22516 0.50171 -0.83522
vn -0.21786 0.27409 -0.9367
vn -0.40581 0.40939 -0.81714
vn -0.33811 0.17967 -0.92379
vn -0.27054 0.12827 -0.95413
vn -0.12253 0.04878 -0.99127
vn -0.13053 -0 -0.99144
vn -0.30103 0 -0.95362
vn -0.12252 -0.04878 -0.99127
vn -0.38268 0 -0.92388
vn -0.27055 -0.12827 -0.95412
vn -0.2461 -0.26498 -0.93232
vn -0.11414 -0.3806 -0.91767
vn 1 4E-05 0
vn 1 5E-05 0
vn 1 -0 -0
vn 1 -3E-05 -1E-05
vn 1 -0 -0
vn 1 -6E-05 -1E-05
vn 1 6E-05 -0
vn 1 -3E-05 -0
vn 1 1E-05 -0
vn 1 -7E-05 -0
vn 1 -6E-05 -0
vn 1 0 0
vn 1 0 -0
vn 1 -0 0
vn 1 -0 0
vn 1 -0 0
vn 1 0 0
vn 1 0 0
vn 1 0 -0
vn 1 -0 1E-05
vn 0.33271 -0.94303 0
vn 0.33272 -0.94303 -0
vn 0.22827 -0.9736 -0.0008
vn 0.2283 -0.97359 -0.0008
vn 0 -1 -0.0021
vn 0 -1 -0.00216
vn -0.2283 -0.97359 -0.0008
vn -0.22828 -0.9736 0
vn -0.33272 -0.94303 -0
vn -0.33271 -0.94303 0
vn -0 0 -1
vn 0 0 -1
vn -0 0 -1
vn -0 -0 -1
vn 0 0 -1
vn 0 0 -1
vn 0 -0 -1
vn 0 0 -1
vn 0 -0 -1
vn 0 1E-05 -1
vn -0 -0 -1
vn 0 0 -1
vn 0 0 -1
vn -0 0 -1
vn -0 1E-05 -1
vn 0 0 -1
vn 0 1E-05 -1
vn 0 1E-05 -1
vn 0 1E-05 -1
vn 0 1E-05 -1
vn 0 0 -1
vn 0 0 -1
vn 0 -0 -1
vn 0 -0 -1
vn 0 -1E-05 -1
vn 0 -1E-05 -1
vn 0 -1E-05 -1
vn 0 -1E-05 -1
vn 0 -0 -1
vn 0 -0 -1
vn 0 0 -1
vn 0 0 -1
vn 0 0 -1
vn 0 -0 -1
vn 0 0 -1
vn -0 0 -1
vn 0 0 -1
vn -0 -0 -1
vn 0 -0 -1
vn 0 -0 -1
vn 0 -0 -1
vn 0 -0 -1
vn -0 0 -1
vn 0 0 -1
vn 0 -0 -1
vn 0 -0 -1
vn -0 -0 -1
vn 0 -0 -1
vn -0 0 -1
vn 0 0 -1
vn 0 0 -1
vn -0 0 -1
vn 0 -0 -1
vn -0 0 -1
vn -0.81907 -0.45543 0.34886
vn -0.00704 -0.98628 0.16491
vn -0.27008 -0.69951 0.66163
vn -0.00598 -0.98613 0.16585
vn 0 -0.98912 0.14711
vn 0 -0.98912 0.14711
vn -4E-05 -0.7554 0.65527
vn 0 -0.98621 0.1655
vn 0 -0.98912 0.14711
vn 0.00598 -0.98613 0.16585
vn 0.27014 -0.69951 0.66159
vn 0.00704 -0.98628 0.16491
vn 0.81906 -0.45542 0.34892
vn 0 1 0
vn 0 1 0
vn 0 1 0
vn -0 1 0
vn 0 1 0
vn 0 1 0
vn 0 1 0
vn 0 1 0
vn 0 1 0
vn 0 1 0
vn 0 1 0
vn 0 1 0
vn 0 1 0
vn -0 -0 1
vn 0 -0 1
vn -0 -0 1
vn -0 -0 1
vn -0 -0 1
vn -0 -0 1
vn -0 0 1
vn -0 -0 1
vn -0 -0 1
vn -0 -0 1
vn -0 -0 1
vn 0 -0 1
vn -0 0 1
vn -0 0 1
vn -0 0 1
vn -0 0 1
vn 0 -0 1
vn 0 -0 1
vn 0 -0 1
vn 0 -0 1
vn 0 -0 1
vn 0 -0 1
vn 0 -0 1
vn -0 -0 1
vn 0 0 1
vn -0 0 1
vn -0 0 1
vn 0 0 1
vn -0 0 1
vn 0 -0 1
vn 0 0 1
vn 0 -0 1
vn 0 0 1
vn 0 0 1
vn 0 0 1
vn 0 0 1
vn -0 0 1
vn 0 0 1
vn 0 0 1
vn -0 0 1
vn -0 0 1
vn -0 0 1
vn 0 0 1
vn -0 0 1
vn 0 0 1
vn -0 -0 1
vn 0 -0 1
vn 0 -1E-05 1
vn -0 -0 1
vn 0.02431 0.9997 0.00047
vn 0.001 0.99997 0.00806
vn -0.00063 0.95698 -0.29016
vn -0.00305 0.9619 -0.27337
vn -0.00841 0.9999 0.01113
vn -0 0.79829 -0.60227
vn -0 0.79831 -0.60225
vn -0 0.60127 -0.79905
vn 0 0.60127 -0.79904
vn 0 0.4005 -0.9163
vn 0 0.4005 -0.9163
vn 0 -0.34266 0.93946
vn 0 -0.34266 0.93946
vn 0 -0.34266 0.93946
vn 0 -0.34266 0.93946
vn 0 -0.34265 0.93946
vn 0 -0.98503 0.17236
vn -0 -0.98198 0.189
vn 0 -0.83116 0.55603
vn 0 -0.92719 0.3746
vn -0 -0.86072 0.50908
vn 0 -0.85942 0.51127
vn 0 -0.86056 0.50935
vn -0 -0.83115 0.55605
vn 0 -0.99102 0.13372
vn 0 -0.99102 0.13372
vn -0 -0.92719 0.37459
vn 0 -0.98198 0.189
vn -0 -0.98503 0.17236
vn -0 -0.85903 0.51193
vn 0 -0.99102 0.13372
vn -0 -0.99102 0.13372
vn -0 -0.99102 0.13372
vn -0 -0.99102 0.13372
vn -0 -0.99102 0.13372
vn 0 -0.99102 0.13372
vn 0 -0.99102 0.13372
vn 0 -0.99102 0.13372
vn 0 -0.99102 0.13372
vn 0 -0.99102 0.13372
vn 0 -0.98503 0.1724
vn -0 -0.95208 0.30585
vn 0 -0.98198 0.18899
vn -0 -0.95176 0.30684
vn 0 -0.98198 0.18899
vn 0.00022 -0.79469 0.60701
vn -0 -0.79548 0.60598
vn 0 -0.95177 0.30681
vn 0.00012 -0.54451 0.83875
vn -0 -0.54307 0.83969
vn -0 -0.2441 0.96975
vn -1E-05 -0.95208 0.30585
vn 0 -0.98503 0.1724
vn -0.00022 -0.79469 0.60701
vn -0 -0.79548 0.60598
vn 0 -0.54453 0.83874
vn 0 -0.54307 0.83969
vn 0 -0.24409 0.96975
vn -0 -0.24595 0.96928
vn 0 -0.07507 0.99718
vn -0 -0.24595 0.96928
vn 0 -0.07507 0.99718
vn 0 -0.07508 0.99718
vn -0 0.05107 0.99869
vn -0 -0.07508 0.99718
vn 0 0.05107 0.99869
vn 0 0.05107 0.9987
vn -0 0.15505 0.98791
vn 0 0.05107 0.9987
vn 0 0.15505 0.98791
vn 0 0.155 0.98791
vn -0 0.23445 0.97213
vn 0 0.23445 0.97213
vn -0 0.15504 0.98791
vn 0 0.23445 0.97213
vn 0 0.23445 0.97213
vn 0 -1 0
vn 0 -1 0
vn 0 -1 0
vn 0 -1 0
vn 0 -1 -0
vn 0 -1 -0
vn 0 -1 -0
vn 0 -1 0
vn 0 -1 -0
vn 0 -1 -0
vn 0 -1 -0
vn 0 -1 -0
vn 0 -1 -0
vn 0 -1 -0
vn -0.54326 0.18944 -0.81791
vn -0.5447 0.20552 -0.81306
vn 0 0.24822 -0.9687
vn 0 0.26257 -0.96491
vn -0.53565 0.23145 -0.8121
vn 0 0.24822 -0.9687
vn 0 0.27078 -0.96264
vn -0.55448 0.26783 -0.78792
vn 0 0.26257 -0.96491
vn 0 0.30515 -0.9523
vn -0.58525 0.32451 -0.74309
vn 0.5447 0.2055 -0.81306
vn 0.54326 0.18944 -0.81791
vn 0.53565 0.23145 -0.8121
vn 0 0.27078 -0.96264
vn 0.55448 0.26783 -0.78792
vn -0 0.30515 -0.9523
vn 0.58525 0.32451 -0.74309
vn 0 0.38894 -0.92126
vn -0.61118 0.3988 -0.68368
vn -0 0.38894 -0.92126
vn 0.61118 0.3988 -0.68368
vn 0 0.48406 -0.87504
vn -0.62657 0.46927 -0.62225
vn -0 0.4841 -0.87501
vn 0.62657 0.46927 -0.62225
vn 0 0.58449 -0.8114
vn 0 0.681 -0.73229
vn -0 0.58444 -0.81143
vn 0 0.681 -0.73229
vn 0 0.681 -0.73228
vn -0 0.77274 -0.63473
vn -0 0.681 -0.73228
vn 0 0.77274 -0.63473
vn 0 0.77271 -0.63476
vn -0.51801 0.73399 -0.43925
vn -0 0.77271 -0.63476
vn 0.51801 0.734 -0.43922
vn 0 0.8632 -0.50486
vn -0.22016 0.92861 -0.29867
vn -0 0.86322 -0.50483
vn 0.22016 0.92862 -0.29866
vn 0 0.95167 -0.30713
vn -0.50205 0.85908 -0.09968
vn -0 0.95167 -0.30712
vn 0.50205 0.85908 -0.09968
vn -0 0.99077 -0.13556
vn -0 0.99868 -0.0513
vn -0 0.99077 -0.13556
vn 0 0.99868 -0.0513
vn -0 0.99868 -0.0513
vn 0 0.99881 -0.04883
vn 0 0.99881 -0.04883
vn 0 0.99868 -0.0513
vn 0 0.99881 -0.04883
vn 0 0.99881 -0.04883
vn -0.31574 -0.94884 0.00028
vn -0.31572 -0.94885 0.0007
vn -0.98829 -0.15256 -1E-05
vn -0.99776 -0.0669 0
vn -0.99398 0.10882 0.01273
vn -0.99806 0.06085 0.01332
vn 0.25675 -0.95821 -0.12615
vn 0.25233 -0.93989 -0.2301
vn 0.47021 -0.87286 -0.13047
vn 0.46505 -0.85018 -0.24684
vn 0.23519 -0.86993 -0.43348
vn 0.68422 -0.68422 -0.25236
vn 0.701 -0.701 -0.13116
vn 0.85862 -0.49572 -0.13053
vn 0.43606 -0.77507 -0.45729
vn 0.46482 -0.52065 -0.71614
vn 0.61593 -0.61992 -0.48615
vn 0.58492 -0.33438 -0.73896
vn 0.40058 -0.40788 -0.82047
vn 0.83808 -0.48386 -0.25199
vn 0.77115 -0.44523 -0.45509
vn 0.93467 -0.25045 -0.25231
vn 0.95758 -0.25658 -0.13116
vn 0.99144 -0 -0.13053
vn 0.84653 -0.22683 -0.4816
vn 0.96773 -0 -0.25199
vn 0.93467 0.25045 -0.25231
vn 0.95758 0.25658 -0.13116
vn 0.85862 0.49572 -0.13053
vn 0.89045 0 -0.45509
vn 0.84653 0.22683 -0.4816
vn 0.67077 0 -0.74166
vn 0.58571 0.33343 -0.73876
vn 0.83808 0.48386 -0.25199
vn 0.56595 -0 -0.82444
vn 0.68422 0.68422 -0.25236
vn 0.701 0.701 -0.13116
vn 0.47021 0.87286 -0.13047
vn 0.77115 0.44522 -0.45509
vn 0.6161 0.62004 -0.48578
vn 0.33579 0.61503 -0.71343
vn 0.46494 0.85021 -0.24691
vn 0.50236 -0.26275 -0.82377
vn 0.43527 0.77498 -0.4582
vn 0.24733 0.92304 -0.29467
vn 0.25675 0.95821 -0.12615
vn 0.22965 0.84514 -0.4827
vn 0.2303 0.84539 -0.48195
vn 0.2403 0.89681 -0.37147
vn 0.1971 0.7161 -0.66959
vn 0.14922 0.55688 -0.81708
vn 0.22516 0.5017 -0.83522
vn 0.21786 0.27409 -0.9367
vn 0.4058 0.40936 -0.81716
vn 0.50269 0.26128 -0.82403
vn 0.37371 0.14395 -0.91631
vn 0.40614 0 -0.91381
vn 0.27054 0.12828 -0.95412
vn 0.12253 0.04878 -0.99127
vn 0.13053 -0 -0.99144
vn 0.30101 0 -0.95362
vn 0.36438 -0.15825 -0.91771
vn 0.27054 -0.12827 -0.95412
vn 0.12252 -0.04878 -0.99127
vn 0.24608 -0.26498 -0.93233
vn 0.26339 -0.29133 -0.91965
vn 0.11414 -0.3806 -0.91767
vn -1 4E-05 0
vn -1 5E-05 0
vn -1 -0 -0
vn -1 -3E-05 -1E-05
vn -1 -0 -0
vn -1 -6E-05 -1E-05
vn -1 6E-05 -0
vn -1 -3E-05 -0
vn -1 1E-05 -0
vn -1 -7E-05 -0
vn -1 -6E-05 -0
vn -1 0 -0
vn -1 0 -0
vn -1 -0 0
vn -1 -0 0
vn -1 0 0
vn -1 -0 0
vn -1 0 -0
vn -1 0 0
vn -1 -0 1E-05
vn 1 -0 -0
vn 0.99953 -0.02596 0.01647
vn 1 -0.00289 -0.00045
vn 0.99911 -0.03188 0.02776
vn 0.99838 -0.05368 0.01897
vn 0.99974 -0.01509 0.01687
vn 0.99993 -0.00515 0.01093
vn 0.99764 -0.04904 0.04802
vn 0.99753 -0.03551 0.06054
vn 0.99812 -0.02789 0.05456
vn 0.99761 -0.03468 0.05981
vn 0.9997 -0.01427 0.01976
vn 0.99983 -0.01337 0.01307
vn 0.99989 0.00565 0.01359
vn 0.99999 -0.00319 -0.00236
vn 0.99997 -0.0067 -0.00318
vn 0.99997 0.00643 -0.00535
vn 0.99997 0.00575 -0.00479
vn 0.96593 0.2588 -0.00276
vn 0 1 -1E-05
vn 0 1 -1E-05
vn 0 1 -1E-05
vn 0 1 -1E-05
vn 0 1 -0
vn 0 1 -0
vn 0 1 -0
vn 0 1 -0
vn 0 1 0
vn -0.001 0.99997 0.00806
vn -0.02431 0.9997 0.00047
vn 0.00063 0.95698 -0.29016
vn 0.0035 0.9619 -0.27337
vn 0.00841 0.9999 0.01112
vn -0 0.79829 -0.60227
vn 0 0.79831 -0.60225
vn -0 0.60127 -0.79905
vn 0 0.60127 -0.79904
vn 0 0.4005 -0.9163
vn 0 0.12725 0.99187
vn 0 0.12725 0.99187
vn 0 0.12725 0.99187
vn 0 0.12725 0.99187
vn 0.94267 -0.2952 -0.15567
vn 0.91192 -0.40111 -0.08667
vn 0.91196 -0.40101 -0.0867
vn 0.94353 -0.29104 -0.15826
vn 0.97427 3E-05 -0.22539
vn 0.97427 1E-05 -0.22539
vn 0.94266 0.29521 -0.15571
vn 0.94354 0.29102 -0.15823
vn 0.91194 0.40107 -0.08669
vn 0.91196 0.40101 -0.08667
vn -0.87635 0.47855 0.05471
vn -0.80019 0.59975 0
vn -0.88299 0.46591 0.05716
vn -0.94953 0.30392 0.07763
vn -0.99597 -0 0.08974
vn -0.99302 -0 0.11794
vn -0.88298 -0.46591 0.05716
vn -0.94953 -0.30392 0.07763
vn -0.87635 -0.47855 0.05471
vn -0.80019 -0.59975 -0
vn 0 -0 -1
vn 0 -0 -1
vn 0 -0 -1
vn 0 0 -1
vn 0 0 -1
vn 0 -0 -1
vn 0 0 -1
vn 0 -0 -1
vn 0 -0 -1
vn 0 -0 -1
vn 0 -0 -1
vn 0 0 -1
vn 0 -0 1
vn 0 0 1
vn 0 -0 1
vn 0 -0 1
vn 0 0 1
vn 0 -0 1
vn 0 -0 1
vn 0 -1E-05 1
vn 0 0 1
vn 0 1E-05 1
vn 0 0 1
vn 0 -0 1
vn 0 -0 1
vn 0 -0 1
vn 0 0 1
vn 0 0 1
vn 0 0 1
vn 0 -0 1
vn 0 1E-05 1
vn 0 0 1
vn 0 -0 1
vn 0 -0 1
vn 0 -0 1
vn 0 0 1
vn 0 0 1
vn 0 0 1
vn 0 0 1
vn 0 -0 1
vn 0 -1E-05 1
vn 0 -0 1
vn 0 1E-05 1
vn 0 0 1
vn 0 0 1
vn 0 0 1
vn 0 -0 1
vn 0 -0 1
vn 0 0 1
vn 0 -0 1
vn 0 -0 1
vn 0 0 1
vn 0 -0 1
vn 0 -0 1
vn 0 -0 1
vn 0 -0 1
vn 1E-05 -0 1
vn 1E-05 -0 1
vn 0 -0 1
vn -0 -0 1
vn 0 -0 1
vn -0 -0 1
vn -0 -0 1
vn 0 0 1
vn -0 -1E-05 1
vn 0 0 1
vn -0 -0 1
vn 0 0 1
vn -0 0 1
vn 0 -0 1
vn 0 0 1
vn 0 0 1
vn 0 0 1
vn -0 -0 1
vn -0 0 1
vn 0 -0.52272 0.85251
vn 0 -0.46237 0.88669
vn -0.02816 -0.51715 0.85543
vn 0.02816 -0.51715 0.85543
vn -0.02293 -0.41864 0.90786
vn 0 -0 1
vn -0.0549 -0.51145 0.85756
vn -0.03026 -0.28171 0.95902
vn 0 0 1
vn 0.02292 -0.41864 0.90786
vn 0.05489 -0.51145 0.85756
vn 0.03026 -0.28171 0.95902
vn -0 0 1
vn 0 -0 1
vn 0 -0 1
vn 0 -0 1
vn 0 0 1
vn 0 -0 1
vn 0 0 1
vn -0 0 1
vn 0 0 1
vn 0 -0 1
vn 0 0 1
vn -0 -0 1
vn -0 0 1
vn 0 0 1
vn -0 0 1
vn 0 -0 1
vn -0 0 1
vn -0 -0 1
vn 1E-05 0 1
vn 0 -0 1
vn 0 1E-05 1
vn 0 -0 1
vn 0 -0 1
vn -0.222 0.53596 0.81453
vn 0.22202 0.536 0.8145
vn 0.38165 0.92127 0.07484
vn 0 0 1
vn -0.38157 0.92131 0.07484
vn 0.92131 0.38157 0.07484
vn -0.536 0.22202 0.8145
vn -0.92127 0.38165 0.07484
vn 0.536 0.22202 0.8145
vn 0.92127 -0.38165 0.07484
vn -0.536 -0.22203 0.8145
vn -0.9213 -0.38157 0.07484
vn 0.536 -0.22201 0.8145
vn 0.38157 -0.9213 0.07485
vn -0.222 -0.53597 0.81453
vn -0.38165 -0.92127 0.07484
vn 0.22201 -0.53601 0.8145
vn -0.32965 0.79585 0.50788
vn 0.32965 0.79585 0.50789
vn 0.38196 0.9222 0.06043
vn 0 -0 1
vn -0.382 0.92218 0.06043
vn 0.92218 0.38201 0.06042
vn -0.79585 0.32965 0.50789
vn -0.9222 0.38196 0.06042
vn 0.79585 0.32965 0.50788
vn 0.9222 -0.38196 0.06042
vn -0.79585 -0.32965 0.50788
vn -0.92218 -0.38201 0.06043
vn 0.79585 -0.32966 0.50788
vn 0.38201 -0.92218 0.06042
vn -0.32966 -0.79585 0.50788
vn -0.38197 -0.9222 0.06042
vn 0.32966 -0.79585 0.50788
vt 0.09743 0.889
vt 0.09797 0.81387
vt 0.07993 0.81381
vt 0.07947 0.91706
vt 0.07914 0.99444
vt 0.09729 0.99451
vt 0.06099 0.99435
vt 0.09751 0.91713
vt 0.11578 0.9172
vt 0.11548 0.99458
vt 0.13368 0.99465
vt 0.06144 0.91697
vt 0.04317 0.91689
vt 0.04279 0.99426
vt 0.02459 0.99418
vt 0.06177 0.88885
vt 0.06188 0.81371
vt 0.13405 0.91727
vt 0.15212 0.91734
vt 0.15186 0.99472
vt 0.17003 0.99478
vt 0.0249 0.91679
vt 0.00681 0.9167
vt 0.00644 0.99408
vt 0.02485 0.88866
vt 0.0074 0.81345
vt 0.02548 0.81353
vt 0.17019 0.91739
vt 0.18846 0.91745
vt 0.18823 0.99483
vt 0.20643 0.99488
vt 0.03533 0.91304
vt 0.04325 0.90216
vt 0.03016 0.90331
vt 0.03118 0.88869
vt 0.03191 0.81357
vt 0.04331 0.88875
vt 0.03943 0.81361
vt 0.04792 0.81365
vt 0.05544 0.88881
vt 0.05545 0.81368
vt 0.05105 0.91312
vt 0.05632 0.90344
vt 0.13435 0.88914
vt 0.13438 0.81401
vt 0.12794 0.81399
vt 0.12802 0.88911
vt 0.12042 0.81397
vt 0.11589 0.88907
vt 0.11583 0.90248
vt 0.11193 0.81393
vt 0.10441 0.8139
vt 0.10376 0.88902
vt 0.10275 0.90364
vt 0.10793 0.91337
vt 0.12891 0.90375
vt 0.12365 0.91343
vt 0.15247 0.81408
vt 0.17008 0.88926
vt 0.17055 0.81413
vt 0.17542 0.9039
vt 0.18061 0.91362
vt 0.1885 0.90273
vt 0.17641 0.88928
vt 0.17699 0.81415
vt 0.18854 0.88931
vt 0.18451 0.81418
vt 0.193 0.81421
vt 0.20067 0.88935
vt 0.20053 0.81422
vt 0.207 0.88937
vt 0.20696 0.81424
vt 0.20158 0.90398
vt 0.19633 0.91366
vt 0.20672 0.9175
vt 0.2248 0.91755
vt 0.22461 0.99493
vt 0.24278 0.99497
vt 0.22505 0.81429
vt 0.24273 0.88946
vt 0.24314 0.81433
vt 0.24287 0.91759
vt 0.26114 0.91763
vt 0.26098 0.99501
vt 0.27918 0.99504
vt 0.24808 0.90409
vt 0.25328 0.9138
vt 0.26116 0.90291
vt 0.24906 0.88947
vt 0.24958 0.81434
vt 0.26119 0.88949
vt 0.2571 0.81437
vt 0.26559 0.81438
vt 0.27333 0.88951
vt 0.27311 0.81439
vt 0.27965 0.88953
vt 0.27955 0.8144
vt 0.27424 0.90415
vt 0.269 0.91384
vt 0.2794 0.91766
vt 0.29744 0.9177
vt 0.29733 0.99508
vt 0.31548 0.9951
vt 0.29759 0.81444
vt 0.31531 0.88959
vt 0.31564 0.81445
vt 0.31548 0.91771
vt 0.33374 0.91773
vt 0.33367 0.99511
vt 0.35187 0.99513
vt 0.32068 0.90421
vt 0.32589 0.91392
vt 0.33376 0.90301
vt 0.32163 0.88959
vt 0.32207 0.81446
vt 0.33377 0.8896
vt 0.32959 0.81448
vt 0.33809 0.81448
vt 0.34591 0.88961
vt 0.34561 0.81448
vt 0.35223 0.88962
vt 0.35204 0.81449
vt 0.34684 0.90424
vt 0.34161 0.91393
vt 0.35201 0.91774
vt 0.37008 0.91776
vt 0.37005 0.99514
vt 0.38823 0.99515
vt 0.37013 0.81451
vt 0.38796 0.88964
vt 0.38822 0.8145
vt 0.38816 0.91776
vt 0.40642 0.91777
vt 0.40642 0.99515
vt 0.42462 0.99515
vt 0.39334 0.90426
vt 0.39856 0.91396
vt 0.40643 0.90304
vt 0.39429 0.88963
vt 0.39466 0.81451
vt 0.40642 0.88963
vt 0.40218 0.81451
vt 0.41067 0.81451
vt 0.41856 0.88963
vt 0.41819 0.81451
vt 0.42488 0.88964
vt 0.42463 0.8145
vt 0.4195 0.90426
vt 0.41428 0.91396
vt 0.42469 0.91776
vt 0.44278 0.91776
vt 0.44278 0.99514
vt 0.4427 0.81451
vt 0.42275 0.49999
vt 0.43404 0.51015
vt 0.41063 0.50565
vt 0.41063 0.5318
vt 0.41403 0.54274
vt 0.4435 0.51933
vt 0.42185 0.55395
vt 0.45451 0.52682
vt 0.43229 0.5674
vt 0.46815 0.55854
vt 0.48455 0.55085
vt 0.4704 0.52553
vt 0.49895 0.53726
vt 0.48353 0.52047
vt 0.47541 0.58109
vt 0.43873 0.58107
vt 0.44018 0.60301
vt 0.47667 0.60225
vt 0.50801 0.52241
vt 0.4926 0.50955
vt 0.5023 0.49823
vt 0.51644 0.50798
vt 0.51383 0.48846
vt 0.52528 0.49954
vt 0.52899 0.48322
vt 0.53296 0.49446
vt 0.53762 0.48466
vt 0.54168 0.49015
vt 0.42857 0.62105
vt 0.47301 0.62114
vt 0.45646 0.67614
vt 0.48945 0.62939
vt 0.41106 0.64165
vt 0.40262 0.65815
vt 0.39969 0.67602
vt 0.50244 0.64223
vt 0.51358 0.67626
vt 0.51075 0.65838
vt 0.24972 0.28368
vt 0.24972 0.26276
vt 0.23243 0.26276
vt 0.23243 0.28368
vt 0.24972 0.3038
vt 0.23243 0.3038
vt 0.23243 0.32629
vt 0.24972 0.32629
vt 0.43404 0.51015
vt 0.42275 0.49999
vt 0.41063 0.50565
vt 0.41063 0.5318
vt 0.41403 0.54274
vt 0.4435 0.51933
vt 0.42185 0.55395
vt 0.45451 0.52682
vt 0.43229 0.5674
vt 0.46815 0.55854
vt 0.48455 0.55085
vt 0.4704 0.52553
vt 0.49895 0.53726
vt 0.48353 0.52047
vt 0.47541 0.58109
vt 0.43873 0.58107
vt 0.44018 0.60301
vt 0.47667 0.60225
vt 0.50801 0.52241
vt 0.4926 0.50955
vt 0.5023 0.49823
vt 0.51644 0.50798
vt 0.42857 0.62105
vt 0.51383 0.48846
vt 0.52528 0.49954
vt 0.53296 0.49446
vt 0.52899 0.48322
vt 0.53762 0.48466
vt 0.54168 0.49015
vt 0.47301 0.62114
vt 0.48945 0.6294
vt 0.40262 0.65815
vt 0.39969 0.67602
vt 0.50244 0.64223
vt 0.51358 0.67626
vt 0.51075 0.65838
vt 0.28225 0.34893
vt 0.26533 0.34893
vt 0.26533 0.37324
vt 0.28225 0.37324
vt 0.26533 0.38389
vt 0.28225 0.38389
vt 0.26533 0.39658
vt 0.28225 0.39658
vt 0.26533 0.4124
vt 0.28225 0.4124
vt 0.26533 0.42646
vt 0.28225 0.42646
vt 0.26533 0.44688
vt 0.28225 0.44688
vt 0.26533 0.46974
vt 0.28225 0.46974
vt 0.26533 0.49382
vt 0.28225 0.49382
vt 0.26533 0.51048
vt 0.28225 0.51048
vt 0.26533 0.52684
vt 0.28224 0.52683
vt 0.28225 0.3365
vt 0.28225 0.32239
vt 0.26533 0.3365
vt 0.26533 0.32239
vt 0.28225 0.31014
vt 0.26533 0.31014
vt 0.28225 0.29776
vt 0.26533 0.29776
vt 0.28225 0.28295
vt 0.26533 0.28295
vt 0.28225 0.26987
vt 0.26533 0.26987
vt 0.28225 0.25187
vt 0.26533 0.25187
vt 0.28225 0.23186
vt 0.26533 0.23186
vt 0.28225 0.2229
vt 0.26533 0.2229
vt 0.28225 0.21395
vt 0.26533 0.21395
vt 0.28225 0.20582
vt 0.26533 0.20582
vt 0.28225 0.19948
vt 0.26533 0.19948
vt 0.23243 0.34349
vt 0.24972 0.34349
vt 0.23243 0.36228
vt 0.24972 0.36228
vt 0.23243 0.38719
vt 0.24972 0.38719
vt 0.23243 0.4023
vt 0.24972 0.4023
vt 0.23243 0.40899
vt 0.24972 0.40899
vt 0.23243 0.41569
vt 0.24972 0.41569
vt 0.23243 0.42493
vt 0.24972 0.42493
vt 0.24972 0.24606
vt 0.23243 0.24606
vt 0.24972 0.22935
vt 0.23243 0.22935
vt 0.24972 0.21264
vt 0.23243 0.21264
vt 0.24972 0.19594
vt 0.23243 0.19594
vt 0.24972 0.44645
vt 0.2326 0.44645
vt 0.2326 0.49208
vt 0.24972 0.49208
vt 0.2326 0.5377
vt 0.24972 0.5377
vt 0.06646 0.00996
vt 0.06366 0.03086
vt 0.04723 0.01001
vt 0.04885 0.02916
vt 0.05801 0.05426
vt 0.04782 0.04883
vt 0.05033 0.07031
vt 0.04228 0.06541
vt 0.04084 0.0814
vt 0.03513 0.07748
vt 0.02923 0.09254
vt 0.02582 0.08913
vt 0.06389 0.03083
vt 0.06647 0.00992
vt 0.0472 0.00997
vt 0.04907 0.02913
vt 0.05803 0.05423
vt 0.04786 0.0488
vt 0.05034 0.07029
vt 0.04226 0.06538
vt 0.04085 0.08139
vt 0.03511 0.07744
vt 0.02578 0.0891
vt 0.02109 0.00971
vt 0.01174 0.00972
vt 0.01173 0.02827
vt 0.02109 0.02827
vt 0.01173 0.04733
vt 0.02109 0.04733
vt 0.01173 0.06436
vt 0.02109 0.06436
vt 0.01173 0.07817
vt 0.02109 0.07817
vt 0.01173 0.09301
vt 0.02109 0.093
vt 0.07481 0.00797
vt 0.07481 0.02845
vt 0.08416 0.00798
vt 0.08417 0.02845
vt 0.07481 0.05186
vt 0.08417 0.05186
vt 0.07481 0.0693
vt 0.08417 0.0693
vt 0.07481 0.08383
vt 0.08417 0.08383
vt 0.07481 0.09998
vt 0.08416 0.09997
vt 0.01174 0.09783
vt 0.02109 0.09787
vt 0.02608 0.15774
vt 0.02606 0.16662
vt 0.03584 0.16663
vt 0.03586 0.15776
vt 0.02609 0.1523
vt 0.03587 0.15232
vt 0.03588 0.14634
vt 0.0261 0.14633
vt 0.0261 0.13105
vt 0.03588 0.13106
vt 0.0393 0.15124
vt 0.04454 0.15268
vt 0.04454 0.14276
vt 0.05341 0.15268
vt 0.04454 0.13338
vt 0.05341 0.14125
vt 0.05009 0.13604
vt 0.02268 0.15123
vt 0.01744 0.15267
vt 0.01744 0.14274
vt 0.00857 0.15267
vt 0.00857 0.14124
vt 0.01744 0.13337
vt 0.01189 0.13602
vt 0.423 0.48691
vt 0.423 0.45449
vt 0.41582 0.48691
vt 0.41582 0.45449
vt 0.40865 0.48691
vt 0.40865 0.45449
vt 0.40147 0.48691
vt 0.40147 0.45449
vt 0.3943 0.48692
vt 0.3943 0.45449
vt 0.38712 0.48692
vt 0.38712 0.45449
vt 0.37995 0.48692
vt 0.37995 0.45449
vt 0.37277 0.48692
vt 0.37277 0.45449
vt 0.3656 0.48692
vt 0.3656 0.45449
vt 0.61737 0.75002
vt 0.97775 0.75002
vt 0.61737 0.74295
vt 0.97775 0.74295
vt 0.61737 0.73248
vt 0.97775 0.73249
vt 0.61737 0.71957
vt 0.97775 0.71957
vt 0.61737 0.70665
vt 0.97775 0.70666
vt 0.61737 0.69374
vt 0.97775 0.69374
vt 0.97775 0.68685
vt 0.61737 0.68685
vt 0.59138 0.63983
vt 0.5847 0.64151
vt 0.59859 0.64704
vt 0.59314 0.65612
vt 0.57684 0.65175
vt 0.57852 0.66456
vt 0.58877 0.67242
vt 0.59923 0.67235
vt 0.60612 0.67074
vt 0.60612 0.6593
vt 0.60945 0.65409
vt 0.61499 0.65143
vt 0.61737 0.77379
vt 0.97775 0.77379
vt 0.97775 0.76764
vt 0.61737 0.76764
vt 0.61737 0.76146
vt 0.97775 0.76146
vt 0.30922 0.69093
vt 0.35014 0.69074
vt 0.3397 0.70309
vt 0.31874 0.70138
vt 0.32283 0.71414
vt 0.33632 0.71482
vt 0.33439 0.73361
vt 0.32534 0.73351
vt 0.33511 0.75267
vt 0.32526 0.75283
vt 0.33794 0.7702
vt 0.32148 0.77095
vt 0.31847 0.77836
vt 0.33574 0.77961
vt 0.36734 0.77103
vt 0.36734 0.78042
vt 0.40118 0.7708
vt 0.40262 0.78084
vt 0.42201 0.76404
vt 0.42609 0.77415
vt 0.43731 0.74998
vt 0.4487 0.75356
vt 0.44278 0.7324
vt 0.45503 0.73345
vt 0.46296 0.71908
vt 0.4432 0.71729
vt 0.48839 0.70859
vt 0.44117 0.70859
vt 0.35056 0.69089
vt 0.30964 0.69089
vt 0.34007 0.7032
vt 0.31911 0.70138
vt 0.32314 0.71416
vt 0.33662 0.71491
vt 0.33461 0.73369
vt 0.32556 0.73354
vt 0.33523 0.75275
vt 0.32538 0.75286
vt 0.33798 0.7703
vt 0.32152 0.77096
vt 0.33573 0.7797
vt 0.36737 0.77127
vt 0.36732 0.78065
vt 0.40122 0.7712
vt 0.40261 0.78125
vt 0.42208 0.76454
vt 0.42611 0.77467
vt 0.43744 0.75055
vt 0.44881 0.75419
vt 0.443 0.733
vt 0.45524 0.73411
vt 0.46324 0.71978
vt 0.44349 0.71789
vt 0.48872 0.70941
vt 0.44151 0.70918
vt 0.32865 0.41894
vt 0.32865 0.43512
vt 0.3474 0.41894
vt 0.3474 0.43512
vt 0.32865 0.44732
vt 0.3474 0.44732
vt 0.32865 0.46621
vt 0.3474 0.46621
vt 0.32865 0.48529
vt 0.3474 0.48529
vt 0.32865 0.50305
vt 0.3474 0.50305
vt 0.37966 0.66025
vt 0.36091 0.66025
vt 0.36091 0.67438
vt 0.37966 0.67438
vt 0.36091 0.68778
vt 0.37966 0.68778
vt 0.36091 0.70731
vt 0.37966 0.70731
vt 0.36091 0.72663
vt 0.37966 0.72663
vt 0.36091 0.74514
vt 0.37966 0.74514
vt 0.36091 0.75314
vt 0.37966 0.75314
vt 0.29432 0.65103
vt 0.31307 0.65103
vt 0.31307 0.63372
vt 0.29432 0.63372
vt 0.31307 0.60211
vt 0.29432 0.60211
vt 0.31307 0.56682
vt 0.29432 0.56682
vt 0.31307 0.54242
vt 0.29432 0.54242
vt 0.31307 0.51184
vt 0.29432 0.51184
vt 0.31307 0.49076
vt 0.29432 0.49076
vt 0.31307 0.47435
vt 0.29432 0.47435
vt 0.31307 0.44684
vt 0.29432 0.44684
vt 0.32865 0.53246
vt 0.3474 0.53246
vt 0.32865 0.5663
vt 0.3474 0.5663
vt 0.32865 0.5882
vt 0.3474 0.5882
vt 0.32865 0.60898
vt 0.3474 0.60898
vt 0.32865 0.62739
vt 0.3474 0.62739
vt 0.32865 0.64251
vt 0.3474 0.64251
vt 0.32865 0.65144
vt 0.3474 0.65144
vt 0.48508 0.04177
vt 0.4854 0.05525
vt 0.43123 0.05525
vt 0.4413 0.04177
vt 0.45681 0.03011
vt 0.48453 0.03011
vt 0.46271 0.02786
vt 0.47863 0.02786
vt 0.48508 0.04177
vt 0.43123 0.05525
vt 0.4413 0.04177
vt 0.48453 0.03011
vt 0.45681 0.03011
vt 0.47863 0.02786
vt 0.46271 0.02786
vt 0.49764 0.03068
vt 0.51164 0.03534
vt 0.51164 0.01394
vt 0.49764 0.01861
vt 0.48533 0.02196
vt 0.48533 0.02733
vt 0.41534 0.01394
vt 0.41534 0.03534
vt 0.43315 0.01861
vt 0.43315 0.03068
vt 0.45411 0.02733
vt 0.45411 0.02196
vt 0.46102 0.02733
vt 0.46102 0.02196
vt 0.47842 0.02196
vt 0.47842 0.02733
vt 0.98934 0.8033
vt 0.98934 0.78632
vt 0.56747 0.78632
vt 0.56747 0.8033
vt 0.98934 0.82029
vt 0.56747 0.82029
vt 0.98934 0.83727
vt 0.56747 0.83727
vt 0.98934 0.85426
vt 0.56747 0.85426
vt 0.98934 0.87124
vt 0.56747 0.87124
vt 0.98934 0.88823
vt 0.56747 0.88823
vt 0.98934 0.90521
vt 0.56747 0.90521
vt 0.98934 0.9222
vt 0.56747 0.9222
vt 0.56747 0.93918
vt 0.98934 0.93918
vt 0.98934 0.95617
vt 0.56747 0.95617
vt 0.98934 0.97315
vt 0.56747 0.97315
vt 0.98934 0.99014
vt 0.56747 0.99014
vt 0.45844 0.98696
vt 0.55328 0.98696
vt 0.45844 0.97571
vt 0.55328 0.97571
vt 0.45844 0.96366
vt 0.55328 0.96366
vt 0.45844 0.95162
vt 0.55328 0.95162
vt 0.45844 0.93957
vt 0.55328 0.93957
vt 0.45844 0.92752
vt 0.55328 0.92752
vt 0.45844 0.91548
vt 0.55328 0.91548
vt 0.45844 0.90343
vt 0.55328 0.90343
vt 0.45844 0.89138
vt 0.55328 0.89138
vt 0.45844 0.87933
vt 0.55328 0.87933
vt 0.45844 0.86729
vt 0.55328 0.86729
vt 0.45844 0.85524
vt 0.55328 0.85524
vt 0.45844 0.84399
vt 0.55328 0.84399
vt 0.52344 0.77064
vt 0.52344 0.73777
vt 0.51758 0.77064
vt 0.51758 0.73777
vt 0.51172 0.77064
vt 0.51172 0.73777
vt 0.50586 0.77064
vt 0.50586 0.73777
vt 0.5 0.77064
vt 0.5 0.73777
vt 0.49414 0.77064
vt 0.49414 0.73777
vt 0.48828 0.77064
vt 0.48828 0.73777
vt 0.48242 0.77064
vt 0.48242 0.73777
vt 0.47656 0.77064
vt 0.47656 0.73777
vt 0.0083 0.34627
vt 0.03954 0.34627
vt 0.01189 0.31632
vt 0.04451 0.31632
vt 0.02274 0.27611
vt 0.09153 0.34627
vt 0.05449 0.27611
vt 0.03648 0.23406
vt 0.09248 0.31632
vt 0.13892 0.34627
vt 0.06958 0.23406
vt 0.05914 0.17903
vt 0.09782 0.27611
vt 0.13745 0.31632
vt 0.09235 0.17903
vt 0.08299 0.13415
vt 0.11271 0.23428
vt 0.11403 0.13865
vt 0.1053 0.10089
vt 0.17975 0.31632
vt 0.1834 0.34627
vt 0.21253 0.34627
vt 0.21116 0.31632
vt 0.20995 0.27611
vt 0.17985 0.27611
vt 0.20991 0.23406
vt 0.13976 0.27611
vt 0.18177 0.23406
vt 0.21778 0.17903
vt 0.14282 0.23406
vt 0.14529 0.17903
vt 0.19356 0.17903
vt 0.23106 0.15126
vt 0.1677 0.13887
vt 0.21123 0.13873
vt 0.2329 0.11409
vt 0.24814 0.13052
vt 0.13689 0.10474
vt 0.1329 0.07066
vt 0.18359 0.10819
vt 0.20199 0.07338
vt 0.16282 0.0734
vt 0.1589 0.04648
vt 0.18291 0.04886
vt 0.18703 0.02764
vt 0.26669 0.10154
vt 0.26447 0.12243
vt 0.28934 0.11512
vt 0.2895 0.09893
vt 0.20779 0.02895
vt 0.20588 0.01951
vt 0.2246 0.01585
vt 0.23289 0.07328
vt 0.26759 0.07295
vt 0.28954 0.07937
vt 0.26772 0.04837
vt 0.28877 0.02845
vt 0.21615 0.04845
vt 0.23111 0.02898
vt 0.24051 0.01519
vt 0.25888 0.01471
vt 0.24039 0.04848
vt 0.25141 0.0283
vt 0.28877 0.01479
vt 0.18264 0.36455
vt 0.18264 0.38266
vt 0.2077 0.38266
vt 0.1373 0.35498
vt 0.10708 0.38265
vt 0.08848 0.35467
vt 0.03507 0.36163
vt 0.03507 0.38266
vt 0.0089 0.38266
vt 0.03929 0.44282
vt 0.00799 0.44282
vt 0.01207 0.47276
vt 0.04469 0.47276
vt 0.02353 0.51297
vt 0.09125 0.44282
vt 0.05524 0.51297
vt 0.03791 0.55502
vt 0.09264 0.47276
vt 0.13862 0.44282
vt 0.07095 0.55502
vt 0.0614 0.61005
vt 0.09855 0.51297
vt 0.13758 0.47276
vt 0.09454 0.61005
vt 0.08589 0.65621
vt 0.11406 0.5548
vt 0.11685 0.65124
vt 0.10869 0.68914
vt 0.17984 0.47276
vt 0.18305 0.44282
vt 0.2121 0.44282
vt 0.2112 0.47276
vt 0.2106 0.51297
vt 0.18053 0.51297
vt 0.2112 0.55502
vt 0.14047 0.51297
vt 0.18309 0.55502
vt 0.21992 0.61005
vt 0.14415 0.55502
vt 0.14747 0.61005
vt 0.19572 0.61005
vt 0.23368 0.63686
vt 0.17051 0.65021
vt 0.21405 0.64969
vt 0.23608 0.674
vt 0.25107 0.65734
vt 0.14022 0.68481
vt 0.13676 0.71894
vt 0.27006 0.68603
vt 0.26752 0.66518
vt 0.2925 0.67212
vt 0.29291 0.6883
vt 0.2714 0.71461
vt 0.29325 0.70786
vt 0.2367 0.71481
vt 0.20579 0.71517
vt 0.18686 0.68065
vt 0.16663 0.71575
vt 0.16312 0.74272
vt 0.2719 0.73918
vt 0.29325 0.75878
vt 0.18709 0.73998
vt 0.19153 0.76114
vt 0.24457 0.73949
vt 0.25589 0.7595
vt 0.29345 0.77244
vt 0.26357 0.773
vt 0.22033 0.73989
vt 0.21227 0.75951
vt 0.2105 0.76898
vt 0.22928 0.77235
vt 0.23559 0.75913
vt 0.2452 0.77278
vt 0.18625 0.4057
vt 0.18625 0.42381
vt 0.2113 0.4057
vt 0.14091 0.43338
vt 0.11068 0.40571
vt 0.09208 0.43369
vt 0.03867 0.42673
vt 0.03867 0.4057
vt 0.01251 0.4057
vt 0.46117 0.07456
vt 0.39531 0.07456
vt 0.39531 0.08462
vt 0.46117 0.08462
vt 0.46117 0.10038
vt 0.39531 0.10037
vt 0.46117 0.11602
vt 0.39531 0.11602
vt 0.46116 0.13577
vt 0.3953 0.13577
vt 0.39531 0.15281
vt 0.46117 0.15281
vt 0.39531 0.17241
vt 0.46117 0.17241
vt 0.39531 0.18137
vt 0.46117 0.18137
vt 0.46117 0.18621
vt 0.65917 0.18887
vt 0.65917 0.18137
vt 0.67819 0.18887
vt 0.67819 0.18172
vt 0.65917 0.17557
vt 0.67819 0.17307
vt 0.67819 0.19778
vt 0.65917 0.19778
vt 0.67819 0.20785
vt 0.65917 0.20785
vt 0.67819 0.21577
vt 0.46117 0.19778
vt 0.4039 0.18572
vt 0.40361 0.19778
vt 0.39531 0.19778
vt 0.46117 0.20785
vt 0.40332 0.20785
vt 0.39531 0.20785
vt 0.65917 0.21577
vt 0.46103 0.21577
vt 0.40349 0.21577
vt 0.39531 0.21577
vt 0.39531 0.22384
vt 0.40366 0.22384
vt 0.39531 0.23374
vt 0.65917 0.22384
vt 0.67819 0.22384
vt 0.46126 0.22384
vt 0.40366 0.23374
vt 0.39531 0.25029
vt 0.65917 0.23374
vt 0.67819 0.23374
vt 0.46133 0.23374
vt 0.65917 0.24295
vt 0.67819 0.24264
vt 0.40366 0.24607
vt 0.46123 0.24512
vt 0.65917 0.25029
vt 0.67819 0.24994
vt 0.65917 0.25609
vt 0.67819 0.2586
vt 0.46117 0.25029
vt 0.46117 0.25925
vt 0.39531 0.25925
vt 0.46117 0.27885
vt 0.39531 0.27885
vt 0.46117 0.29846
vt 0.39531 0.29846
vt 0.39531 0.31592
vt 0.46117 0.31592
vt 0.39531 0.32768
vt 0.46117 0.32768
vt 0.39531 0.34065
vt 0.46117 0.34065
vt 0.39531 0.35223
vt 0.46117 0.35223
vt 0.42644 0.4046
vt 0.46117 0.4046
vt 0.46956 0.43304
vt 0.42721 0.40527
vt 0.65154 0.40527
vt 0.43415 0.42778
vt 0.4129 0.40527
vt 0.42202 0.42485
vt 0.40712 0.40527
vt 0.41624 0.424
vt 0.4059 0.40527
vt 0.41502 0.424
vt 0.41624 0.424
vt 0.40712 0.40527
vt 0.42202 0.42485
vt 0.4129 0.40527
vt 0.42721 0.40527
vt 0.46068 0.40527
vt 0.65154 0.40527
vt 0.65172 0.45014
vt 0.68835 0.45358
vt 0.65159 0.46255
vt 0.47146 0.43825
vt 0.67819 0.46615
vt 0.6925 0.48668
vt 0.73965 0.47694
vt 0.73962 0.49327
vt 0.73965 0.45725
vt 0.73965 0.40603
vt 0.68679 0.40557
vt 0.73965 0.39311
vt 0.68702 0.38912
vt 0.66988 0.3962
vt 0.65154 0.39862
vt 0.73965 0.38108
vt 0.70209 0.37721
vt 0.71291 0.35957
vt 0.73402 0.35957
vt 0.75036 0.36664
vt 0.76588 0.38235
vt 0.77119 0.39311
vt 0.96219 0.22848
vt 0.97516 0.20784
vt 0.96193 0.19946
vt 0.95112 0.22076
vt 0.93943 0.18874
vt 0.94562 0.2474
vt 0.93162 0.21042
vt 0.91662 0.17884
vt 0.93903 0.24165
vt 0.92445 0.26302
vt 0.91054 0.20145
vt 0.89135 0.17431
vt 0.923 0.23146
vt 0.88863 0.19689
vt 0.86598 0.17064
vt 0.90411 0.22388
vt 0.89664 0.24604
vt 0.86618 0.19384
vt 0.8406 0.17397
vt 0.88568 0.21892
vt 0.84389 0.19637
vt 0.81534 0.17815
vt 0.86618 0.21677
vt 0.82175 0.20037
vt 0.79271 0.18817
vt 0.88706 0.26747
vt 0.89692 0.27483
vt 0.88196 0.27712
vt 0.89658 0.28839
vt 0.88056 0.26023
vt 0.86448 0.26708
vt 0.88209 0.24292
vt 0.88095 0.24946
vt 0.86555 0.25043
vt 0.86585 0.23945
vt 0.84941 0.24195
vt 0.85021 0.24854
vt 0.83472 0.24419
vt 0.847 0.21813
vt 0.82816 0.22233
vt 0.80072 0.20939
vt 0.7704 0.19899
vt 0.80953 0.22962
vt 0.80691 0.26007
vt 0.84212 0.2655
vt 0.8496 0.2593
vt 0.78107 0.21957
vt 0.79299 0.23949
vt 0.77007 0.22785
vt 0.75714 0.20744
vt 0.7866 0.24532
vt 0.77254 0.2582
vt 0.75543 0.24095
vt 0.79254 0.27384
vt 0.8153 0.28596
vt 0.82201 0.27688
vt 0.83999 0.29395
vt 0.83172 0.27164
vt 0.84587 0.27536
vt 0.85065 0.28697
vt 0.85487 0.29605
vt 0.86223 0.29655
vt 0.86316 0.28498
vt 0.86957 0.29682
vt 0.86378 0.27752
vt 0.87516 0.28824
vt 0.88416 0.29644
vt 0.8965 0.29495
vt 0.01036 0.65956
vt 0.02732 0.65956
vt 0.01036 0.65254
vt 0.01036 0.67074
vt 0.04188 0.67074
vt 0.01036 0.6853
vt 0.05306 0.6853
vt 0.01036 0.70226
vt 0.06008 0.70226
vt 0.01036 0.71802
vt 0.06109 0.71276
vt 0.06128 0.71802
vt 0.06109 0.72327
vt 0.01036 0.73378
vt 0.06008 0.73378
vt 0.01036 0.74239
vt 0.05651 0.74239
vt 0.01036 0.79054
vt 0.05651 0.79054
vt 0.0796 0.79054
vt 0.0796 0.7447
vt 0.09111 0.79054
vt 0.09111 0.75098
vt 0.10826 0.79054
vt 0.10563 0.76672
vt 0.1109 0.77651
vt 0.4734 0.31884
vt 0.66632 0.31884
vt 0.4734 0.30396
vt 0.66632 0.30396
vt 0.4734 0.29468
vt 0.66632 0.29468
vt 0.66632 0.28541
vt 0.4734 0.28541
vt 0.66632 0.27053
vt 0.4734 0.27053
vt 0.72711 0.3046
vt 0.72044 0.31056
vt 0.71587 0.31921
vt 0.73012 0.31921
vt 0.71587 0.32831
vt 0.73528 0.3046
vt 0.73012 0.33741
vt 0.71587 0.33741
vt 0.73964 0.31921
vt 0.74356 0.3046
vt 0.73964 0.33741
vt 0.74667 0.31921
vt 0.72711 0.35202
vt 0.72044 0.34606
vt 0.73528 0.35202
vt 0.74356 0.35202
vt 0.74667 0.33741
vt 0.75784 0.31921
vt 0.75784 0.33741
vt 0.7724 0.31921
vt 0.7724 0.33741
vt 0.78936 0.31921
vt 0.78936 0.33741
vt 0.80512 0.31921
vt 0.80512 0.33741
vt 0.82088 0.33741
vt 0.82088 0.31921
vt 0.82949 0.33741
vt 0.82949 0.31921
vt 0.87765 0.31921
vt 0.87764 0.33741
vt 0.34092 0.37201
vt 0.3594 0.37202
vt 0.35154 0.322
vt 0.34092 0.32352
vt 0.34092 0.30146
vt 0.36065 0.31384
vt 0.3303 0.322
vt 0.32244 0.37202
vt 0.32118 0.31386
vt 0.3186 0.30146
vt 0.32118 0.29021
vt 0.36324 0.3015
vt 0.36769 0.29845
vt 0.37008 0.31575
vt 0.38204 0.30658
vt 0.38294 0.29164
vt 0.37553 0.27556
vt 0.36065 0.29019
vt 0.34092 0.29209
vt 0.34092 0.25927
vt 0.37842 0.25927
vt 0.30844 0.27802
vt 0.3734 0.24052
vt 0.30342 0.25927
vt 0.36463 0.23195
vt 0.30844 0.24052
vt 0.35002 0.2268
vt 0.31721 0.23195
vt 0.34092 0.2268
vt 0.33182 0.2268
vt 0.64808 0.66836
vt 0.66046 0.66991
vt 0.64229 0.66162
vt 0.66045 0.66149
vt 0.69599 0.67082
vt 0.69598 0.66145
vt 0.64109 0.6524
vt 0.66044 0.65238
vt 0.69597 0.65235
vt 0.69596 0.64325
vt 0.66043 0.64328
vt 0.69595 0.63387
vt 0.64227 0.64319
vt 0.66042 0.63486
vt 0.64804 0.63643
vt 0.3307 0.17285
vt 0.33258 0.18704
vt 0.34007 0.17283
vt 0.34002 0.19275
vt 0.34918 0.17281
vt 0.34924 0.19394
vt 0.35845 0.19271
vt 0.35829 0.17278
vt 0.36585 0.18696
vt 0.36766 0.17276
vt 0.66288 0.33683
vt 0.47349 0.34206
vt 0.66288 0.36054
vt 0.47349 0.36054
vt 0.47349 0.37902
vt 0.66288 0.38425
vt 0.55739 0.15287
vt 0.55739 0.15947
vt 0.5811 0.15947
vt 0.55739 0.12508
vt 0.54594 0.14981
vt 0.53114 0.13888
vt 0.54902 0.11913
vt 0.5811 0.08891
vt 0.5811 0.13275
vt 0.54314 0.11083
vt 0.52021 0.12407
vt 0.51285 0.1072
vt 0.60481 0.12508
vt 0.53855 0.10032
vt 0.53727 0.08891
vt 0.51079 0.08891
vt 0.51285 0.07063
vt 0.60481 0.15287
vt 0.60481 0.15947
vt 0.61626 0.14981
vt 0.63106 0.13888
vt 0.61319 0.11913
vt 0.64199 0.12407
vt 0.61906 0.11083
vt 0.64935 0.1072
vt 0.53855 0.07751
vt 0.62365 0.10032
vt 0.54314 0.067
vt 0.52021 0.05376
vt 0.65141 0.08891
vt 0.53114 0.03895
vt 0.62494 0.08891
vt 0.64935 0.07063
vt 0.62365 0.07751
vt 0.64199 0.05376
vt 0.61906 0.067
vt 0.63106 0.03895
vt 0.61319 0.0587
vt 0.61626 0.02802
vt 0.60481 0.05275
vt 0.60481 0.02496
vt 0.5811 0.04508
vt 0.55739 0.05275
vt 0.54902 0.0587
vt 0.54594 0.02802
vt 0.55739 0.02496
vt 0.5811 0.01898
vt 0.5902 0.01425
vt 0.60481 0.01941
vt 0.5811 0.01344
vt 0.572 0.01425
vt 0.55739 0.01941
vt 0.89941 0.27788
vt 0.903 0.29034
vt 0.93395 0.27788
vt 0.93395 0.29682
vt 0.90387 0.29682
vt 0.95095 0.29682
vt 0.95095 0.27788
vt 0.97873 0.29682
vt 0.97873 0.27788
vt 0.99315 0.29682
vt 0.99315 0.27788
vt 0.69854 0.67083
vt 0.70404 0.67083
vt 0.69854 0.66145
vt 0.70404 0.66145
vt 0.69854 0.65235
vt 0.70404 0.64325
vt 0.69854 0.64325
vt 0.70404 0.63387
vt 0.69854 0.63387
vt 0.98308 0.67606
vt 0.98308 0.66145
vt 0.93587 0.66145
vt 0.93587 0.67292
vt 0.91103 0.66145
vt 0.91103 0.67083
vt 0.91103 0.64325
vt 0.93587 0.64325
vt 0.8844 0.66079
vt 0.8844 0.6709
vt 0.93587 0.63178
vt 0.98308 0.64325
vt 0.98308 0.62864
vt 0.91104 0.63178
vt 0.88457 0.64325
vt 0.8844 0.63205
vt 0.83689 0.64325
vt 0.79597 0.64325
vt 0.83689 0.66145
vt 0.79597 0.66145
vt 0.4991 0.6175
vt 0.52523 0.6175
vt 0.4991 0.60289
vt 0.52523 0.60316
vt 0.4991 0.58468
vt 0.54389 0.60327
vt 0.54389 0.6175
vt 0.52523 0.58441
vt 0.57142 0.60343
vt 0.57142 0.6175
vt 0.60634 0.6175
vt 0.52523 0.57007
vt 0.4991 0.57007
vt 0.54389 0.5843
vt 0.54389 0.57007
vt 0.57142 0.58414
vt 0.57142 0.57007
vt 0.60634 0.57007
vt 0.60634 0.60289
vt 0.6624 0.6175
vt 0.60634 0.58468
vt 0.6624 0.57007
vt 0.6624 0.60289
vt 0.70391 0.6175
vt 0.6624 0.58468
vt 0.70391 0.57007
vt 0.70391 0.60289
vt 0.74244 0.6175
vt 0.70391 0.58468
vt 0.74244 0.57007
vt 0.74244 0.60289
vt 0.77201 0.6175
vt 0.77201 0.60289
vt 0.74244 0.58468
vt 0.77201 0.57007
vt 0.77201 0.58468
vt 0.77963 0.6175
vt 0.80465 0.6175
vt 0.77963 0.60289
vt 0.80465 0.60289
vt 0.88013 0.61749
vt 0.77963 0.58468
vt 0.88013 0.60289
vt 0.95205 0.6175
vt 0.80465 0.58468
vt 0.95205 0.60289
vt 0.97818 0.6175
vt 0.97818 0.60289
vt 0.80465 0.57007
vt 0.77963 0.57007
vt 0.88013 0.57008
vt 0.88013 0.58468
vt 0.95205 0.57007
vt 0.95205 0.58468
vt 0.97818 0.58468
vt 0.97818 0.57007
vt 0.98133 0.51037
vt 0.95165 0.51037
vt 0.98133 0.52498
vt 0.95165 0.52498
vt 0.91177 0.51037
vt 0.98133 0.54319
vt 0.91177 0.52498
vt 0.86869 0.51037
vt 0.95165 0.54319
vt 0.86869 0.52498
vt 0.80978 0.51037
vt 0.95165 0.5578
vt 0.98133 0.5578
vt 0.91177 0.5578
vt 0.91177 0.54319
vt 0.86869 0.5578
vt 0.86869 0.54319
vt 0.80978 0.5578
vt 0.80978 0.52498
vt 0.76215 0.51037
vt 0.80978 0.54319
vt 0.76215 0.5578
vt 0.76215 0.52498
vt 0.72242 0.51037
vt 0.76215 0.54319
vt 0.72242 0.5578
vt 0.72242 0.52498
vt 0.68169 0.51037
vt 0.72242 0.54319
vt 0.68169 0.5578
vt 0.68169 0.52498
vt 0.64628 0.51037
vt 0.68169 0.54319
vt 0.64628 0.5578
vt 0.64628 0.52498
vt 0.61273 0.51037
vt 0.64628 0.54319
vt 0.61273 0.5578
vt 0.61273 0.52498
vt 0.59259 0.51037
vt 0.61273 0.54319
vt 0.59259 0.5578
vt 0.59259 0.52498
vt 0.57392 0.51037
vt 0.59259 0.54319
vt 0.57392 0.5578
vt 0.57392 0.52498
vt 0.55834 0.51037
vt 0.57392 0.54319
vt 0.55834 0.5578
vt 0.55834 0.52498
vt 0.54183 0.51037
vt 0.54183 0.52498
vt 0.55834 0.54319
vt 0.54183 0.5578
vt 0.54183 0.54319
vt 0.39472 0.34131
vt 0.46068 0.34131
vt 0.39472 0.35289
vt 0.46068 0.35289
vt 0.42585 0.40527
vt 0.97485 0.45499
vt 0.96206 0.4343
vt 0.96159 0.46323
vt 0.95095 0.44191
vt 0.94567 0.41534
vt 0.93146 0.45205
vt 0.93913 0.47374
vt 0.91636 0.48342
vt 0.93903 0.42101
vt 0.92466 0.39964
vt 0.92294 0.43102
vt 0.89669 0.41627
vt 0.89722 0.38768
vt 0.91038 0.46082
vt 0.90404 0.43842
vt 0.88858 0.46529
vt 0.89126 0.48783
vt 0.86606 0.49139
vt 0.88568 0.44328
vt 0.86625 0.46822
vt 0.84404 0.46577
vt 0.84083 0.48815
vt 0.81573 0.48406
vt 0.86625 0.44529
vt 0.84713 0.44404
vt 0.86589 0.42256
vt 0.83487 0.41813
vt 0.82202 0.46185
vt 0.86513 0.40372
vt 0.80102 0.45296
vt 0.79317 0.4742
vt 0.77091 0.46354
vt 0.82836 0.43992
vt 0.80974 0.43272
vt 0.80709 0.40234
vt 0.78144 0.44292
vt 0.88729 0.39495
vt 0.79324 0.42294
vt 0.77042 0.43474
vt 0.75763 0.4552
vt 0.78684 0.41718
vt 0.77272 0.40444
vt 0.75574 0.42179
vt 0.79265 0.3887
vt 0.8154 0.37645
vt 0.82216 0.38547
vt 0.84018 0.36835
vt 0.83191 0.39063
vt 0.84233 0.3967
vt 0.84611 0.38688
vt 0.86402 0.38473
vt 0.85089 0.3753
vt 0.85514 0.36623
vt 0.86255 0.36576
vt 0.86343 0.37731
vt 0.88224 0.38528
vt 0.87549 0.37413
vt 0.86993 0.36552
vt 0.88457 0.36601
vt 0.89694 0.37417
vt 0.89693 0.36762
vt 0.02732 0.65956
vt 0.01036 0.65956
vt 0.01036 0.65254
vt 0.01036 0.6853
vt 0.05306 0.6853
vt 0.01036 0.71802
vt 0.06109 0.71276
vt 0.06128 0.71802
vt 0.01036 0.73378
vt 0.06008 0.73378
vt 0.09111 0.75098
vt 0.10826 0.79054
vt 0.1109 0.77651
vt 0.65154 0.39862
vt 0.68679 0.40557
vt 0.68702 0.38912
vt 0.68835 0.45358
vt 0.6516 0.45013
vt 0.65159 0.46256
vt 0.67819 0.46614
vt 0.73965 0.45725
vt 0.73965 0.40603
vt 0.73965 0.39311
vt 0.73965 0.38108
vt 0.71291 0.35957
vt 0.73402 0.35957
vt 0.75036 0.36664
vt 0.76588 0.38235
vt 0.77119 0.39311
vt 0.97554 0.33746
vt 0.97555 0.31925
vt 0.95838 0.33745
vt 0.95839 0.31925
vt 0.94688 0.31924
vt 0.94687 0.33745
vt 0.9238 0.31923
vt 0.92379 0.33743
vt 0.903 0.37432
vt 0.89941 0.38679
vt 0.93395 0.38679
vt 0.93395 0.36785
vt 0.90387 0.36784
vt 0.95095 0.36785
vt 0.95095 0.38679
vt 0.97873 0.36785
vt 0.97873 0.38679
vt 0.99315 0.36785
vt 0.99315 0.38679
vt 0.9922 0.33747
vt 0.99221 0.31926
vt 0.68991 0.27178
vt 0.69115 0.28936
vt 0.73699 0.28936
vt 0.74017 0.27457
vt 0.68929 0.26067
vt 0.74234 0.26067
vt 0.68991 0.24955
vt 0.74017 0.24676
vt 0.69115 0.23197
vt 0.73699 0.23197
vt 0.73699 0.17461
vt 0.69115 0.17461
vt 0.69115 0.19219
vt 0.74295 0.18895
vt 0.74891 0.20329
vt 0.69115 0.20329
vt 0.69115 0.21439
vt 0.74295 0.21763
vt 0.91602 0.15221
vt 0.91602 0.08203
vt 0.89782 0.14995
vt 0.88092 0.14282
vt 0.93421 0.14995
vt 0.8663 0.13175
vt 0.95111 0.14282
vt 0.85524 0.11712
vt 0.96573 0.13175
vt 0.8481 0.10023
vt 0.97679 0.11712
vt 0.84583 0.08203
vt 0.98393 0.10023
vt 0.8481 0.06383
vt 0.98621 0.08203
vt 0.85524 0.04694
vt 0.98393 0.06383
vt 0.8663 0.03231
vt 0.97679 0.04694
vt 0.88092 0.02124
vt 0.96573 0.03231
vt 0.89782 0.01411
vt 0.95111 0.02124
vt 0.91602 0.01186
vt 0.93421 0.01411
vt 0.81077 0.11712
vt 0.75 0.08203
vt 0.79972 0.13175
vt 0.79077 0.12907
vt 0.81792 0.10023
vt 0.78278 0.13029
vt 0.81112 0.09382
vt 0.7754 0.13455
vt 0.80818 0.08629
vt 0.77035 0.14086
vt 0.80818 0.07777
vt 0.7682 0.14995
vt 0.81112 0.07024
vt 0.75 0.15221
vt 0.81792 0.06383
vt 0.7318 0.14995
vt 0.81077 0.04694
vt 0.72965 0.14086
vt 0.79972 0.03231
vt 0.7246 0.13455
vt 0.79077 0.03499
vt 0.71722 0.13029
vt 0.78278 0.03377
vt 0.70923 0.12907
vt 0.7754 0.02951
vt 0.70028 0.13175
vt 0.77035 0.0232
vt 0.68923 0.11712
vt 0.7682 0.01411
vt 0.68208 0.10023
vt 0.75 0.01186
vt 0.68888 0.09382
vt 0.7318 0.01411
vt 0.69182 0.08629
vt 0.72965 0.0232
vt 0.69182 0.07777
vt 0.7246 0.02951
vt 0.68888 0.07024
vt 0.71722 0.03377
vt 0.68208 0.06383
vt 0.70923 0.03499
vt 0.68923 0.04694
vt 0.70028 0.03231
vt 0.55683 0.76092
vt 0.56148 0.75287
vt 0.55287 0.74426
vt 0.57324 0.75602
vt 0.54482 0.74891
vt 0.57324 0.76532
vt 0.54042 0.7325
vt 0.585 0.75287
vt 0.54972 0.7325
vt 0.58964 0.76092
vt 0.54482 0.7161
vt 0.5936 0.74426
vt 0.55287 0.72075
vt 0.60165 0.74891
vt 0.55683 0.70409
vt 0.59676 0.73251
vt 0.56148 0.71214
vt 0.60605 0.7325
vt 0.57324 0.69969
vt 0.59361 0.72075
vt 0.57324 0.70899
vt 0.60165 0.7161
vt 0.58964 0.70409
vt 0.585 0.71214
vt 0.49483 0.79159
vt 0.48533 0.80817
vt 0.50185 0.79856
vt 0.50444 0.80811
vt 0.48527 0.78906
vt 0.50191 0.81767
vt 0.47572 0.79165
vt 0.49493 0.82469
vt 0.46875 0.79867
vt 0.48539 0.82728
vt 0.46622 0.80823
vt 0.47583 0.82475
vt 0.46881 0.81777
vt 0.34904 0.11587
vt 0.34328 0.11588
vt 0.34898 0.09396
vt 0.33838 0.1145
vt 0.32928 0.10658
vt 0.35479 0.11585
vt 0.35968 0.11444
vt 0.36876 0.10635
vt 0.3713 0.09393
vt 0.34895 0.08459
vt 0.36869 0.08268
vt 0.34887 0.05179
vt 0.38139 0.07046
vt 0.38637 0.0517
vt 0.38129 0.03296
vt 0.37278 0.02441
vt 0.36667 0.01867
vt 0.35788 0.01595
vt 0.34877 0.01507
vt 0.33967 0.016
vt 0.3309 0.01876
vt 0.32482 0.02454
vt 0.31635 0.03313
vt 0.31137 0.05189
vt 0.31427 0.06814
vt 0.32923 0.08277
vt 0.32666 0.09404
vt 0.32215 0.09116
vt 0.30669 0.08429
vt 0.31976 0.10867
vt 0.30764 0.09941
vt 0.38149 0.43099
vt 0.38528 0.43095
vt 0.38743 0.42603
vt 0.38347 0.43578
vt 0.37941 0.42603
vt 0.39313 0.43174
vt 0.37886 0.43383
vt 0.37376 0.43174
vt 0.388 0.43374
vt 0.39317 0.43981
vt 0.37893 0.43782
vt 0.3738 0.43981
vt 0.38807 0.43772
vt 0.38752 0.44552
vt 0.38166 0.4406
vt 0.3795 0.44552
vt 0.38544 0.44056
vt 0.51127 0.71069
vt 0.51455 0.7105
vt 0.51721 0.70473
vt 0.51313 0.71457
vt 0.50906 0.70473
vt 0.52297 0.71049
vt 0.50907 0.71314
vt 0.50329 0.71049
vt 0.51701 0.7127
vt 0.52297 0.71864
vt 0.50925 0.71643
vt 0.50329 0.71864
vt 0.51719 0.71599
vt 0.51721 0.72441
vt 0.51171 0.71863
vt 0.50906 0.72441
vt 0.515 0.71844
usemtl mat0
f 1/1/1 2/2/2 3/3/3
f 4/4/4 1/1/1 3/3/3
f 5/5/5 6/6/6 4/4/7
f 5/5/5 4/4/7 7/7/8
f 6/6/6 8/8/9 4/4/7
f 9/9/10 8/8/9 6/6/6
f 10/10/11 9/9/10 6/6/6
f 10/10/11 11/11/12 9/9/10
f 4/4/7 12/12/13 7/7/8
f 7/7/8 12/12/13 13/13/14
f 14/14/15 7/7/8 13/13/14
f 14/14/15 13/13/14 15/15/16
f 4/4/7 8/8/9 1/1/17
f 4/4/7 16/16/18 12/12/13
f 4/4/7 3/3/19 16/16/18
f 3/3/19 17/17/20 16/16/18
f 11/11/12 18/18/21 9/9/10
f 19/19/22 18/18/21 11/11/12
f 20/20/23 19/19/22 11/11/12
f 20/20/23 21/21/24 19/19/22
f 13/13/14 22/22/25 15/15/16
f 15/15/16 22/22/25 23/23/26
f 24/24/27 15/15/16 23/23/26
f 23/23/26 22/22/25 25/25/28
f 23/23/26 25/25/28 26/26/29
f 25/25/28 27/27/30 26/26/29
f 21/21/24 28/28/31 19/19/22
f 29/29/32 28/28/31 21/21/24
f 30/30/33 29/29/32 21/21/24
f 30/30/33 31/31/34 29/29/32
f 32/32/35 22/22/25 13/13/14
f 32/32/35 13/13/14 33/33/36
f 32/32/35 34/34/37 22/22/25
f 22/22/25 34/34/37 25/25/28
f 34/34/37 32/32/35 33/33/36
f 34/34/37 35/35/38 25/25/28
f 35/35/38 34/34/37 33/33/36
f 35/35/38 36/36/39 25/25/28
f 36/36/39 27/27/40 25/25/28
f 35/35/38 37/37/41 36/36/39
f 33/33/36 37/37/41 35/35/38
f 37/37/41 38/38/42 36/36/39
f 38/38/42 37/37/41 39/39/43
f 37/37/41 40/40/44 39/39/43
f 40/40/44 37/37/41 33/33/36
f 40/40/44 41/41/45 39/39/43
f 33/33/36 13/13/14 42/42/46
f 12/12/13 42/42/46 13/13/14
f 33/33/36 42/42/46 43/43/47
f 42/42/46 12/12/13 43/43/47
f 40/40/44 33/33/36 43/43/47
f 43/43/47 12/12/13 16/16/18
f 40/40/44 43/43/47 16/16/18
f 40/40/44 16/16/18 41/41/45
f 16/16/18 17/17/48 41/41/45
f 44/44/49 45/45/50 46/46/51
f 47/47/52 44/44/49 46/46/51
f 47/47/52 46/46/51 48/48/53
f 49/49/54 47/47/52 48/48/53
f 47/47/52 49/49/54 50/50/55
f 51/51/56 49/49/54 48/48/53
f 49/49/54 51/51/56 52/52/57
f 53/53/58 49/49/54 52/52/57
f 50/50/55 49/49/54 53/53/58
f 53/53/58 52/52/57 1/1/17
f 52/52/57 2/2/59 1/1/17
f 54/54/60 53/53/58 1/1/17
f 53/53/58 54/54/60 50/50/55
f 8/8/9 54/54/60 1/1/17
f 55/55/61 54/54/60 8/8/9
f 54/54/60 55/55/61 50/50/55
f 55/55/61 8/8/9 9/9/10
f 55/55/61 9/9/10 50/50/55
f 47/47/52 50/50/55 56/56/62
f 47/47/52 56/56/62 44/44/49
f 50/50/55 9/9/10 57/57/63
f 50/50/55 57/57/63 56/56/62
f 18/18/21 57/57/63 9/9/10
f 57/57/63 18/18/21 56/56/62
f 56/56/62 18/18/21 44/44/49
f 19/19/22 44/44/49 18/18/21
f 19/19/22 58/58/64 44/44/49
f 58/58/64 45/45/65 44/44/49
f 19/19/22 59/59/66 58/58/64
f 59/59/66 60/60/67 58/58/64
f 19/19/22 28/28/31 59/59/66
f 28/28/31 61/61/68 59/59/66
f 62/62/69 61/61/68 28/28/31
f 61/61/68 62/62/69 63/63/70
f 62/62/69 28/28/31 29/29/32
f 62/62/69 29/29/32 63/63/70
f 61/61/68 64/64/71 59/59/66
f 64/64/71 61/61/68 63/63/70
f 64/64/71 65/65/72 59/59/66
f 65/65/72 60/60/73 59/59/66
f 64/64/71 66/66/74 65/65/72
f 63/63/70 66/66/74 64/64/71
f 66/66/74 67/67/75 65/65/72
f 67/67/75 66/66/74 68/68/76
f 66/66/74 69/69/77 68/68/76
f 69/69/77 66/66/74 63/63/70
f 69/69/77 70/70/78 68/68/76
f 69/69/77 71/71/79 70/70/78
f 71/71/79 72/72/80 70/70/78
f 69/69/77 63/63/70 73/73/81
f 69/69/77 73/73/81 71/71/79
f 63/63/70 29/29/32 74/74/82
f 63/63/70 74/74/82 73/73/81
f 75/75/83 74/74/82 29/29/32
f 74/74/82 75/75/83 73/73/81
f 73/73/81 75/75/83 71/71/79
f 76/76/84 71/71/79 75/75/83
f 31/31/34 75/75/83 29/29/32
f 76/76/84 75/75/83 31/31/34
f 77/77/85 76/76/84 31/31/34
f 77/77/85 78/78/86 76/76/84
f 76/76/84 79/79/87 71/71/79
f 79/79/87 72/72/88 71/71/79
f 76/76/84 80/80/89 79/79/87
f 80/80/89 81/81/90 79/79/87
f 78/78/86 82/82/91 76/76/84
f 76/76/84 82/82/91 80/80/89
f 83/83/92 82/82/91 78/78/86
f 84/84/93 83/83/92 78/78/86
f 84/84/93 85/85/94 83/83/92
f 82/82/91 86/86/95 80/80/89
f 87/87/96 82/82/91 83/83/92
f 87/87/96 86/86/95 82/82/91
f 86/86/95 87/87/96 88/88/97
f 87/87/96 83/83/92 88/88/97
f 86/86/95 89/89/98 80/80/89
f 89/89/98 86/86/95 88/88/97
f 89/89/98 90/90/99 80/80/89
f 90/90/99 81/81/100 80/80/89
f 89/89/98 91/91/101 90/90/99
f 88/88/97 91/91/101 89/89/98
f 91/91/101 92/92/102 90/90/99
f 92/92/102 91/91/101 93/93/103
f 91/91/101 94/94/104 93/93/103
f 94/94/104 91/91/101 88/88/97
f 94/94/104 95/95/105 93/93/103
f 94/94/104 96/96/106 95/95/105
f 96/96/106 97/97/107 95/95/105
f 94/94/104 88/88/97 98/98/108
f 94/94/104 98/98/108 96/96/106
f 88/88/97 83/83/92 99/99/109
f 88/88/97 99/99/109 98/98/108
f 100/100/110 99/99/109 83/83/92
f 99/99/109 100/100/110 98/98/108
f 98/98/108 100/100/110 96/96/106
f 101/101/111 96/96/106 100/100/110
f 85/85/94 100/100/110 83/83/92
f 101/101/111 100/100/110 85/85/94
f 102/102/112 101/101/111 85/85/94
f 102/102/112 103/103/113 101/101/111
f 101/101/111 104/104/114 96/96/106
f 104/104/114 97/97/115 96/96/106
f 101/101/111 105/105/116 104/104/114
f 105/105/116 106/106/117 104/104/114
f 103/103/113 107/107/118 101/101/111
f 101/101/111 107/107/118 105/105/116
f 108/108/119 107/107/118 103/103/113
f 109/109/120 108/108/119 103/103/113
f 109/109/120 110/110/121 108/108/119
f 107/107/118 111/111/122 105/105/116
f 112/112/123 107/107/118 108/108/119
f 112/112/123 111/111/122 107/107/118
f 111/111/122 112/112/123 113/113/124
f 112/112/123 108/108/119 113/113/124
f 111/111/122 114/114/125 105/105/116
f 114/114/125 111/111/122 113/113/124
f 114/114/125 115/115/126 105/105/116
f 115/115/126 106/106/127 105/105/116
f 114/114/125 116/116/128 115/115/126
f 113/113/124 116/116/128 114/114/125
f 116/116/128 117/117/129 115/115/126
f 117/117/129 116/116/128 118/118/130
f 116/116/128 119/119/131 118/118/130
f 119/119/131 116/116/128 113/113/124
f 119/119/131 120/120/132 118/118/130
f 119/119/131 121/121/133 120/120/132
f 121/121/133 122/122/134 120/120/132
f 119/119/131 113/113/124 123/123/135
f 119/119/131 123/123/135 121/121/133
f 113/113/124 108/108/119 124/124/136
f 113/113/124 124/124/136 123/123/135
f 125/125/137 124/124/136 108/108/119
f 124/124/136 125/125/137 123/123/135
f 123/123/135 125/125/137 121/121/133
f 126/126/138 121/121/133 125/125/137
f 110/110/121 125/125/137 108/108/119
f 126/126/138 125/125/137 110/110/121
f 127/127/139 126/126/138 110/110/121
f 127/127/139 128/128/140 126/126/138
f 126/126/138 129/129/141 121/121/133
f 129/129/141 122/122/142 121/121/133
f 126/126/138 130/130/143 129/129/141
f 130/130/143 131/131/144 129/129/141
f 128/128/140 132/132/145 126/126/138
f 126/126/138 132/132/145 130/130/143
f 133/133/146 132/132/145 128/128/140
f 134/134/147 133/133/146 128/128/140
f 134/134/147 135/135/148 133/133/146
f 132/132/145 136/136/149 130/130/143
f 137/137/150 132/132/145 133/133/146
f 137/137/150 136/136/149 132/132/145
f 136/136/149 137/137/150 138/138/151
f 137/137/150 133/133/146 138/138/151
f 136/136/149 139/139/152 130/130/143
f 139/139/152 136/136/149 138/138/151
f 139/139/152 140/140/153 130/130/143
f 140/140/153 131/131/154 130/130/143
f 139/139/152 141/141/155 140/140/153
f 138/138/151 141/141/155 139/139/152
f 141/141/155 142/142/156 140/140/153
f 142/142/156 141/141/155 143/143/157
f 141/141/155 144/144/158 143/143/157
f 144/144/158 141/141/155 138/138/151
f 144/144/158 145/145/159 143/143/157
f 144/144/158 146/146/160 145/145/159
f 146/146/160 147/147/161 145/145/159
f 144/144/158 138/138/151 148/148/162
f 144/144/158 148/148/162 146/146/160
f 138/138/151 133/133/146 149/149/163
f 138/138/151 149/149/163 148/148/162
f 150/150/164 149/149/163 133/133/146
f 149/149/163 150/150/164 148/148/162
f 148/148/162 150/150/164 146/146/160
f 135/135/148 150/150/164 133/133/146
f 151/151/165 150/150/164 135/135/148
f 151/151/165 146/146/160 150/150/164
f 152/152/166 151/151/165 135/135/148
f 151/151/165 153/153/167 146/146/160
f 153/153/167 147/147/168 146/146/160
f 154/154/169 155/155/170 156/156/169
f 155/155/170 157/157/171 156/156/169
f 158/158/172 157/157/171 155/155/170
f 159/159/173 158/158/172 155/155/170
f 160/160/174 158/158/172 159/159/173
f 161/161/175 160/160/174 159/159/173
f 160/160/174 161/161/175 162/162/176
f 161/161/175 163/163/177 162/162/176
f 163/163/177 161/161/175 164/164/178
f 161/161/175 165/165/169 164/164/178
f 164/164/178 165/165/169 166/166/169
f 165/165/169 167/167/169 166/166/169
f 163/163/177 168/168/179 162/162/176
f 168/168/179 169/169/180 162/162/176
f 170/170/181 169/169/180 168/168/179
f 171/171/182 170/170/181 168/168/179
f 172/172/169 166/166/169 167/167/169
f 173/173/169 172/172/169 167/167/169
f 173/173/169 174/174/183 172/172/169
f 174/174/183 175/175/184 172/172/169
f 174/174/183 176/176/185 175/175/184
f 176/176/185 177/177/186 175/175/184
f 176/176/185 178/178/187 177/177/186
f 178/178/187 179/179/188 177/177/186
f 179/179/188 178/178/187 180/180/189
f 181/181/190 179/179/188 180/180/189
f 182/182/191 170/170/181 171/171/182
f 183/183/192 182/182/191 171/171/182
f 182/182/191 183/183/192 184/184/193
f 183/183/192 185/185/194 184/184/193
f 186/186/195 182/182/191 184/184/193
f 184/184/193 187/187/169 186/186/195
f 188/188/169 187/187/169 184/184/193
f 184/184/193 185/185/194 189/189/196
f 184/184/193 189/189/196 190/190/169
f 189/189/196 191/191/169 190/190/169
f 192/192/197 193/193/198 194/194/199
f 195/195/200 192/192/197 194/194/199
f 196/196/201 192/192/197 195/195/200
f 197/197/202 196/196/201 195/195/200
f 196/196/201 197/197/202 198/198/203
f 199/199/204 196/196/201 198/198/203
f 200/200/205 201/201/206 202/202/207
f 203/203/208 200/200/205 202/202/207
f 203/203/208 204/204/209 200/200/205
f 204/204/209 205/205/210 200/200/205
f 204/204/209 206/206/211 205/205/210
f 206/206/211 207/207/212 205/205/210
f 207/207/212 206/206/211 208/208/213
f 209/209/214 207/207/212 208/208/213
f 207/207/212 209/209/214 210/210/215
f 211/211/216 207/207/212 210/210/215
f 211/211/216 210/210/215 212/212/217
f 213/213/218 211/211/216 212/212/217
f 214/214/219 209/209/214 208/208/213
f 215/215/220 214/214/219 208/208/213
f 215/215/220 216/216/221 214/214/219
f 216/216/221 217/217/222 214/214/219
f 212/212/217 218/218/206 213/213/218
f 218/218/206 219/219/206 213/213/218
f 220/220/223 219/219/206 218/218/206
f 221/221/224 220/220/223 218/218/206
f 216/216/221 222/222/225 217/217/222
f 223/223/226 220/220/223 221/221/224
f 224/224/227 223/223/226 221/221/224
f 224/224/227 225/225/228 223/223/226
f 225/225/228 226/226/229 223/223/226
f 226/226/229 225/225/228 227/227/230
f 225/225/228 228/228/231 227/227/230
f 222/222/225 229/229/232 217/217/222
f 229/229/232 222/222/225 230/184/233
f 231/230/234 229/229/232 230/184/233
f 222/222/225 232/186/235 230/184/233
f 233/231/206 230/184/233 232/186/235
f 233/231/206 234/232/206 230/184/233
f 231/230/234 230/184/233 235/233/236
f 235/233/236 230/184/233 236/234/206
f 237/235/206 235/233/236 236/234/206
f 238/236/237 239/237/238 240/238/239
f 241/239/240 238/236/237 240/238/239
f 241/239/240 240/238/239 242/240/241
f 243/241/242 241/239/240 242/240/241
f 243/241/242 242/240/241 244/242/243
f 245/243/244 243/241/242 244/242/243
f 245/243/244 244/242/243 246/244/245
f 247/245/246 245/243/244 246/244/245
f 247/245/246 246/244/245 248/246/247
f 249/247/248 247/245/246 248/246/247
f 249/247/248 248/246/247 250/248/249
f 251/249/250 249/247/248 250/248/249
f 251/249/250 250/248/249 252/250/251
f 253/251/252 251/249/250 252/250/251
f 253/251/252 252/250/251 254/252/253
f 255/253/254 253/251/252 254/252/253
f 255/253/254 254/252/253 256/254/255
f 257/255/256 255/253/254 256/254/255
f 257/255/256 256/254/255 258/256/257
f 259/257/257 257/255/256 258/256/257
f 260/258/258 261/259/259 262/260/260
f 261/259/259 263/261/261 262/260/260
f 261/259/259 264/262/262 263/261/261
f 264/262/262 265/263/263 263/261/261
f 264/262/262 266/264/264 265/263/263
f 266/264/264 267/265/265 265/263/263
f 266/264/264 268/266/266 267/265/265
f 268/266/266 269/267/267 267/265/265
f 268/266/266 270/268/268 269/267/267
f 270/268/268 271/269/269 269/267/267
f 270/268/268 272/270/270 271/269/269
f 272/270/270 273/271/271 271/269/269
f 272/270/270 274/272/272 273/271/271
f 274/272/272 275/273/273 273/271/271
f 274/272/272 276/274/274 275/273/273
f 276/274/274 277/275/275 275/273/273
f 276/274/274 278/276/276 277/275/275
f 278/276/276 279/277/277 277/275/275
f 278/276/276 280/278/278 279/277/277
f 280/278/278 281/279/279 279/277/277
f 280/278/278 282/280/280 281/279/279
f 282/280/280 283/281/281 281/279/279
f 260/258/282 262/260/283 239/237/282
f 238/236/283 260/258/282 239/237/282
f 199/199/284 198/198/284 284/282/285
f 285/283/286 199/199/284 284/282/285
f 285/283/286 284/282/285 286/284/287
f 287/285/288 285/283/286 286/284/287
f 287/285/288 286/284/287 288/286/289
f 289/287/290 287/285/288 288/286/289
f 289/287/290 288/286/289 290/288/291
f 291/289/292 289/287/290 290/288/291
f 291/289/292 290/288/291 292/290/293
f 293/291/294 291/289/292 292/290/293
f 293/291/294 292/290/293 294/292/295
f 295/293/296 293/291/294 294/292/295
f 295/293/296 294/292/295 296/294/297
f 297/295/298 295/293/296 296/294/297
f 193/193/299 298/296/300 194/194/301
f 298/296/300 299/297/302 194/194/301
f 298/296/300 300/298/303 299/297/302
f 300/298/303 301/299/304 299/297/302
f 300/298/303 302/300/305 301/299/304
f 302/300/305 303/301/306 301/299/304
f 302/300/305 304/302/307 303/301/306
f 304/302/307 305/303/308 303/301/306
f 306/304/309 307/305/309 308/306/309
f 309/307/309 306/304/309 308/306/309
f 309/307/309 308/306/309 310/308/309
f 311/309/309 309/307/309 310/308/309
f 312/310/169 313/311/310 314/312/311
f 313/311/310 315/313/312 314/312/311
f 313/311/310 316/314/313 315/313/312
f 316/314/313 317/315/314 315/313/312
f 317/315/314 316/314/313 318/316/315
f 319/317/316 317/315/314 318/316/315
f 319/317/316 318/316/315 320/318/317
f 321/319/169 319/317/316 320/318/317
f 320/318/317 322/320/169 321/319/169
f 322/320/169 323/321/169 321/319/169
f 324/322/318 325/323/319 326/324/320
f 327/325/321 324/322/318 326/324/320
f 328/326/322 324/322/318 327/325/321
f 329/327/323 328/326/322 327/325/321
f 328/326/322 329/327/323 330/328/324
f 329/327/323 331/329/325 330/328/324
f 330/328/324 331/329/325 332/330/326
f 331/329/325 333/331/327 332/330/326
f 334/320/328 332/330/326 333/331/327
f 335/332/206 334/320/328 333/331/327
f 336/333/329 337/334/330 338/335/331
f 339/336/332 336/333/329 338/335/331
f 339/336/332 338/335/331 340/337/333
f 341/338/334 339/336/332 340/337/333
f 341/338/334 340/337/333 342/339/335
f 343/340/336 341/338/334 342/339/335
f 343/340/336 342/339/335 344/341/337
f 345/342/338 343/340/336 344/341/337
f 345/342/338 344/341/337 346/343/339
f 347/344/340 345/342/338 346/343/339
f 348/345/341 349/346/342 350/347/343
f 349/346/342 351/348/344 350/347/343
f 349/346/342 352/349/345 351/348/344
f 352/349/345 353/350/346 351/348/344
f 352/349/345 354/351/347 353/350/346
f 354/351/347 355/352/348 353/350/346
f 354/351/347 356/353/349 355/352/348
f 356/353/349 357/354/350 355/352/348
f 356/353/349 358/355/351 357/354/350
f 358/355/351 359/356/352 357/354/350
f 347/344/353 346/343/354 360/357/353
f 361/358/354 347/344/353 360/357/353
f 362/359/355 363/360/309 364/361/309
f 365/362/356 362/359/355 364/361/309
f 366/363/357 362/359/355 365/362/356
f 367/364/358 366/363/357 365/362/356
f 367/364/358 368/365/359 366/363/357
f 368/365/359 369/366/360 366/363/357
f 370/367/206 369/366/360 368/365/359
f 371/368/206 370/367/206 368/365/359
f 372/369/361 373/370/362 368/365/363
f 373/370/362 374/371/364 368/365/363
f 368/365/363 374/371/364 371/368/365
f 375/372/366 374/371/364 373/370/362
f 371/368/365 374/371/364 376/373/367
f 377/374/368 374/371/364 375/372/366
f 376/373/367 374/371/364 378/375/369
f 378/375/369 374/371/364 377/374/368
f 379/376/370 369/366/371 380/377/372
f 369/366/371 381/378/373 380/377/372
f 380/377/372 381/378/373 382/379/374
f 370/367/375 381/378/373 369/366/371
f 382/379/374 381/378/373 383/380/376
f 370/367/375 384/381/377 381/378/373
f 383/380/376 381/378/373 385/382/378
f 385/382/378 381/378/373 384/381/377
f 386/383/379 387/384/380 388/385/381
f 387/384/380 389/386/382 388/385/381
f 388/385/381 389/386/382 390/387/383
f 389/386/382 391/388/384 390/387/383
f 390/387/383 391/388/384 392/389/385
f 391/388/384 393/390/386 392/389/385
f 392/389/385 393/390/386 394/391/387
f 393/390/386 395/392/388 394/391/387
f 394/391/387 395/392/388 396/393/389
f 395/392/388 397/394/390 396/393/389
f 396/393/389 397/394/390 398/395/391
f 397/394/390 399/396/392 398/395/391
f 398/395/391 399/396/392 400/397/393
f 399/396/392 401/398/394 400/397/393
f 400/397/393 401/398/394 402/399/395
f 401/398/394 403/400/396 402/399/395
f 404/401/397 405/402/398 406/403/399
f 405/402/398 407/404/400 406/403/399
f 406/403/399 407/404/400 408/405/401
f 407/404/400 409/406/402 408/405/401
f 408/405/401 409/406/402 410/407/403
f 409/406/402 411/408/404 410/407/403
f 410/407/403 411/408/404 412/409/405
f 411/408/404 413/410/406 412/409/405
f 412/409/405 413/410/406 414/411/407
f 413/410/406 415/412/408 414/411/407
f 414/411/407 415/412/408 416/413/409
f 417/414/410 414/411/407 416/413/409
f 418/415/411 419/416/412 420/417/413
f 419/416/412 421/418/414 420/417/413
f 422/419/415 421/418/414 419/416/412
f 423/420/415 421/418/414 422/419/415
f 424/421/416 421/418/414 423/420/415
f 425/422/417 421/418/414 424/421/416
f 426/423/418 421/418/414 425/422/417
f 427/424/419 421/418/414 426/423/418
f 427/424/419 420/417/413 421/418/414
f 427/424/419 428/425/420 420/417/413
f 420/417/413 428/425/420 429/426/421
f 430/427/422 431/428/423 432/429/424
f 433/430/425 430/427/422 432/429/424
f 433/430/425 432/429/424 434/431/426
f 432/429/424 435/432/427 434/431/426
f 434/431/426 435/432/427 405/402/206
f 404/401/206 434/431/426 405/402/206
f 436/433/428 437/434/429 438/435/430
f 439/436/431 436/433/428 438/435/430
f 439/436/431 438/435/430 440/437/432
f 438/435/430 441/438/433 440/437/432
f 440/437/432 441/438/433 442/439/434
f 443/440/435 440/437/432 442/439/434
f 442/439/434 444/441/436 443/440/435
f 444/441/436 445/442/437 443/440/435
f 445/442/437 444/441/436 446/443/438
f 447/444/439 445/442/437 446/443/438
f 447/444/439 446/443/438 448/445/440
f 446/443/438 449/446/441 448/445/440
f 446/443/438 450/447/442 449/446/441
f 450/447/442 451/448/443 449/446/441
f 451/448/443 450/447/442 452/449/444
f 453/450/445 451/448/443 452/449/444
f 453/450/445 452/449/444 454/451/446
f 455/452/169 453/450/445 454/451/446
f 455/452/169 454/451/446 456/453/447
f 457/454/448 455/452/169 456/453/447
f 457/454/448 456/453/447 458/455/449
f 459/456/169 457/454/448 458/455/449
f 459/456/169 458/455/449 460/457/169
f 458/455/449 461/458/450 460/457/169
f 462/459/451 460/457/169 461/458/450
f 463/460/452 462/459/451 461/458/450
f 464/461/453 465/462/454 466/463/455
f 465/462/454 467/464/456 466/463/455
f 466/463/455 467/464/456 468/465/457
f 469/466/458 466/463/455 468/465/457
f 469/466/458 468/465/457 470/467/459
f 468/465/457 471/468/460 470/467/459
f 472/469/461 470/467/459 471/468/460
f 473/470/462 472/469/461 471/468/460
f 472/469/461 473/470/462 474/471/463
f 473/470/462 475/472/464 474/471/463
f 474/471/463 475/472/464 476/445/465
f 477/473/466 474/471/463 476/445/465
f 478/474/467 474/471/463 477/473/466
f 479/475/468 478/474/467 477/473/466
f 478/474/467 479/475/468 480/476/469
f 479/475/468 481/477/206 480/476/469
f 480/476/469 481/477/206 482/478/206
f 481/477/206 483/479/470 482/478/206
f 482/478/206 483/479/470 484/480/471
f 483/479/470 485/481/472 484/480/471
f 484/480/471 485/481/472 486/482/473
f 485/481/472 487/483/474 486/482/473
f 486/482/473 487/483/474 488/484/475
f 489/485/476 486/482/473 488/484/475
f 488/484/475 490/486/477 489/485/476
f 490/486/477 491/487/206 489/485/476
f 492/488/478 493/489/479 494/490/480
f 493/489/479 495/491/481 494/490/480
f 493/489/479 496/492/482 495/491/481
f 496/492/482 497/493/483 495/491/481
f 496/492/482 498/494/484 497/493/483
f 498/494/484 499/495/485 497/493/483
f 498/494/484 500/496/486 499/495/485
f 500/496/486 501/497/487 499/495/485
f 500/496/486 502/498/488 501/497/487
f 502/498/488 503/499/489 501/497/487
f 504/500/490 505/501/491 506/502/492
f 507/503/493 504/500/490 506/502/492
f 507/503/493 506/502/492 508/504/494
f 509/505/495 507/503/493 508/504/494
f 509/505/495 508/504/494 510/506/496
f 511/507/497 509/505/495 510/506/496
f 511/507/497 510/506/496 512/508/498
f 513/509/499 511/507/497 512/508/498
f 513/509/499 512/508/498 514/510/500
f 515/511/501 513/509/499 514/510/500
f 515/511/501 514/510/500 516/512/502
f 517/513/503 515/511/501 516/512/502
f 518/514/504 519/515/505 520/516/506
f 521/517/507 518/514/504 520/516/506
f 521/517/507 520/516/506 522/518/508
f 523/519/509 521/517/507 522/518/508
f 523/519/509 522/518/508 524/520/510
f 525/521/511 523/519/509 524/520/510
f 525/521/511 524/520/510 526/522/512
f 527/523/513 525/521/511 526/522/512
f 527/523/513 526/522/512 528/524/514
f 529/525/515 527/523/513 528/524/514
f 529/525/515 528/524/514 530/526/516
f 531/527/517 529/525/515 530/526/516
f 531/527/517 530/526/516 532/528/518
f 533/529/519 531/527/517 532/528/518
f 533/529/519 532/528/518 534/530/520
f 535/531/520 533/529/519 534/530/520
f 502/498/521 536/532/522 503/499/523
f 536/532/522 537/533/524 503/499/523
f 536/532/522 538/534/525 537/533/524
f 538/534/525 539/535/526 537/533/524
f 538/534/525 540/536/527 539/535/526
f 540/536/527 541/537/528 539/535/526
f 540/536/527 542/538/529 541/537/528
f 542/538/529 543/539/530 541/537/528
f 542/538/529 544/540/531 543/539/530
f 544/540/531 545/541/532 543/539/530
f 544/540/531 546/542/533 545/541/532
f 546/542/533 547/543/534 545/541/532
f 546/542/533 548/544/535 547/543/534
f 548/544/535 549/545/536 547/543/534
f 550/546/537 551/547/538 552/548/539
f 553/549/540 550/546/537 552/548/539
f 553/549/540 554/550/541 550/546/537
f 554/550/541 555/551/542 550/546/537
f 554/550/541 556/552/543 555/551/542
f 556/552/543 557/553/544 555/551/542
f 558/547/545 559/554/546 560/555/547
f 559/554/546 561/556/548 560/555/547
f 559/554/546 562/557/549 561/556/548
f 562/557/549 563/558/550 561/556/548
f 562/557/549 564/559/206 563/558/550
f 564/559/206 565/560/206 563/558/550
f 566/561/551 567/562/552 568/563/553
f 569/564/554 566/561/551 568/563/553
f 569/564/554 570/565/555 566/561/551
f 570/565/555 571/566/556 566/561/551
f 572/567/557 573/568/558 574/569/559
f 573/568/558 575/570/560 574/569/559
f 575/570/560 576/571/561 574/569/559
f 576/571/561 577/572/562 574/569/559
f 576/571/561 578/573/563 577/572/562
f 578/573/563 579/574/564 577/572/562
f 579/574/564 578/573/563 580/575/565
f 578/573/563 581/576/566 580/575/565
f 580/575/565 581/576/566 571/566/567
f 570/565/568 580/575/565 571/566/567
f 582/577/569 583/578/570 584/579/571
f 585/580/572 582/577/569 584/579/571
f 586/581/573 582/577/569 585/580/572
f 587/582/574 586/581/573 585/580/572
f 588/583/575 586/581/573 587/582/574
f 589/584/576 588/583/575 587/582/574
f 590/585/577 588/583/575 589/584/576
f 591/586/578 590/585/577 589/584/576
f 592/587/120 590/585/577 591/586/578
f 593/588/579 592/587/120 591/586/578
f 594/589/580 592/587/120 593/588/579
f 595/590/581 594/589/580 593/588/579
f 596/591/582 594/589/580 595/590/581
f 597/592/583 596/591/582 595/590/581
f 598/593/584 596/591/582 597/592/583
f 599/594/585 598/593/584 597/592/583
f 599/594/585 600/595/586 598/593/584
f 600/595/586 601/596/587 598/593/584
f 602/597/588 601/596/587 600/595/586
f 603/598/589 602/597/588 600/595/586
f 604/599/590 602/597/588 603/598/589
f 605/600/591 604/599/590 603/598/589
f 606/601/592 604/599/590 605/600/591
f 607/602/593 606/601/592 605/600/591
f 608/603/594 609/604/595 610/605/596
f 609/604/595 611/606/583 610/605/596
f 612/607/597 610/605/596 611/606/583
f 613/608/598 612/607/597 611/606/583
f 612/607/597 613/608/598 614/609/599
f 613/608/598 615/610/600 614/609/599
f 614/609/599 615/610/600 616/611/601
f 615/610/600 617/612/602 616/611/601
f 616/611/601 617/612/602 618/613/603
f 617/612/602 619/614/604 618/613/603
f 618/613/603 619/614/604 620/615/605
f 619/614/604 621/616/606 620/615/605
f 620/615/605 621/616/606 622/617/607
f 621/616/606 623/618/608 622/617/607
f 622/617/607 623/618/608 624/619/609
f 623/618/608 625/620/610 624/619/609
f 624/619/609 625/620/610 626/621/611
f 625/620/610 627/622/612 626/621/611
f 626/621/611 627/622/612 628/623/613
f 627/622/612 629/624/614 628/623/613
f 628/623/613 629/624/614 630/625/615
f 629/624/614 631/626/616 630/625/615
f 630/625/615 631/626/616 632/627/617
f 631/626/616 633/628/618 632/627/617
f 634/629/619 635/630/620 636/631/621
f 635/630/620 637/632/622 636/631/621
f 636/631/621 637/632/622 638/633/623
f 637/632/622 639/634/624 638/633/623
f 638/633/623 639/634/624 640/635/625
f 639/634/624 641/636/626 640/635/625
f 640/635/625 641/636/626 642/637/627
f 641/636/626 643/638/628 642/637/627
f 642/637/627 643/638/628 644/639/629
f 643/638/628 645/640/630 644/639/629
f 644/639/629 645/640/630 646/641/631
f 645/640/630 647/642/632 646/641/631
f 646/641/631 647/642/632 648/643/633
f 647/642/632 649/644/634 648/643/633
f 648/643/633 649/644/634 650/645/635
f 649/644/634 651/646/636 650/645/635
f 652/647/637 653/648/638 654/649/639
f 653/648/638 655/650/640 654/649/639
f 654/649/639 655/650/640 656/651/641
f 653/648/638 657/652/642 655/650/640
f 655/650/640 658/653/643 656/651/641
f 656/651/641 658/653/643 659/654/644
f 657/652/642 660/655/645 655/650/640
f 655/650/640 660/655/645 658/653/643
f 657/652/642 661/656/646 660/655/645
f 658/653/643 662/657/647 659/654/644
f 659/654/644 662/657/647 663/658/648
f 660/655/645 664/659/649 658/653/643
f 658/653/643 664/659/649 662/657/647
f 661/656/646 665/660/650 660/655/645
f 660/655/645 665/660/650 664/659/649
f 662/657/647 666/661/651 663/658/648
f 663/658/648 666/661/651 667/662/652
f 664/659/649 668/663/653 662/657/647
f 666/661/651 662/657/647 668/663/653
f 666/661/651 669/664/654 667/662/652
f 667/662/652 669/664/654 670/665/655
f 671/666/656 665/660/650 661/656/646
f 672/667/657 671/666/656 661/656/646
f 671/666/656 672/667/657 673/668/658
f 674/669/659 671/666/656 673/668/658
f 674/669/659 675/670/660 671/666/656
f 675/670/660 676/671/661 671/666/656
f 671/666/656 676/671/661 665/660/650
f 675/670/660 677/672/662 676/671/661
f 665/660/650 678/673/663 664/659/649
f 676/671/661 678/673/663 665/660/650
f 664/659/649 678/673/663 668/663/653
f 677/672/662 679/674/664 676/671/661
f 676/671/661 679/674/664 678/673/663
f 677/672/662 680/675/665 679/674/664
f 678/673/663 681/676/666 668/663/653
f 679/674/664 681/676/666 678/673/663
f 668/663/653 681/676/666 682/677/667
f 681/676/666 679/674/664 682/677/667
f 682/677/667 666/661/651 668/663/653
f 666/661/651 682/677/667 669/664/654
f 680/675/665 683/678/668 679/674/664
f 679/674/664 683/678/668 682/677/667
f 680/675/665 684/679/669 683/678/668
f 682/677/667 685/680/670 669/664/654
f 685/680/670 682/677/667 683/678/668
f 684/679/669 686/681/671 683/678/668
f 686/681/671 685/680/670 683/678/668
f 687/682/672 686/681/671 684/679/669
f 685/680/670 686/681/671 687/682/672
f 688/683/673 687/682/672 684/679/669
f 669/664/654 685/680/670 689/684/674
f 669/664/654 689/684/674 670/665/655
f 670/665/655 689/684/674 690/685/675
f 685/680/670 687/682/672 691/686/676
f 685/680/670 691/686/676 689/684/674
f 692/687/677 689/684/674 691/686/676
f 691/686/676 687/682/672 692/687/677
f 689/684/674 693/688/678 690/685/675
f 692/687/677 693/688/678 689/684/674
f 690/685/675 693/688/678 694/689/679
f 693/688/678 695/690/680 694/689/679
f 693/688/678 692/687/677 695/690/680
f 694/689/679 695/690/680 696/691/681
f 697/692/682 687/682/672 688/683/673
f 698/693/683 697/692/682 688/683/673
f 698/693/683 699/694/684 697/692/682
f 697/692/682 699/694/684 700/695/685
f 695/690/680 701/696/686 696/691/681
f 696/691/681 701/696/686 702/697/687
f 702/697/687 701/696/686 703/698/688
f 687/682/672 697/692/682 704/699/689
f 687/682/672 704/699/689 692/687/677
f 697/692/682 700/695/685 705/700/690
f 697/692/682 705/700/690 704/699/689
f 700/695/685 706/701/691 705/700/690
f 705/700/690 706/701/691 707/702/692
f 705/700/690 707/702/692 704/699/689
f 706/701/691 708/703/693 707/702/692
f 692/687/677 709/704/694 695/690/680
f 701/696/686 695/690/680 709/704/694
f 703/698/688 701/696/686 710/705/695
f 710/705/695 701/696/686 709/704/694
f 711/706/696 703/698/688 710/705/695
f 711/706/696 710/705/695 712/707/697
f 692/687/677 704/699/689 713/708/698
f 707/702/692 713/708/698 704/699/689
f 709/704/694 692/687/677 713/708/698
f 707/702/692 708/703/693 714/709/699
f 714/709/699 713/708/698 707/702/692
f 709/704/694 713/708/698 714/709/699
f 710/705/695 709/704/694 714/709/699
f 710/705/695 714/709/699 712/707/697
f 708/703/693 715/710/700 714/709/699
f 714/709/699 715/710/700 712/707/697
f 716/711/701 717/712/702 718/713/703
f 716/711/701 719/714/704 717/712/702
f 719/714/704 720/715/705 717/712/702
f 721/716/706 720/715/705 719/714/704
f 721/716/706 722/717/707 720/715/705
f 722/717/707 723/718/708 720/715/705
f 722/717/707 724/719/709 723/718/708
f 725/720/710 726/721/711 727/722/712
f 728/723/713 725/720/710 727/722/712
f 728/723/713 727/722/712 729/724/714
f 730/725/715 725/720/710 728/723/713
f 731/726/716 728/723/713 729/724/714
f 731/726/716 729/724/714 732/727/717
f 733/728/718 730/725/715 728/723/713
f 733/728/718 728/723/713 731/726/716
f 734/729/719 730/725/715 733/728/718
f 735/730/720 731/726/716 732/727/717
f 735/730/720 732/727/717 736/731/721
f 737/732/722 733/728/718 731/726/716
f 737/732/722 731/726/716 735/730/720
f 738/733/723 734/729/719 733/728/718
f 738/733/723 733/728/718 737/732/722
f 739/734/724 735/730/720 736/731/721
f 739/734/724 736/731/721 740/735/725
f 741/736/726 737/732/722 735/730/720
f 735/730/720 739/734/724 741/736/726
f 742/737/727 739/734/724 740/735/725
f 742/737/727 740/735/725 743/738/728
f 738/733/723 744/739/729 734/729/719
f 744/739/729 745/740/730 734/729/719
f 745/740/730 744/739/729 746/741/731
f 744/739/729 747/742/732 746/741/731
f 748/743/733 747/742/732 744/739/729
f 749/744/734 748/743/733 744/739/729
f 749/744/734 744/739/729 738/733/723
f 750/745/735 748/743/733 749/744/734
f 751/746/736 738/733/723 737/732/722
f 751/746/736 749/744/734 738/733/723
f 751/746/736 737/732/722 741/736/726
f 752/747/737 750/745/735 749/744/734
f 752/747/737 749/744/734 751/746/736
f 753/748/738 750/745/735 752/747/737
f 754/749/739 751/746/736 741/736/726
f 754/749/739 752/747/737 751/746/736
f 754/749/739 741/736/726 755/750/740
f 752/747/737 754/749/739 755/750/740
f 739/734/724 755/750/740 741/736/726
f 755/750/740 739/734/724 742/737/727
f 756/751/741 753/748/738 752/747/737
f 756/751/741 752/747/737 755/750/740
f 757/752/742 753/748/738 756/751/741
f 758/753/743 755/750/740 742/737/727
f 755/750/740 758/753/743 756/751/741
f 759/754/744 757/752/742 756/751/741
f 758/753/743 759/754/744 756/751/741
f 759/754/744 760/755/745 757/752/742
f 760/755/745 759/754/744 758/753/743
f 760/755/745 761/756/746 757/752/742
f 758/753/743 742/737/727 762/757/747
f 762/757/747 742/737/727 743/738/728
f 762/757/747 743/738/728 763/758/748
f 760/755/745 764/759/749 761/756/746
f 764/759/749 765/760/750 761/756/746
f 766/761/751 765/760/750 764/759/749
f 766/761/751 764/759/749 767/762/752
f 767/762/752 764/759/749 768/763/753
f 769/764/754 767/762/752 768/763/753
f 768/763/753 764/759/749 770/765/755
f 764/759/749 760/755/745 770/765/755
f 770/765/755 760/755/745 771/766/756
f 760/755/745 758/753/743 772/767/757
f 772/767/757 758/753/743 762/757/747
f 760/755/745 772/767/757 771/766/756
f 762/757/747 771/766/756 772/767/757
f 773/768/758 762/757/747 763/758/748
f 762/757/747 773/768/758 771/766/756
f 773/768/758 763/758/748 774/769/759
f 769/764/754 768/763/753 775/770/760
f 775/770/760 768/763/753 770/765/755
f 776/771/761 769/764/754 775/770/760
f 777/772/762 773/768/758 774/769/759
f 771/766/756 773/768/758 777/772/762
f 777/772/762 774/769/759 778/773/763
f 779/774/764 775/770/760 770/765/755
f 770/765/755 771/766/756 779/774/764
f 776/771/761 775/770/760 780/775/765
f 779/774/764 780/775/765 775/770/760
f 781/776/766 776/771/761 780/775/765
f 781/776/766 780/775/765 782/777/767
f 771/766/756 783/778/768 779/774/764
f 783/778/768 771/766/756 777/772/762
f 779/774/764 783/778/768 780/775/765
f 784/779/769 777/772/762 778/773/763
f 777/772/762 784/779/769 783/778/768
f 784/779/769 778/773/763 785/780/770
f 784/779/769 785/780/770 786/781/771
f 780/775/765 787/782/772 782/777/767
f 783/778/768 787/782/772 780/775/765
f 784/779/769 787/782/772 783/778/768
f 784/779/769 786/781/771 787/782/772
f 787/782/772 788/783/773 782/777/767
f 786/781/771 788/783/773 787/782/772
f 789/784/774 790/785/775 791/786/776
f 792/787/777 790/785/775 789/784/774
f 793/788/778 792/787/777 789/784/774
f 793/788/778 794/789/779 792/787/777
f 795/790/780 794/789/779 793/788/778
f 796/791/781 795/790/780 793/788/778
f 797/792/782 795/790/780 796/791/781
f 798/793/783 799/794/784 800/795/785
f 801/796/786 798/793/783 800/795/785
f 801/796/786 800/795/785 802/797/787
f 800/795/785 803/798/788 802/797/787
f 802/797/787 803/798/788 804/799/789
f 803/798/788 805/800/790 804/799/789
f 804/799/789 805/800/790 806/801/791
f 805/800/790 807/802/792 806/801/791
f 807/802/792 808/803/793 806/801/791
f 808/803/793 809/804/794 806/801/791
f 808/803/793 810/805/795 809/804/794
f 810/805/795 811/806/796 809/804/794
f 810/805/795 812/807/797 811/806/796
f 812/807/797 813/808/798 811/806/796
f 814/809/799 813/808/798 812/807/797
f 813/808/798 814/809/799 815/810/800
f 816/811/801 813/808/798 815/810/800
f 815/810/800 817/812/802 816/811/801
f 817/812/802 818/813/803 816/811/801
f 816/811/801 818/813/803 819/814/804
f 818/813/803 820/815/805 819/814/804
f 817/812/802 815/810/800 821/816/806
f 815/810/800 822/817/807 821/816/806
f 815/810/800 814/809/799 822/817/807
f 821/816/806 822/817/807 823/818/808
f 822/817/807 824/819/809 823/818/808
f 823/818/808 824/819/809 825/820/810
f 814/809/799 826/821/811 822/817/807
f 822/817/807 826/821/811 824/819/809
f 827/822/812 814/809/799 812/807/797
f 814/809/799 827/822/812 826/821/811
f 827/822/812 812/807/797 828/823/813
f 827/822/812 828/823/813 826/821/811
f 812/807/797 829/824/814 828/823/813
f 826/821/811 830/825/815 824/819/809
f 826/821/811 828/823/813 830/825/815
f 828/823/813 829/824/814 831/826/816
f 828/823/813 831/826/816 830/825/815
f 829/824/814 832/827/817 831/826/816
f 824/819/809 833/828/818 825/820/810
f 824/819/809 830/825/815 833/828/818
f 830/825/815 831/826/816 834/829/819
f 830/825/815 834/829/819 833/828/818
f 831/826/816 832/827/817 835/830/820
f 831/826/816 835/830/820 834/829/819
f 832/827/817 836/831/821 835/830/820
f 836/831/821 837/832/822 835/830/820
f 837/832/822 838/833/823 835/830/820
f 835/830/820 838/833/823 834/829/819
f 837/832/822 839/834/824 838/833/823
f 833/828/818 840/835/825 825/820/810
f 840/835/825 841/836/826 825/820/810
f 834/829/819 842/837/827 833/828/818
f 838/833/823 842/837/827 834/829/819
f 842/837/827 840/835/825 833/828/818
f 839/834/824 843/838/828 838/833/823
f 838/833/823 843/838/828 842/837/827
f 839/834/824 844/839/829 843/838/828
f 840/835/825 845/840/830 841/836/826
f 845/840/830 846/841/831 841/836/826
f 842/837/827 847/842/832 840/835/825
f 843/838/828 847/842/832 842/837/827
f 847/842/832 845/840/830 840/835/825
f 845/840/830 848/843/833 846/841/831
f 848/843/833 849/844/834 846/841/831
f 843/838/828 850/845/835 847/842/832
f 844/839/829 850/845/835 843/838/828
f 847/842/832 851/846/836 845/840/830
f 850/845/835 851/846/836 847/842/832
f 851/846/836 848/843/833 845/840/830
f 851/846/836 850/845/835 844/839/829
f 849/844/834 848/843/833 852/847/837
f 853/848/838 849/844/834 852/847/837
f 853/848/838 852/847/837 854/849/839
f 855/850/840 853/848/838 854/849/839
f 856/851/841 852/847/837 848/843/833
f 851/846/836 856/851/841 848/843/833
f 856/851/841 851/846/836 844/839/829
f 856/851/841 844/839/829 857/852/842
f 844/839/829 858/853/843 857/852/842
f 857/852/842 858/853/843 859/854/844
f 858/853/843 860/855/845 859/854/844
f 859/854/844 860/855/845 861/856/846
f 860/855/845 862/857/847 861/856/846
f 861/856/846 862/857/847 863/858/848
f 864/859/849 861/856/846 863/858/848
f 863/858/848 865/860/850 864/859/849
f 865/860/850 866/861/851 864/859/849
f 866/861/851 865/860/850 867/862/852
f 868/863/853 866/861/851 867/862/852
f 868/863/853 867/862/852 869/864/854
f 870/865/855 868/863/853 869/864/854
f 870/865/855 869/864/854 871/866/856
f 872/867/857 870/865/855 871/866/856
f 873/868/858 872/867/859 874/869/860
f 873/868/858 875/870/861 872/867/859
f 876/871/862 873/868/858 874/869/860
f 876/871/862 874/869/860 877/872/863
f 878/873/864 876/871/862 877/872/863
f 878/873/864 877/872/863 879/874/865
f 880/875/866 878/873/864 879/874/865
f 880/875/866 879/874/865 881/876/867
f 882/877/868 880/875/866 881/876/867
f 883/878/869 882/877/868 881/876/867
f 884/879/870 883/878/869 881/876/867
f 885/880/871 883/878/869 884/879/870
f 886/881/872 885/880/871 884/879/870
f 887/871/873 885/880/871 886/881/872
f 888/882/874 887/871/873 886/881/872
f 889/868/875 887/871/873 888/882/874
f 890/883/876 889/868/875 888/882/874
f 891/884/877 889/868/875 890/883/876
f 892/885/878 889/868/875 891/884/877
f 892/885/878 891/884/877 893/886/879
f 892/885/878 893/886/879 894/887/880
f 892/885/878 894/887/880 889/868/875
f 894/887/880 895/888/881 889/868/875
f 893/886/879 896/889/882 894/887/880
f 897/890/883 896/889/882 893/886/879
f 897/890/883 893/886/879 898/891/884
f 899/892/885 897/890/883 898/891/884
f 900/893/886 898/891/884 893/886/879
f 901/894/887 900/893/886 893/886/879
f 902/895/888 901/894/887 893/886/879
f 891/884/877 902/895/888 893/886/879
f 901/894/887 902/895/888 903/896/889
f 902/895/888 891/884/877 904/897/890
f 902/895/888 904/897/890 903/896/889
f 891/884/877 905/898/891 904/897/890
f 891/884/877 906/899/892 905/898/891
f 903/896/889 904/897/890 907/900/893
f 904/897/890 908/901/894 907/900/893
f 907/900/893 908/901/894 909/902/895
f 910/903/896 907/900/893 909/902/895
f 907/900/893 910/903/896 911/904/169
f 907/900/893 911/904/169 912/905/169
f 907/900/893 912/905/169 903/896/889
f 912/905/169 913/906/897 903/896/889
f 914/907/898 915/908/899 916/909/900
f 917/910/901 914/907/898 916/909/900
f 917/910/901 916/909/900 918/911/902
f 919/912/903 914/907/898 917/910/901
f 920/913/904 917/910/901 918/911/902
f 920/913/904 918/911/902 921/914/905
f 922/915/906 919/912/903 917/910/901
f 922/915/906 917/910/901 920/913/904
f 923/916/907 919/912/903 922/915/906
f 924/917/908 920/913/904 921/914/905
f 924/917/908 921/914/905 925/918/909
f 926/919/910 922/915/906 920/913/904
f 926/919/910 923/916/907 922/915/906
f 926/919/910 920/913/904 924/917/908
f 927/920/911 924/917/908 925/918/909
f 927/920/911 925/918/909 928/921/912
f 929/922/913 926/919/910 924/917/908
f 929/922/913 924/917/908 927/920/911
f 926/919/910 930/923/914 923/916/907
f 929/922/913 930/923/914 926/919/910
f 931/924/915 927/920/911 928/921/912
f 931/924/915 928/921/912 932/925/916
f 933/926/917 929/922/913 927/920/911
f 933/926/917 930/923/914 929/922/913
f 933/926/917 927/920/911 931/924/915
f 934/927/918 931/924/915 932/925/916
f 934/927/918 932/925/916 935/928/919
f 936/929/920 933/926/917 931/924/915
f 936/929/920 931/924/915 934/927/918
f 937/930/921 934/927/918 935/928/919
f 937/930/921 935/928/919 938/931/922
f 923/916/907 930/923/914 939/932/923
f 940/933/924 923/916/907 939/932/923
f 941/934/925 940/933/924 939/932/923
f 940/933/924 941/934/925 942/935/926
f 943/936/927 939/932/923 930/923/914
f 943/936/927 944/937/928 939/932/923
f 941/934/925 939/932/923 944/937/928
f 933/926/917 945/938/929 930/923/914
f 936/929/920 945/938/929 933/926/917
f 946/939/930 930/923/914 945/938/929
f 947/940/931 946/939/930 945/938/929
f 948/941/932 947/940/931 945/938/929
f 945/938/929 936/929/920 948/941/932
f 949/942/933 947/940/931 948/941/932
f 948/941/932 936/929/920 949/942/933
f 949/942/933 950/943/934 947/940/931
f 950/943/934 949/942/933 951/944/935
f 952/945/936 949/942/933 936/929/920
f 949/942/933 952/945/936 951/944/935
f 952/945/936 936/929/920 934/927/918
f 952/945/936 934/927/918 937/930/921
f 953/946/937 952/945/936 937/930/921
f 951/944/935 952/945/936 953/946/937
f 953/946/937 937/930/921 954/947/938
f 954/947/938 937/930/921 938/931/922
f 954/947/938 938/931/922 955/948/939
f 956/949/940 953/946/937 954/947/938
f 951/944/935 953/946/937 956/949/940
f 951/944/935 956/949/940 957/950/941
f 958/951/942 951/944/935 957/950/941
f 958/951/942 959/952/943 951/944/935
f 958/951/942 944/937/928 959/952/943
f 960/953/944 954/947/938 955/948/939
f 956/949/940 954/947/938 960/953/944
f 957/950/941 956/949/940 961/954/945
f 961/954/945 956/949/940 960/953/944
f 960/953/944 955/948/939 962/955/946
f 955/948/939 963/956/947 962/955/946
f 961/954/945 960/953/944 964/957/948
f 960/953/944 962/955/946 964/957/948
f 961/954/945 964/957/948 957/950/941
f 964/957/948 962/955/946 965/958/949
f 962/955/946 966/959/950 965/958/949
f 964/957/948 965/958/949 967/960/951
f 957/950/941 964/957/948 967/960/951
f 957/950/941 967/960/951 968/961/952
f 969/962/953 957/950/941 968/961/952
f 969/962/953 968/961/952 970/963/954
f 969/962/953 971/964/955 957/950/941
f 970/963/954 971/964/955 969/962/953
f 971/964/955 958/951/942 957/950/941
f 958/951/942 971/964/955 972/965/956
f 972/965/956 971/964/955 970/963/954
f 972/965/956 944/937/928 958/951/942
f 972/965/956 970/963/954 973/966/957
f 973/966/957 970/963/954 974/967/958
f 974/967/958 975/968/959 973/966/957
f 975/968/959 976/969/960 973/966/957
f 973/966/957 976/969/960 972/965/956
f 975/968/959 977/970/961 976/969/960
f 972/965/956 978/971/962 944/937/928
f 976/969/960 978/971/962 972/965/956
f 978/971/962 941/934/925 944/937/928
f 978/971/962 976/969/960 941/934/925
f 977/970/961 979/972/963 976/969/960
f 976/969/960 979/972/963 941/934/925
f 977/970/961 980/973/964 979/972/963
f 980/973/964 941/934/925 979/972/963
f 941/934/925 980/973/964 942/935/926
f 942/935/926 980/973/964 981/974/965
f 982/975/206 983/976/206 984/977/206
f 982/975/206 985/978/206 983/976/206
f 985/978/206 986/979/206 983/976/206
f 985/978/206 987/980/966 986/979/206
f 987/980/966 988/981/967 986/979/206
f 987/980/966 989/982/968 988/981/967
f 989/982/968 990/983/969 988/981/967
f 989/982/968 991/984/970 990/983/969
f 991/984/970 992/985/971 990/983/969
f 991/984/970 993/986/206 992/985/971
f 991/984/970 994/987/972 993/986/206
f 991/984/970 995/988/973 994/987/972
f 995/988/973 996/989/974 994/987/972
f 995/988/973 997/990/975 996/989/974
f 997/990/975 998/991/976 996/989/974
f 997/990/975 999/992/977 998/991/976
f 999/992/977 1000/993/978 998/991/976
f 1000/993/978 1001/994/979 998/991/976
f 1001/994/979 1002/995/980 998/991/976
f 1001/994/979 1003/996/981 1002/995/980
f 1003/996/981 1004/997/982 1002/995/980
f 1004/997/982 1003/996/981 1005/998/983
f 1006/999/984 1004/997/982 1005/998/983
f 1005/998/983 1007/1000/985 1006/999/984
f 1008/1001/986 1009/1002/987 1010/1003/988
f 1009/1002/987 1011/1004/989 1010/1003/988
f 1010/1003/988 1011/1004/989 1012/1005/990
f 1011/1004/989 1013/1006/991 1012/1005/990
f 1013/1006/991 1014/1007/992 1012/1005/990
f 1014/1007/992 1015/1008/993 1012/1005/990
f 1014/1007/992 1016/1009/994 1015/1008/993
f 1016/1009/994 1017/1010/995 1015/1008/993
f 1018/1011/996 1019/1012/997 1020/1013/998
f 1021/1014/999 1018/1011/996 1020/1013/998
f 1021/1014/999 1020/1013/998 1022/1015/1000
f 1023/1016/1001 1018/1011/996 1021/1014/999
f 1024/1017/1002 1021/1014/999 1022/1015/1000
f 1022/1015/1000 1025/1018/1003 1024/1017/1002
f 1023/1016/1001 1021/1014/999 1026/1019/1004
f 1027/1020/1005 1023/1016/1001 1026/1019/1004
f 1028/1021/1006 1026/1019/1004 1021/1014/999
f 1024/1017/1002 1028/1021/1006 1021/1014/999
f 1026/1019/1004 1028/1021/1006 1029/1022/1007
f 1030/1023/1008 1024/1017/1002 1025/1018/1003
f 1031/1024/997 1030/1023/1008 1025/1018/1003
f 1030/1023/1008 1032/1025/1009 1024/1017/1002
f 1024/1017/1002 1032/1025/1009 1028/1021/1006
f 1032/1025/1009 1033/1026/1010 1028/1021/1006
f 1028/1021/1006 1034/1027/1011 1029/1022/1007
f 1029/1022/1007 1034/1027/1011 1035/1028/1012
f 1034/1027/1011 1036/1029/1013 1035/1028/1012
f 1035/1028/1012 1036/1029/1013 1037/1030/1014
f 1036/1029/1013 1038/1031/1015 1037/1030/1014
f 1037/1030/1014 1038/1031/1015 1039/1032/1016
f 1038/1031/1015 1040/1033/1017 1039/1032/1016
f 1039/1032/1016 1040/1033/1017 1041/1034/1018
f 1040/1033/1017 1042/1035/1019 1041/1034/1018
f 1042/1035/1019 1043/1036/1020 1041/1034/1018
f 1043/1036/1020 1044/1037/1021 1041/1034/1018
f 1043/1036/1020 1045/1038/1022 1044/1037/1021
f 1045/1038/1022 1046/1039/1023 1044/1037/1021
f 1046/1039/1023 1045/1038/1022 1047/1040/1024
f 1045/1038/1022 1048/1041/1025 1047/1040/1024
f 1049/1042/1026 1050/1043/997 1051/1044/1027
f 1052/1045/1028 1049/1042/1026 1051/1044/1027
f 1053/1046/1029 1052/1045/1028 1051/1044/1027
f 1054/1047/1030 1053/1046/1029 1051/1044/1027
f 1052/1045/1028 1053/1046/1029 1055/1048/1031
f 1049/1042/1026 1052/1045/1028 1055/1048/1031
f 1056/1049/997 1049/1042/1026 1055/1048/1031
f 1053/1046/1029 1057/1050/1032 1055/1048/1031
f 1053/1046/1029 1058/1051/997 1057/1050/1032
f 1059/1052/1033 1058/1051/997 1053/1046/1029
f 1054/1047/1030 1060/1053/1034 1053/1046/1029
f 1054/1047/1030 1061/1054/1035 1060/1053/1034
f 1062/1055/1036 1061/1054/1035 1054/1047/1030
f 1063/1056/1037 1061/1054/1035 1062/1055/1036
f 1064/1057/1038 1061/1054/1035 1063/1056/1037
f 1065/1058/1039 1061/1054/1035 1064/1057/1038
f 1060/1053/1034 1061/1054/1035 1066/1059/1040
f 1060/1053/1034 1066/1059/1040 1053/1046/1029
f 1066/1059/1040 1061/1054/1035 1065/1058/1039
f 1067/1060/1041 1059/1052/1033 1053/1046/1029
f 1066/1059/1040 1067/1060/1041 1053/1046/1029
f 1066/1059/1040 1065/1058/1039 1068/1061/1042
f 1068/1061/1042 1067/1060/1041 1066/1059/1040
f 1067/1060/1041 1068/1061/1042 1059/1052/1033
f 1068/1061/1042 1065/1058/1039 1069/1062/1043
f 1059/1052/1033 1068/1061/1042 1070/1063/1044
f 1068/1061/1042 1069/1062/1043 1071/1064/1045
f 1070/1063/1044 1068/1061/1042 1072/1065/997
f 1068/1061/1042 1071/1064/1045 1073/1066/1046
f 1072/1065/997 1068/1061/1042 1074/1067/1047
f 1073/1066/1046 1075/1068/1048 1068/1061/1042
f 1074/1067/1047 1068/1061/1042 1076/1069/1049
f 1075/1068/1048 1077/1070/997 1068/1061/1042
f 1078/1071/997 1076/1069/1049 1068/1061/1042
f 1077/1070/997 1078/1071/997 1068/1061/1042
f 1079/1072/1050 1080/1073/1051 1081/1074/1052
f 1080/1073/1051 1082/1075/1053 1081/1074/1052
f 1080/1073/1051 1083/1076/1054 1082/1075/1053
f 1083/1076/1054 1084/1077/1055 1082/1075/1053
f 1081/1074/1052 1082/1075/1053 1085/1078/1056
f 1082/1075/1053 1084/1077/1055 1086/1079/1057
f 1082/1075/1053 1086/1079/1057 1085/1078/1056
f 1084/1077/1055 1087/1080/1058 1086/1079/1057
f 1087/1080/1058 1088/1081/1055 1086/1079/1057
f 1086/1079/1057 1089/1082/1059 1085/1078/1056
f 1088/1081/1055 1089/1082/1059 1086/1079/1057
f 1088/1081/1055 1090/1083/1054 1089/1082/1059
f 1089/1082/1059 1091/1084/1060 1085/1078/1056
f 1090/1083/1054 1092/1085/1061 1089/1082/1059
f 1089/1082/1059 1092/1085/1061 1091/1084/1060
f 1092/1085/1061 1093/1086/1062 1091/1084/1060
f 1094/1087/1063 1095/1088/1064 1096/1089/1065
f 1095/1088/1064 1097/1090/1066 1096/1089/1065
f 1096/1089/1065 1097/1090/1066 1098/1091/1067
f 1097/1090/1066 1099/1092/1068 1098/1091/1067
f 1099/1092/1068 1100/1093/1069 1098/1091/1067
f 1100/1093/1069 1101/1094/1070 1098/1091/1067
f 1100/1093/1069 1102/1095/1071 1101/1094/1070
f 1102/1095/1071 1103/1096/1063 1101/1094/1070
f 1104/1097/1072 1105/1098/1073 1106/1099/1074
f 1105/1098/1073 1107/1100/1073 1106/1099/1074
f 1107/1100/1073 1108/1101/1073 1106/1099/1074
f 1108/1101/1073 1109/1102/1075 1106/1099/1074
f 1110/1103/1076 1111/1104/415 1112/1105/1077
f 1110/1103/1076 1112/1105/1077 1113/1106/1078
f 1114/1107/1079 1110/1103/1076 1113/1106/1078
f 1115/1108/1080 1114/1107/1079 1113/1106/1078
f 1116/1109/1081 1115/1108/1080 1113/1106/1078
f 1116/1109/1081 1113/1106/1078 1117/1110/1082
f 1118/1111/1083 1117/1110/1082 1113/1106/1078
f 1112/1105/1077 1118/1111/1083 1113/1106/1078
f 1119/1112/1084 1116/1109/1081 1117/1110/1082
f 1116/1109/1081 1119/1112/1084 1115/1108/1080
f 1119/1112/1084 1120/1113/1085 1115/1108/1080
f 1121/1114/1086 1120/1113/1085 1119/1112/1084
f 1118/1111/1083 1112/1105/1077 1122/1115/1087
f 1117/1110/1082 1118/1111/1083 1122/1115/1087
f 1123/1116/1088 1121/1114/1086 1119/1112/1084
f 1123/1116/1088 1119/1112/1084 1117/1110/1082
f 1123/1116/1088 1124/1117/1089 1121/1114/1086
f 1124/1117/1089 1123/1116/1088 1117/1110/1082
f 1124/1117/1089 1125/1118/1090 1121/1114/1086
f 1126/1119/1091 1125/1118/1090 1124/1117/1089
f 1112/1105/1077 1127/1120/1092 1122/1115/1087
f 1128/1121/415 1127/1120/1092 1112/1105/1077
f 1127/1120/1092 1129/1122/1093 1122/1115/1087
f 1129/1122/1093 1130/1123/1094 1122/1115/1087
f 1130/1123/1094 1131/1124/1095 1122/1115/1087
f 1122/1115/1087 1131/1124/1095 1117/1110/1082
f 1130/1123/1094 1132/1125/1096 1131/1124/1095
f 1132/1125/1096 1133/1126/1097 1131/1124/1095
f 1131/1124/1095 1133/1126/1097 1117/1110/1082
f 1132/1125/1096 1134/1127/1098 1133/1126/1097
f 1124/1117/1089 1117/1110/1082 1135/1128/1099
f 1135/1128/1099 1126/1119/1091 1124/1117/1089
f 1133/1126/1097 1136/1129/1100 1117/1110/1082
f 1134/1127/1098 1136/1129/1100 1133/1126/1097
f 1117/1110/1082 1137/1130/1101 1135/1128/1099
f 1135/1128/1099 1137/1130/1101 1126/1119/1091
f 1137/1130/1101 1138/1131/1102 1126/1119/1091
f 1134/1127/1098 1139/1132/1103 1136/1129/1100
f 1140/1133/1104 1138/1131/1102 1137/1130/1101
f 1139/1132/1103 1141/1134/1105 1136/1129/1100
f 1136/1129/1100 1141/1134/1105 1117/1110/1082
f 1139/1132/1103 1142/1135/1106 1141/1134/1105
f 1142/1135/1106 1143/1136/1107 1141/1134/1105
f 1117/1110/1082 1141/1134/1105 1143/1136/1107
f 1142/1135/1106 1144/1137/1108 1143/1136/1107
f 1144/1137/1108 1145/1138/1109 1143/1136/1107
f 1145/1138/1109 1117/1110/1082 1143/1136/1107
f 1144/1137/1108 1146/1139/1110 1145/1138/1109
f 1146/1139/1110 1147/1140/1111 1145/1138/1109
f 1146/1139/1110 1148/1141/1112 1147/1140/1111
f 1147/1140/1111 1149/1142/1113 1145/1138/1109
f 1148/1141/1112 1149/1142/1113 1147/1140/1111
f 1149/1142/1113 1117/1110/1082 1145/1138/1109
f 1149/1142/1113 1148/1141/1112 1150/1143/1114
f 1151/1144/1115 1117/1110/1082 1149/1142/1113
f 1149/1142/1113 1150/1143/1114 1151/1144/1115
f 1117/1110/1082 1151/1144/1115 1152/1145/1116
f 1117/1110/1082 1152/1145/1116 1137/1130/1101
f 1152/1145/1116 1153/1146/1117 1137/1130/1101
f 1153/1146/1117 1140/1133/1104 1137/1130/1101
f 1153/1146/1117 1152/1145/1116 1140/1133/1104
f 1152/1145/1116 1154/1147/1118 1140/1133/1104
f 1154/1147/1118 1152/1145/1116 1155/1148/1119
f 1155/1148/1119 1152/1145/1116 1151/1144/1115
f 1150/1143/1114 1156/1149/1120 1151/1144/1115
f 1156/1149/1120 1155/1148/1119 1151/1144/1115
f 1157/1150/1121 1156/1149/1120 1150/1143/1114
f 1158/1151/1122 1157/1150/1121 1150/1143/1114
f 1157/1150/1121 1159/1152/415 1156/1149/1120
f 1156/1149/1120 1159/1152/415 1160/1153/1123
f 1156/1149/1120 1160/1153/1123 1155/1148/1119
f 1160/1153/1123 1161/1154/1124 1155/1148/1119
f 1162/1155/1125 1163/1156/1126 1164/1157/1127
f 1164/1157/1127 1163/1156/1126 1165/1158/1128
f 1163/1156/1126 1166/1159/1129 1165/1158/1128
f 1164/1157/1127 1165/1158/1128 1167/1160/1130
f 1168/1161/1131 1164/1157/1127 1167/1160/1130
f 1167/1160/1130 1169/1162/1132 1168/1161/1131
f 1169/1162/1132 1170/1163/1133 1168/1161/1131
f 1170/1163/1133 1169/1162/1132 1171/1164/1134
f 1172/1165/1135 1170/1163/1133 1171/1164/1134
f 1173/1166/1136 1174/1167/1137 1175/1168/1138
f 1174/1167/1137 1176/1169/1139 1175/1168/1138
f 1177/1170/1140 1175/1168/1138 1176/1169/1139
f 1178/1171/1138 1177/1170/1140 1176/1169/1139
f 1178/1171/1138 1179/1172/1138 1177/1170/1140
f 1178/1171/1138 1180/1173/1137 1179/1172/1138
f 1180/1173/1137 1181/1174/1136 1179/1172/1138
f 1182/1175/1141 1183/1176/1142 1184/1177/1143
f 1185/1178/1144 1182/1175/1141 1184/1177/1143
f 1185/1178/1144 1184/1177/1143 1186/1179/1145
f 1187/1180/1146 1185/1178/1144 1186/1179/1145
f 1188/1181/1147 1186/1179/1145 1184/1177/1143
f 1189/1182/1148 1188/1181/1147 1184/1177/1143
f 1187/1180/1146 1186/1179/1145 1190/1183/1149
f 1191/1184/1150 1187/1180/1146 1190/1183/1149
f 1189/1182/1148 1192/1185/1151 1188/1181/1147
f 1189/1182/1148 1193/1186/1152 1192/1185/1151
f 1193/1186/1152 1194/1187/1153 1192/1185/1151
f 1192/1185/1151 1195/1188/1154 1188/1181/1147
f 1188/1181/1147 1196/1189/1155 1186/1179/1145
f 1196/1189/1155 1188/1181/1147 1195/1188/1154
f 1196/1189/1155 1190/1183/1149 1186/1179/1145
f 1197/1190/1156 1196/1189/1155 1195/1188/1154
f 1197/1190/1156 1198/1191/1157 1196/1189/1155
f 1196/1189/1155 1198/1191/1157 1190/1183/1149
f 1197/1190/1156 1180/1173/1158 1198/1191/1157
f 1180/1173/1158 1199/1192/1159 1198/1191/1157
f 1199/1192/1159 1180/1173/1158 1178/1171/1160
f 1198/1191/1157 1200/1193/1161 1190/1183/1149
f 1191/1184/1150 1190/1183/1149 1200/1193/1161
f 1174/1167/1162 1191/1184/1150 1200/1193/1161
f 1199/1192/1159 1178/1171/1160 1201/1194/1163
f 1201/1194/1163 1174/1167/1162 1200/1193/1161
f 1178/1171/1160 1176/1169/1164 1201/1194/1163
f 1174/1167/1162 1201/1194/1163 1176/1169/1164
f 1202/1195/1165 1203/1196/1166 1204/1197/1167
f 1203/1196/1166 1205/1198/1168 1204/1197/1167
f 1206/1199/1169 1204/1197/1167 1205/1198/1168
f 1207/1200/1170 1205/1198/1168 1203/1196/1166
f 1208/1201/1171 1207/1200/1170 1203/1196/1166
f 1209/1202/1172 1206/1199/1169 1205/1198/1168
f 1209/1202/1172 1205/1198/1168 1207/1200/1170
f 1210/1203/1173 1207/1200/1170 1208/1201/1171
f 1211/1204/1174 1210/1203/1173 1208/1201/1171
f 1211/1204/1174 1212/1205/1175 1210/1203/1173
f 1209/1202/1172 1213/1206/1176 1206/1199/1169
f 1213/1206/1176 1214/1207/1177 1206/1199/1169
f 1215/1208/1178 1209/1202/1172 1207/1200/1170
f 1209/1202/1172 1215/1208/1178 1213/1206/1176
f 1215/1208/1178 1207/1200/1170 1210/1203/1173
f 1215/1208/1178 1216/1209/1179 1213/1206/1176
f 1215/1208/1178 1217/1210/1180 1216/1209/1179
f 1217/1210/1180 1215/1208/1178 1210/1203/1173
f 1217/1210/1180 1218/1211/1181 1216/1209/1179
f 1219/1212/1182 1218/1211/1181 1217/1210/1180
f 1212/1205/1175 1220/1213/1183 1210/1203/1173
f 1217/1210/1180 1210/1203/1173 1220/1213/1183
f 1212/1205/1175 1221/1214/1184 1220/1213/1183
f 1222/1215/1185 1219/1212/1182 1217/1210/1180
f 1222/1215/1185 1217/1210/1180 1220/1213/1183
f 1223/1216/1186 1219/1212/1182 1222/1215/1185
f 1221/1214/1184 1224/1217/1187 1220/1213/1183
f 1222/1215/1185 1220/1213/1183 1224/1217/1187
f 1221/1214/1184 1225/1218/1188 1224/1217/1187
f 1226/1219/1189 1223/1216/1186 1222/1215/1185
f 1226/1219/1189 1222/1215/1185 1224/1217/1187
f 1227/1220/1190 1223/1216/1186 1226/1219/1189
f 1225/1218/1188 1228/1221/1191 1224/1217/1187
f 1226/1219/1189 1224/1217/1187 1228/1221/1191
f 1225/1218/1188 1229/1222/1192 1228/1221/1191
f 1230/1223/1193 1227/1220/1190 1226/1219/1189
f 1230/1223/1193 1226/1219/1189 1228/1221/1191
f 1231/1224/1194 1227/1220/1190 1230/1223/1193
f 1229/1222/1192 1232/1225/1195 1228/1221/1191
f 1230/1223/1193 1228/1221/1191 1232/1225/1195
f 1229/1222/1192 1233/1226/1196 1232/1225/1195
f 1233/1226/1196 1234/1227/1197 1232/1225/1195
f 1235/1228/1198 1231/1224/1194 1230/1223/1193
f 1235/1228/1198 1230/1223/1193 1232/1225/1195
f 1235/1228/1198 1232/1225/1195 1234/1227/1197
f 1236/1229/1199 1231/1224/1194 1235/1228/1198
f 1237/1230/1200 1235/1228/1198 1234/1227/1197
f 1237/1230/1200 1236/1229/1199 1235/1228/1198
f 1238/1231/1201 1239/1232/1202 1240/1233/1203
f 1239/1232/1202 1241/1234/1204 1240/1233/1203
f 1239/1232/1202 1242/1235/1205 1241/1234/1204
f 1243/1236/703 1240/1233/1203 1241/1234/1204
f 1242/1235/1205 1244/1237/1206 1241/1234/1204
f 1242/1235/1205 1245/1238/1207 1244/1237/1206
f 1246/1239/1208 1243/1236/703 1241/1234/1204
f 1246/1239/1208 1241/1234/1204 1244/1237/1206
f 1245/1238/1207 1247/1240/1209 1244/1237/1206
f 1245/1238/1207 1248/1241/1210 1247/1240/1209
f 1248/1241/1210 1249/1242/1211 1247/1240/1209
f 1246/1239/1208 1250/1243/1202 1243/1236/703
f 1250/1243/1202 1251/1244/1201 1243/1236/703
f 1252/1245/1205 1250/1243/1202 1246/1239/1208
f 1253/1246/1212 1246/1239/1208 1244/1237/1206
f 1253/1246/1212 1252/1245/1205 1246/1239/1208
f 1253/1246/1212 1244/1237/1206 1247/1240/1209
f 1254/1247/1207 1252/1245/1205 1253/1246/1212
f 1255/1248/1213 1247/1240/1209 1249/1242/1211
f 1255/1248/1213 1253/1246/1212 1247/1240/1209
f 1255/1248/1213 1254/1247/1207 1253/1246/1212
f 1256/1249/1214 1255/1248/1213 1249/1242/1211
f 1257/1250/1210 1254/1247/1207 1255/1248/1213
f 1256/1249/1214 1257/1250/1210 1255/1248/1213
f 1258/1251/1215 1259/1252/1216 1260/1253/1217
f 1259/1252/1216 1261/1254/1218 1260/1253/1217
f 1259/1252/1216 1262/1255/1219 1261/1254/1218
f 1263/1256/1220 1260/1253/1217 1261/1254/1218
f 1262/1255/1219 1264/1257/1221 1261/1254/1218
f 1262/1255/1219 1265/1258/1222 1264/1257/1221
f 1266/1259/1223 1263/1256/1220 1261/1254/1218
f 1266/1259/1223 1261/1254/1218 1264/1257/1221
f 1265/1258/1222 1267/1260/1224 1264/1257/1221
f 1265/1258/1222 1268/1261/1225 1267/1260/1224
f 1266/1259/1223 1269/1262/1226 1263/1256/1220
f 1269/1262/1226 1270/1263/1227 1263/1256/1220
f 1271/1264/1228 1269/1262/1226 1266/1259/1223
f 1272/1265/1229 1266/1259/1223 1264/1257/1221
f 1272/1265/1229 1271/1264/1228 1266/1259/1223
f 1272/1265/1229 1264/1257/1221 1267/1260/1224
f 1273/1266/1230 1271/1264/1228 1272/1265/1229
f 1274/1267/1231 1273/1266/1230 1272/1265/1229
f 1274/1267/1231 1272/1265/1229 1267/1260/1224
f 1275/1268/1232 1273/1266/1230 1274/1267/1231
f 1268/1261/1225 1276/1269/1233 1267/1260/1224
f 1274/1267/1231 1267/1260/1224 1276/1269/1233
f 1268/1261/1225 1277/1270/1234 1276/1269/1233
f 1278/1271/1235 1275/1268/1232 1274/1267/1231
f 1278/1271/1235 1274/1267/1231 1276/1269/1233
f 1279/1272/1236 1275/1268/1232 1278/1271/1235
f 1277/1270/1234 1280/1273/1237 1276/1269/1233
f 1278/1271/1235 1276/1269/1233 1280/1273/1237
f 1277/1270/1234 1281/1274/1238 1280/1273/1237
f 1282/1275/1239 1279/1272/1236 1278/1271/1235
f 1282/1275/1239 1278/1271/1235 1280/1273/1237
f 1283/1276/1240 1279/1272/1236 1282/1275/1239
f 1281/1274/1238 1284/1277/1241 1280/1273/1237
f 1282/1275/1239 1280/1273/1237 1284/1277/1241
f 1281/1274/1238 1285/1278/1242 1284/1277/1241
f 1286/1279/1243 1283/1276/1240 1282/1275/1239
f 1286/1279/1243 1282/1275/1239 1284/1277/1241
f 1287/1280/1244 1283/1276/1240 1286/1279/1243
f 1285/1278/1242 1288/1281/1245 1284/1277/1241
f 1286/1279/1243 1284/1277/1241 1288/1281/1245
f 1285/1278/1242 1289/1282/1246 1288/1281/1245
f 1290/1283/1247 1287/1280/1244 1286/1279/1243
f 1290/1283/1247 1286/1279/1243 1288/1281/1245
f 1291/1284/1248 1287/1280/1244 1290/1283/1247
f 1289/1282/1246 1292/1285/1249 1288/1281/1245
f 1290/1283/1247 1288/1281/1245 1292/1285/1249
f 1289/1282/1246 1293/1286/1250 1292/1285/1249
f 1294/1287/1251 1291/1284/1248 1290/1283/1247
f 1294/1287/1251 1290/1283/1247 1292/1285/1249
f 1295/1288/1252 1291/1284/1248 1294/1287/1251
f 1293/1286/1250 1296/1289/1253 1292/1285/1249
f 1294/1287/1251 1292/1285/1249 1296/1289/1253
f 1293/1286/1250 1297/1290/1254 1296/1289/1253
f 1298/1291/1255 1295/1288/1252 1294/1287/1251
f 1298/1291/1255 1294/1287/1251 1296/1289/1253
f 1299/1292/1256 1295/1288/1252 1298/1291/1255
f 1297/1290/1254 1300/1293/1257 1296/1289/1253
f 1298/1291/1255 1296/1289/1253 1300/1293/1257
f 1297/1290/1254 1301/1294/1258 1300/1293/1257
f 1302/1295/1259 1299/1292/1256 1298/1291/1255
f 1302/1295/1259 1298/1291/1255 1300/1293/1257
f 1303/1296/1260 1299/1292/1256 1302/1295/1259
f 1301/1294/1258 1304/1297/1261 1300/1293/1257
f 1302/1295/1259 1300/1293/1257 1304/1297/1261
f 1301/1294/1258 1305/1298/1262 1304/1297/1261
f 1306/1299/1263 1303/1296/1260 1302/1295/1259
f 1306/1299/1263 1302/1295/1259 1304/1297/1261
f 1307/1300/1264 1303/1296/1260 1306/1299/1263
f 1305/1298/1262 1308/1301/1265 1304/1297/1261
f 1306/1299/1263 1304/1297/1261 1308/1301/1265
f 1305/1298/1262 1309/1302/1266 1308/1301/1265
f 1309/1302/1266 1310/1303/1267 1308/1301/1265
f 1311/1304/1268 1307/1300/1264 1306/1299/1263
f 1311/1304/1268 1306/1299/1263 1308/1301/1265
f 1311/1304/1268 1308/1301/1265 1310/1303/1267
f 1312/1305/1269 1307/1300/1264 1311/1304/1268
f 1313/1306/1270 1311/1304/1268 1310/1303/1267
f 1313/1306/1270 1312/1305/1269 1311/1304/1268
f 1314/1307/1271 1315/1308/1272 1316/1309/1273
f 1315/1308/1272 1317/1310/1274 1316/1309/1273
f 1316/1309/1273 1317/1310/1274 1318/1311/1275
f 1317/1310/1274 890/883/1276 1318/1311/1275
f 1319/1312/1277 1320/1313/1278 1321/1314/1279
f 1320/1313/1278 1322/1315/1280 1321/1314/1279
f 1320/1313/1278 1323/1316/1281 1322/1315/1280
f 1321/1314/1279 1322/1315/1280 1324/1317/1282
f 1325/1318/1283 1321/1314/1279 1324/1317/1282
f 1325/1318/1283 1324/1317/1282 1326/1319/1284
f 1323/1316/1281 1327/1320/1285 1322/1315/1280
f 1323/1316/1281 1328/1321/1286 1327/1320/1285
f 1322/1315/1280 1327/1320/1285 1329/1322/1287
f 1324/1317/1282 1322/1315/1280 1329/1322/1287
f 1328/1321/1286 1329/1322/1287 1327/1320/1285
f 1330/1323/1288 1329/1322/1287 1328/1321/1286
f 1330/1323/1288 1328/1321/1286 1331/1324/1289
f 1324/1317/1282 1332/1325/1290 1326/1319/1284
f 1324/1317/1282 1329/1322/1287 1332/1325/1290
f 1333/1326/1291 1329/1322/1287 1330/1323/1288
f 1329/1322/1287 1333/1326/1291 1332/1325/1290
f 1326/1319/1284 1332/1325/1290 1334/1327/1292
f 1335/1328/1293 1326/1319/1284 1334/1327/1292
f 1335/1328/1293 1334/1327/1292 1336/1329/1294
f 1332/1325/1290 1333/1326/1291 1337/1330/1295
f 1334/1327/1292 1332/1325/1290 1337/1330/1295
f 1330/1323/1288 1337/1330/1295 1333/1326/1291
f 1334/1327/1292 1338/1331/1296 1336/1329/1294
f 1334/1327/1292 1337/1330/1295 1338/1331/1296
f 1336/1329/1294 1338/1331/1296 1339/1332/1297
f 1340/1333/1298 1336/1329/1294 1339/1332/1297
f 1340/1333/1298 1339/1332/1297 1341/1334/1299
f 1337/1330/1295 1342/1335/1300 1338/1331/1296
f 1339/1332/1297 1338/1331/1296 1343/1336/1301
f 1338/1331/1296 1342/1335/1300 1343/1336/1301
f 1344/1337/1302 1342/1335/1300 1337/1330/1295
f 1344/1337/1302 1337/1330/1295 1330/1323/1288
f 1343/1336/1301 1342/1335/1300 1344/1337/1302
f 1343/1336/1301 1344/1337/1302 1345/1338/1303
f 1339/1332/1297 1346/1339/1304 1341/1334/1299
f 1339/1332/1297 1343/1336/1301 1346/1339/1304
f 1347/1340/1305 1344/1337/1302 1330/1323/1288
f 1344/1337/1302 1347/1340/1305 1345/1338/1303
f 1341/1334/1299 1346/1339/1304 1348/1341/1306
f 1349/1342/1307 1341/1334/1299 1348/1341/1306
f 1349/1342/1307 1348/1341/1306 1350/1343/1308
f 1343/1336/1301 1351/1344/1309 1346/1339/1304
f 1343/1336/1301 1345/1338/1303 1351/1344/1309
f 1346/1339/1304 1351/1344/1309 1352/1345/1310
f 1348/1341/1306 1346/1339/1304 1352/1345/1310
f 1345/1338/1303 1352/1345/1310 1351/1344/1309
f 1353/1346/1311 1352/1345/1310 1345/1338/1303
f 1348/1341/1306 1354/1347/1312 1350/1343/1308
f 1348/1341/1306 1352/1345/1310 1354/1347/1312
f 1355/1348/1313 1347/1340/1305 1330/1323/1288
f 1355/1348/1313 1330/1323/1288 1331/1324/1289
f 1353/1346/1311 1356/1349/1314 1352/1345/1310
f 1352/1345/1310 1356/1349/1314 1354/1347/1312
f 1350/1343/1308 1354/1347/1312 1357/1350/1315
f 1358/1351/1316 1350/1343/1308 1357/1350/1315
f 1354/1347/1312 1356/1349/1314 1359/1352/1317
f 1357/1350/1315 1354/1347/1312 1359/1352/1317
f 1359/1352/1317 1356/1349/1314 1353/1346/1311
f 1357/1350/1315 1359/1352/1317 1360/1353/1318
f 1361/1354/1319 1357/1350/1315 1360/1353/1318
f 1360/1353/1318 1359/1352/1317 1362/1355/1320
f 1359/1352/1317 1353/1346/1311 1362/1355/1320
f 1362/1355/1320 1353/1346/1311 1363/1356/1321
f 1353/1346/1311 1364/1357/1322 1363/1356/1321
f 1363/1356/1321 1364/1357/1322 1365/1358/1323
f 1366/1359/1324 1364/1357/1322 1353/1346/1311
f 1366/1359/1324 1365/1358/1323 1364/1357/1322
f 1366/1359/1324 1353/1346/1311 1345/1338/1303
f 1367/1360/1325 1366/1359/1324 1345/1338/1303
f 1347/1340/1305 1367/1360/1325 1345/1338/1303
f 1368/1361/1326 1365/1358/1323 1366/1359/1324
f 1366/1359/1324 1367/1360/1325 1368/1361/1326
f 1347/1340/1305 1369/1362/1327 1367/1360/1325
f 1369/1362/1327 1368/1361/1326 1367/1360/1325
f 1369/1362/1327 1347/1340/1305 1355/1348/1313
f 1365/1358/1323 1368/1361/1326 1370/1363/1328
f 1365/1358/1323 1370/1363/1328 1371/1364/1329
f 1372/1365/1330 1371/1364/1329 1370/1363/1328
f 1373/1366/1331 1370/1363/1328 1368/1361/1326
f 1369/1362/1327 1373/1366/1331 1368/1361/1326
f 1373/1366/1331 1372/1365/1330 1370/1363/1328
f 1374/1367/1332 1369/1362/1327 1355/1348/1313
f 1373/1366/1331 1369/1362/1327 1374/1367/1332
f 1331/1324/1289 1374/1367/1332 1355/1348/1313
f 1372/1365/1330 1373/1366/1331 1375/1368/1333
f 1375/1368/1333 1373/1366/1331 1374/1367/1332
f 1376/1369/1334 1372/1365/1330 1375/1368/1333
f 1377/1370/1335 1376/1369/1334 1375/1368/1333
f 1374/1367/1332 1377/1370/1335 1375/1368/1333
f 1377/1370/1335 1374/1367/1332 1331/1324/1289
f 1378/1371/1336 1377/1370/1335 1331/1324/1289
f 1379/1372/1337 1377/1370/1335 1378/1371/1336
f 1380/1373/169 1381/1374/169 1382/1375/169
f 1383/978/169 1381/1374/169 1380/1373/169
f 1384/979/169 1383/978/169 1380/1373/169
f 1385/1376/1338 1383/978/169 1384/979/169
f 1386/1377/1339 1385/1376/1338 1384/979/169
f 1387/982/1340 1385/1376/1338 1386/1377/1339
f 1388/983/1341 1387/982/1340 1386/1377/1339
f 1389/1378/1342 1387/982/1340 1388/983/1341
f 1390/1379/1343 1389/1378/1342 1388/983/1341
f 1391/1380/169 1389/1378/1342 1390/1379/1343
f 1392/987/1344 1389/1378/1342 1391/1380/169
f 1393/1381/1345 1389/1378/1342 1392/987/1344
f 1394/1382/1346 1393/1381/1345 1392/987/1344
f 1395/990/1347 1393/1381/1345 1394/1382/1346
f 1396/991/1348 1395/990/1347 1394/1382/1346
f 1397/992/1349 1395/990/1347 1396/991/1348
f 1398/993/1350 1397/992/1349 1396/991/1348
f 1399/994/1351 1398/993/1350 1396/991/1348
f 1400/995/1352 1399/994/1351 1396/991/1348
f 1401/996/1353 1399/994/1351 1400/995/1352
f 1402/1383/1354 1401/996/1353 1400/995/1352
f 1402/1383/1354 1403/999/1355 1401/996/1353
f 1403/999/1355 1404/1384/1356 1401/996/1353
f 1405/1385/1357 1404/1384/1356 1403/999/1355
f 1406/1386/206 875/870/861 1407/898/1358
f 1407/898/1358 875/870/861 1408/1387/1359
f 1409/1388/1360 1407/898/1358 1408/1387/1359
f 1408/1387/1359 875/870/861 1410/1389/1361
f 875/870/861 1411/1390/1362 1410/1389/1361
f 1411/1390/1362 875/870/861 873/868/858
f 1412/1391/1363 1411/1390/1362 873/868/858
f 1413/888/1364 1412/1391/1363 873/868/858
f 1411/1390/1362 1412/1391/1363 1414/1392/1365
f 1410/1389/1361 1411/1390/1362 1414/1392/1365
f 1410/1389/1361 1414/1392/1365 1415/890/1366
f 1410/1389/1361 1415/890/1366 1416/891/1367
f 1415/890/1366 1417/892/1368 1416/891/1367
f 1416/891/1367 1418/1393/1369 1410/1389/1361
f 1410/1389/1361 1418/1393/1369 1408/1387/1359
f 1418/1393/1369 1419/1394/1370 1408/1387/1359
f 1408/1387/1359 1419/1394/1370 1420/1395/1371
f 1409/1388/1360 1408/1387/1359 1420/1395/1371
f 1409/1388/1360 1420/1395/1371 1421/1396/1372
f 1422/901/1373 1409/1388/1360 1421/1396/1372
f 1422/901/1373 1421/1396/1372 1423/1397/1374
f 1421/1396/1372 1424/1398/1375 1423/1397/1374
f 1421/1396/1372 1425/1399/206 1424/1398/1375
f 1421/1396/1372 1426/1400/206 1425/1399/206
f 1426/1400/206 1421/1396/1372 1420/1395/1371
f 1427/1401/1376 1426/1400/206 1420/1395/1371
f 1428/1402/1377 1429/1403/1378 1430/1404/1379
f 1429/1403/1378 1431/1405/1380 1430/1404/1379
f 1430/1404/1379 1431/1405/1380 1432/1406/1381
f 1433/1407/1382 1430/1404/1379 1432/1406/1381
f 1433/1407/1382 1432/1406/1381 1434/1408/1383
f 1435/1409/1384 1433/1407/1382 1434/1408/1383
f 1435/1409/1384 1434/1408/1383 1047/1040/1385
f 1048/1041/1385 1435/1409/1384 1047/1040/1385
f 1436/1410/1386 1437/1411/1387 1438/1412/1388
f 1436/1410/1386 1438/1412/1388 1439/1413/1389
f 1440/1414/1390 1436/1410/1386 1439/1413/1389
f 1439/1413/1389 1438/1412/1388 1441/1415/1391
f 1438/1412/1388 1442/1416/1392 1441/1415/1391
f 1443/1417/1393 1441/1415/1391 1442/1416/1392
f 1444/1418/1394 1443/1417/1393 1442/1416/1392
f 1443/1417/1393 1444/1418/1394 1445/1419/1395
f 1444/1418/1394 1446/1420/1135 1445/1419/1395
f 1447/1421/1396 1448/1422/1397 1429/1403/1398
f 1428/1402/1399 1447/1421/1396 1429/1403/1398
f 1449/1423/1400 1450/1424/1401 1451/1425/1402
f 1452/1426/1403 1449/1423/1400 1451/1425/1402
f 1453/1427/1404 1449/1423/1400 1452/1426/1403
f 1454/1428/1405 1453/1427/1404 1452/1426/1403
f 1455/1429/1406 1453/1427/1404 1454/1428/1405
f 1456/1430/1407 1455/1429/1406 1454/1428/1405
f 1457/1431/1408 1455/1429/1406 1456/1430/1407
f 1458/1432/1409 1457/1431/1408 1456/1430/1407
f 1459/1433/1410 1460/1434/1411 1461/1435/1412
f 1462/1436/1413 1459/1433/1410 1461/1435/1412
f 1462/1436/1413 1461/1435/1412 1463/1437/1414
f 1461/1435/1412 1464/1438/1415 1463/1437/1414
f 1464/1438/1415 1465/1439/1416 1463/1437/1414
f 1465/1439/1416 1466/1440/1417 1463/1437/1414
f 1465/1439/1416 1458/1432/1418 1466/1440/1417
f 1465/1439/1416 1457/1431/1419 1458/1432/1418
f 1467/1441/997 1468/1442/1420 1469/1443/997
f 1469/1443/997 1468/1442/1420 1470/1444/997
f 1471/1445/997 1468/1442/1420 1467/1441/997
f 1470/1444/997 1468/1442/1420 1472/1446/1421
f 1473/1447/997 1468/1442/1420 1471/1445/997
f 1472/1446/1421 1468/1442/1420 1474/1448/1422
f 1475/1449/997 1468/1442/1420 1473/1447/997
f 1474/1448/1422 1468/1442/1420 1476/1450/997
f 1477/1451/1423 1468/1442/1420 1475/1449/997
f 1476/1450/997 1468/1442/1420 1478/1452/1424
f 1479/1453/1425 1468/1442/1420 1477/1451/1423
f 1478/1452/1424 1468/1442/1420 1480/1454/1426
f 1481/1455/1427 1468/1442/1420 1479/1453/1425
f 1480/1454/1426 1468/1442/1420 1482/1456/1428
f 1483/1457/997 1468/1442/1420 1481/1455/1427
f 1482/1456/1428 1468/1442/1420 1484/1458/1429
f 1485/1459/997 1468/1442/1420 1483/1457/997
f 1484/1458/1429 1468/1442/1420 1486/1460/1430
f 1487/1461/997 1468/1442/1420 1485/1459/997
f 1486/1460/1430 1468/1442/1420 1488/1462/1431
f 1489/1463/997 1468/1442/1420 1487/1461/997
f 1488/1462/1431 1468/1442/1420 1490/1464/997
f 1491/1465/997 1468/1442/1420 1489/1463/997
f 1490/1464/997 1468/1442/1420 1491/1465/997
f 1492/1466/1432 1493/1467/1433 1494/1468/1434
f 1493/1467/1433 1495/1469/1435 1494/1468/1434
f 1492/1466/1432 1496/1470/415 1493/1467/1433
f 1493/1467/1433 1497/1471/1436 1495/1469/1435
f 1498/1472/1437 1493/1467/1433 1496/1470/415
f 1499/1473/1438 1497/1471/1436 1493/1467/1433
f 1500/1474/1439 1493/1467/1433 1498/1472/1437
f 1499/1473/1438 1493/1467/1433 1501/1475/1440
f 1500/1474/1439 1502/1476/1441 1493/1467/1433
f 1501/1475/1440 1493/1467/1433 1503/1477/1442
f 1493/1467/1433 1502/1476/1441 1504/1478/1443
f 1505/1479/1444 1503/1477/1442 1493/1467/1433
f 1493/1467/1433 1504/1478/1443 1506/1480/1445
f 1505/1479/1444 1493/1467/1433 1507/1481/1446
f 1508/1482/415 1493/1467/1433 1506/1480/1445
f 1493/1467/1433 1509/1483/1447 1507/1481/1446
f 1508/1482/415 1510/1484/1448 1493/1467/1433
f 1493/1467/1433 1511/1485/1449 1509/1483/1447
f 1512/1486/1450 1493/1467/1433 1510/1484/1448
f 1513/1487/1451 1511/1485/1449 1493/1467/1433
f 1514/1488/1452 1493/1467/1433 1512/1486/1450
f 1513/1487/1451 1493/1467/1433 1515/1489/415
f 1514/1488/1452 1516/1490/1453 1493/1467/1433
f 1515/1489/415 1493/1467/1433 1517/1491/415
f 1493/1467/1433 1516/1490/1453 1518/1492/1454
f 1519/1493/415 1517/1491/415 1493/1467/1433
f 1493/1467/1433 1518/1492/1454 1520/1494/1455
f 1519/1493/415 1493/1467/1433 1521/1495/1456
f 1522/1496/1457 1493/1467/1433 1520/1494/1455
f 1493/1467/1433 1523/1497/1458 1521/1495/1456
f 1522/1496/1457 1524/1498/1459 1493/1467/1433
f 1493/1467/1433 1525/1499/1460 1523/1497/1458
f 1526/1500/1461 1493/1467/1433 1524/1498/1459
f 1527/1501/1462 1525/1499/1460 1493/1467/1433
f 1528/1502/1463 1493/1467/1433 1526/1500/1461
f 1527/1501/1462 1493/1467/1433 1529/1503/1464
f 1528/1502/1463 1530/1504/1465 1493/1467/1433
f 1529/1503/1464 1493/1467/1433 1531/1505/415
f 1493/1467/1433 1530/1504/1465 1532/1506/1466
f 1533/1507/415 1531/1505/415 1493/1467/1433
f 1493/1467/1433 1532/1506/1466 1534/1508/1467
f 1533/1507/415 1493/1467/1433 1534/1508/1467
f 1535/1509/1468 1536/1510/415 1537/1511/1469
f 1538/1512/1470 1536/1510/415 1535/1509/1468
f 1539/1513/1471 1535/1509/1468 1537/1511/1469
f 1540/1514/1472 1538/1512/1470 1535/1509/1468
f 1539/1513/1471 1537/1511/1469 1541/1515/1473
f 1542/1516/1474 1538/1512/1470 1540/1514/1472
f 1537/1511/1469 1543/1517/1475 1541/1515/1473
f 1544/1518/415 1542/1516/1474 1540/1514/1472
f 1541/1515/1473 1543/1517/1475 1545/1519/1476
f 1546/1520/415 1542/1516/1474 1544/1518/415
f 1543/1517/1475 1547/1521/1477 1545/1519/1476
f 1548/1522/1478 1546/1520/415 1544/1518/415
f 1545/1519/1476 1547/1521/1477 1549/1523/1479
f 1550/1524/1480 1546/1520/415 1548/1522/1478
f 1547/1521/1477 1551/1525/1481 1549/1523/1479
f 1552/1526/1482 1550/1524/1480 1548/1522/1478
f 1549/1523/1479 1551/1525/1481 1553/1527/1483
f 1554/1528/1484 1550/1524/1480 1552/1526/1482
f 1551/1525/1481 1555/1529/1485 1553/1527/1483
f 1556/1530/1486 1554/1528/1484 1552/1526/1482
f 1553/1527/1483 1555/1529/1485 1557/1531/1487
f 1558/1532/1488 1554/1528/1484 1556/1530/1486
f 1557/1531/1487 1558/1532/1488 1556/1530/1486
f 1555/1529/1485 1558/1532/1488 1557/1531/1487
f 1559/1533/1489 1560/1534/1490 1561/1535/1491
f 1561/1535/1491 1560/1534/1490 1562/1536/1492
f 1563/1537/415 1560/1534/1490 1559/1533/1489
f 1562/1536/1492 1560/1534/1490 1564/1538/415
f 1565/1539/1493 1560/1534/1490 1563/1537/415
f 1564/1538/415 1560/1534/1490 1566/1540/415
f 1567/1541/1494 1560/1534/1490 1565/1539/1493
f 1566/1540/415 1560/1534/1490 1568/1542/415
f 1569/1543/1492 1560/1534/1490 1567/1541/1494
f 1568/1542/415 1560/1534/1490 1570/1544/415
f 1571/1545/415 1560/1534/1490 1569/1543/1492
f 1570/1544/415 1560/1534/1490 1571/1545/415
f 1098/1091/1495 1572/1546/1496 1096/1089/1497
f 1572/1546/1496 1098/1091/1495 1101/1094/1498
f 1572/1546/1496 1573/1547/1499 1096/1089/1497
f 1573/1547/1499 1572/1546/1496 1574/1548/1500
f 1096/1089/1497 1573/1547/1499 1094/1087/1501
f 1573/1547/1499 1575/1549/1502 1094/1087/1501
f 1575/1549/1502 1573/1547/1499 1576/1550/1503
f 1573/1547/1499 1574/1548/1500 1576/1550/1503
f 1577/1551/1504 1572/1546/1496 1101/1094/1498
f 1572/1546/1496 1577/1551/1504 1574/1548/1500
f 1577/1551/1504 1101/1094/1498 1103/1096/1505
f 1578/1552/1506 1577/1551/1504 1103/1096/1505
f 1577/1551/1504 1578/1552/1506 1579/1553/1507
f 1574/1548/1500 1577/1551/1504 1579/1553/1507
f 1579/1553/1507 1580/1554/1508 1574/1548/1500
f 1574/1548/1500 1580/1554/1508 1581/1555/1509
f 1580/1554/1508 1582/1556/1510 1581/1555/1509
f 1582/1556/1510 1583/1557/1511 1581/1555/1509
f 1584/1558/1512 1583/1557/1511 1582/1556/1510
f 1585/1559/415 1583/1557/1511 1584/1558/1512
f 1586/1560/1513 1583/1557/1511 1585/1559/415
f 1587/1561/1514 1583/1557/1511 1586/1560/1513
f 1588/1562/1515 1583/1557/1511 1587/1561/1514
f 1589/1563/1516 1583/1557/1511 1588/1562/1515
f 1590/1564/1517 1583/1557/1511 1589/1563/1516
f 1583/1557/1511 1590/1564/1517 1591/1565/1518
f 1583/1557/1511 1591/1565/1518 1592/1566/1519
f 1583/1557/1511 1592/1566/1519 1593/1567/1520
f 1583/1557/1511 1593/1567/1520 1594/1568/1521
f 1583/1557/1511 1594/1568/1521 1595/1569/1522
f 1583/1557/1511 1595/1569/1522 1596/1570/1523
f 1583/1557/1511 1597/1571/1524 1581/1555/1509
f 1583/1557/1511 1596/1570/1523 1597/1571/1524
f 1597/1571/1524 1598/1572/1525 1581/1555/1509
f 1598/1572/1525 1574/1548/1500 1581/1555/1509
f 1576/1550/1503 1574/1548/1500 1598/1572/1525
f 1597/1571/1524 1596/1570/1523 1599/1573/1526
f 1597/1571/1524 1599/1573/1526 1598/1572/1525
f 1598/1572/1525 1599/1573/1526 1576/1550/1503
f 1600/1574/1527 1599/1573/1526 1596/1570/1523
f 1601/1575/1528 1576/1550/1503 1599/1573/1526
f 1602/1576/1529 1599/1573/1526 1600/1574/1527
f 1601/1575/1528 1599/1573/1526 1602/1576/1529
f 1603/1577/1530 1604/1578/1531 1605/1579/1532
f 1603/1577/1530 1606/1580/1533 1604/1578/1531
f 1607/1581/1534 1603/1577/1530 1605/1579/1532
f 1605/1579/1532 1604/1578/1531 1608/1582/1535
f 1609/1583/1536 1603/1577/1530 1607/1581/1534
f 1609/1583/1536 1606/1580/1533 1603/1577/1530
f 1610/1584/1537 1609/1583/1536 1607/1581/1534
f 1604/1578/1531 1611/1585/1538 1608/1582/1535
f 1604/1578/1531 1606/1580/1533 1611/1585/1538
f 1608/1582/1535 1611/1585/1538 1612/1586/1539
f 1613/1587/1540 1609/1583/1536 1610/1584/1537
f 1613/1587/1540 1606/1580/1533 1609/1583/1536
f 1614/1588/1541 1613/1587/1540 1610/1584/1537
f 1611/1585/1538 1615/1589/1542 1612/1586/1539
f 1611/1585/1538 1606/1580/1533 1615/1589/1542
f 1612/1586/1539 1615/1589/1542 1616/1590/1543
f 1617/1591/1544 1613/1587/1540 1614/1588/1541
f 1617/1591/1544 1606/1580/1533 1613/1587/1540
f 1618/1592/1545 1617/1591/1544 1614/1588/1541
f 1616/1590/1543 1619/1593/1546 1618/1592/1545
f 1615/1589/1542 1619/1593/1546 1616/1590/1543
f 1615/1589/1542 1606/1580/1533 1619/1593/1546
f 1619/1593/1546 1606/1580/1533 1617/1591/1544
f 1619/1593/1546 1617/1591/1544 1618/1592/1545
f 1620/1594/1547 1621/1595/1548 1622/1596/1549
f 1620/1594/1547 1623/1597/1550 1621/1595/1548
f 1624/1598/1551 1620/1594/1547 1622/1596/1549
f 1622/1596/1549 1621/1595/1548 1625/1599/1552
f 1626/1600/1553 1620/1594/1547 1624/1598/1551
f 1626/1600/1553 1623/1597/1550 1620/1594/1547
f 1627/1601/1554 1626/1600/1553 1624/1598/1551
f 1621/1595/1548 1628/1602/1555 1625/1599/1552
f 1621/1595/1548 1623/1597/1550 1628/1602/1555
f 1625/1599/1552 1628/1602/1555 1629/1603/1556
f 1630/1604/1557 1626/1600/1553 1627/1601/1554
f 1630/1604/1557 1623/1597/1550 1626/1600/1553
f 1631/1605/1558 1630/1604/1557 1627/1601/1554
f 1628/1602/1555 1632/1606/1559 1629/1603/1556
f 1628/1602/1555 1623/1597/1550 1632/1606/1559
f 1629/1603/1556 1632/1606/1559 1633/1607/1560
f 1634/1608/1561 1630/1604/1557 1631/1605/1558
f 1634/1608/1561 1623/1597/1550 1630/1604/1557
f 1635/1609/1562 1634/1608/1561 1631/1605/1558
f 1633/1607/1560 1636/1610/1563 1635/1609/1562
f 1632/1606/1559 1636/1610/1563 1633/1607/1560
f 1632/1606/1559 1623/1597/1550 1636/1610/1563
f 1636/1610/1563 1623/1597/1550 1634/1608/1561
f 1636/1610/1563 1634/1608/1561 1635/1609/1562
# Vertices: 1636, normals: 1563, texture coordinates: 1610, faces: 1897

