mtllib s01c01_low_poly_sphere.mtl
o Object_4
usemtl Scene_-_Root
v 0 -0.5555701851844788 -0.8314696550369263
v 0 -0.38268327713012695 -0.9238795638084412
v 0.35355353355407715 -0.38268327713012695 -0.8535534143447876
v 0.318189799785614 -0.5555701851844788 -0.7681777477264404
v 0 0.7071067690849304 -0.7071067690849304
v 3.333103677505278e-7 0.8314695954322815 -0.555570125579834
v 0.21260766685009003 0.8314695954322815 -0.5132799744606018
v 0.2705981731414795 0.7071067690849304 -0.6532814502716064
v 0 -0.7071067690849304 -0.7071067690849304
v 0 -0.5555701851844788 -0.8314696550369263
v 0.318189799785614 -0.5555701851844788 -0.7681777477264404
v 0.2705981731414795 -0.7071067690849304 -0.6532814502716064
v 0 0.5555701851844788 -0.8314696550369263
v 0 0.7071067690849304 -0.7071067690849304
v 0.2705981731414795 0.7071067690849304 -0.6532814502716064
v 0.318189799785614 0.5555701851844788 -0.7681777477264404
v 0 -0.8314696550369263 -0.5555701851844788
v 0 -0.7071067690849304 -0.7071067690849304
v 0.2705981731414795 -0.7071067690849304 -0.6532814502716064
v 0.21260763704776764 -0.8314696550369263 -0.513279914855957
v 0 0.3826834261417389 -0.9238795042037964
v 0 0.5555701851844788 -0.8314696550369263
v 0.318189799785614 0.5555701851844788 -0.7681777477264404
v 0.35355353355407715 0.3826834261417389 -0.8535533547401428
v 0 -0.9238796234130859 -0.38268327713012695
v 0 -0.8314696550369263 -0.5555701851844788
v 0.21260763704776764 -0.8314696550369263 -0.513279914855957
v 0.14644667506217957 -0.9238796234130859 -0.3535532057285309
v 0 0.19509035348892212 -0.9807852506637573
v 0 0.3826834261417389 -0.9238795042037964
v 0.35355353355407715 0.3826834261417389 -0.8535533547401428
v 0.3753304183483124 0.19509035348892212 -0.906127393245697
v 0 -0.9807853102684021 -0.19509008526802063
v 0 -0.9238796234130859 -0.38268327713012695
v 0.14644667506217957 -0.9238796234130859 -0.3535532057285309
v 0.0746578723192215 -0.9807853102684021 -0.1802397072315216
v 0 7.549790126404332e-8 -1
v 0 0.19509035348892212 -0.9807852506637573
v 0.3753304183483124 0.19509035348892212 -0.906127393245697
v 0.38268357515335083 7.549790126404332e-8 -0.9238795042037964
v 0 0.9807852506637573 -0.19509032368659973
v -3.0103808512649266e-7 1 4.505353956574254e-7
v 0.07465796917676926 0.9807852506637573 -0.18023991584777832
v 0 -1 3.2584136988589307e-7
v 0 -0.9807853102684021 -0.19509008526802063
v 0.0746578723192215 -0.9807853102684021 -0.1802397072315216
v 0 -0.19509020447731018 -0.9807853102684021
v 0 7.549790126404332e-8 -1
v 0.38268357515335083 7.549790126404332e-8 -0.9238795042037964
v 0.3753304183483124 -0.19509020447731018 -0.9061274528503418
v 1.544964192135012e-7 0.9238795042037964 -0.38268327713012695
v 0 0.9807852506637573 -0.19509032368659973
v 0.07465796917676926 0.9807852506637573 -0.18023991584777832
v 0.14644674956798553 0.9238795042037964 -0.3535533845424652
v 0 -0.38268327713012695 -0.9238795638084412
v 0 -0.19509020447731018 -0.9807853102684021
v 0.3753304183483124 -0.19509020447731018 -0.9061274528503418
v 0.35355353355407715 -0.38268327713012695 -0.8535534143447876
v 3.333103677505278e-7 0.8314695954322815 -0.555570125579834
v 1.544964192135012e-7 0.9238795042037964 -0.38268327713012695
v 0.14644674956798553 0.9238795042037964 -0.3535533845424652
v 0.21260766685009003 0.8314695954322815 -0.5132799744606018
v 0.35355353355407715 -0.38268327713012695 -0.8535534143447876
v 0.3753304183483124 -0.19509020447731018 -0.9061274528503418
v 0.693520188331604 -0.19509020447731018 -0.6935198307037354
v 0.6532818078994751 -0.38268327713012695 -0.6532813906669617
v 0.21260766685009003 0.8314695954322815 -0.5132799744606018
v 0.14644674956798553 0.9238795042037964 -0.3535533845424652
v 0.27059829235076904 0.9238795042037964 -0.2705979347229004
v 0.3928477168083191 0.8314695954322815 -0.3928473889827728
v 0.318189799785614 -0.5555701851844788 -0.7681777477264404
v 0.35355353355407715 -0.38268327713012695 -0.8535534143447876
v 0.6532818078994751 -0.38268327713012695 -0.6532813906669617
v 0.5879380702972412 -0.5555701851844788 -0.5879377126693726
v 0.2705981731414795 0.7071067690849304 -0.6532814502716064
v 0.21260766685009003 0.8314695954322815 -0.5132799744606018
v 0.3928477168083191 0.8314695954322815 -0.3928473889827728
v 0.5000002384185791 0.7071067690849304 -0.49999988079071045
v 0.2705981731414795 -0.7071067690849304 -0.6532814502716064
v 0.318189799785614 -0.5555701851844788 -0.7681777477264404
v 0.5879380702972412 -0.5555701851844788 -0.5879377126693726
v 0.5000002384185791 -0.7071067690849304 -0.49999988079071045
v 0.318189799785614 0.5555701851844788 -0.7681777477264404
v 0.2705981731414795 0.7071067690849304 -0.6532814502716064
v 0.5000002384185791 0.7071067690849304 -0.49999988079071045
v 0.5879380702972412 0.5555701851844788 -0.5879377126693726
v 0.21260763704776764 -0.8314696550369263 -0.513279914855957
v 0.2705981731414795 -0.7071067690849304 -0.6532814502716064
v 0.5000002384185791 -0.7071067690849304 -0.49999988079071045
v 0.3928476870059967 -0.8314696550369263 -0.39284732937812805
v 0.35355353355407715 0.3826834261417389 -0.8535533547401428
v 0.318189799785614 0.5555701851844788 -0.7681777477264404
v 0.5879380702972412 0.5555701851844788 -0.5879377126693726
v 0.6532817482948303 0.3826834261417389 -0.6532813906669617
v 0.14644667506217957 -0.9238796234130859 -0.3535532057285309
v 0.21260763704776764 -0.8314696550369263 -0.513279914855957
v 0.3928476870059967 -0.8314696550369263 -0.39284732937812805
v 0.2705981731414795 -0.9238796234130859 -0.27059778571128845
v 0.3753304183483124 0.19509035348892212 -0.906127393245697
v 0.35355353355407715 0.3826834261417389 -0.8535533547401428
v 0.6532817482948303 0.3826834261417389 -0.6532813906669617
v 0.693520188331604 0.19509035348892212 -0.6935198307037354
v 0.0746578723192215 -0.9807853102684021 -0.1802397072315216
v 0.14644667506217957 -0.9238796234130859 -0.3535532057285309
v 0.2705981731414795 -0.9238796234130859 -0.27059778571128845
v 0.13794974982738495 -0.9807853102684021 -0.1379494071006775
v 0.38268357515335083 7.549790126404332e-8 -0.9238795042037964
v 0.3753304183483124 0.19509035348892212 -0.906127393245697
v 0.693520188331604 0.19509035348892212 -0.6935198307037354
v 0.7071070671081543 7.549790126404332e-8 -0.7071067094802856
v 0.07465796917676926 0.9807852506637573 -0.18023991584777832
v -3.0103808512649266e-7 1 4.505353956574254e-7
v 0.13794991374015808 0.9807852506637573 -0.13794957101345062
v 0 -1 3.2584136988589307e-7
v 0.0746578723192215 -0.9807853102684021 -0.1802397072315216
v 0.13794974982738495 -0.9807853102684021 -0.1379494071006775
v 0.3753304183483124 -0.19509020447731018 -0.9061274528503418
v 0.38268357515335083 7.549790126404332e-8 -0.9238795042037964
v 0.7071070671081543 7.549790126404332e-8 -0.7071067094802856
v 0.693520188331604 -0.19509020447731018 -0.6935198307037354
v 0.14644674956798553 0.9238795042037964 -0.3535533845424652
v 0.07465796917676926 0.9807852506637573 -0.18023991584777832
v 0.13794991374015808 0.9807852506637573 -0.13794957101345062
v 0.27059829235076904 0.9238795042037964 -0.2705979347229004
v 0.2705981731414795 -0.9238796234130859 -0.27059778571128845
v 0.3928476870059967 -0.8314696550369263 -0.39284732937812805
v 0.5132802128791809 -0.8314696550369263 -0.2126072496175766
v 0.35355353355407715 -0.9238796234130859 -0.14644627273082733
v 0.693520188331604 0.19509035348892212 -0.6935198307037354
v 0.6532817482948303 0.3826834261417389 -0.6532813906669617
v 0.8535537123680115 0.3826834261417389 -0.3535531461238861
v 0.9061277508735657 0.19509035348892212 -0.37533003091812134
v 0.13794974982738495 -0.9807853102684021 -0.1379494071006775
v 0.2705981731414795 -0.9238796234130859 -0.27059778571128845
v 0.35355353355407715 -0.9238796234130859 -0.14644627273082733
v 0.18024002015590668 -0.9807853102684021 -0.07465752214193344
v 0.7071070671081543 7.549790126404332e-8 -0.7071067094802856
v 0.693520188331604 0.19509035348892212 -0.6935198307037354
v 0.9061277508735657 0.19509035348892212 -0.37533003091812134
v 0.9238799214363098 7.549790126404332e-8 -0.3826831877231598
v 0.13794991374015808 0.9807852506637573 -0.13794957101345062
v -3.0103808512649266e-7 1 4.505353956574254e-7
v 0.1802402287721634 0.9807852506637573 -0.0746576115489006
v 0 -1 3.2584136988589307e-7
v 0.13794974982738495 -0.9807853102684021 -0.1379494071006775
v 0.18024002015590668 -0.9807853102684021 -0.07465752214193344
v 0.693520188331604 -0.19509020447731018 -0.6935198307037354
v 0.7071070671081543 7.549790126404332e-8 -0.7071067094802856
v 0.9238799214363098 7.549790126404332e-8 -0.3826831877231598
v 0.9061277508735657 -0.19509020447731018 -0.37533003091812134
v 0.27059829235076904 0.9238795042037964 -0.2705979347229004
v 0.13794991374015808 0.9807852506637573 -0.13794957101345062
v 0.1802402287721634 0.9807852506637573 -0.0746576115489006
v 0.3535536825656891 0.9238795042037964 -0.1464463621377945
v 0.6532818078994751 -0.38268327713012695 -0.6532813906669617
v 0.693520188331604 -0.19509020447731018 -0.6935198307037354
v 0.9061277508735657 -0.19509020447731018 -0.37533003091812134
v 0.8535537719726562 -0.38268327713012695 -0.3535531163215637
v 0.3928477168083191 0.8314695954322815 -0.3928473889827728
v 0.27059829235076904 0.9238795042037964 -0.2705979347229004
v 0.3535536825656891 0.9238795042037964 -0.1464463621377945
v 0.5132802724838257 0.8314695954322815 -0.21260729432106018
v 0.5879380702972412 -0.5555701851844788 -0.5879377126693726
v 0.6532818078994751 -0.38268327713012695 -0.6532813906669617
v 0.8535537719726562 -0.38268327713012695 -0.3535531163215637
v 0.7681781053543091 -0.5555701851844788 -0.318189412355423
v 0.5000002384185791 0.7071067690849304 -0.49999988079071045
v 0.3928477168083191 0.8314695954322815 -0.3928473889827728
v 0.5132802724838257 0.8314695954322815 -0.21260729432106018
v 0.6532817482948303 0.7071067690849304 -0.27059778571128845
v 0.5000002384185791 -0.7071067690849304 -0.49999988079071045
v 0.5879380702972412 -0.5555701851844788 -0.5879377126693726
v 0.7681781053543091 -0.5555701851844788 -0.318189412355423
v 0.6532817482948303 -0.7071067690849304 -0.27059778571128845
v 0.5879380702972412 0.5555701851844788 -0.5879377126693726
v 0.5000002384185791 0.7071067690849304 -0.49999988079071045
v 0.6532817482948303 0.7071067690849304 -0.27059778571128845
v 0.7681781053543091 0.5555701851844788 -0.318189412355423
v 0.3928476870059967 -0.8314696550369263 -0.39284732937812805
v 0.5000002384185791 -0.7071067690849304 -0.49999988079071045
v 0.6532817482948303 -0.7071067690849304 -0.27059778571128845
v 0.5132802128791809 -0.8314696550369263 -0.2126072496175766
v 0.6532817482948303 0.3826834261417389 -0.6532813906669617
v 0.5879380702972412 0.5555701851844788 -0.5879377126693726
v 0.7681781053543091 0.5555701851844788 -0.318189412355423
v 0.8535537123680115 0.3826834261417389 -0.3535531461238861
v 0.5132802724838257 0.8314695954322815 -0.21260729432106018
v 0.3535536825656891 0.9238795042037964 -0.1464463621377945
v 0.38268372416496277 0.9238795042037964 3.8243106814661587e-7
v 0.5555705428123474 0.8314695954322815 3.8243106814661587e-7
v 0.7681781053543091 -0.5555701851844788 -0.318189412355423
v 0.8535537719726562 -0.38268327713012695 -0.3535531163215637
v 0.923879861831665 -0.38268327713012695 4.420357129220065e-7
v 0.8314698934555054 -0.5555701851844788 4.122333905343112e-7
v 0.6532817482948303 0.7071067690849304 -0.27059778571128845
v 0.5132802724838257 0.8314695954322815 -0.21260729432106018
v 0.5555705428123474 0.8314695954322815 3.8243106814661587e-7
v 0.7071070075035095 0.7071067690849304 3.9733222934046353e-7
v 0.6532817482948303 -0.7071067690849304 -0.27059778571128845
v 0.7681781053543091 -0.5555701851844788 -0.318189412355423
v 0.8314698934555054 -0.5555701851844788 4.122333905343112e-7
v 0.7071070075035095 -0.7071067690849304 3.9733222934046353e-7
v 0.7681781053543091 0.5555701851844788 -0.318189412355423
v 0.6532817482948303 0.7071067690849304 -0.27059778571128845
v 0.7071070075035095 0.7071067690849304 3.9733222934046353e-7
v 0.8314698934555054 0.5555701851844788 4.122333905343112e-7
v 0.5132802128791809 -0.8314696550369263 -0.2126072496175766
v 0.6532817482948303 -0.7071067690849304 -0.27059778571128845
v 0.7071070075035095 -0.7071067690849304 3.9733222934046353e-7
v 0.5555704832077026 -0.8314696550369263 3.8243106814661587e-7
v 0.8535537123680115 0.3826834261417389 -0.3535531461238861
v 0.7681781053543091 0.5555701851844788 -0.318189412355423
v 0.8314698934555054 0.5555701851844788 4.122333905343112e-7
v 0.923879861831665 0.3826834261417389 3.8243106814661587e-7
v 0.35355353355407715 -0.9238796234130859 -0.14644627273082733
v 0.5132802128791809 -0.8314696550369263 -0.2126072496175766
v 0.5555704832077026 -0.8314696550369263 3.8243106814661587e-7
v 0.38268357515335083 -0.9238796234130859 3.9733222934046353e-7
v 0.9061277508735657 0.19509035348892212 -0.37533003091812134
v 0.8535537123680115 0.3826834261417389 -0.3535531461238861
v 0.923879861831665 0.3826834261417389 3.8243106814661587e-7
v 0.9807855486869812 0.19509035348892212 3.8243106814661587e-7
v 0.18024002015590668 -0.9807853102684021 -0.07465752214193344
v 0.35355353355407715 -0.9238796234130859 -0.14644627273082733
v 0.38268357515335083 -0.9238796234130859 3.9733222934046353e-7
v 0.1950903832912445 -0.9807853102684021 3.4517816516199673e-7
v 0.9238799214363098 7.549790126404332e-8 -0.3826831877231598
v 0.9061277508735657 0.19509035348892212 -0.37533003091812134
v 0.9807855486869812 0.19509035348892212 3.8243106814661587e-7
v 1.0000003576278687 7.549790126404332e-8 4.420357129220065e-7
v 0.1802402287721634 0.9807852506637573 -0.0746576115489006
v -3.0103808512649266e-7 1 4.505353956574254e-7
v 0.19509060680866241 0.9807852506637573 3.4517816516199673e-7
v 0 -1 3.2584136988589307e-7
v 0.18024002015590668 -0.9807853102684021 -0.07465752214193344
v 0.1950903832912445 -0.9807853102684021 3.4517816516199673e-7
v 0.9061277508735657 -0.19509020447731018 -0.37533003091812134
v 0.9238799214363098 7.549790126404332e-8 -0.3826831877231598
v 1.0000003576278687 7.549790126404332e-8 4.420357129220065e-7
v 0.9807855486869812 -0.19509020447731018 3.8243106814661587e-7
v 0.3535536825656891 0.9238795042037964 -0.1464463621377945
v 0.1802402287721634 0.9807852506637573 -0.0746576115489006
v 0.19509060680866241 0.9807852506637573 3.4517816516199673e-7
v 0.38268372416496277 0.9238795042037964 3.8243106814661587e-7
v 0.8535537719726562 -0.38268327713012695 -0.3535531163215637
v 0.9061277508735657 -0.19509020447731018 -0.37533003091812134
v 0.9807855486869812 -0.19509020447731018 3.8243106814661587e-7
v 0.923879861831665 -0.38268327713012695 4.420357129220065e-7
v 0.9807855486869812 0.19509035348892212 3.8243106814661587e-7
v 0.923879861831665 0.3826834261417389 3.8243106814661587e-7
v 0.8535536527633667 0.3826834261417389 0.3535539209842682
v 0.9061276912689209 0.19509035348892212 0.37533077597618103
v 0.1950903832912445 -0.9807853102684021 3.4517816516199673e-7
v 0.38268357515335083 -0.9238796234130859 3.9733222934046353e-7
v 0.3535534739494324 -0.9238796234130859 0.1464470773935318
v 0.1802399903535843 -0.9807853102684021 0.07465820759534836
v 1.0000003576278687 7.549790126404332e-8 4.420357129220065e-7
v 0.9807855486869812 0.19509035348892212 3.8243106814661587e-7
v 0.9061276912689209 0.19509035348892212 0.37533077597618103
v 0.9238798022270203 7.549790126404332e-8 0.38268405199050903
v 0.19509060680866241 0.9807852506637573 3.4517816516199673e-7
v -3.0103808512649266e-7 1 4.505353956574254e-7
v 0.180240198969841 0.9807852506637573 0.07465828955173492
v 0 -1 3.2584136988589307e-7
v 0.1950903832912445 -0.9807853102684021 3.4517816516199673e-7
v 0.1802399903535843 -0.9807853102684021 0.07465820759534836
v 0.9807855486869812 -0.19509020447731018 3.8243106814661587e-7
v 1.0000003576278687 7.549790126404332e-8 4.420357129220065e-7
v 0.9238798022270203 7.549790126404332e-8 0.38268405199050903
v 0.9061276912689209 -0.19509020447731018 0.37533077597618103
v 0.38268372416496277 0.9238795042037964 3.8243106814661587e-7
v 0.19509060680866241 0.9807852506637573 3.4517816516199673e-7
v 0.180240198969841 0.9807852506637573 0.07465828955173492
v 0.3535536229610443 0.9238795042037964 0.14644712209701538
v 0.923879861831665 -0.38268327713012695 4.420357129220065e-7
v 0.9807855486869812 -0.19509020447731018 3.8243106814661587e-7
v 0.9061276912689209 -0.19509020447731018 0.37533077597618103
v 0.8535535931587219 -0.38268327713012695 0.35355398058891296
v 0.5555705428123474 0.8314695954322815 3.8243106814661587e-7
v 0.38268372416496277 0.9238795042037964 3.8243106814661587e-7
v 0.3535536229610443 0.9238795042037964 0.14644712209701538
v 0.5132802128791809 0.8314695954322815 0.21260803937911987
v 0.8314698934555054 -0.5555701851844788 4.122333905343112e-7
v 0.923879861831665 -0.38268327713012695 4.420357129220065e-7
v 0.8535535931587219 -0.38268327713012695 0.35355398058891296
v 0.7681779265403748 -0.5555701851844788 0.31819018721580505
v 0.7071070075035095 0.7071067690849304 3.9733222934046353e-7
v 0.5555705428123474 0.8314695954322815 3.8243106814661587e-7
v 0.5132802128791809 0.8314695954322815 0.21260803937911987
v 0.6532816290855408 0.7071067690849304 0.27059853076934814
v 0.7071070075035095 -0.7071067690849304 3.9733222934046353e-7
v 0.8314698934555054 -0.5555701851844788 4.122333905343112e-7
v 0.7681779265403748 -0.5555701851844788 0.31819018721580505
v 0.6532816290855408 -0.7071067690849304 0.27059853076934814
v 0.8314698934555054 0.5555701851844788 4.122333905343112e-7
v 0.7071070075035095 0.7071067690849304 3.9733222934046353e-7
v 0.6532816290855408 0.7071067690849304 0.27059853076934814
v 0.7681779265403748 0.5555701851844788 0.31819018721580505
v 0.5555704832077026 -0.8314696550369263 3.8243106814661587e-7
v 0.7071070075035095 -0.7071067690849304 3.9733222934046353e-7
v 0.6532816290855408 -0.7071067690849304 0.27059853076934814
v 0.5132801532745361 -0.8314696550369263 0.21260802447795868
v 0.923879861831665 0.3826834261417389 3.8243106814661587e-7
v 0.8314698934555054 0.5555701851844788 4.122333905343112e-7
v 0.7681779265403748 0.5555701851844788 0.31819018721580505
v 0.8535536527633667 0.3826834261417389 0.3535539209842682
v 0.38268357515335083 -0.9238796234130859 3.9733222934046353e-7
v 0.5555704832077026 -0.8314696550369263 3.8243106814661587e-7
v 0.5132801532745361 -0.8314696550369263 0.21260802447795868
v 0.3535534739494324 -0.9238796234130859 0.1464470773935318
v 0.7681779265403748 -0.5555701851844788 0.31819018721580505
v 0.8535535931587219 -0.38268327713012695 0.35355398058891296
v 0.6532815098762512 -0.38268327713012695 0.653282105922699
v 0.5879378318786621 -0.5555701851844788 0.5879383683204651
v 0.6532816290855408 0.7071067690849304 0.27059853076934814
v 0.5132802128791809 0.8314695954322815 0.21260803937911987
v 0.39284759759902954 0.8314695954322815 0.39284810423851013
v 0.5000000596046448 0.7071067690849304 0.5000004768371582
v 0.6532816290855408 -0.7071067690849304 0.27059853076934814
v 0.7681779265403748 -0.5555701851844788 0.31819018721580505
v 0.5879378318786621 -0.5555701851844788 0.5879383683204651
v 0.5000000596046448 -0.7071067690849304 0.5000004768371582
v 0.7681779265403748 0.5555701851844788 0.31819018721580505
v 0.6532816290855408 0.7071067690849304 0.27059853076934814
v 0.5000000596046448 0.7071067690849304 0.5000004768371582
v 0.5879378318786621 0.5555701851844788 0.5879383683204651
v 0.5132801532745361 -0.8314696550369263 0.21260802447795868
v 0.6532816290855408 -0.7071067690849304 0.27059853076934814
v 0.5000000596046448 -0.7071067690849304 0.5000004768371582
v 0.39284753799438477 -0.8314696550369263 0.39284804463386536
v 0.8535536527633667 0.3826834261417389 0.3535539209842682
v 0.7681779265403748 0.5555701851844788 0.31819018721580505
v 0.5879378318786621 0.5555701851844788 0.5879383683204651
v 0.653281569480896 0.3826834261417389 0.653282105922699
v 0.3535534739494324 -0.9238796234130859 0.1464470773935318
v 0.5132801532745361 -0.8314696550369263 0.21260802447795868
v 0.39284753799438477 -0.8314696550369263 0.39284804463386536
v 0.27059805393218994 -0.9238796234130859 0.27059856057167053
v 0.9061276912689209 0.19509035348892212 0.37533077597618103
v 0.8535536527633667 0.3826834261417389 0.3535539209842682
v 0.653281569480896 0.3826834261417389 0.653282105922699
v 0.6935200095176697 0.19509035348892212 0.6935204863548279
v 0.1802399903535843 -0.9807853102684021 0.07465820759534836
v 0.3535534739494324 -0.9238796234130859 0.1464470773935318
v 0.27059805393218994 -0.9238796234130859 0.27059856057167053
v 0.13794969022274017 -0.9807853102684021 0.1379500776529312
v 0.9238798022270203 7.549790126404332e-8 0.38268405199050903
v 0.9061276912689209 0.19509035348892212 0.37533077597618103
v 0.6935200095176697 0.19509035348892212 0.6935204863548279
v 0.7071068286895752 7.549790126404332e-8 0.707107424736023
v 0.180240198969841 0.9807852506637573 0.07465828955173492
v -3.0103808512649266e-7 1 4.505353956574254e-7
v 0.1379498541355133 0.9807852506637573 0.13795024156570435
v 0 -1 3.2584136988589307e-7
v 0.1802399903535843 -0.9807853102684021 0.07465820759534836
v 0.13794969022274017 -0.9807853102684021 0.1379500776529312
v 0.9061276912689209 -0.19509020447731018 0.37533077597618103
v 0.9238798022270203 7.549790126404332e-8 0.38268405199050903
v 0.7071068286895752 7.549790126404332e-8 0.707107424736023
v 0.6935200095176697 -0.19509020447731018 0.6935204863548279
v 0.3535536229610443 0.9238795042037964 0.14644712209701538
v 0.180240198969841 0.9807852506637573 0.07465828955173492
v 0.1379498541355133 0.9807852506637573 0.13795024156570435
v 0.2705981731414795 0.9238795042037964 0.2705986201763153
v 0.8535535931587219 -0.38268327713012695 0.35355398058891296
v 0.9061276912689209 -0.19509020447731018 0.37533077597618103
v 0.6935200095176697 -0.19509020447731018 0.6935204863548279
v 0.6532815098762512 -0.38268327713012695 0.653282105922699
v 0.5132802128791809 0.8314695954322815 0.21260803937911987
v 0.3535536229610443 0.9238795042037964 0.14644712209701538
v 0.2705981731414795 0.9238795042037964 0.2705986201763153
v 0.39284759759902954 0.8314695954322815 0.39284810423851013
v 0.13794969022274017 -0.9807853102684021 0.1379500776529312
v 0.27059805393218994 -0.9238796234130859 0.27059856057167053
v 0.14644652605056763 -0.9238796234130859 0.3535539209842682
v 0.07465780526399612 -0.9807853102684021 0.18024033308029175
v 0.7071068286895752 7.549790126404332e-8 0.707107424736023
v 0.6935200095176697 0.19509035348892212 0.6935204863548279
v 0.37533023953437805 0.19509035348892212 0.9061279892921448
v 0.38268330693244934 7.549790126404332e-8 0.9238801002502441
v 0.1379498541355133 0.9807852506637573 0.13795024156570435
v -3.0103808512649266e-7 1 4.505353956574254e-7
v 0.07465788722038269 0.9807852506637573 0.18024057149887085
v 0 -1 3.2584136988589307e-7
v 0.13794969022274017 -0.9807853102684021 0.1379500776529312
v 0.07465780526399612 -0.9807853102684021 0.18024033308029175
v 0.6935200095176697 -0.19509020447731018 0.6935204863548279
v 0.7071068286895752 7.549790126404332e-8 0.707107424736023
v 0.38268330693244934 7.549790126404332e-8 0.9238801002502441
v 0.37533023953437805 -0.19509020447731018 0.9061279892921448
v 0.2705981731414795 0.9238795042037964 0.2705986201763153
v 0.1379498541355133 0.9807852506637573 0.13795024156570435
v 0.07465788722038269 0.9807852506637573 0.18024057149887085
v 0.1464466154575348 0.9238795042037964 0.35355398058891296
v 0.6532815098762512 -0.38268327713012695 0.653282105922699
v 0.6935200095176697 -0.19509020447731018 0.6935204863548279
v 0.37533023953437805 -0.19509020447731018 0.9061279892921448
v 0.35355326533317566 -0.38268327713012695 0.8535540103912354
v 0.39284759759902954 0.8314695954322815 0.39284810423851013
v 0.2705981731414795 0.9238795042037964 0.2705986201763153
v 0.1464466154575348 0.9238795042037964 0.35355398058891296
v 0.2126075029373169 0.8314695954322815 0.5132805705070496
v 0.5879378318786621 -0.5555701851844788 0.5879383683204651
v 0.6532815098762512 -0.38268327713012695 0.653282105922699
v 0.35355326533317566 -0.38268327713012695 0.8535540103912354
v 0.31818950176239014 -0.5555701851844788 0.7681782841682434
v 0.5000000596046448 0.7071067690849304 0.5000004768371582
v 0.39284759759902954 0.8314695954322815 0.39284810423851013
v 0.2126075029373169 0.8314695954322815 0.5132805705070496
v 0.27059802412986755 0.7071067690849304 0.6532819271087646
v 0.5000000596046448 -0.7071067690849304 0.5000004768371582
v 0.5879378318786621 -0.5555701851844788 0.5879383683204651
v 0.31818950176239014 -0.5555701851844788 0.7681782841682434
v 0.27059802412986755 -0.7071067690849304 0.6532819271087646
v 0.5879378318786621 0.5555701851844788 0.5879383683204651
v 0.5000000596046448 0.7071067690849304 0.5000004768371582
v 0.27059802412986755 0.7071067690849304 0.6532819271087646
v 0.31818950176239014 0.5555701851844788 0.7681782841682434
v 0.39284753799438477 -0.8314696550369263 0.39284804463386536
v 0.5000000596046448 -0.7071067690849304 0.5000004768371582
v 0.27059802412986755 -0.7071067690849304 0.6532819271087646
v 0.2126074731349945 -0.8314696550369263 0.5132805109024048
v 0.653281569480896 0.3826834261417389 0.653282105922699
v 0.5879378318786621 0.5555701851844788 0.5879383683204651
v 0.31818950176239014 0.5555701851844788 0.7681782841682434
v 0.35355332493782043 0.3826834261417389 0.8535540103912354
v 0.27059805393218994 -0.9238796234130859 0.27059856057167053
v 0.39284753799438477 -0.8314696550369263 0.39284804463386536
v 0.2126074731349945 -0.8314696550369263 0.5132805109024048
v 0.14644652605056763 -0.9238796234130859 0.3535539209842682
v 0.6935200095176697 0.19509035348892212 0.6935204863548279
v 0.653281569480896 0.3826834261417389 0.653282105922699
v 0.35355332493782043 0.3826834261417389 0.8535540103912354
v 0.37533023953437805 0.19509035348892212 0.9061279892921448
v 0.27059802412986755 0.7071067690849304 0.6532819271087646
v 0.2126075029373169 0.8314695954322815 0.5132805705070496
v -1.435268046634519e-7 0.8314695954322815 0.5555707812309265
v -8.392215988806129e-8 0.7071067690849304 0.7071071863174438
v 0.27059802412986755 -0.7071067690849304 0.6532819271087646
v 0.31818950176239014 -0.5555701851844788 0.7681782841682434
v -2.3293377182653785e-7 -0.5555701851844788 0.8314700126647949
v -8.392215988806129e-8 -0.7071067690849304 0.7071071863174438
v 0.31818950176239014 0.5555701851844788 0.7681782841682434
v 0.27059802412986755 0.7071067690849304 0.6532819271087646
v -8.392215988806129e-8 0.7071067690849304 0.7071071863174438
v -2.3293377182653785e-7 0.5555701851844788 0.8314700126647949
v 0.2126074731349945 -0.8314696550369263 0.5132805109024048
v 0.27059802412986755 -0.7071067690849304 0.6532819271087646
v -8.392215988806129e-8 -0.7071067690849304 0.7071071863174438
v -1.5842796585729957e-7 -0.8314696550369263 0.5555707216262817
v 0.35355332493782043 0.3826834261417389 0.8535540103912354
v 0.31818950176239014 0.5555701851844788 0.7681782841682434
v -2.3293377182653785e-7 0.5555701851844788 0.8314700126647949
v -2.0313144943884254e-7 0.3826834261417389 0.9238801002502441
v 0.14644652605056763 -0.9238796234130859 0.3535539209842682
v 0.2126074731349945 -0.8314696550369263 0.5132805109024048
v -1.5842796585729957e-7 -0.8314696550369263 0.5555707216262817
v -1.7332912705114722e-7 -0.9238796234130859 0.3826839327812195
v 0.37533023953437805 0.19509035348892212 0.9061279892921448
v 0.35355332493782043 0.3826834261417389 0.8535540103912354
v -2.0313144943884254e-7 0.3826834261417389 0.9238801002502441
v -1.435268046634519e-7 0.19509035348892212 0.9807857275009155
v 0.07465780526399612 -0.9807853102684021 0.18024033308029175
v 0.14644652605056763 -0.9238796234130859 0.3535539209842682
v -1.7332912705114722e-7 -0.9238796234130859 0.3826839327812195
v -5.4119837500365975e-8 -0.9807853102684021 0.19509068131446838
v 0.38268330693244934 7.549790126404332e-8 0.9238801002502441
v 0.37533023953437805 0.19509035348892212 0.9061279892921448
v -1.435268046634519e-7 0.19509035348892212 0.9807857275009155
v -2.3293377182653785e-7 7.549790126404332e-8 1.0000004768371582
v 0.07465788722038269 0.9807852506637573 0.18024057149887085
v -3.0103808512649266e-7 1 4.505353956574254e-7
v -6.902099869421363e-8 0.9807852506637573 0.19509093463420868
v 0 -1 3.2584136988589307e-7
v 0.07465780526399612 -0.9807853102684021 0.18024033308029175
v -5.4119837500365975e-8 -0.9807853102684021 0.19509068131446838
v 0.37533023953437805 -0.19509020447731018 0.9061279892921448
v 0.38268330693244934 7.549790126404332e-8 0.9238801002502441
v -2.3293377182653785e-7 7.549790126404332e-8 1.0000004768371582
v -1.435268046634519e-7 -0.19509020447731018 0.9807857275009155
v 0.1464466154575348 0.9238795042037964 0.35355398058891296
v 0.07465788722038269 0.9807852506637573 0.18024057149887085
v -6.902099869421363e-8 0.9807852506637573 0.19509093463420868
v -1.137244822757566e-7 0.9238795042037964 0.38268399238586426
v 0.35355326533317566 -0.38268327713012695 0.8535540103912354
v 0.37533023953437805 -0.19509020447731018 0.9061279892921448
v -1.435268046634519e-7 -0.19509020447731018 0.9807857275009155
v -2.6273608000337845e-7 -0.38268327713012695 0.9238800406455994
v 0.2126075029373169 0.8314695954322815 0.5132805705070496
v 0.1464466154575348 0.9238795042037964 0.35355398058891296
v -1.137244822757566e-7 0.9238795042037964 0.38268399238586426
v -1.435268046634519e-7 0.8314695954322815 0.5555707812309265
v 0.31818950176239014 -0.5555701851844788 0.7681782841682434
v 0.35355326533317566 -0.38268327713012695 0.8535540103912354
v -2.6273608000337845e-7 -0.38268327713012695 0.9238800406455994
v -2.3293377182653785e-7 -0.5555701851844788 0.8314700126647949
v -2.3293377182653785e-7 7.549790126404332e-8 1.0000004768371582
v -1.435268046634519e-7 0.19509035348892212 0.9807857275009155
v -0.37533047795295715 0.19509035348892212 0.9061277508735657
v -0.38268372416496277 7.549790126404332e-8 0.923879861831665
v -6.902099869421363e-8 0.9807852506637573 0.19509093463420868
v -3.0103808512649266e-7 1 4.505353956574254e-7
v -0.07465801388025284 0.9807852506637573 0.18024051189422607
v 0 -1 3.2584136988589307e-7
v -5.4119837500365975e-8 -0.9807853102684021 0.19509068131446838
v -0.07465790212154388 -0.9807853102684021 0.18024030327796936
v -1.435268046634519e-7 -0.19509020447731018 0.9807857275009155
v -2.3293377182653785e-7 7.549790126404332e-8 1.0000004768371582
v -0.38268372416496277 7.549790126404332e-8 0.923879861831665
v -0.37533047795295715 -0.19509020447731018 0.9061277508735657
v -1.137244822757566e-7 0.9238795042037964 0.38268399238586426
v -6.902099869421363e-8 0.9807852506637573 0.19509093463420868
v -0.07465801388025284 0.9807852506637573 0.18024051189422607
v -0.1464468240737915 0.9238795042037964 0.3535538911819458
v -2.6273608000337845e-7 -0.38268327713012695 0.9238800406455994
v -1.435268046634519e-7 -0.19509020447731018 0.9807857275009155
v -0.37533047795295715 -0.19509020447731018 0.9061277508735657
v -0.3535537123680115 -0.38268327713012695 0.8535537123680115
v -1.435268046634519e-7 0.8314695954322815 0.5555707812309265
v -1.137244822757566e-7 0.9238795042037964 0.38268399238586426
v -0.1464468240737915 0.9238795042037964 0.3535538911819458
v -0.2126077562570572 0.8314695954322815 0.5132803916931152
v -2.3293377182653785e-7 -0.5555701851844788 0.8314700126647949
v -2.6273608000337845e-7 -0.38268327713012695 0.9238800406455994
v -0.3535537123680115 -0.38268327713012695 0.8535537123680115
v -0.31818991899490356 -0.5555701851844788 0.7681780457496643
v -8.392215988806129e-8 0.7071067690849304 0.7071071863174438
v -1.435268046634519e-7 0.8314695954322815 0.5555707812309265
v -0.2126077562570572 0.8314695954322815 0.5132803916931152
v -0.2705982029438019 0.7071067690849304 0.6532817482948303
v -8.392215988806129e-8 -0.7071067690849304 0.7071071863174438
v -2.3293377182653785e-7 -0.5555701851844788 0.8314700126647949
v -0.31818991899490356 -0.5555701851844788 0.7681780457496643
v -0.2705982029438019 -0.7071067690849304 0.6532817482948303
v -2.3293377182653785e-7 0.5555701851844788 0.8314700126647949
v -8.392215988806129e-8 0.7071067690849304 0.7071071863174438
v -0.2705982029438019 0.7071067690849304 0.6532817482948303
v -0.31818991899490356 0.5555701851844788 0.7681780457496643
v -1.5842796585729957e-7 -0.8314696550369263 0.5555707216262817
v -8.392215988806129e-8 -0.7071067690849304 0.7071071863174438
v -0.2705982029438019 -0.7071067690849304 0.6532817482948303
v -0.2126077562570572 -0.8314696550369263 0.5132803320884705
v -2.0313144943884254e-7 0.3826834261417389 0.9238801002502441
v -2.3293377182653785e-7 0.5555701851844788 0.8314700126647949
v -0.31818991899490356 0.5555701851844788 0.7681780457496643
v -0.3535536825656891 0.3826834261417389 0.853553831577301
v -1.7332912705114722e-7 -0.9238796234130859 0.3826839327812195
v -1.5842796585729957e-7 -0.8314696550369263 0.5555707216262817
v -0.2126077562570572 -0.8314696550369263 0.5132803320884705
v -0.1464468538761139 -0.9238796234130859 0.35355380177497864
v -1.435268046634519e-7 0.19509035348892212 0.9807857275009155
v -2.0313144943884254e-7 0.3826834261417389 0.9238801002502441
v -0.3535536825656891 0.3826834261417389 0.853553831577301
v -0.37533047795295715 0.19509035348892212 0.9061277508735657
v -5.4119837500365975e-8 -0.9807853102684021 0.19509068131446838
v -1.7332912705114722e-7 -0.9238796234130859 0.3826839327812195
v -0.1464468538761139 -0.9238796234130859 0.35355380177497864
v -0.07465790212154388 -0.9807853102684021 0.18024030327796936
v -0.2705982029438019 -0.7071067690849304 0.6532817482948303
v -0.31818991899490356 -0.5555701851844788 0.7681780457496643
v -0.5879380702972412 -0.5555701851844788 0.5879378914833069
v -0.5000001192092896 -0.7071067690849304 0.5000001192092896
v -0.31818991899490356 0.5555701851844788 0.7681780457496643
v -0.2705982029438019 0.7071067690849304 0.6532817482948303
v -0.5000001192092896 0.7071067690849304 0.5000001192092896
v -0.5879380702972412 0.5555701851844788 0.5879378914833069
v -0.2126077562570572 -0.8314696550369263 0.5132803320884705
v -0.2705982029438019 -0.7071067690849304 0.6532817482948303
v -0.5000001192092896 -0.7071067690849304 0.5000001192092896
v -0.3928477168083191 -0.8314696550369263 0.3928477466106415
v -0.3535536825656891 0.3826834261417389 0.853553831577301
v -0.31818991899490356 0.5555701851844788 0.7681780457496643
v -0.5879380702972412 0.5555701851844788 0.5879378914833069
v -0.6532818078994751 0.3826834261417389 0.6532817482948303
v -0.1464468538761139 -0.9238796234130859 0.35355380177497864
v -0.2126077562570572 -0.8314696550369263 0.5132803320884705
v -0.3928477168083191 -0.8314696550369263 0.3928477466106415
v -0.27059832215309143 -0.9238796234130859 0.2705983519554138
v -0.37533047795295715 0.19509035348892212 0.9061277508735657
v -0.3535536825656891 0.3826834261417389 0.853553831577301
v -0.6532818078994751 0.3826834261417389 0.6532817482948303
v -0.6935200691223145 0.19509035348892212 0.6935200691223145
v -0.07465790212154388 -0.9807853102684021 0.18024030327796936
v -0.1464468538761139 -0.9238796234130859 0.35355380177497864
v -0.27059832215309143 -0.9238796234130859 0.2705983519554138
v -0.13794976472854614 -0.9807853102684021 0.13795001804828644
v -0.38268372416496277 7.549790126404332e-8 0.923879861831665
v -0.37533047795295715 0.19509035348892212 0.9061277508735657
v -0.6935200691223145 0.19509035348892212 0.6935200691223145
v -0.7071070671081543 7.549790126404332e-8 0.7071069478988647
v -0.07465801388025284 0.9807852506637573 0.18024051189422607
v -3.0103808512649266e-7 1 4.505353956574254e-7
v -0.13794994354248047 0.9807852506637573 0.13795016705989838
v 0 -1 3.2584136988589307e-7
v -0.07465790212154388 -0.9807853102684021 0.18024030327796936
v -0.13794976472854614 -0.9807853102684021 0.13795001804828644
v -0.37533047795295715 -0.19509020447731018 0.9061277508735657
v -0.38268372416496277 7.549790126404332e-8 0.923879861831665
v -0.7071070671081543 7.549790126404332e-8 0.7071069478988647
v -0.6935200691223145 -0.19509020447731018 0.6935200691223145
v -0.1464468240737915 0.9238795042037964 0.3535538911819458
v -0.07465801388025284 0.9807852506637573 0.18024051189422607
v -0.13794994354248047 0.9807852506637573 0.13795016705989838
v -0.27059832215309143 0.9238795042037964 0.270598441362381
v -0.3535537123680115 -0.38268327713012695 0.8535537123680115
v -0.37533047795295715 -0.19509020447731018 0.9061277508735657
v -0.6935200691223145 -0.19509020447731018 0.6935200691223145
v -0.6532818078994751 -0.38268327713012695 0.6532816290855408
v -0.2126077562570572 0.8314695954322815 0.5132803916931152
v -0.1464468240737915 0.9238795042037964 0.3535538911819458
v -0.27059832215309143 0.9238795042037964 0.270598441362381
v -0.3928477466106415 0.8314695954322815 0.39284777641296387
v -0.31818991899490356 -0.5555701851844788 0.7681780457496643
v -0.3535537123680115 -0.38268327713012695 0.8535537123680115
v -0.6532818078994751 -0.38268327713012695 0.6532816290855408
v -0.5879380702972412 -0.5555701851844788 0.5879378914833069
v -0.2705982029438019 0.7071067690849304 0.6532817482948303
v -0.2126077562570572 0.8314695954322815 0.5132803916931152
v -0.3928477466106415 0.8314695954322815 0.39284777641296387
v -0.5000001192092896 0.7071067690849304 0.5000001192092896
v 0 -1 3.2584136988589307e-7
v -0.13794976472854614 -0.9807853102684021 0.13795001804828644
v -0.18024003505706787 -0.9807853102684021 0.07465813308954239
v -0.6935200691223145 -0.19509020447731018 0.6935200691223145
v -0.7071070671081543 7.549790126404332e-8 0.7071069478988647
v -0.9238797426223755 7.549790126404332e-8 0.38268348574638367
v -0.9061274528503418 -0.19509020447731018 0.3753303289413452
v -0.27059832215309143 0.9238795042037964 0.270598441362381
v -0.13794994354248047 0.9807852506637573 0.13795016705989838
v -0.18024024367332458 0.9807852506637573 0.07465819269418716
v -0.3535536527633667 0.9238795042037964 0.14644688367843628
v -0.6532818078994751 -0.38268327713012695 0.6532816290855408
v -0.6935200691223145 -0.19509020447731018 0.6935200691223145
v -0.9061274528503418 -0.19509020447731018 0.3753303289413452
v -0.8535535931587219 -0.38268327713012695 0.3535534143447876
v -0.3928477466106415 0.8314695954322815 0.39284777641296387
v -0.27059832215309143 0.9238795042037964 0.270598441362381
v -0.3535536527633667 0.9238795042037964 0.14644688367843628
v -0.5132802128791809 0.8314695954322815 0.21260769665241241
v -0.5879380702972412 -0.5555701851844788 0.5879378914833069
v -0.6532818078994751 -0.38268327713012695 0.6532816290855408
v -0.8535535931587219 -0.38268327713012695 0.3535534143447876
v -0.7681779265403748 -0.5555701851844788 0.3181895911693573
v -0.5000001192092896 0.7071067690849304 0.5000001192092896
v -0.3928477466106415 0.8314695954322815 0.39284777641296387
v -0.5132802128791809 0.8314695954322815 0.21260769665241241
v -0.6532815098762512 0.7071067690849304 0.2705981433391571
v -0.5000001192092896 -0.7071067690849304 0.5000001192092896
v -0.5879380702972412 -0.5555701851844788 0.5879378914833069
v -0.7681779265403748 -0.5555701851844788 0.3181895911693573
v -0.6532815098762512 -0.7071067690849304 0.2705981433391571
v -0.5879380702972412 0.5555701851844788 0.5879378914833069
v -0.5000001192092896 0.7071067690849304 0.5000001192092896
v -0.6532815098762512 0.7071067690849304 0.2705981433391571
v -0.7681779265403748 0.5555701851844788 0.3181895911693573
v -0.3928477168083191 -0.8314696550369263 0.3928477466106415
v -0.5000001192092896 -0.7071067690849304 0.5000001192092896
v -0.6532815098762512 -0.7071067690849304 0.2705981433391571
v -0.5132801532745361 -0.8314696550369263 0.21260768175125122
v -0.6532818078994751 0.3826834261417389 0.6532817482948303
v -0.5879380702972412 0.5555701851844788 0.5879378914833069
v -0.7681779265403748 0.5555701851844788 0.3181895911693573
v -0.8535536527633667 0.3826834261417389 0.3535534739494324
v -0.27059832215309143 -0.9238796234130859 0.2705983519554138
v -0.3928477168083191 -0.8314696550369263 0.3928477466106415
v -0.5132801532745361 -0.8314696550369263 0.21260768175125122
v -0.3535536229610443 -0.9238796234130859 0.14644679427146912
v -0.6935200691223145 0.19509035348892212 0.6935200691223145
v -0.6532818078994751 0.3826834261417389 0.6532817482948303
v -0.8535536527633667 0.3826834261417389 0.3535534739494324
v -0.9061274528503418 0.19509035348892212 0.3753303289413452
v -0.13794976472854614 -0.9807853102684021 0.13795001804828644
v -0.27059832215309143 -0.9238796234130859 0.2705983519554138
v -0.3535536229610443 -0.9238796234130859 0.14644679427146912
v -0.18024003505706787 -0.9807853102684021 0.07465813308954239
v -0.7071070671081543 7.549790126404332e-8 0.7071069478988647
v -0.6935200691223145 0.19509035348892212 0.6935200691223145
v -0.9061274528503418 0.19509035348892212 0.3753303289413452
v -0.9238797426223755 7.549790126404332e-8 0.38268348574638367
v -0.13794994354248047 0.9807852506637573 0.13795016705989838
v -3.0103808512649266e-7 1 4.505353956574254e-7
v -0.18024024367332458 0.9807852506637573 0.07465819269418716
v -0.5132801532745361 -0.8314696550369263 0.21260768175125122
v -0.6532815098762512 -0.7071067690849304 0.2705981433391571
v -0.7071067094802856 -0.7071067690849304 8.440784426966275e-8
v -0.5555703639984131 -0.8314696550369263 6.950668307581509e-8
v -0.8535536527633667 0.3826834261417389 0.3535534739494324
v -0.7681779265403748 0.5555701851844788 0.3181895911693573
v -0.8314696550369263 0.5555701851844788 -9.440609005650913e-8
v -0.9238796830177307 0.3826834261417389 -3.4801445281118504e-8
v -0.3535536229610443 -0.9238796234130859 0.14644679427146912
v -0.5132801532745361 -0.8314696550369263 0.21260768175125122
v -0.5555703639984131 -0.8314696550369263 6.950668307581509e-8
v -0.38268357515335083 -0.9238796234130859 9.93090054635104e-8
v -0.9061274528503418 0.19509035348892212 0.3753303289413452
v -0.8535536527633667 0.3826834261417389 0.3535534739494324
v -0.9238796830177307 0.3826834261417389 -3.4801445281118504e-8
v -0.9807851910591125 0.19509035348892212 5.4605521881967434e-8
v -0.18024003505706787 -0.9807853102684021 0.07465813308954239
v -0.3535536229610443 -0.9238796234130859 0.14644679427146912
v -0.38268357515335083 -0.9238796234130859 9.93090054635104e-8
v -0.1950903832912445 -0.9807853102684021 2.632217785958346e-7
v -0.9238797426223755 7.549790126404332e-8 0.38268348574638367
v -0.9061274528503418 0.19509035348892212 0.3753303289413452
v -0.9807851910591125 0.19509035348892212 5.4605521881967434e-8
v -1.0000001192092896 7.549790126404332e-8 -6.460376766881382e-8
v -0.18024024367332458 0.9807852506637573 0.07465819269418716
v -3.0103808512649266e-7 1 4.505353956574254e-7
v -0.19509060680866241 0.9807852506637573 2.4087003680506314e-7
v 0 -1 3.2584136988589307e-7
v -0.18024003505706787 -0.9807853102684021 0.07465813308954239
v -0.1950903832912445 -0.9807853102684021 2.632217785958346e-7
v -0.9061274528503418 -0.19509020447731018 0.3753303289413452
v -0.9238797426223755 7.549790126404332e-8 0.38268348574638367
v -1.0000001192092896 7.549790126404332e-8 -6.460376766881382e-8
v -0.9807851910591125 -0.19509020447731018 5.4605521881967434e-8
v -0.3535536527633667 0.9238795042037964 0.14644688367843628
v -0.18024024367332458 0.9807852506637573 0.07465819269418716
v -0.19509060680866241 0.9807852506637573 2.4087003680506314e-7
v -0.3826836347579956 0.9238795042037964 1.7381481143274868e-7
v -0.8535535931587219 -0.38268327713012695 0.3535534143447876
v -0.9061274528503418 -0.19509020447731018 0.3753303289413452
v -0.9807851910591125 -0.19509020447731018 5.4605521881967434e-8
v -0.9238795638084412 -0.38268327713012695 -6.460376766881382e-8
v -0.5132802128791809 0.8314695954322815 0.21260769665241241
v -0.3535536527633667 0.9238795042037964 0.14644688367843628
v -0.3826836347579956 0.9238795042037964 1.7381481143274868e-7
v -0.5555704236030579 0.8314695954322815 6.950668307581509e-8
v -0.7681779265403748 -0.5555701851844788 0.3181895911693573
v -0.8535535931587219 -0.38268327713012695 0.3535534143447876
v -0.9238795638084412 -0.38268327713012695 -6.460376766881382e-8
v -0.8314696550369263 -0.5555701851844788 -9.440609005650913e-8
v -0.6532815098762512 0.7071067690849304 0.2705981433391571
v -0.5132802128791809 0.8314695954322815 0.21260769665241241
v -0.5555704236030579 0.8314695954322815 6.950668307581509e-8
v -0.7071067094802856 0.7071067690849304 8.440784426966275e-8
v -0.6532815098762512 -0.7071067690849304 0.2705981433391571
v -0.7681779265403748 -0.5555701851844788 0.3181895911693573
v -0.8314696550369263 -0.5555701851844788 -9.440609005650913e-8
v -0.7071067094802856 -0.7071067690849304 8.440784426966275e-8
v -0.7681779265403748 0.5555701851844788 0.3181895911693573
v -0.6532815098762512 0.7071067690849304 0.2705981433391571
v -0.7071067094802856 0.7071067690849304 8.440784426966275e-8
v -0.8314696550369263 0.5555701851844788 -9.440609005650913e-8
v -0.3826836347579956 0.9238795042037964 1.7381481143274868e-7
v -0.19509060680866241 0.9807852506637573 2.4087003680506314e-7
v -0.1802401840686798 0.9807852506637573 -0.07465770095586777
v -0.35355350375175476 0.9238795042037964 -0.14644649624824524
v -0.9238795638084412 -0.38268327713012695 -6.460376766881382e-8
v -0.9807851910591125 -0.19509020447731018 5.4605521881967434e-8
v -0.9061272144317627 -0.19509020447731018 -0.3753301799297333
v -0.853553295135498 -0.38268327713012695 -0.35355344414711
v -0.5555704236030579 0.8314695954322815 6.950668307581509e-8
v -0.3826836347579956 0.9238795042037964 1.7381481143274868e-7
v -0.35355350375175476 0.9238795042037964 -0.14644649624824524
v -0.5132800340652466 0.8314695954322815 -0.2126075178384781
v -0.8314696550369263 -0.5555701851844788 -9.440609005650913e-8
v -0.9238795638084412 -0.38268327713012695 -6.460376766881382e-8
v -0.853553295135498 -0.38268327713012695 -0.35355344414711
v -0.7681775689125061 -0.5555701851844788 -0.31818974018096924
v -0.7071067094802856 0.7071067690849304 8.440784426966275e-8
v -0.5555704236030579 0.8314695954322815 6.950668307581509e-8
v -0.5132800340652466 0.8314695954322815 -0.2126075178384781
v -0.6532813310623169 0.7071067690849304 -0.2705979347229004
v -0.7071067094802856 -0.7071067690849304 8.440784426966275e-8
v -0.8314696550369263 -0.5555701851844788 -9.440609005650913e-8
v -0.7681775689125061 -0.5555701851844788 -0.31818974018096924
v -0.6532813310623169 -0.7071067690849304 -0.2705979347229004
v -0.8314696550369263 0.5555701851844788 -9.440609005650913e-8
v -0.7071067094802856 0.7071067690849304 8.440784426966275e-8
v -0.6532813310623169 0.7071067690849304 -0.2705979347229004
v -0.7681775689125061 0.5555701851844788 -0.31818974018096924
v -0.5555703639984131 -0.8314696550369263 6.950668307581509e-8
v -0.7071067094802856 -0.7071067690849304 8.440784426966275e-8
v -0.6532813310623169 -0.7071067690849304 -0.2705979347229004
v -0.5132799744606018 -0.8314696550369263 -0.2126075029373169
v -0.9238796830177307 0.3826834261417389 -3.4801445281118504e-8
v -0.8314696550369263 0.5555701851844788 -9.440609005650913e-8
v -0.7681775689125061 0.5555701851844788 -0.31818974018096924
v -0.8535533547401428 0.3826834261417389 -0.3535534739494324
v -0.38268357515335083 -0.9238796234130859 9.93090054635104e-8
v -0.5555703639984131 -0.8314696550369263 6.950668307581509e-8
v -0.5132799744606018 -0.8314696550369263 -0.2126075029373169
v -0.3535534143447876 -0.9238796234130859 -0.14644655585289001
v -0.9807851910591125 0.19509035348892212 5.4605521881967434e-8
v -0.9238796830177307 0.3826834261417389 -3.4801445281118504e-8
v -0.8535533547401428 0.3826834261417389 -0.3535534739494324
v -0.9061272144317627 0.19509035348892212 -0.3753301799297333
v -0.1950903832912445 -0.9807853102684021 2.632217785958346e-7
v -0.38268357515335083 -0.9238796234130859 9.93090054635104e-8
v -0.3535534143447876 -0.9238796234130859 -0.14644655585289001
v -0.1802399903535843 -0.9807853102684021 -0.07465759664773941
v -1.0000001192092896 7.549790126404332e-8 -6.460376766881382e-8
v -0.9807851910591125 0.19509035348892212 5.4605521881967434e-8
v -0.9061272144317627 0.19509035348892212 -0.3753301799297333
v -0.9238795042037964 7.549790126404332e-8 -0.38268354535102844
v -0.19509060680866241 0.9807852506637573 2.4087003680506314e-7
v -3.0103808512649266e-7 1 4.505353956574254e-7
v -0.1802401840686798 0.9807852506637573 -0.07465770095586777
v 0 -1 3.2584136988589307e-7
v -0.1950903832912445 -0.9807853102684021 2.632217785958346e-7
v -0.1802399903535843 -0.9807853102684021 -0.07465759664773941
v -0.9807851910591125 -0.19509020447731018 5.4605521881967434e-8
v -1.0000001192092896 7.549790126404332e-8 -6.460376766881382e-8
v -0.9238795042037964 7.549790126404332e-8 -0.38268354535102844
v -0.9061272144317627 -0.19509020447731018 -0.3753301799297333
v -0.8535533547401428 0.3826834261417389 -0.3535534739494324
v -0.7681775689125061 0.5555701851844788 -0.31818974018096924
v -0.5879374146461487 0.5555701851844788 -0.5879378318786621
v -0.6532812714576721 0.3826834261417389 -0.653281569480896
v -0.3535534143447876 -0.9238796234130859 -0.14644655585289001
v -0.5132799744606018 -0.8314696550369263 -0.2126075029373169
v -0.39284735918045044 -0.8314696550369263 -0.3928474485874176
v -0.2705979645252228 -0.9238796234130859 -0.2705979645252228
v -0.9061272144317627 0.19509035348892212 -0.3753301799297333
v -0.8535533547401428 0.3826834261417389 -0.3535534739494324
v -0.6532812714576721 0.3826834261417389 -0.653281569480896
v -0.6935195922851562 0.19509035348892212 -0.6935197114944458
v -0.1802399903535843 -0.9807853102684021 -0.07465759664773941
v -0.3535534143447876 -0.9238796234130859 -0.14644655585289001
v -0.2705979645252228 -0.9238796234130859 -0.2705979645252228
v -0.13794967532157898 -0.9807853102684021 -0.13794945180416107
v -0.9238795042037964 7.549790126404332e-8 -0.38268354535102844
v -0.9061272144317627 0.19509035348892212 -0.3753301799297333
v -0.6935195922851562 0.19509035348892212 -0.6935197114944458
v -0.7071065902709961 7.549790126404332e-8 -0.70710688829422
v -0.1802401840686798 0.9807852506637573 -0.07465770095586777
v -3.0103808512649266e-7 1 4.505353956574254e-7
v -0.13794982433319092 0.9807852506637573 -0.1379496157169342
v 0 -1 3.2584136988589307e-7
v -0.1802399903535843 -0.9807853102684021 -0.07465759664773941
v -0.13794967532157898 -0.9807853102684021 -0.13794945180416107
v -0.9061272144317627 -0.19509020447731018 -0.3753301799297333
v -0.9238795042037964 7.549790126404332e-8 -0.38268354535102844
v -0.7071065902709961 7.549790126404332e-8 -0.70710688829422
v -0.6935195922851562 -0.19509020447731018 -0.6935197114944458
v -0.35355350375175476 0.9238795042037964 -0.14644649624824524
v -0.1802401840686798 0.9807852506637573 -0.07465770095586777
v -0.13794982433319092 0.9807852506637573 -0.1379496157169342
v -0.27059808373451233 0.9238795042037964 -0.2705979645252228
v -0.853553295135498 -0.38268327713012695 -0.35355344414711
v -0.9061272144317627 -0.19509020447731018 -0.3753301799297333
v -0.6935195922851562 -0.19509020447731018 -0.6935197114944458
v -0.6532812118530273 -0.38268327713012695 -0.6532815098762512
v -0.5132800340652466 0.8314695954322815 -0.2126075178384781
v -0.35355350375175476 0.9238795042037964 -0.14644649624824524
v -0.27059808373451233 0.9238795042037964 -0.2705979645252228
v -0.3928473889827728 0.8314695954322815 -0.39284747838974
v -0.7681775689125061 -0.5555701851844788 -0.31818974018096924
v -0.853553295135498 -0.38268327713012695 -0.35355344414711
v -0.6532812118530273 -0.38268327713012695 -0.6532815098762512
v -0.5879374146461487 -0.5555701851844788 -0.5879378318786621
v -0.6532813310623169 0.7071067690849304 -0.2705979347229004
v -0.5132800340652466 0.8314695954322815 -0.2126075178384781
v -0.3928473889827728 0.8314695954322815 -0.39284747838974
v -0.4999997615814209 0.7071067690849304 -0.4999997913837433
v -0.6532813310623169 -0.7071067690849304 -0.2705979347229004
v -0.7681775689125061 -0.5555701851844788 -0.31818974018096924
v -0.5879374146461487 -0.5555701851844788 -0.5879378318786621
v -0.4999997615814209 -0.7071067690849304 -0.4999997913837433
v -0.7681775689125061 0.5555701851844788 -0.31818974018096924
v -0.6532813310623169 0.7071067690849304 -0.2705979347229004
v -0.4999997615814209 0.7071067690849304 -0.4999997913837433
v -0.5879374146461487 0.5555701851844788 -0.5879378318786621
v -0.5132799744606018 -0.8314696550369263 -0.2126075029373169
v -0.6532813310623169 -0.7071067690849304 -0.2705979347229004
v -0.4999997615814209 -0.7071067690849304 -0.4999997913837433
v -0.39284735918045044 -0.8314696550369263 -0.3928474485874176
v -0.6532812118530273 -0.38268327713012695 -0.6532815098762512
v -0.6935195922851562 -0.19509020447731018 -0.6935197114944458
v -0.3753298819065094 -0.19509020447731018 -0.9061270952224731
v -0.3535529673099518 -0.38268327713012695 -0.853553295135498
v -0.3928473889827728 0.8314695954322815 -0.39284747838974
v -0.27059808373451233 0.9238795042037964 -0.2705979645252228
v -0.14644655585289001 0.9238795042037964 -0.35355329513549805
v -0.21260729432106018 0.8314695954322815 -0.513279914855957
v -0.5879374146461487 -0.5555701851844788 -0.5879378318786621
v -0.6532812118530273 -0.38268327713012695 -0.6532815098762512
v -0.3535529673099518 -0.38268327713012695 -0.853553295135498
v -0.3181891441345215 -0.5555701851844788 -0.7681776285171509
v -0.4999997615814209 0.7071067690849304 -0.4999997913837433
v -0.3928473889827728 0.8314695954322815 -0.39284747838974
v -0.21260729432106018 0.8314695954322815 -0.513279914855957
v -0.27059775590896606 0.7071067690849304 -0.6532812118530273
v -0.4999997615814209 -0.7071067690849304 -0.4999997913837433
v -0.5879374146461487 -0.5555701851844788 -0.5879378318786621
v -0.3181891441345215 -0.5555701851844788 -0.7681776285171509
v -0.27059775590896606 -0.7071067690849304 -0.6532812118530273
v -0.5879374146461487 0.5555701851844788 -0.5879378318786621
v -0.4999997615814209 0.7071067690849304 -0.4999997913837433
v -0.27059775590896606 0.7071067690849304 -0.6532812118530273
v -0.3181891441345215 0.5555701851844788 -0.7681776285171509
v -0.39284735918045044 -0.8314696550369263 -0.3928474485874176
v -0.4999997615814209 -0.7071067690849304 -0.4999997913837433
v -0.27059775590896606 -0.7071067690849304 -0.6532812118530273
v -0.212607279419899 -0.8314696550369263 -0.513279914855957
v -0.6532812714576721 0.3826834261417389 -0.653281569480896
v -0.5879374146461487 0.5555701851844788 -0.5879378318786621
v -0.3181891441345215 0.5555701851844788 -0.7681776285171509
v -0.35355299711227417 0.3826834261417389 -0.8535534143447876
v -0.2705979645252228 -0.9238796234130859 -0.2705979645252228
v -0.39284735918045044 -0.8314696550369263 -0.3928474485874176
v -0.212607279419899 -0.8314696550369263 -0.513279914855957
v -0.14644643664360046 -0.9238796234130859 -0.35355323553085327
v -0.6935195922851562 0.19509035348892212 -0.6935197114944458
v -0.6532812714576721 0.3826834261417389 -0.653281569480896
v -0.35355299711227417 0.3826834261417389 -0.8535534143447876
v -0.3753298819065094 0.19509035348892212 -0.9061270952224731
v -0.13794967532157898 -0.9807853102684021 -0.13794945180416107
v -0.2705979645252228 -0.9238796234130859 -0.2705979645252228
v -0.14644643664360046 -0.9238796234130859 -0.35355323553085327
v -0.07465777546167374 -0.9807853102684021 -0.1802397072315216
v -0.7071065902709961 7.549790126404332e-8 -0.70710688829422
v -0.6935195922851562 0.19509035348892212 -0.6935197114944458
v -0.3753298819065094 0.19509035348892212 -0.9061270952224731
v -0.38268303871154785 7.549790126404332e-8 -0.9238795638084412
v -0.13794982433319092 0.9807852506637573 -0.1379496157169342
v -3.0103808512649266e-7 1 4.505353956574254e-7
v -0.0746578574180603 0.9807852506637573 -0.18023991584777832
v 0 -1 3.2584136988589307e-7
v -0.13794967532157898 -0.9807853102684021 -0.13794945180416107
v -0.07465777546167374 -0.9807853102684021 -0.1802397072315216
v -0.6935195922851562 -0.19509020447731018 -0.6935197114944458
v -0.7071065902709961 7.549790126404332e-8 -0.70710688829422
v -0.38268303871154785 7.549790126404332e-8 -0.9238795638084412
v -0.3753298819065094 -0.19509020447731018 -0.9061270952224731
v -0.27059808373451233 0.9238795042037964 -0.2705979645252228
v -0.13794982433319092 0.9807852506637573 -0.1379496157169342
v -0.0746578574180603 0.9807852506637573 -0.18023991584777832
v -0.14644655585289001 0.9238795042037964 -0.35355329513549805
v -0.14644643664360046 -0.9238796234130859 -0.35355323553085327
v -0.212607279419899 -0.8314696550369263 -0.513279914855957
v 0 -0.8314696550369263 -0.5555701851844788
v 0 -0.9238796234130859 -0.38268327713012695
v -0.3753298819065094 0.19509035348892212 -0.9061270952224731
v -0.35355299711227417 0.3826834261417389 -0.8535534143447876
v 0 0.3826834261417389 -0.9238795042037964
v 0 0.19509035348892212 -0.9807852506637573
v -0.07465777546167374 -0.9807853102684021 -0.1802397072315216
v -0.14644643664360046 -0.9238796234130859 -0.35355323553085327
v 0 -0.9238796234130859 -0.38268327713012695
v 0 -0.9807853102684021 -0.19509008526802063
v -0.38268303871154785 7.549790126404332e-8 -0.9238795638084412
v -0.3753298819065094 0.19509035348892212 -0.9061270952224731
v 0 0.19509035348892212 -0.9807852506637573
v 0 7.549790126404332e-8 -1
v -0.0746578574180603 0.9807852506637573 -0.18023991584777832
v -3.0103808512649266e-7 1 4.505353956574254e-7
v 0 0.9807852506637573 -0.19509032368659973
v 0 -1 3.2584136988589307e-7
v -0.07465777546167374 -0.9807853102684021 -0.1802397072315216
v 0 -0.9807853102684021 -0.19509008526802063
v -0.3753298819065094 -0.19509020447731018 -0.9061270952224731
v -0.38268303871154785 7.549790126404332e-8 -0.9238795638084412
v 0 7.549790126404332e-8 -1
v 0 -0.19509020447731018 -0.9807853102684021
v -0.14644655585289001 0.9238795042037964 -0.35355329513549805
v -0.0746578574180603 0.9807852506637573 -0.18023991584777832
v 0 0.9807852506637573 -0.19509032368659973
v 1.544964192135012e-7 0.9238795042037964 -0.38268327713012695
v -0.3535529673099518 -0.38268327713012695 -0.853553295135498
v -0.3753298819065094 -0.19509020447731018 -0.9061270952224731
v 0 -0.19509020447731018 -0.9807853102684021
v 0 -0.38268327713012695 -0.9238795638084412
v -0.21260729432106018 0.8314695954322815 -0.513279914855957
v -0.14644655585289001 0.9238795042037964 -0.35355329513549805
v 1.544964192135012e-7 0.9238795042037964 -0.38268327713012695
v 3.333103677505278e-7 0.8314695954322815 -0.555570125579834
v -0.3181891441345215 -0.5555701851844788 -0.7681776285171509
v -0.3535529673099518 -0.38268327713012695 -0.853553295135498
v 0 -0.38268327713012695 -0.9238795638084412
v 0 -0.5555701851844788 -0.8314696550369263
v -0.27059775590896606 0.7071067690849304 -0.6532812118530273
v -0.21260729432106018 0.8314695954322815 -0.513279914855957
v 3.333103677505278e-7 0.8314695954322815 -0.555570125579834
v 0 0.7071067690849304 -0.7071067690849304
v -0.27059775590896606 -0.7071067690849304 -0.6532812118530273
v -0.3181891441345215 -0.5555701851844788 -0.7681776285171509
v 0 -0.5555701851844788 -0.8314696550369263
v 0 -0.7071067690849304 -0.7071067690849304
v -0.3181891441345215 0.5555701851844788 -0.7681776285171509
v -0.27059775590896606 0.7071067690849304 -0.6532812118530273
v 0 0.7071067690849304 -0.7071067690849304
v 0 0.5555701851844788 -0.8314696550369263
v -0.212607279419899 -0.8314696550369263 -0.513279914855957
v -0.27059775590896606 -0.7071067690849304 -0.6532812118530273
v 0 -0.7071067690849304 -0.7071067690849304
v 0 -0.8314696550369263 -0.5555701851844788
v -0.35355299711227417 0.3826834261417389 -0.8535534143447876
v -0.3181891441345215 0.5555701851844788 -0.7681776285171509
v 0 0.5555701851844788 -0.8314696550369263
v 0 0.3826834261417389 -0.9238795042037964
vt 0.75 0.6874999403953552
vt 0.75 0.6249999403953552
vt 0.6875 0.6249999403953552
vt 0.6875 0.6874999403953552
vt 0.75 0.25
vt 0.7499998807907104 0.1875
vt 0.6874999403953552 0.1875
vt 0.6874999403953552 0.25
vt 0.75 0.75
vt 0.75 0.6874999403953552
vt 0.6875 0.6874999403953552
vt 0.6874999403953552 0.75
vt 0.75 0.3125
vt 0.75 0.25
vt 0.6874999403953552 0.25
vt 0.6875 0.3125
vt 0.75 0.8125
vt 0.75 0.75
vt 0.6874999403953552 0.75
vt 0.6874999403953552 0.8125
vt 0.75 0.375
vt 0.75 0.3125
vt 0.6875 0.3125
vt 0.6875 0.375
vt 0.75 0.875
vt 0.75 0.8125
vt 0.6874999403953552 0.8125
vt 0.6874999403953552 0.875
vt 0.75 0.4375
vt 0.75 0.375
vt 0.6875 0.375
vt 0.6875 0.4375
vt 0.75 0.9375001192092896
vt 0.75 0.875
vt 0.6874999403953552 0.875
vt 0.6874998807907104 0.9375001192092896
vt 0.75 0.5
vt 0.75 0.4375
vt 0.6875 0.4375
vt 0.6875 0.5
vt 0.75 0.062499940395355225
vt 0.71875 0
vt 0.6874998807907104 0.062499940395355225
vt 0.7187498807907104 1
vt 0.75 0.9375001192092896
vt 0.6874998807907104 0.9375001192092896
vt 0.75 0.5624999403953552
vt 0.75 0.5
vt 0.6875 0.5
vt 0.6875 0.5624999403953552
vt 0.7499999403953552 0.125
vt 0.75 0.062499940395355225
vt 0.6874998807907104 0.062499940395355225
vt 0.6874999403953552 0.125
vt 0.75 0.6249999403953552
vt 0.75 0.5624999403953552
vt 0.6875 0.5624999403953552
vt 0.6875 0.6249999403953552
vt 0.7499998807907104 0.1875
vt 0.7499999403953552 0.125
vt 0.6874999403953552 0.125
vt 0.6874999403953552 0.1875
vt 0.6875 0.6249999403953552
vt 0.6875 0.5624999403953552
vt 0.6249999403953552 0.5624999403953552
vt 0.6249999403953552 0.6249998807907104
vt 0.6874999403953552 0.1875
vt 0.6874999403953552 0.125
vt 0.6249998807907104 0.125
vt 0.6249999403953552 0.1875
vt 0.6875 0.6874999403953552
vt 0.6875 0.6249999403953552
vt 0.6249999403953552 0.6249998807907104
vt 0.6249999403953552 0.6874999403953552
vt 0.6874999403953552 0.25
vt 0.6874999403953552 0.1875
vt 0.6249999403953552 0.1875
vt 0.6249999403953552 0.25
vt 0.6874999403953552 0.75
vt 0.6875 0.6874999403953552
vt 0.6249999403953552 0.6874999403953552
vt 0.6249999403953552 0.75
vt 0.6875 0.3125
vt 0.6874999403953552 0.25
vt 0.6249999403953552 0.25
vt 0.6249999403953552 0.3125
vt 0.6874999403953552 0.8125
vt 0.6874999403953552 0.75
vt 0.6249999403953552 0.75
vt 0.6249999403953552 0.8125
vt 0.6875 0.375
vt 0.6875 0.3125
vt 0.6249999403953552 0.3125
vt 0.6249999403953552 0.375
vt 0.6874999403953552 0.875
vt 0.6874999403953552 0.8125
vt 0.6249999403953552 0.8125
vt 0.6249998807907104 0.875
vt 0.6875 0.4375
vt 0.6875 0.375
vt 0.6249999403953552 0.375
vt 0.6249999403953552 0.4375
vt 0.6874998807907104 0.9375001192092896
vt 0.6874999403953552 0.875
vt 0.6249998807907104 0.875
vt 0.6249998211860657 0.9375000596046448
vt 0.6875 0.5
vt 0.6875 0.4375
vt 0.6249999403953552 0.4375
vt 0.6249999403953552 0.5
vt 0.6874998807907104 0.062499940395355225
vt 0.6562498211860657 0
vt 0.6249998211860657 0.062499940395355225
vt 0.6562497615814209 1
vt 0.6874998807907104 0.9375001192092896
vt 0.6249998211860657 0.9375000596046448
vt 0.6875 0.5624999403953552
vt 0.6875 0.5
vt 0.6249999403953552 0.5
vt 0.6249999403953552 0.5624999403953552
vt 0.6874999403953552 0.125
vt 0.6874998807907104 0.062499940395355225
vt 0.6249998211860657 0.062499940395355225
vt 0.6249998807907104 0.125
vt 0.6249998807907104 0.875
vt 0.6249999403953552 0.8125
vt 0.5624998807907104 0.8124999403953552
vt 0.5624998211860657 0.875
vt 0.6249999403953552 0.4375
vt 0.6249999403953552 0.375
vt 0.5624999403953552 0.375
vt 0.5624999403953552 0.4375
vt 0.6249998211860657 0.9375000596046448
vt 0.6249998807907104 0.875
vt 0.5624998211860657 0.875
vt 0.5624997615814209 0.9375000596046448
vt 0.6249999403953552 0.5
vt 0.6249999403953552 0.4375
vt 0.5624999403953552 0.4375
vt 0.5624999403953552 0.5
vt 0.6249998211860657 0.062499940395355225
vt 0.5937496423721313 0
vt 0.5624997615814209 0.06250005960464478
vt 0.5937496423721313 1
vt 0.6249998211860657 0.9375000596046448
vt 0.5624997615814209 0.9375000596046448
vt 0.6249999403953552 0.5624999403953552
vt 0.6249999403953552 0.5
vt 0.5624999403953552 0.5
vt 0.5624999403953552 0.5624999403953552
vt 0.6249998807907104 0.125
vt 0.6249998211860657 0.062499940395355225
vt 0.5624997615814209 0.06250005960464478
vt 0.5624998807907104 0.125
vt 0.6249999403953552 0.6249998807907104
vt 0.6249999403953552 0.5624999403953552
vt 0.5624999403953552 0.5624999403953552
vt 0.5624999403953552 0.6249998807907104
vt 0.6249999403953552 0.1875
vt 0.6249998807907104 0.125
vt 0.5624998807907104 0.125
vt 0.5624998807907104 0.18750005960464478
vt 0.6249999403953552 0.6874999403953552
vt 0.6249999403953552 0.6249998807907104
vt 0.5624999403953552 0.6249998807907104
vt 0.5624999403953552 0.6874999403953552
vt 0.6249999403953552 0.25
vt 0.6249999403953552 0.1875
vt 0.5624998807907104 0.18750005960464478
vt 0.5624999403953552 0.25
vt 0.6249999403953552 0.75
vt 0.6249999403953552 0.6874999403953552
vt 0.5624999403953552 0.6874999403953552
vt 0.5624999403953552 0.75
vt 0.6249999403953552 0.3125
vt 0.6249999403953552 0.25
vt 0.5624999403953552 0.25
vt 0.5624999403953552 0.3125
vt 0.6249999403953552 0.8125
vt 0.6249999403953552 0.75
vt 0.5624999403953552 0.75
vt 0.5624998807907104 0.8124999403953552
vt 0.6249999403953552 0.375
vt 0.6249999403953552 0.3125
vt 0.5624999403953552 0.3125
vt 0.5624999403953552 0.375
vt 0.5624998807907104 0.18750005960464478
vt 0.5624998807907104 0.125
vt 0.49999985098838806 0.12500011920928955
vt 0.49999988079071045 0.18750005960464478
vt 0.5624999403953552 0.6874999403953552
vt 0.5624999403953552 0.6249998807907104
vt 0.49999991059303284 0.6249998807907104
vt 0.49999991059303284 0.6874999403953552
vt 0.5624999403953552 0.25
vt 0.5624998807907104 0.18750005960464478
vt 0.49999988079071045 0.18750005960464478
vt 0.49999991059303284 0.25
vt 0.5624999403953552 0.75
vt 0.5624999403953552 0.6874999403953552
vt 0.49999991059303284 0.6874999403953552
vt 0.49999991059303284 0.75
vt 0.5624999403953552 0.3125
vt 0.5624999403953552 0.25
vt 0.49999991059303284 0.25
vt 0.49999991059303284 0.3125000596046448
vt 0.5624998807907104 0.8124999403953552
vt 0.5624999403953552 0.75
vt 0.49999991059303284 0.75
vt 0.49999988079071045 0.8124999403953552
vt 0.5624999403953552 0.375
vt 0.5624999403953552 0.3125
vt 0.49999991059303284 0.3125000596046448
vt 0.4999999403953552 0.375
vt 0.5624998211860657 0.875
vt 0.5624998807907104 0.8124999403953552
vt 0.49999988079071045 0.8124999403953552
vt 0.4999998211860657 0.8749999403953552
vt 0.5624999403953552 0.4375
vt 0.5624999403953552 0.375
vt 0.4999999403953552 0.375
vt 0.4999999403953552 0.4375
vt 0.5624997615814209 0.9375000596046448
vt 0.5624998211860657 0.875
vt 0.4999998211860657 0.8749999403953552
vt 0.4999997317790985 0.9375000596046448
vt 0.5624999403953552 0.5
vt 0.5624999403953552 0.4375
vt 0.4999999403953552 0.4375
vt 0.4999999403953552 0.5
vt 0.5624997615814209 0.06250005960464478
vt 0.5312495827674866 0
vt 0.4999997317790985 0.06250005960464478
vt 0.5312495827674866 1
vt 0.5624997615814209 0.9375000596046448
vt 0.4999997317790985 0.9375000596046448
vt 0.5624999403953552 0.5624999403953552
vt 0.5624999403953552 0.5
vt 0.4999999403953552 0.5
vt 0.4999999403953552 0.5624999403953552
vt 0.5624998807907104 0.125
vt 0.5624997615814209 0.06250005960464478
vt 0.4999997317790985 0.06250005960464478
vt 0.49999985098838806 0.12500011920928955
vt 0.5624999403953552 0.6249998807907104
vt 0.5624999403953552 0.5624999403953552
vt 0.4999999403953552 0.5624999403953552
vt 0.49999991059303284 0.6249998807907104
vt 0.4999999403953552 0.4375
vt 0.4999999403953552 0.375
vt 0.4374999403953552 0.375
vt 0.4374999403953552 0.4375
vt 0.4999997317790985 0.9375000596046448
vt 0.4999998211860657 0.8749999403953552
vt 0.4374998211860657 0.8749999403953552
vt 0.4374997317790985 0.9375000596046448
vt 0.4999999403953552 0.5
vt 0.4999999403953552 0.4375
vt 0.4374999403953552 0.4375
vt 0.4374999403953552 0.5
vt 0.4999997317790985 0.06250005960464478
vt 0.4687495231628418 0
vt 0.4374997317790985 0.06250005960464478
vt 0.4687495827674866 1
vt 0.4999997317790985 0.9375000596046448
vt 0.4374997317790985 0.9375000596046448
vt 0.4999999403953552 0.5624999403953552
vt 0.4999999403953552 0.5
vt 0.4374999403953552 0.5
vt 0.4374999403953552 0.5624998807907104
vt 0.49999985098838806 0.12500011920928955
vt 0.4999997317790985 0.06250005960464478
vt 0.4374997317790985 0.06250005960464478
vt 0.43749985098838806 0.12500011920928955
vt 0.49999991059303284 0.6249998807907104
vt 0.4999999403953552 0.5624999403953552
vt 0.4374999403953552 0.5624998807907104
vt 0.43749991059303284 0.6249998807907104
vt 0.49999988079071045 0.18750005960464478
vt 0.49999985098838806 0.12500011920928955
vt 0.43749985098838806 0.12500011920928955
vt 0.43749988079071045 0.18750011920928955
vt 0.49999991059303284 0.6874999403953552
vt 0.49999991059303284 0.6249998807907104
vt 0.43749991059303284 0.6249998807907104
vt 0.43749991059303284 0.6874999403953552
vt 0.49999991059303284 0.25
vt 0.49999988079071045 0.18750005960464478
vt 0.43749988079071045 0.18750011920928955
vt 0.43749991059303284 0.25000011920928955
vt 0.49999991059303284 0.75
vt 0.49999991059303284 0.6874999403953552
vt 0.43749991059303284 0.6874999403953552
vt 0.43749991059303284 0.7499998807907104
vt 0.49999991059303284 0.3125000596046448
vt 0.49999991059303284 0.25
vt 0.43749991059303284 0.25000011920928955
vt 0.43749991059303284 0.3125000596046448
vt 0.49999988079071045 0.8124999403953552
vt 0.49999991059303284 0.75
vt 0.43749991059303284 0.7499998807907104
vt 0.43749988079071045 0.8124999403953552
vt 0.4999999403953552 0.375
vt 0.49999991059303284 0.3125000596046448
vt 0.43749991059303284 0.3125000596046448
vt 0.4374999403953552 0.375
vt 0.4999998211860657 0.8749999403953552
vt 0.49999988079071045 0.8124999403953552
vt 0.43749988079071045 0.8124999403953552
vt 0.4374998211860657 0.8749999403953552
vt 0.43749991059303284 0.6874999403953552
vt 0.43749991059303284 0.6249998807907104
vt 0.3749999403953552 0.6249998807907104
vt 0.3749999403953552 0.6874998807907104
vt 0.43749991059303284 0.25000011920928955
vt 0.43749988079071045 0.18750011920928955
vt 0.37499988079071045 0.18750011920928955
vt 0.3749999403953552 0.25000011920928955
vt 0.43749991059303284 0.7499998807907104
vt 0.43749991059303284 0.6874999403953552
vt 0.3749999403953552 0.6874998807907104
vt 0.3749999403953552 0.7499998807907104
vt 0.43749991059303284 0.3125000596046448
vt 0.43749991059303284 0.25000011920928955
vt 0.3749999403953552 0.25000011920928955
vt 0.3749999403953552 0.31250011920928955
vt 0.43749988079071045 0.8124999403953552
vt 0.43749991059303284 0.7499998807907104
vt 0.3749999403953552 0.7499998807907104
vt 0.37499988079071045 0.8124999403953552
vt 0.4374999403953552 0.375
vt 0.43749991059303284 0.3125000596046448
vt 0.3749999403953552 0.31250011920928955
vt 0.3749999403953552 0.3750000596046448
vt 0.4374998211860657 0.8749999403953552
vt 0.43749988079071045 0.8124999403953552
vt 0.37499988079071045 0.8124999403953552
vt 0.37499985098838806 0.8749998807907104
vt 0.4374999403953552 0.4375
vt 0.4374999403953552 0.375
vt 0.3749999403953552 0.3750000596046448
vt 0.3749999403953552 0.4375
vt 0.4374997317790985 0.9375000596046448
vt 0.4374998211860657 0.8749999403953552
vt 0.37499985098838806 0.8749998807907104
vt 0.3749997615814209 0.9375000596046448
vt 0.4374999403953552 0.5
vt 0.4374999403953552 0.4375
vt 0.3749999403953552 0.4375
vt 0.3749999403953552 0.5
vt 0.4374997317790985 0.06250005960464478
vt 0.4062495231628418 0
vt 0.3749997615814209 0.06250005960464478
vt 0.40624964237213135 1
vt 0.4374997317790985 0.9375000596046448
vt 0.3749997615814209 0.9375000596046448
vt 0.4374999403953552 0.5624998807907104
vt 0.4374999403953552 0.5
vt 0.3749999403953552 0.5
vt 0.3749999403953552 0.5624998807907104
vt 0.43749985098838806 0.12500011920928955
vt 0.4374997317790985 0.06250005960464478
vt 0.3749997615814209 0.06250005960464478
vt 0.37499988079071045 0.12500011920928955
vt 0.43749991059303284 0.6249998807907104
vt 0.4374999403953552 0.5624998807907104
vt 0.3749999403953552 0.5624998807907104
vt 0.3749999403953552 0.6249998807907104
vt 0.43749988079071045 0.18750011920928955
vt 0.43749985098838806 0.12500011920928955
vt 0.37499988079071045 0.12500011920928955
vt 0.37499988079071045 0.18750011920928955
vt 0.3749997615814209 0.9375000596046448
vt 0.37499985098838806 0.8749998807907104
vt 0.31249988079071045 0.8749998807907104
vt 0.31249985098838806 0.9375000596046448
vt 0.3749999403953552 0.5
vt 0.3749999403953552 0.4375
vt 0.3124999701976776 0.4375
vt 0.3124999403953552 0.5
vt 0.3749997615814209 0.06250005960464478
vt 0.3437495827674866 0
vt 0.31249985098838806 0.06250005960464478
vt 0.3437497615814209 1
vt 0.3749997615814209 0.9375000596046448
vt 0.31249985098838806 0.9375000596046448
vt 0.3749999403953552 0.5624998807907104
vt 0.3749999403953552 0.5
vt 0.3124999403953552 0.5
vt 0.3124999701976776 0.5624998807907104
vt 0.37499988079071045 0.12500011920928955
vt 0.3749997615814209 0.06250005960464478
vt 0.31249985098838806 0.06250005960464478
vt 0.31249991059303284 0.12500011920928955
vt 0.3749999403953552 0.6249998807907104
vt 0.3749999403953552 0.5624998807907104
vt 0.3124999701976776 0.5624998807907104
vt 0.3124999403953552 0.6249998807907104
vt 0.37499988079071045 0.18750011920928955
vt 0.37499988079071045 0.12500011920928955
vt 0.31249991059303284 0.12500011920928955
vt 0.3124999403953552 0.18750011920928955
vt 0.3749999403953552 0.6874998807907104
vt 0.3749999403953552 0.6249998807907104
vt 0.3124999403953552 0.6249998807907104
vt 0.3124999403953552 0.6874998807907104
vt 0.3749999403953552 0.25000011920928955
vt 0.37499988079071045 0.18750011920928955
vt 0.3124999403953552 0.18750011920928955
vt 0.3124999701976776 0.25000011920928955
vt 0.3749999403953552 0.7499998807907104
vt 0.3749999403953552 0.6874998807907104
vt 0.3124999403953552 0.6874998807907104
vt 0.3124999701976776 0.7499998807907104
vt 0.3749999403953552 0.31250011920928955
vt 0.3749999403953552 0.25000011920928955
vt 0.3124999701976776 0.25000011920928955
vt 0.3124999403953552 0.31250011920928955
vt 0.37499988079071045 0.8124999403953552
vt 0.3749999403953552 0.7499998807907104
vt 0.3124999701976776 0.7499998807907104
vt 0.3124999403953552 0.8124999403953552
vt 0.3749999403953552 0.3750000596046448
vt 0.3749999403953552 0.31250011920928955
vt 0.3124999403953552 0.31250011920928955
vt 0.3124999403953552 0.3750000596046448
vt 0.37499985098838806 0.8749998807907104
vt 0.37499988079071045 0.8124999403953552
vt 0.3124999403953552 0.8124999403953552
vt 0.31249988079071045 0.8749998807907104
vt 0.3749999403953552 0.4375
vt 0.3749999403953552 0.3750000596046448
vt 0.3124999403953552 0.3750000596046448
vt 0.3124999701976776 0.4375
vt 0.3124999701976776 0.25000011920928955
vt 0.3124999403953552 0.18750011920928955
vt 0.2499999701976776 0.18750011920928955
vt 0.25 0.25000011920928955
vt 0.3124999701976776 0.7499998807907104
vt 0.3124999403953552 0.6874998807907104
vt 0.2499999701976776 0.6874999403953552
vt 0.25 0.7499998807907104
vt 0.3124999403953552 0.31250011920928955
vt 0.3124999701976776 0.25000011920928955
vt 0.25 0.25000011920928955
vt 0.2499999701976776 0.3125000596046448
vt 0.3124999403953552 0.8124999403953552
vt 0.3124999701976776 0.7499998807907104
vt 0.25 0.7499998807907104
vt 0.2499999701976776 0.8124999403953552
vt 0.3124999403953552 0.3750000596046448
vt 0.3124999403953552 0.31250011920928955
vt 0.2499999701976776 0.3125000596046448
vt 0.2499999701976776 0.3750000596046448
vt 0.31249988079071045 0.8749998807907104
vt 0.3124999403953552 0.8124999403953552
vt 0.2499999701976776 0.8124999403953552
vt 0.24999994039535522 0.8749998807907104
vt 0.3124999701976776 0.4375
vt 0.3124999403953552 0.3750000596046448
vt 0.2499999701976776 0.3750000596046448
vt 0.2499999701976776 0.4375
vt 0.31249985098838806 0.9375000596046448
vt 0.31249988079071045 0.8749998807907104
vt 0.24999994039535522 0.8749998807907104
vt 0.2499999701976776 0.9374998211860657
vt 0.3124999403953552 0.5
vt 0.3124999701976776 0.4375
vt 0.2499999701976776 0.4375
vt 0.2499999701976776 0.5
vt 0.31249985098838806 0.06250005960464478
vt 0.2812497615814209 0
vt 0.2499999701976776 0.06250005960464478
vt 0.28124988079071045 1
vt 0.31249985098838806 0.9375000596046448
vt 0.2499999701976776 0.9374998211860657
vt 0.3124999701976776 0.5624998807907104
vt 0.3124999403953552 0.5
vt 0.2499999701976776 0.5
vt 0.2499999701976776 0.5624998807907104
vt 0.31249991059303284 0.12500011920928955
vt 0.31249985098838806 0.06250005960464478
vt 0.2499999701976776 0.06250005960464478
vt 0.2499999701976776 0.12500011920928955
vt 0.3124999403953552 0.6249998807907104
vt 0.3124999701976776 0.5624998807907104
vt 0.2499999701976776 0.5624998807907104
vt 0.2499999701976776 0.6249998807907104
vt 0.3124999403953552 0.18750011920928955
vt 0.31249991059303284 0.12500011920928955
vt 0.2499999701976776 0.12500011920928955
vt 0.2499999701976776 0.18750011920928955
vt 0.3124999403953552 0.6874998807907104
vt 0.3124999403953552 0.6249998807907104
vt 0.2499999701976776 0.6249998807907104
vt 0.2499999701976776 0.6874999403953552
vt 0.2499999701976776 0.5
vt 0.2499999701976776 0.4375
vt 0.1875 0.4375
vt 0.1875 0.5
vt 0.2499999701976776 0.06250005960464478
vt 0.21874991059303284 0
vt 0.18750005960464478 0.06250005960464478
vt 0.21875005960464478 1
vt 0.2499999701976776 0.9374998211860657
vt 0.18750005960464478 0.9374998211860657
vt 0.2499999701976776 0.5624998807907104
vt 0.2499999701976776 0.5
vt 0.1875 0.5
vt 0.1875 0.5624998807907104
vt 0.2499999701976776 0.12500011920928955
vt 0.2499999701976776 0.06250005960464478
vt 0.18750005960464478 0.06250005960464478
vt 0.1875 0.12500011920928955
vt 0.2499999701976776 0.6249998807907104
vt 0.2499999701976776 0.5624998807907104
vt 0.1875 0.5624998807907104
vt 0.1874999701976776 0.6249998807907104
vt 0.2499999701976776 0.18750011920928955
vt 0.2499999701976776 0.12500011920928955
vt 0.1875 0.12500011920928955
vt 0.1875 0.18750011920928955
vt 0.2499999701976776 0.6874999403953552
vt 0.2499999701976776 0.6249998807907104
vt 0.1874999701976776 0.6249998807907104
vt 0.1875 0.6874999403953552
vt 0.25 0.25000011920928955
vt 0.2499999701976776 0.18750011920928955
vt 0.1875 0.18750011920928955
vt 0.1875 0.25
vt 0.25 0.7499998807907104
vt 0.2499999701976776 0.6874999403953552
vt 0.1875 0.6874999403953552
vt 0.1875 0.75
vt 0.2499999701976776 0.3125000596046448
vt 0.25 0.25000011920928955
vt 0.1875 0.25
vt 0.1875 0.3125000596046448
vt 0.2499999701976776 0.8124999403953552
vt 0.25 0.7499998807907104
vt 0.1875 0.75
vt 0.1875 0.8124999403953552
vt 0.2499999701976776 0.3750000596046448
vt 0.2499999701976776 0.3125000596046448
vt 0.1875 0.3125000596046448
vt 0.1875 0.3750000596046448
vt 0.24999994039535522 0.8749998807907104
vt 0.2499999701976776 0.8124999403953552
vt 0.1875 0.8124999403953552
vt 0.1874999701976776 0.8749998807907104
vt 0.2499999701976776 0.4375
vt 0.2499999701976776 0.3750000596046448
vt 0.1875 0.3750000596046448
vt 0.1875 0.4375
vt 0.2499999701976776 0.9374998211860657
vt 0.24999994039535522 0.8749998807907104
vt 0.1874999701976776 0.8749998807907104
vt 0.18750005960464478 0.9374998211860657
vt 0.1875 0.75
vt 0.1875 0.6874999403953552
vt 0.12499997019767761 0.6874999403953552
vt 0.125 0.75
vt 0.1875 0.3125000596046448
vt 0.1875 0.25
vt 0.125 0.25
vt 0.12499997019767761 0.3125
vt 0.1875 0.8124999403953552
vt 0.1875 0.75
vt 0.125 0.75
vt 0.125 0.8124999403953552
vt 0.1875 0.3750000596046448
vt 0.1875 0.3125000596046448
vt 0.12499997019767761 0.3125
vt 0.125 0.375
vt 0.1874999701976776 0.8749998807907104
vt 0.1875 0.8124999403953552
vt 0.125 0.8124999403953552
vt 0.125 0.8749998807907104
vt 0.1875 0.4375
vt 0.1875 0.3750000596046448
vt 0.125 0.375
vt 0.125 0.4375
vt 0.18750005960464478 0.9374998211860657
vt 0.1874999701976776 0.8749998807907104
vt 0.125 0.8749998807907104
vt 0.12500014901161194 0.9375000596046448
vt 0.1875 0.5
vt 0.1875 0.4375
vt 0.125 0.4375
vt 0.125 0.5
vt 0.18750005960464478 0.06250005960464478
vt 0.15625008940696716 0
vt 0.12500014901161194 0.06250005960464478
vt 0.15625017881393433 1
vt 0.18750005960464478 0.9374998211860657
vt 0.12500014901161194 0.9375000596046448
vt 0.1875 0.5624998807907104
vt 0.1875 0.5
vt 0.125 0.5
vt 0.125 0.5624999403953552
vt 0.1875 0.12500011920928955
vt 0.18750005960464478 0.06250005960464478
vt 0.12500014901161194 0.06250005960464478
vt 0.12500005960464478 0.12500011920928955
vt 0.1874999701976776 0.6249998807907104
vt 0.1875 0.5624998807907104
vt 0.125 0.5624999403953552
vt 0.12499997019767761 0.6249998807907104
vt 0.1875 0.18750011920928955
vt 0.1875 0.12500011920928955
vt 0.12500005960464478 0.12500011920928955
vt 0.125 0.18750011920928955
vt 0.1875 0.6874999403953552
vt 0.1874999701976776 0.6249998807907104
vt 0.12499997019767761 0.6249998807907104
vt 0.12499997019767761 0.6874999403953552
vt 0.1875 0.25
vt 0.1875 0.18750011920928955
vt 0.125 0.18750011920928955
vt 0.125 0.25
vt 0.09375029802322388 1
vt 0.12500014901161194 0.9375000596046448
vt 0.06250020861625671 0.9375000596046448
vt 0.125 0.5624999403953552
vt 0.125 0.5
vt 0.06250002980232239 0.5
vt 0.06250002980232239 0.5624999403953552
vt 0.12500005960464478 0.12500011920928955
vt 0.12500014901161194 0.06250005960464478
vt 0.06250017881393433 0.06250005960464478
vt 0.06250005960464478 0.12500011920928955
vt 0.12499997019767761 0.6249998807907104
vt 0.125 0.5624999403953552
vt 0.06250002980232239 0.5624999403953552
vt 0.0625 0.6249998807907104
vt 0.125 0.18750011920928955
vt 0.12500005960464478 0.12500011920928955
vt 0.06250005960464478 0.12500011920928955
vt 0.06250002980232239 0.18750005960464478
vt 0.12499997019767761 0.6874999403953552
vt 0.12499997019767761 0.6249998807907104
vt 0.0625 0.6249998807907104
vt 0.0625 0.6874999403953552
vt 0.125 0.25
vt 0.125 0.18750011920928955
vt 0.06250002980232239 0.18750005960464478
vt 0.06250002980232239 0.25
vt 0.125 0.75
vt 0.12499997019767761 0.6874999403953552
vt 0.0625 0.6874999403953552
vt 0.06250002980232239 0.75
vt 0.12499997019767761 0.3125
vt 0.125 0.25
vt 0.06250002980232239 0.25
vt 0.0625 0.3125
vt 0.125 0.8124999403953552
vt 0.125 0.75
vt 0.06250002980232239 0.75
vt 0.06250002980232239 0.8124999403953552
vt 0.125 0.375
vt 0.12499997019767761 0.3125
vt 0.0625 0.3125
vt 0.06250002980232239 0.375
vt 0.125 0.8749998807907104
vt 0.125 0.8124999403953552
vt 0.06250002980232239 0.8124999403953552
vt 0.06250005960464478 0.8749999403953552
vt 0.125 0.4375
vt 0.125 0.375
vt 0.06250002980232239 0.375
vt 0.06250002980232239 0.4375
vt 0.12500014901161194 0.9375000596046448
vt 0.125 0.8749998807907104
vt 0.06250005960464478 0.8749999403953552
vt 0.06250020861625671 0.9375000596046448
vt 0.125 0.5
vt 0.125 0.4375
vt 0.06250002980232239 0.4375
vt 0.06250002980232239 0.5
vt 0.12500014901161194 0.06250005960464478
vt 0.09375026822090149 0
vt 0.06250017881393433 0.06250005960464478
vt 0.06250002980232239 0.8124999403953552
vt 0.06250002980232239 0.75
vt 2.9802322387695312e-8 0.75
vt 2.9802322387695312e-8 0.8124999403953552
vt 0.06250002980232239 0.375
vt 0.0625 0.3125
vt 0 0.3125
vt 0 0.375
vt 0.06250005960464478 0.8749999403953552
vt 0.06250002980232239 0.8124999403953552
vt 2.9802322387695312e-8 0.8124999403953552
vt 2.9802322387695312e-8 0.8749999403953552
vt 0.06250002980232239 0.4375
vt 0.06250002980232239 0.375
vt 0 0.375
vt 2.9802322387695312e-8 0.4375
vt 0.06250020861625671 0.9375000596046448
vt 0.06250005960464478 0.8749999403953552
vt 2.9802322387695312e-8 0.8749999403953552
vt 2.384185791015625e-7 0.9375000596046448
vt 0.06250002980232239 0.5
vt 0.06250002980232239 0.4375
vt 2.9802322387695312e-8 0.4375
vt 0 0.5
vt 0.06250017881393433 0.06250005960464478
vt 0.03125035762786865 0
vt 2.384185791015625e-7 0.06250005960464478
vt 0.03125035762786865 1
vt 0.06250020861625671 0.9375000596046448
vt 2.384185791015625e-7 0.9375000596046448
vt 0.06250002980232239 0.5624999403953552
vt 0.06250002980232239 0.5
vt 0 0.5
vt 2.9802322387695312e-8 0.5624999403953552
vt 0.06250005960464478 0.12500011920928955
vt 0.06250017881393433 0.06250005960464478
vt 2.384185791015625e-7 0.06250005960464478
vt 8.940696716308594e-8 0.125
vt 0.0625 0.6249998807907104
vt 0.06250002980232239 0.5624999403953552
vt 2.9802322387695312e-8 0.5624999403953552
vt 0 0.6249999403953552
vt 0.06250002980232239 0.18750005960464478
vt 0.06250005960464478 0.12500011920928955
vt 8.940696716308594e-8 0.125
vt 2.9802322387695312e-8 0.18750005960464478
vt 0.0625 0.6874999403953552
vt 0.0625 0.6249998807907104
vt 0 0.6249999403953552
vt 0 0.6874999403953552
vt 0.06250002980232239 0.25
vt 0.06250002980232239 0.18750005960464478
vt 2.9802322387695312e-8 0.18750005960464478
vt 2.9802322387695312e-8 0.25
vt 0.06250002980232239 0.75
vt 0.0625 0.6874999403953552
vt 0 0.6874999403953552
vt 2.9802322387695312e-8 0.75
vt 0.0625 0.3125
vt 0.06250002980232239 0.25
vt 2.9802322387695312e-8 0.25
vt 0 0.3125
vt 1.0000001192092896 0.125
vt 1.000000238418579 0.06250005960464478
vt 0.9375001788139343 0.06250005960464478
vt 0.9375000596046448 0.125
vt 1 0.6249999403953552
vt 1 0.5624999403953552
vt 0.9375 0.5624999403953552
vt 0.9375 0.6249999403953552
vt 1 0.18750005960464478
vt 1.0000001192092896 0.125
vt 0.9375000596046448 0.125
vt 0.9375 0.1875
vt 1 0.6874999403953552
vt 1 0.6249999403953552
vt 0.9375 0.6249999403953552
vt 0.9374999403953552 0.6875000596046448
vt 1 0.25
vt 1 0.18750005960464478
vt 0.9375 0.1875
vt 0.9375 0.24999994039535522
vt 1 0.75
vt 1 0.6874999403953552
vt 0.9374999403953552 0.6875000596046448
vt 0.9375 0.75
vt 1 0.3125
vt 1 0.25
vt 0.9375 0.24999994039535522
vt 0.9374999403953552 0.3125
vt 1 0.8124999403953552
vt 1 0.75
vt 0.9375 0.75
vt 0.9375 0.8125
vt 1 0.375
vt 1 0.3125
vt 0.9374999403953552 0.3125
vt 0.9375 0.375
vt 1 0.8749999403953552
vt 1 0.8124999403953552
vt 0.9375 0.8125
vt 0.9375 0.875
vt 1 0.4375
vt 1 0.375
vt 0.9375 0.375
vt 0.9375 0.4375
vt 1.000000238418579 0.9375000596046448
vt 1 0.8749999403953552
vt 0.9375 0.875
vt 0.9375001788139343 0.9375000596046448
vt 1 0.5
vt 1 0.4375
vt 0.9375 0.4375
vt 0.9375 0.5
vt 1.000000238418579 0.06250005960464478
vt 0.9687504172325134 0
vt 0.9375001788139343 0.06250005960464478
vt 0.9687503576278687 1
vt 1.000000238418579 0.9375000596046448
vt 0.9375001788139343 0.9375000596046448
vt 1 0.5624999403953552
vt 1 0.5
vt 0.9375 0.5
vt 0.9375 0.5624999403953552
vt 0.9375 0.375
vt 0.9374999403953552 0.3125
vt 0.8749998807907104 0.3125
vt 0.8749999403953552 0.375
vt 0.9375 0.875
vt 0.9375 0.8125
vt 0.875 0.8125
vt 0.875 0.875
vt 0.9375 0.4375
vt 0.9375 0.375
vt 0.8749999403953552 0.375
vt 0.875 0.4374999403953552
vt 0.9375001788139343 0.9375000596046448
vt 0.9375 0.875
vt 0.875 0.875
vt 0.8750001192092896 0.9375000596046448
vt 0.9375 0.5
vt 0.9375 0.4375
vt 0.875 0.4374999403953552
vt 0.8749999403953552 0.5
vt 0.9375001788139343 0.06250005960464478
vt 0.9062503576278687 0
vt 0.8750001192092896 0.062499940395355225
vt 0.9062502384185791 1
vt 0.9375001788139343 0.9375000596046448
vt 0.8750001192092896 0.9375000596046448
vt 0.9375 0.5624999403953552
vt 0.9375 0.5
vt 0.8749999403953552 0.5
vt 0.875 0.5625
vt 0.9375000596046448 0.125
vt 0.9375001788139343 0.06250005960464478
vt 0.8750001192092896 0.062499940395355225
vt 0.875 0.125
vt 0.9375 0.6249999403953552
vt 0.9375 0.5624999403953552
vt 0.875 0.5625
vt 0.8749999403953552 0.625
vt 0.9375 0.1875
vt 0.9375000596046448 0.125
vt 0.875 0.125
vt 0.875 0.1875
vt 0.9374999403953552 0.6875000596046448
vt 0.9375 0.6249999403953552
vt 0.8749999403953552 0.625
vt 0.8749998807907104 0.6875000596046448
vt 0.9375 0.24999994039535522
vt 0.9375 0.1875
vt 0.875 0.1875
vt 0.875 0.24999994039535522
vt 0.9375 0.75
vt 0.9374999403953552 0.6875000596046448
vt 0.8749998807907104 0.6875000596046448
vt 0.875 0.7500000596046448
vt 0.9374999403953552 0.3125
vt 0.9375 0.24999994039535522
vt 0.875 0.24999994039535522
vt 0.8749998807907104 0.3125
vt 0.9375 0.8125
vt 0.9375 0.75
vt 0.875 0.7500000596046448
vt 0.875 0.8125
vt 0.8749999403953552 0.625
vt 0.875 0.5625
vt 0.8124999403953552 0.5625
vt 0.8124999403953552 0.625
vt 0.875 0.1875
vt 0.875 0.125
vt 0.8125 0.125
vt 0.8124999403953552 0.1875
vt 0.8749998807907104 0.6875000596046448
vt 0.8749999403953552 0.625
vt 0.8124999403953552 0.625
vt 0.8124998807907104 0.6875000596046448
vt 0.875 0.24999994039535522
vt 0.875 0.1875
vt 0.8124999403953552 0.1875
vt 0.8124999403953552 0.24999988079071045
vt 0.875 0.7500000596046448
vt 0.8749998807907104 0.6875000596046448
vt 0.8124998807907104 0.6875000596046448
vt 0.8124999403953552 0.7500000596046448
vt 0.8749998807907104 0.3125
vt 0.875 0.24999994039535522
vt 0.8124999403953552 0.24999988079071045
vt 0.8124998807907104 0.3124999403953552
vt 0.875 0.8125
vt 0.875 0.7500000596046448
vt 0.8124999403953552 0.7500000596046448
vt 0.8124999403953552 0.8125
vt 0.8749999403953552 0.375
vt 0.8749998807907104 0.3125
vt 0.8124998807907104 0.3124999403953552
vt 0.8124999403953552 0.375
vt 0.875 0.875
vt 0.875 0.8125
vt 0.8124999403953552 0.8125
vt 0.8124999403953552 0.875
vt 0.875 0.4374999403953552
vt 0.8749999403953552 0.375
vt 0.8124999403953552 0.375
vt 0.8124999403953552 0.4374999403953552
vt 0.8750001192092896 0.9375000596046448
vt 0.875 0.875
vt 0.8124999403953552 0.875
vt 0.8125 0.9375001192092896
vt 0.8749999403953552 0.5
vt 0.875 0.4374999403953552
vt 0.8124999403953552 0.4374999403953552
vt 0.8124999403953552 0.5
vt 0.8750001192092896 0.062499940395355225
vt 0.8437502384185791 0
vt 0.8125 0.062499940395355225
vt 0.8437501192092896 1
vt 0.8750001192092896 0.9375000596046448
vt 0.8125 0.9375001192092896
vt 0.875 0.5625
vt 0.8749999403953552 0.5
vt 0.8124999403953552 0.5
vt 0.8124999403953552 0.5625
vt 0.875 0.125
vt 0.8750001192092896 0.062499940395355225
vt 0.8125 0.062499940395355225
vt 0.8125 0.125
vt 0.8124999403953552 0.875
vt 0.8124999403953552 0.8125
vt 0.75 0.8125
vt 0.75 0.875
vt 0.8124999403953552 0.4374999403953552
vt 0.8124999403953552 0.375
vt 0.75 0.375
vt 0.75 0.4375
vt 0.8125 0.9375001192092896
vt 0.8124999403953552 0.875
vt 0.75 0.875
vt 0.75 0.9375001192092896
vt 0.8124999403953552 0.5
vt 0.8124999403953552 0.4374999403953552
vt 0.75 0.4375
vt 0.75 0.5
vt 0.8125 0.062499940395355225
vt 0.7812501192092896 0
vt 0.75 0.062499940395355225
vt 0.78125 1
vt 0.8125 0.9375001192092896
vt 0.75 0.9375001192092896
vt 0.8124999403953552 0.5625
vt 0.8124999403953552 0.5
vt 0.75 0.5
vt 0.75 0.5624999403953552
vt 0.8125 0.125
vt 0.8125 0.062499940395355225
vt 0.75 0.062499940395355225
vt 0.7499999403953552 0.125
vt 0.8124999403953552 0.625
vt 0.8124999403953552 0.5625
vt 0.75 0.5624999403953552
vt 0.75 0.6249999403953552
vt 0.8124999403953552 0.1875
vt 0.8125 0.125
vt 0.7499999403953552 0.125
vt 0.7499998807907104 0.1875
vt 0.8124998807907104 0.6875000596046448
vt 0.8124999403953552 0.625
vt 0.75 0.6249999403953552
vt 0.75 0.6874999403953552
vt 0.8124999403953552 0.24999988079071045
vt 0.8124999403953552 0.1875
vt 0.7499998807907104 0.1875
vt 0.75 0.25
vt 0.8124999403953552 0.7500000596046448
vt 0.8124998807907104 0.6875000596046448
vt 0.75 0.6874999403953552
vt 0.75 0.75
vt 0.8124998807907104 0.3124999403953552
vt 0.8124999403953552 0.24999988079071045
vt 0.75 0.25
vt 0.75 0.3125
vt 0.8124999403953552 0.8125
vt 0.8124999403953552 0.7500000596046448
vt 0.75 0.75
vt 0.75 0.8125
vt 0.8124999403953552 0.375
vt 0.8124998807907104 0.3124999403953552
vt 0.75 0.3125
vt 0.75 0.375
vn 0.17278655292012238 -0.4643064151373438 -0.8686566410223838
vn 0.17278655292012238 -0.4643064151373438 -0.8686566410223838
vn 0.17278655292012238 -0.4643064151373438 -0.8686566410223838
vn 0.17278655292012238 -0.4643064151373438 -0.8686566410223838
vn 0.12519572271021462 0.766928469215556 -0.6294019019050952
vn 0.12519572271021462 0.766928469215556 -0.6294019019050952
vn 0.12519572271021462 0.766928469215556 -0.6294019019050952
vn 0.12519572271021462 0.766928469215556 -0.6294019019050952
vn 0.15197529736124235 -0.6270244448301708 -0.7640313177988046
vn 0.15197529736124235 -0.6270244448301708 -0.7640313177988046
vn 0.15197529736124235 -0.6270244448301708 -0.7640313177988046
vn 0.15197529736124235 -0.6270244448301708 -0.7640313177988046
vn 0.15197529736124235 0.6270244448301708 -0.7640313177988046
vn 0.15197529736124235 0.6270244448301708 -0.7640313177988046
vn 0.15197529736124235 0.6270244448301708 -0.7640313177988046
vn 0.15197529736124235 0.6270244448301708 -0.7640313177988046
vn 0.12519582743592944 -0.7669283525643547 -0.6294020232137469
vn 0.12519582743592944 -0.7669283525643547 -0.6294020232137469
vn 0.12519582743592944 -0.7669283525643547 -0.6294020232137469
vn 0.12519582743592944 -0.7669283525643547 -0.6294020232137469
vn 0.1727865457473677 0.46430648526990825 -0.8686566049625118
vn 0.1727865457473677 0.46430648526990825 -0.8686566049625118
vn 0.1727865457473677 0.46430648526990825 -0.8686566049625118
vn 0.1727865457473677 0.46430648526990825 -0.8686566049625118
vn 0.09335713203886345 -0.8780696500574164 -0.4693379758186254
vn 0.09335713203886345 -0.8780696500574164 -0.4693379758186254
vn 0.09335713203886345 -0.8780696500574164 -0.4693379758186254
vn 0.09335713203886345 -0.8780696500574164 -0.4693379758186254
vn 0.18698985581479932 0.285164590179302 -0.9400616736843552
vn 0.18698985581479932 0.285164590179302 -0.9400616736843552
vn 0.18698985581479932 0.285164590179302 -0.9400616736843552
vn 0.18698985581479932 0.285164590179302 -0.9400616736843552
vn 0.05764514148430725 -0.9553491949442335 -0.2898015758802206
vn 0.05764514148430725 -0.9553491949442335 -0.2898015758802206
vn 0.05764514148430725 -0.9553491949442335 -0.2898015758802206
vn 0.05764514148430725 -0.9553491949442335 -0.2898015758802206
vn 0.19418642390118857 0.09615150324406384 -0.9762410159363182
vn 0.19418642390118857 0.09615150324406384 -0.9762410159363182
vn 0.19418642390118857 0.09615150324406384 -0.9762410159363182
vn 0.19418642390118857 0.09615150324406384 -0.9762410159363182
vn 0.019493109107328155 0.9949956432739823 -0.09799841102346601
vn 0.019493109107328155 0.9949956432739823 -0.09799841102346601
vn 0.019493109107328155 0.9949956432739823 -0.09799841102346601
vn 0.019493085072937177 -0.9949956524615227 -0.09799832252139708
vn 0.019493085072937177 -0.9949956524615227 -0.09799832252139708
vn 0.019493085072937177 -0.9949956524615227 -0.09799832252139708
vn 0.19418642106698347 -0.0961512038897653 -0.976241045983903
vn 0.19418642106698347 -0.0961512038897653 -0.976241045983903
vn 0.19418642106698347 -0.0961512038897653 -0.976241045983903
vn 0.19418642106698347 -0.0961512038897653 -0.976241045983903
vn 0.05764502498318772 0.9553490588781094 -0.2898020476038741
vn 0.05764502498318772 0.9553490588781094 -0.2898020476038741
vn 0.05764502498318772 0.9553490588781094 -0.2898020476038741
vn 0.05764502498318772 0.9553490588781094 -0.2898020476038741
vn 0.18698985581479932 -0.285164590179302 -0.9400616736843552
vn 0.18698985581479932 -0.285164590179302 -0.9400616736843552
vn 0.18698985581479932 -0.285164590179302 -0.9400616736843552
vn 0.18698985581479932 -0.285164590179302 -0.9400616736843552
vn 0.09335680729571877 0.8780697281817305 -0.4693378942536094
vn 0.09335680729571877 0.8780697281817305 -0.4693378942536094
vn 0.09335680729571877 0.8780697281817305 -0.4693378942536094
vn 0.09335680729571877 0.8780697281817305 -0.4693378942536094
vn 0.5325021439320656 -0.2851645485438957 -0.7969458243579105
vn 0.5325021439320656 -0.2851645485438957 -0.7969458243579105
vn 0.5325021439320656 -0.2851645485438957 -0.7969458243579105
vn 0.5325021439320656 -0.2851645485438957 -0.7969458243579105
vn 0.2658586199960712 0.8780696974593287 -0.39788541136546784
vn 0.2658586199960712 0.8780696974593287 -0.39788541136546784
vn 0.2658586199960712 0.8780696974593287 -0.39788541136546784
vn 0.2658586199960712 0.8780696974593287 -0.39788541136546784
vn 0.4920544530640676 -0.46430649469384877 -0.7364114978766507
vn 0.4920544530640676 -0.46430649469384877 -0.7364114978766507
vn 0.4920544530640676 -0.46430649469384877 -0.7364114978766507
vn 0.4920544530640676 -0.46430649469384877 -0.7364114978766507
vn 0.35652765544044335 0.766928368378985 -0.5335812109526427
vn 0.35652765544044335 0.766928368378985 -0.5335812109526427
vn 0.35652765544044335 0.766928368378985 -0.5335812109526427
vn 0.35652765544044335 0.766928368378985 -0.5335812109526427
vn 0.43278902253750257 -0.6270244046889313 -0.6477144879462897
vn 0.43278902253750257 -0.6270244046889313 -0.6477144879462897
vn 0.43278902253750257 -0.6270244046889313 -0.6477144879462897
vn 0.43278902253750257 -0.6270244046889313 -0.6477144879462897
vn 0.43278902253750257 0.6270244046889313 -0.6477144879462897
vn 0.43278902253750257 0.6270244046889313 -0.6477144879462897
vn 0.43278902253750257 0.6270244046889313 -0.6477144879462897
vn 0.43278902253750257 0.6270244046889313 -0.6477144879462897
vn 0.35652764076532945 -0.7669284009191938 -0.5335811739874603
vn 0.35652764076532945 -0.7669284009191938 -0.5335811739874603
vn 0.35652764076532945 -0.7669284009191938 -0.5335811739874603
vn 0.35652764076532945 -0.7669284009191938 -0.5335811739874603
vn 0.49205435806905634 0.4643066086302093 -0.7364114895135481
vn 0.49205435806905634 0.4643066086302093 -0.7364114895135481
vn 0.49205435806905634 0.4643066086302093 -0.7364114895135481
vn 0.49205435806905634 0.4643066086302093 -0.7364114895135481
vn 0.2658586199960712 -0.8780696974593287 -0.39788541136546784
vn 0.2658586199960712 -0.8780696974593287 -0.39788541136546784
vn 0.2658586199960712 -0.8780696974593287 -0.39788541136546784
vn 0.2658586199960712 -0.8780696974593287 -0.39788541136546784
vn 0.5325020668830793 0.2851645988067712 -0.7969458578552383
vn 0.5325020668830793 0.2851645988067712 -0.7969458578552383
vn 0.5325020668830793 0.2851645988067712 -0.7969458578552383
vn 0.5325020668830793 0.2851645988067712 -0.7969458578552383
vn 0.164159483800313 -0.9553491883090552 -0.24568189244558483
vn 0.164159483800313 -0.9553491883090552 -0.24568189244558483
vn 0.164159483800313 -0.9553491883090552 -0.24568189244558483
vn 0.164159483800313 -0.9553491883090552 -0.24568189244558483
vn 0.552996038289226 0.09615148584766794 -0.8276172263828894
vn 0.552996038289226 0.09615148584766794 -0.8276172263828894
vn 0.552996038289226 0.09615148584766794 -0.8276172263828894
vn 0.552996038289226 0.09615148584766794 -0.8276172263828894
vn 0.05551163072097623 0.9949956473452717 -0.0830790022729068
vn 0.05551163072097623 0.9949956473452717 -0.0830790022729068
vn 0.05551163072097623 0.9949956473452717 -0.0830790022729068
vn 0.05551161235808868 -0.9949956520694159 -0.08307895796387443
vn 0.05551161235808868 -0.9949956520694159 -0.08307895796387443
vn 0.05551161235808868 -0.9949956520694159 -0.08307895796387443
vn 0.5529961273822759 -0.09615136140196326 -0.8276171813107525
vn 0.5529961273822759 -0.09615136140196326 -0.8276171813107525
vn 0.5529961273822759 -0.09615136140196326 -0.8276171813107525
vn 0.5529961273822759 -0.09615136140196326 -0.8276171813107525
vn 0.1641596684213329 0.955349075780174 -0.24568220666089222
vn 0.1641596684213329 0.955349075780174 -0.24568220666089222
vn 0.1641596684213329 0.955349075780174 -0.24568220666089222
vn 0.1641596684213329 0.955349075780174 -0.24568220666089222
vn 0.39788552115997605 -0.8780696766824131 -0.2658585242983504
vn 0.39788552115997605 -0.8780696766824131 -0.2658585242983504
vn 0.39788552115997605 -0.8780696766824131 -0.2658585242983504
vn 0.39788552115997605 -0.8780696766824131 -0.2658585242983504
vn 0.7969458614015961 0.2851646214035762 -0.5325020494745752
vn 0.7969458614015961 0.2851646214035762 -0.5325020494745752
vn 0.7969458614015961 0.2851646214035762 -0.5325020494745752
vn 0.7969458614015961 0.2851646214035762 -0.5325020494745752
vn 0.24568197947268233 -0.9553491807153554 -0.1641593977476889
vn 0.24568197947268233 -0.9553491807153554 -0.1641593977476889
vn 0.24568197947268233 -0.9553491807153554 -0.1641593977476889
vn 0.24568197947268233 -0.9553491807153554 -0.1641593977476889
vn 0.827617204838482 0.09615164033263474 -0.5529960436718168
vn 0.827617204838482 0.09615164033263474 -0.5529960436718168
vn 0.827617204838482 0.09615164033263474 -0.5529960436718168
vn 0.827617204838482 0.09615164033263474 -0.5529960436718168
vn 0.08307901732892542 0.9949956491999224 -0.055511574945094504
vn 0.08307901732892542 0.9949956491999224 -0.055511574945094504
vn 0.08307901732892542 0.9949956491999224 -0.055511574945094504
vn 0.0830789803159661 -0.9949956520736065 -0.05551157883070985
vn 0.0830789803159661 -0.9949956520736065 -0.05551157883070985
vn 0.0830789803159661 -0.9949956520736065 -0.05551157883070985
vn 0.827617204838482 -0.09615164033263474 -0.5529960436718168
vn 0.827617204838482 -0.09615164033263474 -0.5529960436718168
vn 0.827617204838482 -0.09615164033263474 -0.5529960436718168
vn 0.827617204838482 -0.09615164033263474 -0.5529960436718168
vn 0.24568226627369577 0.9553490758119028 -0.16415957901981887
vn 0.24568226627369577 0.9553490758119028 -0.16415957901981887
vn 0.24568226627369577 0.9553490758119028 -0.16415957901981887
vn 0.24568226627369577 0.9553490758119028 -0.16415957901981887
vn 0.796945930560249 -0.28516441620595184 -0.5325020558583576
vn 0.796945930560249 -0.28516441620595184 -0.5325020558583576
vn 0.796945930560249 -0.28516441620595184 -0.5325020558583576
vn 0.796945930560249 -0.28516441620595184 -0.5325020558583576
vn 0.39788552115997605 0.8780696766824131 -0.2658585242983504
vn 0.39788552115997605 0.8780696766824131 -0.2658585242983504
vn 0.39788552115997605 0.8780696766824131 -0.2658585242983504
vn 0.39788552115997605 0.8780696766824131 -0.2658585242983504
vn 0.7364115575546003 -0.4643064947400681 -0.4920543637060836
vn 0.7364115575546003 -0.4643064947400681 -0.4920543637060836
vn 0.7364115575546003 -0.4643064947400681 -0.4920543637060836
vn 0.7364115575546003 -0.4643064947400681 -0.4920543637060836
vn 0.5335813001780769 0.7669283848871709 -0.35652748639428733
vn 0.5335813001780769 0.7669283848871709 -0.35652748639428733
vn 0.5335813001780769 0.7669283848871709 -0.35652748639428733
vn 0.5335813001780769 0.7669283848871709 -0.35652748639428733
vn 0.6477145317545385 -0.6270244490017677 -0.43278889277340354
vn 0.6477145317545385 -0.6270244490017677 -0.43278889277340354
vn 0.6477145317545385 -0.6270244490017677 -0.43278889277340354
vn 0.6477145317545385 -0.6270244490017677 -0.43278889277340354
vn 0.6477145317545385 0.6270244490017677 -0.43278889277340354
vn 0.6477145317545385 0.6270244490017677 -0.43278889277340354
vn 0.6477145317545385 0.6270244490017677 -0.43278889277340354
vn 0.6477145317545385 0.6270244490017677 -0.43278889277340354
vn 0.533581330717406 -0.7669283356391919 -0.3565275466265424
vn 0.533581330717406 -0.7669283356391919 -0.3565275466265424
vn 0.533581330717406 -0.7669283356391919 -0.3565275466265424
vn 0.533581330717406 -0.7669283356391919 -0.3565275466265424
vn 0.7364114793235167 0.46430663200772715 -0.492054351260296
vn 0.7364114793235167 0.46430663200772715 -0.492054351260296
vn 0.7364114793235167 0.46430663200772715 -0.492054351260296
vn 0.7364114793235167 0.46430663200772715 -0.492054351260296
vn 0.4693379551723282 0.8780696710355516 -0.09335703852509507
vn 0.4693379551723282 0.8780696710355516 -0.09335703852509507
vn 0.4693379551723282 0.8780696710355516 -0.09335703852509507
vn 0.4693379551723282 0.8780696710355516 -0.09335703852509507
vn 0.8686566550037522 -0.4643064822151792 -0.17278630238146087
vn 0.8686566550037522 -0.4643064822151792 -0.17278630238146087
vn 0.8686566550037522 -0.4643064822151792 -0.17278630238146087
vn 0.8686566550037522 -0.4643064822151792 -0.17278630238146087
vn 0.6294020662513259 0.7669283323773365 -0.12519573473357407
vn 0.6294020662513259 0.7669283323773365 -0.12519573473357407
vn 0.6294020662513259 0.7669283323773365 -0.12519573473357407
vn 0.6294020662513259 0.7669283323773365 -0.12519573473357407
vn 0.764031316927912 -0.6270245037200898 -0.15197505876944245
vn 0.764031316927912 -0.6270245037200898 -0.15197505876944245
vn 0.764031316927912 -0.6270245037200898 -0.15197505876944245
vn 0.764031316927912 -0.6270245037200898 -0.15197505876944245
vn 0.764031316927912 0.6270245037200898 -0.15197505876944245
vn 0.764031316927912 0.6270245037200898 -0.15197505876944245
vn 0.764031316927912 0.6270245037200898 -0.15197505876944245
vn 0.764031316927912 0.6270245037200898 -0.15197505876944245
vn 0.6294020938486726 -0.7669283064001434 -0.1251957551241834
vn 0.6294020938486726 -0.7669283064001434 -0.1251957551241834
vn 0.6294020938486726 -0.7669283064001434 -0.1251957551241834
vn 0.6294020938486726 -0.7669283064001434 -0.1251957551241834
vn 0.8686565202670601 0.46430671439120536 -0.1727863558524408
vn 0.8686565202670601 0.46430671439120536 -0.1727863558524408
vn 0.8686565202670601 0.46430671439120536 -0.1727863558524408
vn 0.8686565202670601 0.46430671439120536 -0.1727863558524408
vn 0.46933792864984697 -0.8780696810201122 -0.09335707795293
vn 0.46933792864984697 -0.8780696810201122 -0.09335707795293
vn 0.46933792864984697 -0.8780696810201122 -0.09335707795293
vn 0.46933792864984697 -0.8780696810201122 -0.09335707795293
vn 0.9400617299806088 0.28516445188556455 -0.186989783695983
vn 0.9400617299806088 0.28516445188556455 -0.186989783695983
vn 0.9400617299806088 0.28516445188556455 -0.186989783695983
vn 0.9400617299806088 0.28516445188556455 -0.186989783695983
vn 0.28980157687595454 -0.9553491982267333 -0.057645082077730614
vn 0.28980157687595454 -0.9553491982267333 -0.057645082077730614
vn 0.28980157687595454 -0.9553491982267333 -0.057645082077730614
vn 0.28980157687595454 -0.9553491982267333 -0.057645082077730614
vn 0.9762410267304862 0.09615176823754819 -0.19418623842332192
vn 0.9762410267304862 0.09615176823754819 -0.19418623842332192
vn 0.9762410267304862 0.09615176823754819 -0.19418623842332192
vn 0.9762410267304862 0.09615176823754819 -0.19418623842332192
vn 0.0979983594449985 0.9949956491180855 -0.019493070106275247
vn 0.0979983594449985 0.9949956491180855 -0.019493070106275247
vn 0.0979983594449985 0.9949956491180855 -0.019493070106275247
vn 0.09799832836890301 -0.9949956522277206 -0.019493067609627362
vn 0.09799832836890301 -0.9949956522277206 -0.019493067609627362
vn 0.09799832836890301 -0.9949956522277206 -0.019493067609627362
vn 0.9762410267304862 -0.09615176823754819 -0.19418623842332192
vn 0.9762410267304862 -0.09615176823754819 -0.19418623842332192
vn 0.9762410267304862 -0.09615176823754819 -0.19418623842332192
vn 0.9762410267304862 -0.09615176823754819 -0.19418623842332192
vn 0.28980195304166767 0.9553490805239842 -0.05764514164448945
vn 0.28980195304166767 0.9553490805239842 -0.05764514164448945
vn 0.28980195304166767 0.9553490805239842 -0.05764514164448945
vn 0.28980195304166767 0.9553490805239842 -0.05764514164448945
vn 0.9400617707223652 -0.28516436311600385 -0.1869897142491413
vn 0.9400617707223652 -0.28516436311600385 -0.1869897142491413
vn 0.9400617707223652 -0.28516436311600385 -0.1869897142491413
vn 0.9400617707223652 -0.28516436311600385 -0.1869897142491413
vn 0.9400616952947348 0.28516444772312594 0.18698996442149934
vn 0.9400616952947348 0.28516444772312594 0.18698996442149934
vn 0.9400616952947348 0.28516444772312594 0.18698996442149934
vn 0.9400616952947348 0.28516444772312594 0.18698996442149934
vn 0.28980158071406364 -0.9553491899152495 0.05764520052793855
vn 0.28980158071406364 -0.9553491899152495 0.05764520052793855
vn 0.28980158071406364 -0.9553491899152495 0.05764520052793855
vn 0.28980158071406364 -0.9553491899152495 0.05764520052793855
vn 0.9762409843827157 0.09615174600545785 0.1941864623282696
vn 0.9762409843827157 0.09615174600545785 0.1941864623282696
vn 0.9762409843827157 0.09615174600545785 0.1941864623282696
vn 0.9762409843827157 0.09615174600545785 0.1941864623282696
vn 0.09799838888638487 0.9949956454534553 0.019493109150026538
vn 0.09799838888638487 0.9949956454534553 0.019493109150026538
vn 0.09799838888638487 0.9949956454534553 0.019493109150026538
vn 0.09799832985772598 -0.9949956513015081 0.019493107401951586
vn 0.09799832985772598 -0.9949956513015081 0.019493107401951586
vn 0.09799832985772598 -0.9949956513015081 0.019493107401951586
vn 0.9762409843827157 -0.09615174600545785 0.1941864623282696
vn 0.9762409843827157 -0.09615174600545785 0.1941864623282696
vn 0.9762409843827157 -0.09615174600545785 0.1941864623282696
vn 0.9762409843827157 -0.09615174600545785 0.1941864623282696
vn 0.28980192399975924 0.9553490830307327 0.05764524610387288
vn 0.28980192399975924 0.9553490830307327 0.05764524610387288
vn 0.28980192399975924 0.9553490830307327 0.05764524610387288
vn 0.28980192399975924 0.9553490830307327 0.05764524610387288
vn 0.9400616608497813 -0.2851645266813335 0.18699001717461264
vn 0.9400616608497813 -0.2851645266813335 0.18699001717461264
vn 0.9400616608497813 -0.2851645266813335 0.18699001717461264
vn 0.9400616608497813 -0.2851645266813335 0.18699001717461264
vn 0.46933792475279734 0.8780696698808337 0.09335720231509231
vn 0.46933792475279734 0.8780696698808337 0.09335720231509231
vn 0.46933792475279734 0.8780696698808337 0.09335720231509231
vn 0.46933792475279734 0.8780696698808337 0.09335720231509231
vn 0.8686565323726491 -0.464306539990821 0.1727867636367936
vn 0.8686565323726491 -0.464306539990821 0.1727867636367936
vn 0.8686565323726491 -0.464306539990821 0.1727867636367936
vn 0.8686565323726491 -0.464306539990821 0.1727867636367936
vn 0.6294021026589798 0.7669282575308837 0.12519601019640195
vn 0.6294021026589798 0.7669282575308837 0.12519601019640195
vn 0.6294021026589798 0.7669282575308837 0.12519601019640195
vn 0.6294021026589798 0.7669282575308837 0.12519601019640195
vn 0.7640312739554453 -0.6270244577651255 0.15197546440912657
vn 0.7640312739554453 -0.6270244577651255 0.15197546440912657
vn 0.7640312739554453 -0.6270244577651255 0.15197546440912657
vn 0.7640312739554453 -0.6270244577651255 0.15197546440912657
vn 0.7640312739554453 0.6270244577651255 0.15197546440912657
vn 0.7640312739554453 0.6270244577651255 0.15197546440912657
vn 0.7640312739554453 0.6270244577651255 0.15197546440912657
vn 0.7640312739554453 0.6270244577651255 0.15197546440912657
vn 0.6294021026589798 -0.7669282575308837 0.12519601019640195
vn 0.6294021026589798 -0.7669282575308837 0.12519601019640195
vn 0.6294021026589798 -0.7669282575308837 0.12519601019640195
vn 0.6294021026589798 -0.7669282575308837 0.12519601019640195
vn 0.8686563403347399 0.46430695015494 0.17278662689593355
vn 0.8686563403347399 0.46430695015494 0.17278662689593355
vn 0.8686563403347399 0.46430695015494 0.17278662689593355
vn 0.8686563403347399 0.46430695015494 0.17278662689593355
vn 0.46933797124825294 -0.8780696415068504 0.09335723543788842
vn 0.46933797124825294 -0.8780696415068504 0.09335723543788842
vn 0.46933797124825294 -0.8780696415068504 0.09335723543788842
vn 0.46933797124825294 -0.8780696415068504 0.09335723543788842
vn 0.7364113302507438 -0.4643065315502074 0.49205466915592433
vn 0.7364113302507438 -0.4643065315502074 0.49205466915592433
vn 0.7364113302507438 -0.4643065315502074 0.49205466915592433
vn 0.7364113302507438 -0.4643065315502074 0.49205466915592433
vn 0.5335813166571738 0.7669282297590324 0.3565277954284542
vn 0.5335813166571738 0.7669282297590324 0.3565277954284542
vn 0.5335813166571738 0.7669282297590324 0.3565277954284542
vn 0.5335813166571738 0.7669282297590324 0.3565277954284542
vn 0.6477143769778559 -0.6270244126665477 0.432789177055479
vn 0.6477143769778559 -0.6270244126665477 0.432789177055479
vn 0.6477143769778559 -0.6270244126665477 0.432789177055479
vn 0.6477143769778559 -0.6270244126665477 0.432789177055479
vn 0.6477143769778559 0.6270244126665477 0.432789177055479
vn 0.6477143769778559 0.6270244126665477 0.432789177055479
vn 0.6477143769778559 0.6270244126665477 0.432789177055479
vn 0.6477143769778559 0.6270244126665477 0.432789177055479
vn 0.5335812688315119 -0.7669282131510111 0.3565279027301383
vn 0.5335812688315119 -0.7669282131510111 0.3565279027301383
vn 0.5335812688315119 -0.7669282131510111 0.3565279027301383
vn 0.5335812688315119 -0.7669282131510111 0.3565279027301383
vn 0.7364111285634031 0.4643069939656875 0.49205453466310234
vn 0.7364111285634031 0.4643069939656875 0.49205453466310234
vn 0.7364111285634031 0.4643069939656875 0.49205453466310234
vn 0.7364111285634031 0.4643069939656875 0.49205453466310234
vn 0.3978854708555212 -0.8780696314374824 0.2658587490178269
vn 0.3978854708555212 -0.8780696314374824 0.2658587490178269
vn 0.3978854708555212 -0.8780696314374824 0.2658587490178269
vn 0.3978854708555212 -0.8780696314374824 0.2658587490178269
vn 0.796945703547189 0.2851644798917392 0.5325023615025101
vn 0.796945703547189 0.2851644798917392 0.5325023615025101
vn 0.796945703547189 0.2851644798917392 0.5325023615025101
vn 0.796945703547189 0.2851644798917392 0.5325023615025101
vn 0.24568183703962732 -0.9553492046359234 0.164159471704628
vn 0.24568183703962732 -0.9553492046359234 0.164159471704628
vn 0.24568183703962732 -0.9553492046359234 0.164159471704628
vn 0.24568183703962732 -0.9553492046359234 0.164159471704628
vn 0.8276169654566168 0.09615164767129826 0.552996400655986
vn 0.8276169654566168 0.09615164767129826 0.552996400655986
vn 0.8276169654566168 0.09615164767129826 0.552996400655986
vn 0.8276169654566168 0.09615164767129826 0.552996400655986
vn 0.08307905636723079 0.9949956409556088 0.055511664291999704
vn 0.08307905636723079 0.9949956409556088 0.055511664291999704
vn 0.08307905636723079 0.9949956409556088 0.055511664291999704
vn 0.08307896774917237 -0.9949956504039003 0.05551162756622739
vn 0.08307896774917237 -0.9949956504039003 0.05551162756622739
vn 0.08307896774917237 -0.9949956504039003 0.05551162756622739
vn 0.8276169654566168 -0.09615164767129826 0.552996400655986
vn 0.8276169654566168 -0.09615164767129826 0.552996400655986
vn 0.8276169654566168 -0.09615164767129826 0.552996400655986
vn 0.8276169654566168 -0.09615164767129826 0.552996400655986
vn 0.24568219085622023 0.9553490722668205 0.16415971252110872
vn 0.24568219085622023 0.9553490722668205 0.16415971252110872
vn 0.24568219085622023 0.9553490722668205 0.16415971252110872
vn 0.24568219085622023 0.9553490722668205 0.16415971252110872
vn 0.7969456411614143 -0.28516465771052724 0.5325023596442181
vn 0.7969456411614143 -0.28516465771052724 0.5325023596442181
vn 0.7969456411614143 -0.28516465771052724 0.5325023596442181
vn 0.7969456411614143 -0.28516465771052724 0.5325023596442181
vn 0.39788537997617907 0.8780696939571464 0.2658586785403381
vn 0.39788537997617907 0.8780696939571464 0.2658586785403381
vn 0.39788537997617907 0.8780696939571464 0.2658586785403381
vn 0.39788537997617907 0.8780696939571464 0.2658586785403381
vn 0.16415930320525976 -0.955349210433408 0.2456819270834291
vn 0.16415930320525976 -0.955349210433408 0.2456819270834291
vn 0.16415930320525976 -0.955349210433408 0.2456819270834291
vn 0.16415930320525976 -0.955349210433408 0.2456819270834291
vn 0.5529958082098752 0.09615141732931648 0.8276173880772871
vn 0.5529958082098752 0.09615141732931648 0.8276173880772871
vn 0.5529958082098752 0.09615141732931648 0.8276173880772871
vn 0.5529958082098752 0.09615141732931648 0.8276173880772871
vn 0.055511674702566405 0.9949956344060025 0.08307912785238628
vn 0.055511674702566405 0.9949956344060025 0.08307912785238628
vn 0.055511674702566405 0.9949956344060025 0.08307912785238628
vn 0.05551157501381637 -0.9949956504317009 0.08307900253061391
vn 0.05551157501381637 -0.9949956504317009 0.08307900253061391
vn 0.05551157501381637 -0.9949956504317009 0.08307900253061391
vn 0.5529958082098752 -0.09615141732931648 0.8276173880772871
vn 0.5529958082098752 -0.09615141732931648 0.8276173880772871
vn 0.5529958082098752 -0.09615141732931648 0.8276173880772871
vn 0.5529958082098752 -0.09615141732931648 0.8276173880772871
vn 0.16415959111549672 0.9553490594850121 0.2456823216796353
vn 0.16415959111549672 0.9553490594850121 0.2456823216796353
vn 0.16415959111549672 0.9553490594850121 0.2456823216796353
vn 0.16415959111549672 0.9553490594850121 0.2456823216796353
vn 0.532501965232861 -0.2851645486053301 0.7969459437388831
vn 0.532501965232861 -0.2851645486053301 0.7969459437388831
vn 0.532501965232861 -0.2851645486053301 0.7969459437388831
vn 0.532501965232861 -0.2851645486053301 0.7969459437388831
vn 0.26585840720980886 0.8780696836867502 0.3978855839385414
vn 0.26585840720980886 0.8780696836867502 0.3978855839385414
vn 0.26585840720980886 0.8780696836867502 0.3978855839385414
vn 0.26585840720980886 0.8780696836867502 0.3978855839385414
vn 0.4920541725443189 -0.46430663210015294 0.7364115986793925
vn 0.4920541725443189 -0.46430663210015294 0.7364115986793925
vn 0.4920541725443189 -0.46430663210015294 0.7364115986793925
vn 0.4920541725443189 -0.46430663210015294 0.7364115986793925
vn 0.3565275648390224 0.7669281318942863 0.5335816113951987
vn 0.3565275648390224 0.7669281318942863 0.5335816113951987
vn 0.3565275648390224 0.7669281318942863 0.5335816113951987
vn 0.3565275648390224 0.7669281318942863 0.5335816113951987
vn 0.4327887948252939 -0.6270243605956715 0.6477146827834451
vn 0.4327887948252939 -0.6270243605956715 0.6477146827834451
vn 0.4327887948252939 -0.6270243605956715 0.6477146827834451
vn 0.4327887948252939 -0.6270243605956715 0.6477146827834451
vn 0.4327887948252939 0.6270243605956715 0.6477146827834451
vn 0.4327887948252939 0.6270243605956715 0.6477146827834451
vn 0.4327887948252939 0.6270243605956715 0.6477146827834451
vn 0.4327887948252939 0.6270243605956715 0.6477146827834451
vn 0.3565275745553553 -0.7669281482918643 0.5335815813343711
vn 0.3565275745553553 -0.7669281482918643 0.5335815813343711
vn 0.3565275745553553 -0.7669281482918643 0.5335815813343711
vn 0.3565275745553553 -0.7669281482918643 0.5335815813343711
vn 0.49205402227358414 0.46430707794684206 0.7364114179810444
vn 0.49205402227358414 0.46430707794684206 0.7364114179810444
vn 0.49205402227358414 0.46430707794684206 0.7364114179810444
vn 0.49205402227358414 0.46430707794684206 0.7364114179810444
vn 0.2658585299265267 -0.8780695968407694 0.3978856935970363
vn 0.2658585299265267 -0.8780695968407694 0.3978856935970363
vn 0.2658585299265267 -0.8780695968407694 0.3978856935970363
vn 0.2658585299265267 -0.8780695968407694 0.3978856935970363
vn 0.5325019670911316 0.2851643707865432 0.7969460061246246
vn 0.5325019670911316 0.2851643707865432 0.7969460061246246
vn 0.5325019670911316 0.2851643707865432 0.7969460061246246
vn 0.5325019670911316 0.2851643707865432 0.7969460061246246
vn 0.1251957288677418 0.7669281493076832 0.629402290488974
vn 0.1251957288677418 0.7669281493076832 0.629402290488974
vn 0.1251957288677418 0.7669281493076832 0.629402290488974
vn 0.1251957288677418 0.7669281493076832 0.629402290488974
vn 0.15197504048924554 -0.6270243109648086 0.7640314787542455
vn 0.15197504048924554 -0.6270243109648086 0.7640314787542455
vn 0.15197504048924554 -0.6270243109648086 0.7640314787542455
vn 0.15197504048924554 -0.6270243109648086 0.7640314787542455
vn 0.15197504048924554 0.6270243109648086 0.7640314787542455
vn 0.15197504048924554 0.6270243109648086 0.7640314787542455
vn 0.15197504048924554 0.6270243109648086 0.7640314787542455
vn 0.15197504048924554 0.6270243109648086 0.7640314787542455
vn 0.1251957345907493 -0.766928124761224 0.6294023192605149
vn 0.1251957345907493 -0.766928124761224 0.6294023192605149
vn 0.1251957345907493 -0.766928124761224 0.6294023192605149
vn 0.1251957345907493 -0.766928124761224 0.6294023192605149
vn 0.17278616305983074 0.4643072235095739 0.8686562864861407
vn 0.17278616305983074 0.4643072235095739 0.8686562864861407
vn 0.17278616305983074 0.4643072235095739 0.8686562864861407
vn 0.17278616305983074 0.4643072235095739 0.8686562864861407
vn 0.09335701569366976 -0.8780695473145952 0.4693381911793603
vn 0.09335701569366976 -0.8780695473145952 0.4693381911793603
vn 0.09335701569366976 -0.8780695473145952 0.4693381911793603
vn 0.09335701569366976 -0.8780695473145952 0.4693381911793603
vn 0.18698966857701857 0.28516421262718955 0.9400618254573324
vn 0.18698966857701857 0.28516421262718955 0.9400618254573324
vn 0.18698966857701857 0.28516421262718955 0.9400618254573324
vn 0.18698966857701857 0.28516421262718955 0.9400618254573324
vn 0.0576450194561084 -0.9553492099655065 0.2898015506345465
vn 0.0576450194561084 -0.9553492099655065 0.2898015506345465
vn 0.0576450194561084 -0.9553492099655065 0.2898015506345465
vn 0.0576450194561084 -0.9553492099655065 0.2898015506345465
vn 0.19418611604733227 0.09615141642003304 0.9762410857236411
vn 0.19418611604733227 0.09615141642003304 0.9762410857236411
vn 0.19418611604733227 0.09615141642003304 0.9762410857236411
vn 0.19418611604733227 0.09615141642003304 0.9762410857236411
vn 0.01949309508323868 0.9949956284380909 0.09799856444440659
vn 0.01949309508323868 0.9949956284380909 0.09799856444440659
vn 0.01949309508323868 0.9949956284380909 0.09799856444440659
vn 0.019493055210777148 -0.9949956494071014 0.09799835947346404
vn 0.019493055210777148 -0.9949956494071014 0.09799835947346404
vn 0.019493055210777148 -0.9949956494071014 0.09799835947346404
vn 0.19418611604733227 -0.09615141642003304 0.9762410857236411
vn 0.19418611604733227 -0.09615141642003304 0.9762410857236411
vn 0.19418611604733227 -0.09615141642003304 0.9762410857236411
vn 0.19418611604733227 -0.09615141642003304 0.9762410857236411
vn 0.057645095595951316 0.955349058232462 0.28980203568657326
vn 0.057645095595951316 0.955349058232462 0.28980203568657326
vn 0.057645095595951316 0.955349058232462 0.28980203568657326
vn 0.057645095595951316 0.955349058232462 0.28980203568657326
vn 0.1869895855523211 -0.2851644082519018 0.9400617826299045
vn 0.1869895855523211 -0.2851644082519018 0.9400617826299045
vn 0.1869895855523211 -0.2851644082519018 0.9400617826299045
vn 0.1869895855523211 -0.2851644082519018 0.9400617826299045
vn 0.09335694597990712 0.8780696415189596 0.46933802880234454
vn 0.09335694597990712 0.8780696415189596 0.46933802880234454
vn 0.09335694597990712 0.8780696415189596 0.46933802880234454
vn 0.09335694597990712 0.8780696415189596 0.46933802880234454
vn 0.17278615180180956 -0.46430677602477344 0.8686565279113504
vn 0.17278615180180956 -0.46430677602477344 0.8686565279113504
vn 0.17278615180180956 -0.46430677602477344 0.8686565279113504
vn 0.17278615180180956 -0.46430677602477344 0.8686565279113504
vn -0.19418674857769358 0.09615161344352308 0.9762409405003617
vn -0.19418674857769358 0.09615161344352308 0.9762409405003617
vn -0.19418674857769358 0.09615161344352308 0.9762409405003617
vn -0.19418674857769358 0.09615161344352308 0.9762409405003617
vn -0.01949318321476344 0.9949956229401112 0.09799860273583463
vn -0.01949318321476344 0.9949956229401112 0.09799860273583463
vn -0.01949318321476344 0.9949956229401112 0.09799860273583463
vn -0.019493093648285102 -0.9949956502689616 0.09799834307714361
vn -0.019493093648285102 -0.9949956502689616 0.09799834307714361
vn -0.019493093648285102 -0.9949956502689616 0.09799834307714361
vn -0.19418674857769358 -0.09615161344352308 0.9762409405003617
vn -0.19418674857769358 -0.09615161344352308 0.9762409405003617
vn -0.19418674857769358 -0.09615161344352308 0.9762409405003617
vn -0.19418674857769358 -0.09615161344352308 0.9762409405003617
vn -0.057645311442666596 0.9553490545845156 0.2898020047776592
vn -0.057645311442666596 0.9553490545845156 0.2898020047776592
vn -0.057645311442666596 0.9553490545845156 0.2898020047776592
vn -0.057645311442666596 0.9553490545845156 0.2898020047776592
vn -0.18699028786550337 -0.2851643587119242 0.9400616579588773
vn -0.18699028786550337 -0.2851643587119242 0.9400616579588773
vn -0.18699028786550337 -0.2851643587119242 0.9400616579588773
vn -0.18699028786550337 -0.2851643587119242 0.9400616579588773
vn -0.09335734241713324 0.8780696070253063 0.4693380144791535
vn -0.09335734241713324 0.8780696070253063 0.4693380144791535
vn -0.09335734241713324 0.8780696070253063 0.4693380144791535
vn -0.09335734241713324 0.8780696070253063 0.4693380144791535
vn -0.17278686109412625 -0.4643066510304489 0.8686564536352263
vn -0.17278686109412625 -0.4643066510304489 0.8686564536352263
vn -0.17278686109412625 -0.4643066510304489 0.8686564536352263
vn -0.17278686109412625 -0.4643066510304489 0.8686564536352263
vn -0.12519620967699127 0.7669280544306142 0.6294023104579359
vn -0.12519620967699127 0.7669280544306142 0.6294023104579359
vn -0.12519620967699127 0.7669280544306142 0.6294023104579359
vn -0.12519620967699127 0.7669280544306142 0.6294023104579359
vn -0.15197556506702337 -0.6270243831002799 0.764031315209182
vn -0.15197556506702337 -0.6270243831002799 0.764031315209182
vn -0.15197556506702337 -0.6270243831002799 0.764031315209182
vn -0.15197556506702337 -0.6270243831002799 0.764031315209182
vn -0.15197556506702337 0.6270243831002799 0.764031315209182
vn -0.15197556506702337 0.6270243831002799 0.764031315209182
vn -0.15197556506702337 0.6270243831002799 0.764031315209182
vn -0.15197556506702337 0.6270243831002799 0.764031315209182
vn -0.12519619823093436 -0.7669281035235416 0.6294022529148627
vn -0.12519619823093436 -0.7669281035235416 0.6294022529148627
vn -0.12519619823093436 -0.7669281035235416 0.6294022529148627
vn -0.12519619823093436 -0.7669281035235416 0.6294022529148627
vn -0.17278672072731993 0.46430731967196837 0.8686561241592278
vn -0.17278672072731993 0.46430731967196837 0.8686561241592278
vn -0.17278672072731993 0.46430731967196837 0.8686561241592278
vn -0.17278672072731993 0.46430731967196837 0.8686561241592278
vn -0.09335741332468216 -0.8780695135773714 0.4693381752034696
vn -0.09335741332468216 -0.8780695135773714 0.4693381752034696
vn -0.09335741332468216 -0.8780695135773714 0.4693381752034696
vn -0.09335741332468216 -0.8780695135773714 0.4693381752034696
vn -0.1869902300489779 0.28516397400868054 0.9400617861575944
vn -0.1869902300489779 0.28516397400868054 0.9400617861575944
vn -0.1869902300489779 0.28516397400868054 0.9400617861575944
vn -0.1869902300489779 0.28516397400868054 0.9400617861575944
vn -0.05764521402108719 -0.9553492240507395 0.2898014655002852
vn -0.05764521402108719 -0.9553492240507395 0.2898014655002852
vn -0.05764521402108719 -0.9553492240507395 0.2898014655002852
vn -0.05764521402108719 -0.9553492240507395 0.2898014655002852
vn -0.4327892992236808 -0.6270244929851445 0.6477142175946098
vn -0.4327892992236808 -0.6270244929851445 0.6477142175946098
vn -0.4327892992236808 -0.6270244929851445 0.6477142175946098
vn -0.4327892992236808 -0.6270244929851445 0.6477142175946098
vn -0.4327892992236808 0.6270244929851445 0.6477142175946098
vn -0.4327892992236808 0.6270244929851445 0.6477142175946098
vn -0.4327892992236808 0.6270244929851445 0.6477142175946098
vn -0.4327892992236808 0.6270244929851445 0.6477142175946098
vn -0.35652808836608985 -0.7669279849041016 0.5335814728576657
vn -0.35652808836608985 -0.7669279849041016 0.5335814728576657
vn -0.35652808836608985 -0.7669279849041016 0.5335814728576657
vn -0.35652808836608985 -0.7669279849041016 0.5335814728576657
vn -0.4920545313694093 0.4643072888809412 0.7364109448201197
vn -0.4920545313694093 0.4643072888809412 0.7364109448201197
vn -0.4920545313694093 0.4643072888809412 0.7364109448201197
vn -0.4920545313694093 0.4643072888809412 0.7364109448201197
vn -0.26585895193487513 -0.8780694726258724 0.39788568574228933
vn -0.26585895193487513 -0.8780694726258724 0.39788568574228933
vn -0.26585895193487513 -0.8780694726258724 0.39788568574228933
vn -0.26585895193487513 -0.8780694726258724 0.39788568574228933
vn -0.5325025812868919 0.28516381426171794 0.79694579486845
vn -0.5325025812868919 0.28516381426171794 0.79694579486845
vn -0.5325025812868919 0.28516381426171794 0.79694579486845
vn -0.5325025812868919 0.28516381426171794 0.79694579486845
vn -0.16415946810965887 -0.9553492162043714 0.24568179445707247
vn -0.16415946810965887 -0.9553492162043714 0.24568179445707247
vn -0.16415946810965887 -0.9553492162043714 0.24568179445707247
vn -0.16415946810965887 -0.9553492162043714 0.24568179445707247
vn -0.5529963915443298 0.09615181745035252 0.8276169518200701
vn -0.5529963915443298 0.09615181745035252 0.8276169518200701
vn -0.5529963915443298 0.09615181745035252 0.8276169518200701
vn -0.5529963915443298 0.09615181745035252 0.8276169518200701
vn -0.05551180045670738 0.9949956181717222 0.0830792382555779
vn -0.05551180045670738 0.9949956181717222 0.0830792382555779
vn -0.05551180045670738 0.9949956181717222 0.0830792382555779
vn -0.05551161600317746 -0.9949956506318761 0.08307897274500561
vn -0.05551161600317746 -0.9949956506318761 0.08307897274500561
vn -0.05551161600317746 -0.9949956506318761 0.08307897274500561
vn -0.5529963915443298 -0.09615181745035252 0.8276169518200701
vn -0.5529963915443298 -0.09615181745035252 0.8276169518200701
vn -0.5529963915443298 -0.09615181745035252 0.8276169518200701
vn -0.5529963915443298 -0.09615181745035252 0.8276169518200701
vn -0.16415973971736333 0.9553490571004712 0.24568223165945058
vn -0.16415973971736333 0.9553490571004712 0.24568223165945058
vn -0.16415973971736333 0.9553490571004712 0.24568223165945058
vn -0.16415973971736333 0.9553490571004712 0.24568223165945058
vn -0.5325025556364628 -0.28516421987496365 0.7969456668705459
vn -0.5325025556364628 -0.28516421987496365 0.7969456668705459
vn -0.5325025556364628 -0.28516421987496365 0.7969456668705459
vn -0.5325025556364628 -0.28516421987496365 0.7969456668705459
vn -0.26585885678141263 0.878069572855839 0.3978855281304472
vn -0.26585885678141263 0.878069572855839 0.3978855281304472
vn -0.26585885678141263 0.878069572855839 0.3978855281304472
vn -0.26585885678141263 0.878069572855839 0.3978855281304472
vn -0.4920547528768472 -0.4643066453941017 0.7364112025316976
vn -0.4920547528768472 -0.4643066453941017 0.7364112025316976
vn -0.4920547528768472 -0.4643066453941017 0.7364112025316976
vn -0.4920547528768472 -0.4643066453941017 0.7364112025316976
vn -0.356528042718136 0.7669280745309998 0.5335813745360198
vn -0.356528042718136 0.7669280745309998 0.5335813745360198
vn -0.356528042718136 0.7669280745309998 0.5335813745360198
vn -0.356528042718136 0.7669280745309998 0.5335813745360198
vn -0.08307899013562359 -0.9949956508196147 0.05551158661122973
vn -0.08307899013562359 -0.9949956508196147 0.05551158661122973
vn -0.08307899013562359 -0.9949956508196147 0.05551158661122973
vn -0.8276173402531475 -0.09615212650305811 0.5529957564767074
vn -0.8276173402531475 -0.09615212650305811 0.5529957564767074
vn -0.8276173402531475 -0.09615212650305811 0.5529957564767074
vn -0.8276173402531475 -0.09615212650305811 0.5529957564767074
vn -0.24568237948949373 0.9553490525058964 0.164159545212779
vn -0.24568237948949373 0.9553490525058964 0.164159545212779
vn -0.24568237948949373 0.9553490525058964 0.164159545212779
vn -0.24568237948949373 0.9553490525058964 0.164159545212779
vn -0.7969462132332374 -0.28516394235069903 0.5325018865658695
vn -0.7969462132332374 -0.28516394235069903 0.5325018865658695
vn -0.7969462132332374 -0.28516394235069903 0.5325018865658695
vn -0.7969462132332374 -0.28516394235069903 0.5325018865658695
vn -0.3978857426579416 0.8780695797367215 0.2658585129923721
vn -0.3978857426579416 0.8780695797367215 0.2658585129923721
vn -0.3978857426579416 0.8780695797367215 0.2658585129923721
vn -0.3978857426579416 0.8780695797367215 0.2658585129923721
vn -0.7364116697652846 -0.4643066691413883 0.49205403120423147
vn -0.7364116697652846 -0.4643066691413883 0.49205403120423147
vn -0.7364116697652846 -0.4643066691413883 0.49205403120423147
vn -0.7364116697652846 -0.4643066691413883 0.49205403120423147
vn -0.5335817954646592 0.7669279606342293 0.3565276577576172
vn -0.5335817954646592 0.7669279606342293 0.3565276577576172
vn -0.5335817954646592 0.7669279606342293 0.3565276577576172
vn -0.5335817954646592 0.7669279606342293 0.3565276577576172
vn -0.6477146331873537 -0.6270244894938103 0.43278868230349865
vn -0.6477146331873537 -0.6270244894938103 0.43278868230349865
vn -0.6477146331873537 -0.6270244894938103 0.43278868230349865
vn -0.6477146331873537 -0.6270244894938103 0.43278868230349865
vn -0.6477146331873537 0.6270244894938103 0.43278868230349865
vn -0.6477146331873537 0.6270244894938103 0.43278868230349865
vn -0.6477146331873537 0.6270244894938103 0.43278868230349865
vn -0.6477146331873537 0.6270244894938103 0.43278868230349865
vn -0.5335818511516426 -0.7669278953986505 0.3565277147445664
vn -0.5335818511516426 -0.7669278953986505 0.3565277147445664
vn -0.5335818511516426 -0.7669278953986505 0.3565277147445664
vn -0.5335818511516426 -0.7669278953986505 0.3565277147445664
vn -0.7364113523757403 0.4643073125819929 0.4920538990547894
vn -0.7364113523757403 0.4643073125819929 0.4920538990547894
vn -0.7364113523757403 0.4643073125819929 0.4920538990547894
vn -0.7364113523757403 0.4643073125819929 0.4920538990547894
vn -0.39788594933069327 -0.8780694624026968 0.26585859121166655
vn -0.39788594933069327 -0.8780694624026968 0.26585859121166655
vn -0.39788594933069327 -0.8780694624026968 0.26585859121166655
vn -0.39788594933069327 -0.8780694624026968 0.26585859121166655
vn -0.7969462439183199 0.28516359570261096 0.5325020262782479
vn -0.7969462439183199 0.28516359570261096 0.5325020262782479
vn -0.7969462439183199 0.28516359570261096 0.5325020262782479
vn -0.7969462439183199 0.28516359570261096 0.5325020262782479
vn -0.2456819574908061 -0.9553492127862065 0.16415924400490375
vn -0.2456819574908061 -0.9553492127862065 0.16415924400490375
vn -0.2456819574908061 -0.9553492127862065 0.16415924400490375
vn -0.2456819574908061 -0.9553492127862065 0.16415924400490375
vn -0.8276173402531475 0.09615212650305811 0.5529957564767074
vn -0.8276173402531475 0.09615212650305811 0.5529957564767074
vn -0.8276173402531475 0.09615212650305811 0.5529957564767074
vn -0.8276173402531475 0.09615212650305811 0.5529957564767074
vn -0.08307930503696098 0.9949956148920905 0.055511759295541765
vn -0.08307930503696098 0.9949956148920905 0.055511759295541765
vn -0.08307930503696098 0.9949956148920905 0.055511759295541765
vn -0.6294025855372354 -0.7669279072640981 0.12519572827598505
vn -0.6294025855372354 -0.7669279072640981 0.12519572827598505
vn -0.6294025855372354 -0.7669279072640981 0.12519572827598505
vn -0.6294025855372354 -0.7669279072640981 0.12519572827598505
vn -0.8686563416482813 0.46430713172803423 0.17278613237384075
vn -0.8686563416482813 0.46430713172803423 0.17278613237384075
vn -0.8686563416482813 0.46430713172803423 0.17278613237384075
vn -0.8686563416482813 0.46430713172803423 0.17278613237384075
vn -0.46933828608814265 -0.8780695018515868 0.09335696615652885
vn -0.46933828608814265 -0.8780695018515868 0.09335696615652885
vn -0.46933828608814265 -0.8780695018515868 0.09335696615652885
vn -0.46933828608814265 -0.8780695018515868 0.09335696615652885
vn -0.9400620343127998 0.28516351820592556 0.18698967759771964
vn -0.9400620343127998 0.28516351820592556 0.18698967759771964
vn -0.9400620343127998 0.28516351820592556 0.18698967759771964
vn -0.9400620343127998 0.28516351820592556 0.18698967759771964
vn -0.2898015791163521 -0.9553492056123454 0.05764494841293093
vn -0.2898015791163521 -0.9553492056123454 0.05764494841293093
vn -0.2898015791163521 -0.9553492056123454 0.05764494841293093
vn -0.2898015791163521 -0.9553492056123454 0.05764494841293093
vn -0.9762409870296136 0.0961523438925745 0.19418615297546282
vn -0.9762409870296136 0.0961523438925745 0.19418615297546282
vn -0.9762409870296136 0.0961523438925745 0.19418615297546282
vn -0.9762409870296136 0.0961523438925745 0.19418615297546282
vn -0.09799869881618223 0.9949956150491696 0.019493102966436714
vn -0.09799869881618223 0.9949956150491696 0.019493102966436714
vn -0.09799869881618223 0.9949956150491696 0.019493102966436714
vn -0.09799833578351254 -0.9949956518624995 0.01949304897602082
vn -0.09799833578351254 -0.9949956518624995 0.01949304897602082
vn -0.09799833578351254 -0.9949956518624995 0.01949304897602082
vn -0.9762409870296136 -0.0961523438925745 0.19418615297546282
vn -0.9762409870296136 -0.0961523438925745 0.19418615297546282
vn -0.9762409870296136 -0.0961523438925745 0.19418615297546282
vn -0.9762409870296136 -0.0961523438925745 0.19418615297546282
vn -0.28980211802030503 0.9553490349151514 0.05764506811197042
vn -0.28980211802030503 0.9553490349151514 0.05764506811197042
vn -0.28980211802030503 0.9553490349151514 0.05764506811197042
vn -0.28980211802030503 0.9553490349151514 0.05764506811197042
vn -0.9400618977318347 -0.28516401957577103 0.18698959963647943
vn -0.9400618977318347 -0.28516401957577103 0.18698959963647943
vn -0.9400618977318347 -0.28516401957577103 0.18698959963647943
vn -0.9400618977318347 -0.28516401957577103 0.18698959963647943
vn -0.469338074950927 0.8780696163444496 0.09335695075391644
vn -0.469338074950927 0.8780696163444496 0.09335695075391644
vn -0.469338074950927 0.8780696163444496 0.09335695075391644
vn -0.469338074950927 0.8780696163444496 0.09335695075391644
vn -0.8686567084913318 -0.46430644914322183 0.17278612235077848
vn -0.8686567084913318 -0.46430644914322183 0.17278612235077848
vn -0.8686567084913318 -0.46430644914322183 0.17278612235077848
vn -0.8686567084913318 -0.46430644914322183 0.17278612235077848
vn -0.6294025567656919 0.7669279318105758 0.12519572255297973
vn -0.6294025567656919 0.7669279318105758 0.12519572255297973
vn -0.6294025567656919 0.7669279318105758 0.12519572255297973
vn -0.6294025567656919 0.7669279318105758 0.12519572255297973
vn -0.7640312739439018 -0.6270245769649387 0.15197497266852197
vn -0.7640312739439018 -0.6270245769649387 0.15197497266852197
vn -0.7640312739439018 -0.6270245769649387 0.15197497266852197
vn -0.7640312739439018 -0.6270245769649387 0.15197497266852197
vn -0.7640312739439018 0.6270245769649387 0.15197497266852197
vn -0.7640312739439018 0.6270245769649387 0.15197497266852197
vn -0.7640312739439018 0.6270245769649387 0.15197497266852197
vn -0.7640312739439018 0.6270245769649387 0.15197497266852197
vn -0.2898020751940899 0.9553490306215471 -0.057645354571461936
vn -0.2898020751940899 0.9553490306215471 -0.057645354571461936
vn -0.2898020751940899 0.9553490306215471 -0.057645354571461936
vn -0.2898020751940899 0.9553490306215471 -0.057645354571461936
vn -0.9400617942778288 -0.28516391686728093 -0.18699027636767576
vn -0.9400617942778288 -0.28516391686728093 -0.18699027636767576
vn -0.9400617942778288 -0.28516391686728093 -0.18699027636767576
vn -0.9400617942778288 -0.28516391686728093 -0.18699027636767576
vn -0.4693379398085251 0.8780696461403072 -0.09335734991592778
vn -0.4693379398085251 0.8780696461403072 -0.09335734991592778
vn -0.4693379398085251 0.8780696461403072 -0.09335734991592778
vn -0.4693379398085251 0.8780696461403072 -0.09335734991592778
vn -0.8686565108443334 -0.46430649868137763 -0.17278698287194075
vn -0.8686565108443334 -0.46430649868137763 -0.17278698287194075
vn -0.8686565108443334 -0.46430649868137763 -0.17278698287194075
vn -0.8686565108443334 -0.46430649868137763 -0.17278698287194075
vn -0.6294024831991577 0.7669279147979894 -0.12519619661292336
vn -0.6294024831991577 0.7669279147979894 -0.12519619661292336
vn -0.6294024831991577 0.7669279147979894 -0.12519619661292336
vn -0.6294024831991577 0.7669279147979894 -0.12519619661292336
vn -0.7640312266515902 -0.6270244678601254 -0.15197566057100312
vn -0.7640312266515902 -0.6270244678601254 -0.15197566057100312
vn -0.7640312266515902 -0.6270244678601254 -0.15197566057100312
vn -0.7640312266515902 -0.6270244678601254 -0.15197566057100312
vn -0.7640312266515902 0.6270244678601254 -0.15197566057100312
vn -0.7640312266515902 0.6270244678601254 -0.15197566057100312
vn -0.7640312266515902 0.6270244678601254 -0.15197566057100312
vn -0.7640312266515902 0.6270244678601254 -0.15197566057100312
vn -0.6294025119706966 -0.7669278902515105 -0.12519620233595008
vn -0.6294025119706966 -0.7669278902515105 -0.12519620233595008
vn -0.6294025119706966 -0.7669278902515105 -0.12519620233595008
vn -0.6294025119706966 -0.7669278902515105 -0.12519620233595008
vn -0.8686561462377316 0.4643071824615888 -0.17278697843875113
vn -0.8686561462377316 0.4643071824615888 -0.17278697843875113
vn -0.8686561462377316 0.4643071824615888 -0.17278697843875113
vn -0.8686561462377316 0.4643071824615888 -0.17278697843875113
vn -0.46933817389764493 -0.8780695111343466 -0.09335744286725889
vn -0.46933817389764493 -0.8780695111343466 -0.09335744286725889
vn -0.46933817389764493 -0.8780695111343466 -0.09335744286725889
vn -0.46933817389764493 -0.8780695111343466 -0.09335744286725889
vn -0.94006190257958 0.2851635144068477 -0.18699034565879466
vn -0.94006190257958 0.2851635144068477 -0.18699034565879466
vn -0.94006190257958 0.2851635144068477 -0.18699034565879466
vn -0.94006190257958 0.2851635144068477 -0.18699034565879466
vn -0.28980157946939344 -0.9553491858121157 -0.057645274786166864
vn -0.28980157946939344 -0.9553491858121157 -0.057645274786166864
vn -0.28980157946939344 -0.9553491858121157 -0.057645274786166864
vn -0.28980157946939344 -0.9553491858121157 -0.057645274786166864
vn -0.9762408481563893 0.09615255802264339 -0.19418674511046202
vn -0.9762408481563893 0.09615255802264339 -0.19418674511046202
vn -0.9762408481563893 0.09615255802264339 -0.19418674511046202
vn -0.9762408481563893 0.09615255802264339 -0.19418674511046202
vn -0.09799865439613681 0.9949956179269166 -0.019493179391258875
vn -0.09799865439613681 0.9949956179269166 -0.019493179391258875
vn -0.09799865439613681 0.9949956179269166 -0.019493179391258875
vn -0.09799832247869879 -0.9949956520279988 -0.01949310741618437
vn -0.09799832247869879 -0.9949956520279988 -0.01949310741618437
vn -0.09799832247869879 -0.9949956520279988 -0.01949310741618437
vn -0.9762408481563893 -0.09615255802264339 -0.19418674511046202
vn -0.9762408481563893 -0.09615255802264339 -0.19418674511046202
vn -0.9762408481563893 -0.09615255802264339 -0.19418674511046202
vn -0.9762408481563893 -0.09615255802264339 -0.19418674511046202
vn -0.7364109232221182 0.46430727526339577 -0.4920545765427129
vn -0.7364109232221182 0.46430727526339577 -0.4920545765427129
vn -0.7364109232221182 0.46430727526339577 -0.4920545765427129
vn -0.7364109232221182 0.46430727526339577 -0.4920545765427129
vn -0.39788553949699673 -0.8780695383353455 -0.2658589537832743
vn -0.39788553949699673 -0.8780695383353455 -0.2658589537832743
vn -0.39788553949699673 -0.8780695383353455 -0.2658589537832743
vn -0.39788553949699673 -0.8780695383353455 -0.2658589537832743
vn -0.7969458861423095 0.28516340836110066 -0.5325026620522467
vn -0.7969458861423095 0.28516340836110066 -0.5325026620522467
vn -0.7969458861423095 0.28516340836110066 -0.5325026620522467
vn -0.7969458861423095 0.28516340836110066 -0.5325026620522467
vn -0.24568184624534065 -0.9553491841493658 -0.16415957715169124
vn -0.24568184624534065 -0.9553491841493658 -0.16415957715169124
vn -0.24568184624534065 -0.9553491841493658 -0.16415957715169124
vn -0.24568184624534065 -0.9553491841493658 -0.16415957715169124
vn -0.8276168864088762 0.09615285933121616 -0.5529963082818081
vn -0.8276168864088762 0.09615285933121616 -0.5529963082818081
vn -0.8276168864088762 0.09615285933121616 -0.5529963082818081
vn -0.8276168864088762 0.09615285933121616 -0.5529963082818081
vn -0.08307918146564489 0.9949956222549817 -0.055511812260273914
vn -0.08307918146564489 0.9949956222549817 -0.055511812260273914
vn -0.08307918146564489 0.9949956222549817 -0.055511812260273914
vn -0.08307894548298432 -0.9949956514285185 -0.05551164252455196
vn -0.08307894548298432 -0.9949956514285185 -0.05551164252455196
vn -0.08307894548298432 -0.9949956514285185 -0.05551164252455196
vn -0.8276168864088762 -0.09615285933121616 -0.5529963082818081
vn -0.8276168864088762 -0.09615285933121616 -0.5529963082818081
vn -0.8276168864088762 -0.09615285933121616 -0.5529963082818081
vn -0.8276168864088762 -0.09615285933121616 -0.5529963082818081
vn -0.2456822852506618 0.95534903205625 -0.16415980526060234
vn -0.2456822852506618 0.95534903205625 -0.16415980526060234
vn -0.2456822852506618 0.95534903205625 -0.16415980526060234
vn -0.2456822852506618 0.95534903205625 -0.16415980526060234
vn -0.7969457763465656 -0.28516377783188057 -0.5325026285155967
vn -0.7969457763465656 -0.28516377783188057 -0.5325026285155967
vn -0.7969457763465656 -0.28516377783188057 -0.5325026285155967
vn -0.7969457763465656 -0.28516377783188057 -0.5325026285155967
vn -0.39788538929776923 0.8780696487594344 -0.2658588138671463
vn -0.39788538929776923 0.8780696487594344 -0.2658588138671463
vn -0.39788538929776923 0.8780696487594344 -0.2658588138671463
vn -0.39788538929776923 0.8780696487594344 -0.2658588138671463
vn -0.7364111707436509 -0.46430665515408565 -0.49205479124137236
vn -0.7364111707436509 -0.46430665515408565 -0.49205479124137236
vn -0.7364111707436509 -0.46430665515408565 -0.49205479124137236
vn -0.7364111707436509 -0.46430665515408565 -0.49205479124137236
vn -0.5335814432753396 0.7669279684511737 -0.35652816803102766
vn -0.5335814432753396 0.7669279684511737 -0.35652816803102766
vn -0.5335814432753396 0.7669279684511737 -0.35652816803102766
vn -0.5335814432753396 0.7669279684511737 -0.35652816803102766
vn -0.6477142596918848 -0.6270244164323725 -0.4327893471302599
vn -0.6477142596918848 -0.6270244164323725 -0.4327893471302599
vn -0.6477142596918848 -0.6270244164323725 -0.4327893471302599
vn -0.6477142596918848 -0.6270244164323725 -0.4327893471302599
vn -0.6477142596918848 0.6270244164323725 -0.4327893471302599
vn -0.6477142596918848 0.6270244164323725 -0.4327893471302599
vn -0.6477142596918848 0.6270244164323725 -0.4327893471302599
vn -0.6477142596918848 0.6270244164323725 -0.4327893471302599
vn -0.5335815529359732 -0.7669278951220432 -0.35652816165081197
vn -0.5335815529359732 -0.7669278951220432 -0.35652816165081197
vn -0.5335815529359732 -0.7669278951220432 -0.35652816165081197
vn -0.5335815529359732 -0.7669278951220432 -0.35652816165081197
vn -0.5325019318207745 -0.2851636685622595 -0.796946280962059
vn -0.5325019318207745 -0.2851636685622595 -0.796946280962059
vn -0.5325019318207745 -0.2851636685622595 -0.796946280962059
vn -0.5325019318207745 -0.2851636685622595 -0.796946280962059
vn -0.26585843936234166 0.8780696318443156 -0.39788567686284976
vn -0.26585843936234166 0.8780696318443156 -0.39788567686284976
vn -0.26585843936234166 0.8780696318443156 -0.39788567686284976
vn -0.26585843936234166 0.8780696318443156 -0.39788567686284976
vn -0.4920539486549799 -0.4643066458100681 -0.7364117396332341
vn -0.4920539486549799 -0.4643066458100681 -0.7364117396332341
vn -0.4920539486549799 -0.4643066458100681 -0.7364117396332341
vn -0.4920539486549799 -0.4643066458100681 -0.7364117396332341
vn -0.3565276577576172 0.7669279606342293 -0.5335817954646592
vn -0.3565276577576172 0.7669279606342293 -0.5335817954646592
vn -0.3565276577576172 0.7669279606342293 -0.5335817954646592
vn -0.3565276577576172 0.7669279606342293 -0.5335817954646592
vn -0.4327886731064922 -0.6270244329915632 -0.6477146940299645
vn -0.4327886731064922 -0.6270244329915632 -0.6477146940299645
vn -0.4327886731064922 -0.6270244329915632 -0.6477146940299645
vn -0.4327886731064922 -0.6270244329915632 -0.6477146940299645
vn -0.4327886731064922 0.6270244329915632 -0.6477146940299645
vn -0.4327886731064922 0.6270244329915632 -0.6477146940299645
vn -0.4327886731064922 0.6270244329915632 -0.6477146940299645
vn -0.4327886731064922 0.6270244329915632 -0.6477146940299645
vn -0.35652774571742285 -0.7669278383119452 -0.5335819125081167
vn -0.35652774571742285 -0.7669278383119452 -0.5335819125081167
vn -0.35652774571742285 -0.7669278383119452 -0.5335819125081167
vn -0.35652774571742285 -0.7669278383119452 -0.5335819125081167
vn -0.4920538244860078 0.4643073563857828 -0.7364113745826706
vn -0.4920538244860078 0.4643073563857828 -0.7364113745826706
vn -0.4920538244860078 0.4643073563857828 -0.7364113745826706
vn -0.4920538244860078 0.4643073563857828 -0.7364113745826706
vn -0.2658584758389164 -0.8780695554576078 -0.3978858210631375
vn -0.2658584758389164 -0.8780695554576078 -0.3978858210631375
vn -0.2658584758389164 -0.8780695554576078 -0.3978858210631375
vn -0.2658584758389164 -0.8780695554576078 -0.3978858210631375
vn -0.5325020564540227 0.2851631627105027 -0.7969463786887925
vn -0.5325020564540227 0.2851631627105027 -0.7969463786887925
vn -0.5325020564540227 0.2851631627105027 -0.7969463786887925
vn -0.5325020564540227 0.2851631627105027 -0.7969463786887925
vn -0.16415926879725504 -0.9553491836299471 -0.24568205430096887
vn -0.16415926879725504 -0.9553491836299471 -0.24568205430096887
vn -0.16415926879725504 -0.9553491836299471 -0.24568205430096887
vn -0.16415926879725504 -0.9553491836299471 -0.24568205430096887
vn -0.5529956936506809 0.09615304236427387 -0.8276172758273576
vn -0.5529956936506809 0.09615304236427387 -0.8276172758273576
vn -0.5529956936506809 0.09615304236427387 -0.8276172758273576
vn -0.5529956936506809 0.09615304236427387 -0.8276172758273576
vn -0.055511697063432945 0.9949956274018381 -0.08307919679655201
vn -0.055511697063432945 0.9949956274018381 -0.08307919679655201
vn -0.055511697063432945 0.9949956274018381 -0.08307919679655201
vn -0.055511567973455626 -0.994995650616646 -0.08307900501983659
vn -0.055511567973455626 -0.994995650616646 -0.08307900501983659
vn -0.055511567973455626 -0.994995650616646 -0.08307900501983659
vn -0.5529956936506809 -0.09615304236427387 -0.8276172758273576
vn -0.5529956936506809 -0.09615304236427387 -0.8276172758273576
vn -0.5529956936506809 -0.09615304236427387 -0.8276172758273576
vn -0.5529956936506809 -0.09615304236427387 -0.8276172758273576
vn -0.16415959745837355 0.9553490367936008 -0.24568240567823305
vn -0.16415959745837355 0.9553490367936008 -0.24568240567823305
vn -0.16415959745837355 0.9553490367936008 -0.24568240567823305
vn -0.16415959745837355 0.9553490367936008 -0.24568240567823305
vn -0.09335723532584977 -0.8780696299814293 -0.46933799283308575
vn -0.09335723532584977 -0.8780696299814293 -0.46933799283308575
vn -0.09335723532584977 -0.8780696299814293 -0.46933799283308575
vn -0.09335723532584977 -0.8780696299814293 -0.46933799283308575
vn -0.18699047125516133 0.285163769643619 -0.9400618001718897
vn -0.18699047125516133 0.285163769643619 -0.9400618001718897
vn -0.18699047125516133 0.285163769643619 -0.9400618001718897
vn -0.18699047125516133 0.285163769643619 -0.9400618001718897
vn -0.057645182326328336 -0.955349192687513 -0.2898015751956529
vn -0.057645182326328336 -0.955349192687513 -0.2898015751956529
vn -0.057645182326328336 -0.955349192687513 -0.2898015751956529
vn -0.057645182326328336 -0.955349192687513 -0.2898015751956529
vn -0.19418695731933458 0.0961523958165755 -0.9762408219214106
vn -0.19418695731933458 0.0961523958165755 -0.9762408219214106
vn -0.19418695731933458 0.0961523958165755 -0.9762408219214106
vn -0.19418695731933458 0.0961523958165755 -0.9762408219214106
vn -0.019493149250215353 0.9949956361083092 -0.09799847579289196
vn -0.019493149250215353 0.9949956361083092 -0.09799847579289196
vn -0.019493149250215353 0.9949956361083092 -0.09799847579289196
vn -0.01949310743041715 -0.994995652754489 -0.09799831509967154
vn -0.01949310743041715 -0.994995652754489 -0.09799831509967154
vn -0.01949310743041715 -0.994995652754489 -0.09799831509967154
vn -0.19418704903786135 -0.09615224802176692 -0.9762408182340708
vn -0.19418704903786135 -0.09615224802176692 -0.9762408182340708
vn -0.19418704903786135 -0.09615224802176692 -0.9762408182340708
vn -0.19418704903786135 -0.09615224802176692 -0.9762408182340708
vn -0.057645167930161285 0.9553490243771137 -0.2898021329045055
vn -0.057645167930161285 0.9553490243771137 -0.2898021329045055
vn -0.057645167930161285 0.9553490243771137 -0.2898021329045055
vn -0.057645167930161285 0.9553490243771137 -0.2898021329045055
vn -0.18699076160777073 -0.2851640488912372 -0.9400616577083132
vn -0.18699076160777073 -0.2851640488912372 -0.9400616577083132
vn -0.18699076160777073 -0.2851640488912372 -0.9400616577083132
vn -0.18699076160777073 -0.2851640488912372 -0.9400616577083132
vn -0.09335693370823842 0.8780696557787993 -0.4693380045650435
vn -0.09335693370823842 0.8780696557787993 -0.4693380045650435
vn -0.09335693370823842 0.8780696557787993 -0.4693380045650435
vn -0.09335693370823842 0.8780696557787993 -0.4693380045650435
vn -0.17278714667287645 -0.4643064387762453 -0.8686565102821522
vn -0.17278714667287645 -0.4643064387762453 -0.8686565102821522
vn -0.17278714667287645 -0.4643064387762453 -0.8686565102821522
vn -0.17278714667287645 -0.4643064387762453 -0.8686565102821522
vn -0.12519614337382376 0.7669283989521435 -0.6294019038460426
vn -0.12519614337382376 0.7669283989521435 -0.6294019038460426
vn -0.12519614337382376 0.7669283989521435 -0.6294019038460426
vn -0.12519614337382376 0.7669283989521435 -0.6294019038460426
vn -0.15197600425896737 -0.6270244699513497 -0.764031156571319
vn -0.15197600425896737 -0.6270244699513497 -0.764031156571319
vn -0.15197600425896737 -0.6270244699513497 -0.764031156571319
vn -0.15197600425896737 -0.6270244699513497 -0.764031156571319
vn -0.15197600425896737 0.6270244699513497 -0.764031156571319
vn -0.15197600425896737 0.6270244699513497 -0.764031156571319
vn -0.15197600425896737 0.6270244699513497 -0.764031156571319
vn -0.15197600425896737 0.6270244699513497 -0.764031156571319
vn -0.12519637893888877 -0.7669281151259786 -0.629402202832103
vn -0.12519637893888877 -0.7669281151259786 -0.629402202832103
vn -0.12519637893888877 -0.7669281151259786 -0.629402202832103
vn -0.12519637893888877 -0.7669281151259786 -0.629402202832103
vn -0.17278687431542342 0.46430688493495503 -0.8686563259807095
vn -0.17278687431542342 0.46430688493495503 -0.8686563259807095
vn -0.17278687431542342 0.46430688493495503 -0.8686563259807095
vn -0.17278687431542342 0.46430688493495503 -0.8686563259807095
f 41/41/41 42/42/42 43/43/43
f 44/44/44 45/45/45 46/46/46
f 111/111/111 112/112/112 113/113/113
f 114/114/114 115/115/115 116/116/116
f 141/141/141 142/142/142 143/143/143
f 144/144/144 145/145/145 146/146/146
f 231/231/231 232/232/232 233/233/233
f 234/234/234 235/235/235 236/236/236
f 261/261/261 262/262/262 263/263/263
f 264/264/264 265/265/265 266/266/266
f 351/351/351 352/352/352 353/353/353
f 354/354/354 355/355/355 356/356/356
f 381/381/381 382/382/382 383/383/383
f 384/384/384 385/385/385 386/386/386
f 471/471/471 472/472/472 473/473/473
f 474/474/474 475/475/475 476/476/476
f 501/501/501 502/502/502 503/503/503
f 504/504/504 505/505/505 506/506/506
f 591/591/591 592/592/592 593/593/593
f 594/594/594 595/595/595 596/596/596
f 621/621/621 622/622/622 623/623/623
f 680/680/680 681/681/681 682/682/682
f 707/707/707 708/708/708 709/709/709
f 710/710/710 711/711/711 712/712/712
f 797/797/797 798/798/798 799/799/799
f 800/800/800 801/801/801 802/802/802
f 827/827/827 828/828/828 829/829/829
f 830/830/830 831/831/831 832/832/832
f 917/917/917 918/918/918 919/919/919
f 920/920/920 921/921/921 922/922/922
f 947/947/947 948/948/948 949/949/949
f 950/950/950 951/951/951 952/952/952
f 1/1/1 2/2/2 3/3/3
f 1/1/1 3/3/3 4/4/4
f 5/5/5 6/6/6 7/7/7
f 5/5/5 7/7/7 8/8/8
f 9/9/9 10/10/10 11/11/11
f 9/9/9 11/11/11 12/12/12
f 13/13/13 14/14/14 15/15/15
f 13/13/13 15/15/15 16/16/16
f 17/17/17 18/18/18 19/19/19
f 17/17/17 19/19/19 20/20/20
f 21/21/21 22/22/22 23/23/23
f 21/21/21 23/23/23 24/24/24
f 25/25/25 26/26/26 27/27/27
f 25/25/25 27/27/27 28/28/28
f 29/29/29 30/30/30 31/31/31
f 29/29/29 31/31/31 32/32/32
f 33/33/33 34/34/34 35/35/35
f 33/33/33 35/35/35 36/36/36
f 37/37/37 38/38/38 39/39/39
f 37/37/37 39/39/39 40/40/40
f 47/47/47 48/48/48 49/49/49
f 47/47/47 49/49/49 50/50/50
f 51/51/51 52/52/52 53/53/53
f 51/51/51 53/53/53 54/54/54
f 55/55/55 56/56/56 57/57/57
f 55/55/55 57/57/57 58/58/58
f 59/59/59 60/60/60 61/61/61
f 59/59/59 61/61/61 62/62/62
f 63/63/63 64/64/64 65/65/65
f 63/63/63 65/65/65 66/66/66
f 67/67/67 68/68/68 69/69/69
f 67/67/67 69/69/69 70/70/70
f 71/71/71 72/72/72 73/73/73
f 71/71/71 73/73/73 74/74/74
f 75/75/75 76/76/76 77/77/77
f 75/75/75 77/77/77 78/78/78
f 79/79/79 80/80/80 81/81/81
f 79/79/79 81/81/81 82/82/82
f 83/83/83 84/84/84 85/85/85
f 83/83/83 85/85/85 86/86/86
f 87/87/87 88/88/88 89/89/89
f 87/87/87 89/89/89 90/90/90
f 91/91/91 92/92/92 93/93/93
f 91/91/91 93/93/93 94/94/94
f 95/95/95 96/96/96 97/97/97
f 95/95/95 97/97/97 98/98/98
f 99/99/99 100/100/100 101/101/101
f 99/99/99 101/101/101 102/102/102
f 103/103/103 104/104/104 105/105/105
f 103/103/103 105/105/105 106/106/106
f 107/107/107 108/108/108 109/109/109
f 107/107/107 109/109/109 110/110/110
f 117/117/117 118/118/118 119/119/119
f 117/117/117 119/119/119 120/120/120
f 121/121/121 122/122/122 123/123/123
f 121/121/121 123/123/123 124/124/124
f 125/125/125 126/126/126 127/127/127
f 125/125/125 127/127/127 128/128/128
f 129/129/129 130/130/130 131/131/131
f 129/129/129 131/131/131 132/132/132
f 133/133/133 134/134/134 135/135/135
f 133/133/133 135/135/135 136/136/136
f 137/137/137 138/138/138 139/139/139
f 137/137/137 139/139/139 140/140/140
f 147/147/147 148/148/148 149/149/149
f 147/147/147 149/149/149 150/150/150
f 151/151/151 152/152/152 153/153/153
f 151/151/151 153/153/153 154/154/154
f 155/155/155 156/156/156 157/157/157
f 155/155/155 157/157/157 158/158/158
f 159/159/159 160/160/160 161/161/161
f 159/159/159 161/161/161 162/162/162
f 163/163/163 164/164/164 165/165/165
f 163/163/163 165/165/165 166/166/166
f 167/167/167 168/168/168 169/169/169
f 167/167/167 169/169/169 170/170/170
f 171/171/171 172/172/172 173/173/173
f 171/171/171 173/173/173 174/174/174
f 175/175/175 176/176/176 177/177/177
f 175/175/175 177/177/177 178/178/178
f 179/179/179 180/180/180 181/181/181
f 179/179/179 181/181/181 182/182/182
f 183/183/183 184/184/184 185/185/185
f 183/183/183 185/185/185 186/186/186
f 187/187/187 188/188/188 189/189/189
f 187/187/187 189/189/189 190/190/190
f 191/191/191 192/192/192 193/193/193
f 191/191/191 193/193/193 194/194/194
f 195/195/195 196/196/196 197/197/197
f 195/195/195 197/197/197 198/198/198
f 199/199/199 200/200/200 201/201/201
f 199/199/199 201/201/201 202/202/202
f 203/203/203 204/204/204 205/205/205
f 203/203/203 205/205/205 206/206/206
f 207/207/207 208/208/208 209/209/209
f 207/207/207 209/209/209 210/210/210
f 211/211/211 212/212/212 213/213/213
f 211/211/211 213/213/213 214/214/214
f 215/215/215 216/216/216 217/217/217
f 215/215/215 217/217/217 218/218/218
f 219/219/219 220/220/220 221/221/221
f 219/219/219 221/221/221 222/222/222
f 223/223/223 224/224/224 225/225/225
f 223/223/223 225/225/225 226/226/226
f 227/227/227 228/228/228 229/229/229
f 227/227/227 229/229/229 230/230/230
f 237/237/237 238/238/238 239/239/239
f 237/237/237 239/239/239 240/240/240
f 241/241/241 242/242/242 243/243/243
f 241/241/241 243/243/243 244/244/244
f 245/245/245 246/246/246 247/247/247
f 245/245/245 247/247/247 248/248/248
f 249/249/249 250/250/250 251/251/251
f 249/249/249 251/251/251 252/252/252
f 253/253/253 254/254/254 255/255/255
f 253/253/253 255/255/255 256/256/256
f 257/257/257 258/258/258 259/259/259
f 257/257/257 259/259/259 260/260/260
f 267/267/267 268/268/268 269/269/269
f 267/267/267 269/269/269 270/270/270
f 271/271/271 272/272/272 273/273/273
f 271/271/271 273/273/273 274/274/274
f 275/275/275 276/276/276 277/277/277
f 275/275/275 277/277/277 278/278/278
f 279/279/279 280/280/280 281/281/281
f 279/279/279 281/281/281 282/282/282
f 283/283/283 284/284/284 285/285/285
f 283/283/283 285/285/285 286/286/286
f 287/287/287 288/288/288 289/289/289
f 287/287/287 289/289/289 290/290/290
f 291/291/291 292/292/292 293/293/293
f 291/291/291 293/293/293 294/294/294
f 295/295/295 296/296/296 297/297/297
f 295/295/295 297/297/297 298/298/298
f 299/299/299 300/300/300 301/301/301
f 299/299/299 301/301/301 302/302/302
f 303/303/303 304/304/304 305/305/305
f 303/303/303 305/305/305 306/306/306
f 307/307/307 308/308/308 309/309/309
f 307/307/307 309/309/309 310/310/310
f 311/311/311 312/312/312 313/313/313
f 311/311/311 313/313/313 314/314/314
f 315/315/315 316/316/316 317/317/317
f 315/315/315 317/317/317 318/318/318
f 319/319/319 320/320/320 321/321/321
f 319/319/319 321/321/321 322/322/322
f 323/323/323 324/324/324 325/325/325
f 323/323/323 325/325/325 326/326/326
f 327/327/327 328/328/328 329/329/329
f 327/327/327 329/329/329 330/330/330
f 331/331/331 332/332/332 333/333/333
f 331/331/331 333/333/333 334/334/334
f 335/335/335 336/336/336 337/337/337
f 335/335/335 337/337/337 338/338/338
f 339/339/339 340/340/340 341/341/341
f 339/339/339 341/341/341 342/342/342
f 343/343/343 344/344/344 345/345/345
f 343/343/343 345/345/345 346/346/346
f 347/347/347 348/348/348 349/349/349
f 347/347/347 349/349/349 350/350/350
f 357/357/357 358/358/358 359/359/359
f 357/357/357 359/359/359 360/360/360
f 361/361/361 362/362/362 363/363/363
f 361/361/361 363/363/363 364/364/364
f 365/365/365 366/366/366 367/367/367
f 365/365/365 367/367/367 368/368/368
f 369/369/369 370/370/370 371/371/371
f 369/369/369 371/371/371 372/372/372
f 373/373/373 374/374/374 375/375/375
f 373/373/373 375/375/375 376/376/376
f 377/377/377 378/378/378 379/379/379
f 377/377/377 379/379/379 380/380/380
f 387/387/387 388/388/388 389/389/389
f 387/387/387 389/389/389 390/390/390
f 391/391/391 392/392/392 393/393/393
f 391/391/391 393/393/393 394/394/394
f 395/395/395 396/396/396 397/397/397
f 395/395/395 397/397/397 398/398/398
f 399/399/399 400/400/400 401/401/401
f 399/399/399 401/401/401 402/402/402
f 403/403/403 404/404/404 405/405/405
f 403/403/403 405/405/405 406/406/406
f 407/407/407 408/408/408 409/409/409
f 407/407/407 409/409/409 410/410/410
f 411/411/411 412/412/412 413/413/413
f 411/411/411 413/413/413 414/414/414
f 415/415/415 416/416/416 417/417/417
f 415/415/415 417/417/417 418/418/418
f 419/419/419 420/420/420 421/421/421
f 419/419/419 421/421/421 422/422/422
f 423/423/423 424/424/424 425/425/425
f 423/423/423 425/425/425 426/426/426
f 427/427/427 428/428/428 429/429/429
f 427/427/427 429/429/429 430/430/430
f 431/431/431 432/432/432 433/433/433
f 431/431/431 433/433/433 434/434/434
f 435/435/435 436/436/436 437/437/437
f 435/435/435 437/437/437 438/438/438
f 439/439/439 440/440/440 441/441/441
f 439/439/439 441/441/441 442/442/442
f 443/443/443 444/444/444 445/445/445
f 443/443/443 445/445/445 446/446/446
f 447/447/447 448/448/448 449/449/449
f 447/447/447 449/449/449 450/450/450
f 451/451/451 452/452/452 453/453/453
f 451/451/451 453/453/453 454/454/454
f 455/455/455 456/456/456 457/457/457
f 455/455/455 457/457/457 458/458/458
f 459/459/459 460/460/460 461/461/461
f 459/459/459 461/461/461 462/462/462
f 463/463/463 464/464/464 465/465/465
f 463/463/463 465/465/465 466/466/466
f 467/467/467 468/468/468 469/469/469
f 467/467/467 469/469/469 470/470/470
f 477/477/477 478/478/478 479/479/479
f 477/477/477 479/479/479 480/480/480
f 481/481/481 482/482/482 483/483/483
f 481/481/481 483/483/483 484/484/484
f 485/485/485 486/486/486 487/487/487
f 485/485/485 487/487/487 488/488/488
f 489/489/489 490/490/490 491/491/491
f 489/489/489 491/491/491 492/492/492
f 493/493/493 494/494/494 495/495/495
f 493/493/493 495/495/495 496/496/496
f 497/497/497 498/498/498 499/499/499
f 497/497/497 499/499/499 500/500/500
f 507/507/507 508/508/508 509/509/509
f 507/507/507 509/509/509 510/510/510
f 511/511/511 512/512/512 513/513/513
f 511/511/511 513/513/513 514/514/514
f 515/515/515 516/516/516 517/517/517
f 515/515/515 517/517/517 518/518/518
f 519/519/519 520/520/520 521/521/521
f 519/519/519 521/521/521 522/522/522
f 523/523/523 524/524/524 525/525/525
f 523/523/523 525/525/525 526/526/526
f 527/527/527 528/528/528 529/529/529
f 527/527/527 529/529/529 530/530/530
f 531/531/531 532/532/532 533/533/533
f 531/531/531 533/533/533 534/534/534
f 535/535/535 536/536/536 537/537/537
f 535/535/535 537/537/537 538/538/538
f 539/539/539 540/540/540 541/541/541
f 539/539/539 541/541/541 542/542/542
f 543/543/543 544/544/544 545/545/545
f 543/543/543 545/545/545 546/546/546
f 547/547/547 548/548/548 549/549/549
f 547/547/547 549/549/549 550/550/550
f 551/551/551 552/552/552 553/553/553
f 551/551/551 553/553/553 554/554/554
f 555/555/555 556/556/556 557/557/557
f 555/555/555 557/557/557 558/558/558
f 559/559/559 560/560/560 561/561/561
f 559/559/559 561/561/561 562/562/562
f 563/563/563 564/564/564 565/565/565
f 563/563/563 565/565/565 566/566/566
f 567/567/567 568/568/568 569/569/569
f 567/567/567 569/569/569 570/570/570
f 571/571/571 572/572/572 573/573/573
f 571/571/571 573/573/573 574/574/574
f 575/575/575 576/576/576 577/577/577
f 575/575/575 577/577/577 578/578/578
f 579/579/579 580/580/580 581/581/581
f 579/579/579 581/581/581 582/582/582
f 583/583/583 584/584/584 585/585/585
f 583/583/583 585/585/585 586/586/586
f 587/587/587 588/588/588 589/589/589
f 587/587/587 589/589/589 590/590/590
f 597/597/597 598/598/598 599/599/599
f 597/597/597 599/599/599 600/600/600
f 601/601/601 602/602/602 603/603/603
f 601/601/601 603/603/603 604/604/604
f 605/605/605 606/606/606 607/607/607
f 605/605/605 607/607/607 608/608/608
f 609/609/609 610/610/610 611/611/611
f 609/609/609 611/611/611 612/612/612
f 613/613/613 614/614/614 615/615/615
f 613/613/613 615/615/615 616/616/616
f 617/617/617 618/618/618 619/619/619
f 617/617/617 619/619/619 620/620/620
f 624/624/624 625/625/625 626/626/626
f 624/624/624 626/626/626 627/627/627
f 628/628/628 629/629/629 630/630/630
f 628/628/628 630/630/630 631/631/631
f 632/632/632 633/633/633 634/634/634
f 632/632/632 634/634/634 635/635/635
f 636/636/636 637/637/637 638/638/638
f 636/636/636 638/638/638 639/639/639
f 640/640/640 641/641/641 642/642/642
f 640/640/640 642/642/642 643/643/643
f 644/644/644 645/645/645 646/646/646
f 644/644/644 646/646/646 647/647/647
f 648/648/648 649/649/649 650/650/650
f 648/648/648 650/650/650 651/651/651
f 652/652/652 653/653/653 654/654/654
f 652/652/652 654/654/654 655/655/655
f 656/656/656 657/657/657 658/658/658
f 656/656/656 658/658/658 659/659/659
f 660/660/660 661/661/661 662/662/662
f 660/660/660 662/662/662 663/663/663
f 664/664/664 665/665/665 666/666/666
f 664/664/664 666/666/666 667/667/667
f 668/668/668 669/669/669 670/670/670
f 668/668/668 670/670/670 671/671/671
f 672/672/672 673/673/673 674/674/674
f 672/672/672 674/674/674 675/675/675
f 676/676/676 677/677/677 678/678/678
f 676/676/676 678/678/678 679/679/679
f 683/683/683 684/684/684 685/685/685
f 683/683/683 685/685/685 686/686/686
f 687/687/687 688/688/688 689/689/689
f 687/687/687 689/689/689 690/690/690
f 691/691/691 692/692/692 693/693/693
f 691/691/691 693/693/693 694/694/694
f 695/695/695 696/696/696 697/697/697
f 695/695/695 697/697/697 698/698/698
f 699/699/699 700/700/700 701/701/701
f 699/699/699 701/701/701 702/702/702
f 703/703/703 704/704/704 705/705/705
f 703/703/703 705/705/705 706/706/706
f 713/713/713 714/714/714 715/715/715
f 713/713/713 715/715/715 716/716/716
f 717/717/717 718/718/718 719/719/719
f 717/717/717 719/719/719 720/720/720
f 721/721/721 722/722/722 723/723/723
f 721/721/721 723/723/723 724/724/724
f 725/725/725 726/726/726 727/727/727
f 725/725/725 727/727/727 728/728/728
f 729/729/729 730/730/730 731/731/731
f 729/729/729 731/731/731 732/732/732
f 733/733/733 734/734/734 735/735/735
f 733/733/733 735/735/735 736/736/736
f 737/737/737 738/738/738 739/739/739
f 737/737/737 739/739/739 740/740/740
f 741/741/741 742/742/742 743/743/743
f 741/741/741 743/743/743 744/744/744
f 745/745/745 746/746/746 747/747/747
f 745/745/745 747/747/747 748/748/748
f 749/749/749 750/750/750 751/751/751
f 749/749/749 751/751/751 752/752/752
f 753/753/753 754/754/754 755/755/755
f 753/753/753 755/755/755 756/756/756
f 757/757/757 758/758/758 759/759/759
f 757/757/757 759/759/759 760/760/760
f 761/761/761 762/762/762 763/763/763
f 761/761/761 763/763/763 764/764/764
f 765/765/765 766/766/766 767/767/767
f 765/765/765 767/767/767 768/768/768
f 769/769/769 770/770/770 771/771/771
f 769/769/769 771/771/771 772/772/772
f 773/773/773 774/774/774 775/775/775
f 773/773/773 775/775/775 776/776/776
f 777/777/777 778/778/778 779/779/779
f 777/777/777 779/779/779 780/780/780
f 781/781/781 782/782/782 783/783/783
f 781/781/781 783/783/783 784/784/784
f 785/785/785 786/786/786 787/787/787
f 785/785/785 787/787/787 788/788/788
f 789/789/789 790/790/790 791/791/791
f 789/789/789 791/791/791 792/792/792
f 793/793/793 794/794/794 795/795/795
f 793/793/793 795/795/795 796/796/796
f 803/803/803 804/804/804 805/805/805
f 803/803/803 805/805/805 806/806/806
f 807/807/807 808/808/808 809/809/809
f 807/807/807 809/809/809 810/810/810
f 811/811/811 812/812/812 813/813/813
f 811/811/811 813/813/813 814/814/814
f 815/815/815 816/816/816 817/817/817
f 815/815/815 817/817/817 818/818/818
f 819/819/819 820/820/820 821/821/821
f 819/819/819 821/821/821 822/822/822
f 823/823/823 824/824/824 825/825/825
f 823/823/823 825/825/825 826/826/826
f 833/833/833 834/834/834 835/835/835
f 833/833/833 835/835/835 836/836/836
f 837/837/837 838/838/838 839/839/839
f 837/837/837 839/839/839 840/840/840
f 841/841/841 842/842/842 843/843/843
f 841/841/841 843/843/843 844/844/844
f 845/845/845 846/846/846 847/847/847
f 845/845/845 847/847/847 848/848/848
f 849/849/849 850/850/850 851/851/851
f 849/849/849 851/851/851 852/852/852
f 853/853/853 854/854/854 855/855/855
f 853/853/853 855/855/855 856/856/856
f 857/857/857 858/858/858 859/859/859
f 857/857/857 859/859/859 860/860/860
f 861/861/861 862/862/862 863/863/863
f 861/861/861 863/863/863 864/864/864
f 865/865/865 866/866/866 867/867/867
f 865/865/865 867/867/867 868/868/868
f 869/869/869 870/870/870 871/871/871
f 869/869/869 871/871/871 872/872/872
f 873/873/873 874/874/874 875/875/875
f 873/873/873 875/875/875 876/876/876
f 877/877/877 878/878/878 879/879/879
f 877/877/877 879/879/879 880/880/880
f 881/881/881 882/882/882 883/883/883
f 881/881/881 883/883/883 884/884/884
f 885/885/885 886/886/886 887/887/887
f 885/885/885 887/887/887 888/888/888
f 889/889/889 890/890/890 891/891/891
f 889/889/889 891/891/891 892/892/892
f 893/893/893 894/894/894 895/895/895
f 893/893/893 895/895/895 896/896/896
f 897/897/897 898/898/898 899/899/899
f 897/897/897 899/899/899 900/900/900
f 901/901/901 902/902/902 903/903/903
f 901/901/901 903/903/903 904/904/904
f 905/905/905 906/906/906 907/907/907
f 905/905/905 907/907/907 908/908/908
f 909/909/909 910/910/910 911/911/911
f 909/909/909 911/911/911 912/912/912
f 913/913/913 914/914/914 915/915/915
f 913/913/913 915/915/915 916/916/916
f 923/923/923 924/924/924 925/925/925
f 923/923/923 925/925/925 926/926/926
f 927/927/927 928/928/928 929/929/929
f 927/927/927 929/929/929 930/930/930
f 931/931/931 932/932/932 933/933/933
f 931/931/931 933/933/933 934/934/934
f 935/935/935 936/936/936 937/937/937
f 935/935/935 937/937/937 938/938/938
f 939/939/939 940/940/940 941/941/941
f 939/939/939 941/941/941 942/942/942
f 943/943/943 944/944/944 945/945/945
f 943/943/943 945/945/945 946/946/946
f 953/953/953 954/954/954 955/955/955
f 953/953/953 955/955/955 956/956/956
f 957/957/957 958/958/958 959/959/959
f 957/957/957 959/959/959 960/960/960
f 961/961/961 962/962/962 963/963/963
f 961/961/961 963/963/963 964/964/964
f 965/965/965 966/966/966 967/967/967
f 965/965/965 967/967/967 968/968/968
f 969/969/969 970/970/970 971/971/971
f 969/969/969 971/971/971 972/972/972
f 973/973/973 974/974/974 975/975/975
f 973/973/973 975/975/975 976/976/976
f 977/977/977 978/978/978 979/979/979
f 977/977/977 979/979/979 980/980/980
f 981/981/981 982/982/982 983/983/983
f 981/981/981 983/983/983 984/984/984
f 985/985/985 986/986/986 987/987/987
f 985/985/985 987/987/987 988/988/988
f 989/989/989 990/990/990 991/991/991
f 989/989/989 991/991/991 992/992/992
